{
"type": "FeatureCollection",
"name": "candidate_projects",
"features": [
{ "type": "Feature", "properties": { "project_id": "SCC_00002", "scc_feature": 1, "scc_source_id": "1", "scc_type": "C1", "status": "missing_or_unverified", "mean_lts": 4.0, "connects_existing": true, "length_km": 0.899, "high_stress_km": 0.899, "project_type": "New protected link" }, "geometry": { "type": "MultiLineString", "coordinates": [ [ [ 144.9164671, -37.6966016 ], [ 144.9164643, -37.6975118 ], [ 144.9164736, -37.6983951 ], [ 144.9164718, -37.6992692 ], [ 144.9165811, -37.6998209 ], [ 144.9167932, -37.7007528 ], [ 144.9170935, -37.702182 ] ], [ [ 144.9164671, -37.6966016 ], [ 144.9166384, -37.6957485 ], [ 144.9163543, -37.6949595 ], [ 144.9160775, -37.6947203 ] ], [ [ 144.9171325, -37.702408 ], [ 144.9170935, -37.702182 ] ] ] } },
{ "type": "Feature", "properties": { "project_id": "SCC_00003", "scc_feature": 1, "scc_source_id": "1", "scc_type": "C1", "status": "missing_or_unverified", "mean_lts": 2.0, "connects_existing": true, "length_km": 1.003, "high_stress_km": 0.0, "project_type": "New protected link" }, "geometry": { "type": "MultiLineString", "coordinates": [ [ [ 144.9183253, -37.7088275 ], [ 144.9186062, -37.7097336 ], [ 144.9189098, -37.7106402 ], [ 144.9191676, -37.7115639 ], [ 144.9201896, -37.7147721 ], [ 144.9203725, -37.7151268 ] ], [ [ 144.9183253, -37.7088275 ], [ 144.9180308, -37.7080022 ] ], [ [ 144.9175202, -37.7063891 ], [ 144.9180308, -37.7080022 ] ] ] } },
{ "type": "Feature", "properties": { "project_id": "SCC_00004", "scc_feature": 1, "scc_source_id": "1", "scc_type": "C1", "status": "missing_or_unverified", "mean_lts": 3.47, "connects_existing": true, "length_km": 0.782, "high_stress_km": 0.782, "project_type": "New protected link" }, "geometry": { "type": "LineString", "coordinates": [ [ 144.9269112, -37.7267682 ], [ 144.9278108, -37.7286855 ], [ 144.9280728, -37.7294651 ], [ 144.928309, -37.7303524 ], [ 144.9285037, -37.7315094 ], [ 144.9286711, -37.7324225 ], [ 144.9288431, -37.733579 ] ] } },
{ "type": "Feature", "properties": { "project_id": "SCC_00005", "scc_feature": 1, "scc_source_id": "1", "scc_type": "C1", "status": "missing_or_unverified", "mean_lts": 2.0, "connects_existing": true, "length_km": 0.268, "high_stress_km": 0.0, "project_type": "New protected link" }, "geometry": { "type": "LineString", "coordinates": [ [ 144.9283895, -37.7335711 ], [ 144.9275729, -37.73152 ] ] } },
{ "type": "Feature", "properties": { "project_id": "SCC_00007", "scc_feature": 2, "scc_source_id": "2", "scc_type": "C1", "status": "missing_or_unverified", "mean_lts": 4.0, "connects_existing": true, "length_km": 1.228, "high_stress_km": 1.228, "project_type": "New protected link" }, "geometry": { "type": "MultiLineString", "coordinates": [ [ [ 144.9182908, -37.749362 ], [ 144.918983, -37.7481486 ], [ 144.9191885, -37.7468906 ] ], [ [ 144.9194222, -37.7458403 ], [ 144.9197209, -37.7440883 ], [ 144.9197797, -37.7436117 ], [ 144.9199451, -37.7425693 ] ], [ [ 144.9194222, -37.7458403 ], [ 144.9191885, -37.7468906 ] ], [ [ 144.9182908, -37.749362 ], [ 144.9174157, -37.7506172 ] ], [ [ 144.9160719, -37.7528013 ], [ 144.9174157, -37.7506172 ] ] ] } },
{ "type": "Feature", "properties": { "project_id": "SCC_00008", "scc_feature": 5, "scc_source_id": "5", "scc_type": "C1", "status": "missing_or_unverified", "mean_lts": 4.0, "connects_existing": true, "length_km": 0.122, "high_stress_km": 0.122, "project_type": "New protected link" }, "geometry": { "type": "LineString", "coordinates": [ [ 144.9337649, -37.7451104 ], [ 144.9330932, -37.7459998 ] ] } },
{ "type": "Feature", "properties": { "project_id": "SCC_00009", "scc_feature": 9, "scc_source_id": "9", "scc_type": "C1", "status": "missing_or_unverified", "mean_lts": 3.0, "connects_existing": true, "length_km": 0.083, "high_stress_km": 0.083, "project_type": "New protected link" }, "geometry": { "type": "LineString", "coordinates": [ [ 144.9338717, -37.7477978 ], [ 144.9339505, -37.7470062 ] ] } },
{ "type": "Feature", "properties": { "project_id": "SCC_00010", "scc_feature": 9, "scc_source_id": "9", "scc_type": "C1", "status": "missing_or_unverified", "mean_lts": 2.0, "connects_existing": false, "length_km": 0.095, "high_stress_km": 0.0, "project_type": "New protected link" }, "geometry": { "type": "LineString", "coordinates": [ [ 144.9344721, -37.7519177 ], [ 144.9346527, -37.7511369 ] ] } },
{ "type": "Feature", "properties": { "project_id": "SCC_00011", "scc_feature": 10, "scc_source_id": "10", "scc_type": "C1", "status": "missing_or_unverified", "mean_lts": 3.57, "connects_existing": true, "length_km": 0.53, "high_stress_km": 0.416, "project_type": "New protected link" }, "geometry": { "type": "MultiLineString", "coordinates": [ [ [ 144.9028587, -37.8046906 ], [ 144.9031182, -37.8047493 ], [ 144.9037827, -37.8049504 ] ], [ [ 144.903281, -37.804617 ], [ 144.9037827, -37.8049504 ] ], [ [ 144.903281, -37.804617 ], [ 144.9028587, -37.8046906 ] ], [ [ 144.9037827, -37.8049504 ], [ 144.9042301, -37.8051926 ], [ 144.9028587, -37.8046906 ] ], [ [ 144.9028587, -37.8046906 ], [ 144.9014367, -37.8043679 ] ] ] } },
{ "type": "Feature", "properties": { "project_id": "SCC_00012", "scc_feature": 10, "scc_source_id": "10", "scc_type": "C1", "status": "missing_or_unverified", "mean_lts": 4.0, "connects_existing": true, "length_km": 0.508, "high_stress_km": 0.508, "project_type": "New protected link" }, "geometry": { "type": "LineString", "coordinates": [ [ 144.9339581, -37.8095299 ], [ 144.9318524, -37.8092767 ], [ 144.9339982, -37.8093144 ], [ 144.9360355, -37.8095754 ] ] } },
{ "type": "Feature", "properties": { "project_id": "SCC_00014", "scc_feature": 11, "scc_source_id": "11", "scc_type": "C1", "status": "missing_or_unverified", "mean_lts": 4.0, "connects_existing": true, "length_km": 1.587, "high_stress_km": 1.587, "project_type": "New protected link" }, "geometry": { "type": "LineString", "coordinates": [ [ 144.791646, -37.7817146 ], [ 144.7886596, -37.7813432 ], [ 144.7827049, -37.7803751 ], [ 144.7769624, -37.778771 ], [ 144.7740794, -37.7779866 ] ] } },
{ "type": "Feature", "properties": { "project_id": "SCC_00015", "scc_feature": 13, "scc_source_id": "13", "scc_type": "C1", "status": "missing_or_unverified", "mean_lts": 3.56, "connects_existing": false, "length_km": 0.16, "high_stress_km": 0.16, "project_type": "New protected link" }, "geometry": { "type": "MultiLineString", "coordinates": [ [ [ 144.881396, -37.7993951 ], [ 144.8815613, -37.7987762 ] ], [ [ 144.8816523, -37.7979758 ], [ 144.8815613, -37.7987762 ] ] ] } },
{ "type": "Feature", "properties": { "project_id": "SCC_00016", "scc_feature": 13, "scc_source_id": "13", "scc_type": "C1", "status": "missing_or_unverified", "mean_lts": 2.0, "connects_existing": true, "length_km": 0.081, "high_stress_km": 0.0, "project_type": "New protected link" }, "geometry": { "type": "LineString", "coordinates": [ [ 144.8818067, -37.8001234 ], [ 144.8818078, -37.8004839 ], [ 144.8817534, -37.8007983 ] ] } },
{ "type": "Feature", "properties": { "project_id": "SCC_00017", "scc_feature": 15, "scc_source_id": "15", "scc_type": "C1", "status": "missing_or_unverified", "mean_lts": 2.59, "connects_existing": false, "length_km": 0.142, "high_stress_km": 0.042, "project_type": "New protected link" }, "geometry": { "type": "LineString", "coordinates": [ [ 144.9101049, -37.8349004 ], [ 144.9110398, -37.8343853 ], [ 144.9112761, -37.8340651 ] ] } },
{ "type": "Feature", "properties": { "project_id": "SCC_00018", "scc_feature": 15, "scc_source_id": "15", "scc_type": "C1", "status": "missing_or_unverified", "mean_lts": 2.0, "connects_existing": true, "length_km": 0.297, "high_stress_km": 0.0, "project_type": "New protected link" }, "geometry": { "type": "LineString", "coordinates": [ [ 144.9187766, -37.8247176 ], [ 144.9216145, -37.8239928 ] ] } },
{ "type": "Feature", "properties": { "project_id": "SCC_00019", "scc_feature": 15, "scc_source_id": "15", "scc_type": "C1", "status": "missing_or_unverified", "mean_lts": 3.83, "connects_existing": true, "length_km": 0.431, "high_stress_km": 0.394, "project_type": "New protected link" }, "geometry": { "type": "MultiLineString", "coordinates": [ [ [ 144.9393234, -37.827359 ], [ 144.9391956, -37.8270504 ] ], [ [ 144.9393234, -37.827359 ], [ 144.9373252, -37.8256749 ], [ 144.9353703, -37.8240726 ] ] ] } },
{ "type": "Feature", "properties": { "project_id": "SCC_00020", "scc_feature": 15, "scc_source_id": "15", "scc_type": "C1", "status": "missing_or_unverified", "mean_lts": 4.0, "connects_existing": true, "length_km": 0.139, "high_stress_km": 0.139, "project_type": "New protected link" }, "geometry": { "type": "LineString", "coordinates": [ [ 144.9115363, -37.8268514 ], [ 144.9115938, -37.8256178 ] ] } },
{ "type": "Feature", "properties": { "project_id": "SCC_00021", "scc_feature": 15, "scc_source_id": "15", "scc_type": "C1", "status": "missing_or_unverified", "mean_lts": 4.0, "connects_existing": true, "length_km": 0.078, "high_stress_km": 0.078, "project_type": "New protected link" }, "geometry": { "type": "LineString", "coordinates": [ [ 144.8812439, -37.8245799 ], [ 144.8809554, -37.8247369 ] ] } },
{ "type": "Feature", "properties": { "project_id": "SCC_00022", "scc_feature": 15, "scc_source_id": "15", "scc_type": "C1", "status": "missing_or_unverified", "mean_lts": 2.0, "connects_existing": true, "length_km": 0.052, "high_stress_km": 0.0, "project_type": "New protected link" }, "geometry": { "type": "LineString", "coordinates": [ [ 144.8802359, -37.8244716 ], [ 144.8795329, -37.8244229 ] ] } },
{ "type": "Feature", "properties": { "project_id": "SCC_00023", "scc_feature": 15, "scc_source_id": "15", "scc_type": "C1", "status": "missing_or_unverified", "mean_lts": 2.0, "connects_existing": true, "length_km": 0.186, "high_stress_km": 0.0, "project_type": "New protected link" }, "geometry": { "type": "LineString", "coordinates": [ [ 144.8710621, -37.8238735 ], [ 144.8686897, -37.8238036 ] ] } },
{ "type": "Feature", "properties": { "project_id": "SCC_00024", "scc_feature": 15, "scc_source_id": "15", "scc_type": "C1", "status": "missing_or_unverified", "mean_lts": 2.81, "connects_existing": false, "length_km": 0.552, "high_stress_km": 0.225, "project_type": "New protected link" }, "geometry": { "type": "MultiLineString", "coordinates": [ [ [ 144.885893, -37.8316565 ], [ 144.8863553, -37.8297903 ] ], [ [ 144.885893, -37.8316565 ], [ 144.886913, -37.8317469 ], [ 144.8874914, -37.8317843 ], [ 144.8880809, -37.8318309 ], [ 144.8889985, -37.8319285 ], [ 144.8895875, -37.8319931 ] ] ] } },
{ "type": "Feature", "properties": { "project_id": "SCC_00025", "scc_feature": 17, "scc_source_id": "17", "scc_type": "C1", "status": "missing_or_unverified", "mean_lts": 4.0, "connects_existing": false, "length_km": 0.092, "high_stress_km": 0.092, "project_type": "New protected link" }, "geometry": { "type": "LineString", "coordinates": [ [ 144.831443, -37.7894651 ], [ 144.8316134, -37.7886843 ] ] } },
{ "type": "Feature", "properties": { "project_id": "SCC_00026", "scc_feature": 17, "scc_source_id": "17", "scc_type": "C1", "status": "missing_or_unverified", "mean_lts": 4.0, "connects_existing": true, "length_km": 0.097, "high_stress_km": 0.097, "project_type": "New protected link" }, "geometry": { "type": "LineString", "coordinates": [ [ 144.8291343, -37.7957938 ], [ 144.8302775, -37.795923 ] ] } },
{ "type": "Feature", "properties": { "project_id": "SCC_00027", "scc_feature": 18, "scc_source_id": "18", "scc_type": "C1", "status": "missing_or_unverified", "mean_lts": 3.0, "connects_existing": true, "length_km": 1.201, "high_stress_km": 1.201, "project_type": "New protected link" }, "geometry": { "type": "MultiLineString", "coordinates": [ [ [ 144.9610521, -37.8193113 ], [ 144.9600087, -37.8196628 ] ], [ [ 144.9610521, -37.8193113 ], [ 144.9614328, -37.8191017 ], [ 144.9618677, -37.818983 ], [ 144.9625303, -37.8188503 ] ], [ [ 144.9625303, -37.8188503 ], [ 144.9615066, -37.8193102 ], [ 144.9610521, -37.8193113 ] ], [ [ 144.9649462, -37.8181621 ], [ 144.9661039, -37.8177856 ] ], [ [ 144.9649462, -37.8181621 ], [ 144.9641666, -37.818419 ] ], [ [ 144.9625303, -37.8188503 ], [ 144.9630013, -37.8186602 ], [ 144.9641666, -37.818419 ] ], [ [ 144.9661039, -37.8177856 ], [ 144.9667119, -37.8175708 ], [ 144.9673852, -37.8174563 ], [ 144.9661039, -37.8177856 ] ], [ [ 144.9641666, -37.818419 ], [ 144.9625303, -37.8188503 ] ] ] } },
{ "type": "Feature", "properties": { "project_id": "SCC_00029", "scc_feature": 23, "scc_source_id": "23", "scc_type": "C1", "status": "missing_or_unverified", "mean_lts": 2.0, "connects_existing": false, "length_km": 0.19, "high_stress_km": 0.0, "project_type": "New protected link" }, "geometry": { "type": "LineString", "coordinates": [ [ 144.9393234, -37.827359 ], [ 144.9408741, -37.8263408 ] ] } },
{ "type": "Feature", "properties": { "project_id": "SCC_00030", "scc_feature": 28, "scc_source_id": "28", "scc_type": "C1", "status": "missing_or_unverified", "mean_lts": 4.0, "connects_existing": true, "length_km": 0.407, "high_stress_km": 0.407, "project_type": "New protected link" }, "geometry": { "type": "LineString", "coordinates": [ [ 144.6911175, -37.8345667 ], [ 144.6911561, -37.8336934 ], [ 144.6913484, -37.8326248 ], [ 144.6911175, -37.8345667 ] ] } },
{ "type": "Feature", "properties": { "project_id": "SCC_00031", "scc_feature": 28, "scc_source_id": "28", "scc_type": "C1", "status": "missing_or_unverified", "mean_lts": 4.0, "connects_existing": true, "length_km": 6.925, "high_stress_km": 6.925, "project_type": "New protected link" }, "geometry": { "type": "MultiLineString", "coordinates": [ [ [ 144.6959453, -37.805014 ], [ 144.6977114, -37.7934959 ], [ 144.6969891, -37.7981047 ], [ 144.6962894, -37.8027138 ], [ 144.6980667, -37.791196 ], [ 144.7033586, -37.755605 ], [ 144.7025425, -37.7603382 ], [ 144.7018735, -37.7650832 ], [ 144.7012381, -37.7698378 ], [ 144.70058, -37.774592 ], [ 144.6998879, -37.7793365 ], [ 144.6991618, -37.7840803 ], [ 144.6984355, -37.7888242 ], [ 144.7037724, -37.7532341 ] ], [ [ 144.7010229, -37.7478277 ], [ 144.7007515, -37.7466959 ], [ 144.7014813, -37.7476834 ] ], [ [ 144.7010229, -37.7478277 ], [ 144.7010276, -37.748044 ], [ 144.7012386, -37.7481923 ] ], [ [ 144.7020816, -37.749191 ], [ 144.7012386, -37.7481923 ] ], [ [ 144.7016777, -37.7479396 ], [ 144.7020816, -37.749191 ] ], [ [ 144.7020816, -37.749191 ], [ 144.7038536, -37.7509738 ], [ 144.7037724, -37.7532341 ] ], [ [ 144.7016777, -37.7479396 ], [ 144.7014813, -37.7476834 ] ] ] } },
{ "type": "Feature", "properties": { "project_id": "SCC_00032", "scc_feature": 33, "scc_source_id": "33", "scc_type": "C1", "status": "missing_or_unverified", "mean_lts": 4.0, "connects_existing": true, "length_km": 0.123, "high_stress_km": 0.123, "project_type": "New protected link" }, "geometry": { "type": "LineString", "coordinates": [ [ 144.7053237, -37.8824513 ], [ 144.7039116, -37.8828924 ] ] } },
{ "type": "Feature", "properties": { "project_id": "SCC_00033", "scc_feature": 34, "scc_source_id": "34", "scc_type": "C1", "status": "missing_or_unverified", "mean_lts": 4.0, "connects_existing": true, "length_km": 0.51, "high_stress_km": 0.51, "project_type": "New protected link" }, "geometry": { "type": "MultiLineString", "coordinates": [ [ [ 144.8272551, -37.7859005 ], [ 144.8272809, -37.7854053 ], [ 144.8243503, -37.7850538 ] ], [ [ 144.8219046, -37.7848194 ], [ 144.8243503, -37.7850538 ] ] ] } },
{ "type": "Feature", "properties": { "project_id": "SCC_00034", "scc_feature": 37, "scc_source_id": "37", "scc_type": "C1", "status": "missing_or_unverified", "mean_lts": 3.27, "connects_existing": true, "length_km": 6.262, "high_stress_km": 3.988, "project_type": "New protected link" }, "geometry": { "type": "MultiLineString", "coordinates": [ [ [ 144.8501515, -37.8166718 ], [ 144.849593, -37.8167337 ] ], [ [ 144.8501515, -37.8166718 ], [ 144.8525074, -37.8157325 ] ], [ [ 144.8484427, -37.8168388 ], [ 144.8501515, -37.8166718 ] ], [ [ 144.8401359, -37.819273 ], [ 144.8436792, -37.8181394 ], [ 144.8456961, -37.8175365 ], [ 144.8466436, -37.8173736 ] ], [ [ 144.849593, -37.8167337 ], [ 144.8467039, -37.8176451 ] ], [ [ 144.8467039, -37.8176451 ], [ 144.8440455, -37.8184345 ], [ 144.8412283, -37.819212 ], [ 144.8401359, -37.819273 ] ], [ [ 144.8467039, -37.8176451 ], [ 144.8440856, -37.818228 ] ], [ [ 144.8488828, -37.816937 ], [ 144.8467039, -37.8176451 ] ], [ [ 144.8479188, -37.8168833 ], [ 144.8484427, -37.8168388 ] ], [ [ 144.8479188, -37.8168833 ], [ 144.850669, -37.8160594 ] ], [ [ 144.8466436, -37.8173736 ], [ 144.8469774, -37.8172266 ], [ 144.8479188, -37.8168833 ] ], [ [ 144.849593, -37.8167337 ], [ 144.8488828, -37.816937 ] ], [ [ 144.8525074, -37.8157325 ], [ 144.8556441, -37.8148975 ], [ 144.8587706, -37.8140172 ] ], [ [ 144.8484427, -37.8168388 ], [ 144.8525074, -37.8157325 ] ], [ [ 144.8521578, -37.815645 ], [ 144.8525074, -37.8157325 ] ], [ [ 144.8525074, -37.8157325 ], [ 144.8528791, -37.8154509 ], [ 144.8521578, -37.815645 ] ], [ [ 144.8466436, -37.8173736 ], [ 144.8440856, -37.818228 ] ], [ [ 144.8488828, -37.816937 ], [ 144.8466436, -37.8173736 ] ], [ [ 144.858477, -37.8139578 ], [ 144.8594715, -37.8137416 ] ], [ [ 144.8587706, -37.8140172 ], [ 144.8594715, -37.8137416 ] ], [ [ 144.8526366, -37.8159782 ], [ 144.8520822, -37.8162925 ] ], [ [ 144.8526366, -37.8159782 ], [ 144.8510702, -37.8163281 ], [ 144.8506354, -37.8164373 ], [ 144.8501515, -37.8166718 ] ], [ [ 144.853299, -37.8158551 ], [ 144.8526366, -37.8159782 ] ], [ [ 144.8592575, -37.8140711 ], [ 144.8563144, -37.8148917 ], [ 144.85353, -37.8157241 ], [ 144.8526366, -37.8159782 ] ], [ [ 144.8440856, -37.818228 ], [ 144.8438334, -37.8183045 ], [ 144.8410276, -37.8190821 ], [ 144.8401359, -37.819273 ] ], [ [ 144.8521578, -37.815645 ], [ 144.850669, -37.8160594 ] ], [ [ 144.8592575, -37.8140711 ], [ 144.855992, -37.8146515 ], [ 144.8579501, -37.8141104 ], [ 144.858477, -37.8139578 ] ], [ [ 144.858477, -37.8139578 ], [ 144.8587706, -37.8140172 ] ], [ [ 144.8595666, -37.8139866 ], [ 144.8592575, -37.8140711 ] ] ] } },
{ "type": "Feature", "properties": { "project_id": "SCC_00035", "scc_feature": 39, "scc_source_id": "39", "scc_type": "C1", "status": "missing_or_unverified", "mean_lts": 2.0, "connects_existing": true, "length_km": 0.091, "high_stress_km": 0.0, "project_type": "New protected link" }, "geometry": { "type": "LineString", "coordinates": [ [ 144.839044, -37.7932185 ], [ 144.8379005, -37.7930984 ] ] } },
{ "type": "Feature", "properties": { "project_id": "SCC_00036", "scc_feature": 42, "scc_source_id": "42", "scc_type": "C1", "status": "missing_or_unverified", "mean_lts": 4.0, "connects_existing": false, "length_km": 0.067, "high_stress_km": 0.067, "project_type": "New protected link" }, "geometry": { "type": "LineString", "coordinates": [ [ 144.886417, -37.7690618 ], [ 144.8864682, -37.7696575 ] ] } },
{ "type": "Feature", "properties": { "project_id": "SCC_00037", "scc_feature": 42, "scc_source_id": "42", "scc_type": "C1", "status": "missing_or_unverified", "mean_lts": 4.0, "connects_existing": true, "length_km": 0.196, "high_stress_km": 0.196, "project_type": "New protected link" }, "geometry": { "type": "LineString", "coordinates": [ [ 144.8856258, -37.7757163 ], [ 144.8852431, -37.7775929 ] ] } },
{ "type": "Feature", "properties": { "project_id": "SCC_00038", "scc_feature": 42, "scc_source_id": "42", "scc_type": "C1", "status": "missing_or_unverified", "mean_lts": 2.98, "connects_existing": false, "length_km": 1.286, "high_stress_km": 1.032, "project_type": "New protected link" }, "geometry": { "type": "MultiLineString", "coordinates": [ [ [ 144.8821359, -37.7937671 ], [ 144.8817757, -37.795644 ] ], [ [ 144.8826191, -37.7907659 ], [ 144.8823735, -37.7910138 ] ], [ [ 144.8828331, -37.7900307 ], [ 144.8826191, -37.7907659 ] ], [ [ 144.8830783, -37.7886023 ], [ 144.88301, -37.7890066 ] ], [ [ 144.88145, -37.7975036 ], [ 144.8815168, -37.7971533 ], [ 144.8815998, -37.7966321 ], [ 144.8817757, -37.795644 ] ], [ [ 144.8821359, -37.7937671 ], [ 144.8823097, -37.792851 ], [ 144.8824041, -37.79233 ] ], [ [ 144.8821359, -37.7937671 ], [ 144.8824041, -37.79233 ] ], [ [ 144.8824041, -37.79233 ], [ 144.882485, -37.7918809 ], [ 144.882633, -37.7910725 ], [ 144.8826191, -37.7907659 ] ], [ [ 144.8828331, -37.7900307 ], [ 144.8829153, -37.7895366 ], [ 144.88301, -37.7890066 ] ] ] } },
{ "type": "Feature", "properties": { "project_id": "SCC_00039", "scc_feature": 42, "scc_source_id": "42", "scc_type": "C1", "status": "missing_or_unverified", "mean_lts": 4.0, "connects_existing": true, "length_km": 0.108, "high_stress_km": 0.108, "project_type": "New protected link" }, "geometry": { "type": "MultiLineString", "coordinates": [ [ [ 144.8861545, -37.7723013 ], [ 144.8860831, -37.7728137 ] ], [ [ 144.8858958, -37.7738106 ], [ 144.8860831, -37.7728137 ] ] ] } },
{ "type": "Feature", "properties": { "project_id": "SCC_00040", "scc_feature": 43, "scc_source_id": "43", "scc_type": "C1", "status": "missing_or_unverified", "mean_lts": 3.24, "connects_existing": true, "length_km": 3.401, "high_stress_km": 2.191, "project_type": "New protected link" }, "geometry": { "type": "MultiLineString", "coordinates": [ [ [ 144.8640264, -37.8125627 ], [ 144.8628301, -37.8130817 ] ], [ [ 144.8667012, -37.8119804 ], [ 144.8640264, -37.8125627 ] ], [ [ 144.8640264, -37.8125627 ], [ 144.8657006, -37.8120163 ] ], [ [ 144.8640264, -37.8125627 ], [ 144.8653125, -37.8120813 ], [ 144.8657006, -37.8120163 ] ], [ [ 144.8615302, -37.8132563 ], [ 144.8628301, -37.8130817 ] ], [ [ 144.8594715, -37.8137416 ], [ 144.8615302, -37.8132563 ] ], [ [ 144.8615302, -37.8132563 ], [ 144.8602538, -37.8137918 ] ], [ [ 144.8615302, -37.8132563 ], [ 144.862737, -37.8127646 ], [ 144.8640264, -37.8125627 ] ], [ [ 144.8698198, -37.8109734 ], [ 144.8703064, -37.8106398 ] ], [ [ 144.8703425, -37.8109649 ], [ 144.8698198, -37.8109734 ] ], [ [ 144.8628301, -37.8130817 ], [ 144.8622653, -37.8133688 ], [ 144.8602538, -37.8137918 ] ], [ [ 144.8667012, -37.8119804 ], [ 144.8646475, -37.8126911 ], [ 144.8628301, -37.8130817 ] ], [ [ 144.8594715, -37.8137416 ], [ 144.8601489, -37.8134926 ], [ 144.8615302, -37.8132563 ] ], [ [ 144.8657006, -37.8120163 ], [ 144.8666618, -37.8117724 ], [ 144.8671309, -37.8116547 ], [ 144.8675786, -37.8114916 ] ], [ [ 144.8657006, -37.8120163 ], [ 144.8675786, -37.8114916 ] ], [ [ 144.8683919, -37.811254 ], [ 144.8689761, -37.8110843 ], [ 144.8698198, -37.8109734 ] ], [ [ 144.8602538, -37.8137918 ], [ 144.8595666, -37.8139866 ] ], [ [ 144.8689778, -37.8114178 ], [ 144.8673992, -37.8118038 ], [ 144.8667012, -37.8119804 ] ], [ [ 144.8675786, -37.8114916 ], [ 144.8678196, -37.8114058 ], [ 144.8683919, -37.811254 ] ], [ [ 144.8689778, -37.8114178 ], [ 144.8683919, -37.811254 ] ], [ [ 144.8697563, -37.8112066 ], [ 144.869218, -37.8113591 ], [ 144.8689778, -37.8114178 ] ] ] } },
{ "type": "Feature", "properties": { "project_id": "SCC_00041", "scc_feature": 43, "scc_source_id": "43", "scc_type": "C1", "status": "missing_or_unverified", "mean_lts": 4.0, "connects_existing": true, "length_km": 0.248, "high_stress_km": 0.248, "project_type": "New protected link" }, "geometry": { "type": "MultiLineString", "coordinates": [ [ [ 144.8872499, -37.801609 ], [ 144.8875832, -37.8014707 ] ], [ [ 144.8830655, -37.8037687 ], [ 144.8872499, -37.801609 ] ], [ [ 144.8872499, -37.801609 ], [ 144.8844916, -37.8031455 ] ] ] } },
{ "type": "Feature", "properties": { "project_id": "SCC_00042", "scc_feature": 45, "scc_source_id": "45", "scc_type": "C1", "status": "missing_or_unverified", "mean_lts": 2.53, "connects_existing": true, "length_km": 0.648, "high_stress_km": 0.344, "project_type": "New protected link" }, "geometry": { "type": "MultiLineString", "coordinates": [ [ [ 144.8866632, -37.7508445 ], [ 144.8855205, -37.7507159 ], [ 144.884514, -37.7505897 ], [ 144.8833898, -37.7514076 ] ], [ [ 144.8866632, -37.7508445 ], [ 144.8871723, -37.7508987 ] ], [ [ 144.8824589, -37.7522109 ], [ 144.8833898, -37.7514076 ] ], [ [ 144.8888807, -37.7510916 ], [ 144.8877607, -37.7509633 ], [ 144.8871723, -37.7508987 ] ] ] } },
{ "type": "Feature", "properties": { "project_id": "SCC_00043", "scc_feature": 47, "scc_source_id": "47", "scc_type": "C1", "status": "missing_or_unverified", "mean_lts": 4.0, "connects_existing": true, "length_km": 0.154, "high_stress_km": 0.154, "project_type": "New protected link" }, "geometry": { "type": "LineString", "coordinates": [ [ 144.9150576, -37.6946932 ], [ 144.9153488, -37.6940135 ], [ 144.91538, -37.6945187 ] ] } },
{ "type": "Feature", "properties": { "project_id": "SCC_00044", "scc_feature": 47, "scc_source_id": "47", "scc_type": "C1", "status": "missing_or_unverified", "mean_lts": 4.0, "connects_existing": true, "length_km": 0.541, "high_stress_km": 0.541, "project_type": "New protected link" }, "geometry": { "type": "MultiLineString", "coordinates": [ [ [ 144.8252644, -37.775951 ], [ 144.8252726, -37.7764467 ] ], [ [ 144.8218451, -37.7733105 ], [ 144.8252644, -37.775951 ] ], [ [ 144.8252644, -37.775951 ], [ 144.8257146, -37.7764729 ] ] ] } },
{ "type": "Feature", "properties": { "project_id": "SCC_00046", "scc_feature": 48, "scc_source_id": "48", "scc_type": "C1", "status": "missing_or_unverified", "mean_lts": 2.81, "connects_existing": true, "length_km": 1.456, "high_stress_km": 1.174, "project_type": "New protected link" }, "geometry": { "type": "MultiLineString", "coordinates": [ [ [ 144.8970738, -37.751941 ], [ 144.8985331, -37.7521112 ] ], [ [ 144.9031349, -37.7527339 ], [ 144.9042599, -37.7530874 ] ], [ [ 144.9073838, -37.7533953 ], [ 144.9052902, -37.7531778 ], [ 144.9042599, -37.7530874 ] ], [ [ 144.9031349, -37.7527339 ], [ 144.8999006, -37.7523159 ], [ 144.8992119, -37.7521864 ], [ 144.8985331, -37.7521112 ] ], [ [ 144.8970738, -37.751941 ], [ 144.8956934, -37.7517902 ] ], [ [ 144.8945391, -37.7516704 ], [ 144.8934415, -37.7515517 ] ], [ [ 144.8945391, -37.7516704 ], [ 144.8956934, -37.7517902 ] ], [ [ 144.8922762, -37.7514227 ], [ 144.8911789, -37.7512949 ] ], [ [ 144.8922762, -37.7514227 ], [ 144.8934415, -37.7515517 ] ] ] } },
{ "type": "Feature", "properties": { "project_id": "SCC_00047", "scc_feature": 50, "scc_source_id": "50", "scc_type": "C1", "status": "missing_or_unverified", "mean_lts": 3.87, "connects_existing": true, "length_km": 2.57, "high_stress_km": 2.402, "project_type": "New protected link" }, "geometry": { "type": "MultiLineString", "coordinates": [ [ [ 144.9153173, -37.6935172 ], [ 144.915338, -37.6931842 ], [ 144.9152929, -37.6927688 ], [ 144.9155313, -37.6911419 ] ], [ [ 144.916382, -37.6878947 ], [ 144.9164941, -37.6875362 ] ], [ [ 144.916382, -37.6878947 ], [ 144.9157245, -37.6903162 ] ], [ [ 144.9164941, -37.6875362 ], [ 144.9169261, -37.6858766 ], [ 144.9169767, -37.6856882 ], [ 144.9171858, -37.6851062 ] ], [ [ 144.9176346, -37.6848708 ], [ 144.9168246, -37.6866678 ], [ 144.9164941, -37.6875362 ] ], [ [ 144.9171858, -37.6851062 ], [ 144.9173777, -37.6847311 ], [ 144.9176774, -37.6841506 ], [ 144.9182585, -37.6836472 ] ], [ [ 144.9176346, -37.6848708 ], [ 144.9171858, -37.6851062 ] ], [ [ 144.9182585, -37.6836472 ], [ 144.9186242, -37.6831399 ], [ 144.9188936, -37.6828293 ], [ 144.9193928, -37.6824145 ] ], [ [ 144.9193928, -37.6824145 ], [ 144.9191168, -37.6829594 ], [ 144.9187307, -37.6837907 ] ], [ [ 144.9155313, -37.6911419 ], [ 144.9153488, -37.6940135 ] ], [ [ 144.9155313, -37.6911419 ], [ 144.9157245, -37.6903162 ] ], [ [ 144.9193928, -37.6824145 ], [ 144.9182585, -37.6836472 ] ], [ [ 144.9182585, -37.6836472 ], [ 144.9176346, -37.6848708 ] ] ] } },
{ "type": "Feature", "properties": { "project_id": "SCC_00048", "scc_feature": 53, "scc_source_id": "53", "scc_type": "C1", "status": "missing_or_unverified", "mean_lts": 3.12, "connects_existing": true, "length_km": 1.415, "high_stress_km": 1.295, "project_type": "New protected link" }, "geometry": { "type": "MultiLineString", "coordinates": [ [ [ 144.95436, -37.8214031 ], [ 144.953845, -37.8215384 ] ], [ [ 144.9548712, -37.821403 ], [ 144.95436, -37.8214031 ] ], [ [ 144.9549975, -37.8209456 ], [ 144.95436, -37.8214031 ] ], [ [ 144.9575818, -37.8203326 ], [ 144.9582153, -37.8200192 ], [ 144.9590284, -37.8197809 ], [ 144.9600087, -37.8196628 ], [ 144.9590573, -37.8199707 ], [ 144.9586334, -37.8200985 ], [ 144.9575818, -37.8203326 ] ], [ [ 144.9549975, -37.8209456 ], [ 144.9559358, -37.8207006 ], [ 144.956703, -37.8204796 ], [ 144.9575818, -37.8203326 ] ], [ [ 144.9561712, -37.8212273 ], [ 144.9567659, -37.8206699 ] ], [ [ 144.9567659, -37.8206699 ], [ 144.95601, -37.8208911 ], [ 144.9549975, -37.8209456 ] ], [ [ 144.9575818, -37.8203326 ], [ 144.9567659, -37.8206699 ] ], [ [ 144.9536908, -37.8213645 ], [ 144.9549975, -37.8209456 ] ] ] } },
{ "type": "Feature", "properties": { "project_id": "SCC_00050", "scc_feature": 60, "scc_source_id": "60", "scc_type": "C1", "status": "missing_or_unverified", "mean_lts": 4.0, "connects_existing": false, "length_km": 0.292, "high_stress_km": 0.292, "project_type": "New protected link" }, "geometry": { "type": "LineString", "coordinates": [ [ 144.9448224, -37.599509 ], [ 144.9436469, -37.6018857 ] ] } },
{ "type": "Feature", "properties": { "project_id": "SCC_00051", "scc_feature": 62, "scc_source_id": "62", "scc_type": "C1", "status": "missing_or_unverified", "mean_lts": 3.0, "connects_existing": true, "length_km": 0.146, "high_stress_km": 0.146, "project_type": "New protected link" }, "geometry": { "type": "MultiLineString", "coordinates": [ [ [ 144.9607358, -37.8200719 ], [ 144.9600087, -37.8196628 ] ], [ [ 144.9600087, -37.8196628 ], [ 144.9613883, -37.8198939 ] ], [ [ 144.9602103, -37.8201799 ], [ 144.9600087, -37.8196628 ] ] ] } },
{ "type": "Feature", "properties": { "project_id": "SCC_00052", "scc_feature": 65, "scc_source_id": "65", "scc_type": "C1", "status": "missing_or_unverified", "mean_lts": 3.86, "connects_existing": false, "length_km": 1.383, "high_stress_km": 1.383, "project_type": "New protected link" }, "geometry": { "type": "MultiLineString", "coordinates": [ [ [ 144.9438063, -37.8308078 ], [ 144.9444421, -37.8312334 ], [ 144.9449281, -37.8317375 ], [ 144.9452153, -37.8320309 ] ], [ [ 144.9438063, -37.8308078 ], [ 144.9411775, -37.8289144 ] ], [ [ 144.946364, -37.8332225 ], [ 144.9458762, -37.8327814 ], [ 144.9456682, -37.8324984 ] ], [ [ 144.9476116, -37.8345329 ], [ 144.9480003, -37.8348551 ], [ 144.9482291, -37.8352106 ] ], [ [ 144.9482291, -37.8352106 ], [ 144.9486507, -37.8355784 ], [ 144.9487733, -37.8360762 ], [ 144.9482291, -37.8352106 ] ], [ [ 144.9456682, -37.8324984 ], [ 144.946364, -37.8332225 ] ], [ [ 144.9456682, -37.8324984 ], [ 144.9452153, -37.8320309 ] ], [ [ 144.9476116, -37.8345329 ], [ 144.9468383, -37.8337354 ] ], [ [ 144.9482291, -37.8352106 ], [ 144.9476116, -37.8345329 ] ], [ [ 144.946364, -37.8332225 ], [ 144.9468383, -37.8337354 ] ] ] } },
{ "type": "Feature", "properties": { "project_id": "SCC_00053", "scc_feature": 65, "scc_source_id": "65", "scc_type": "C1", "status": "missing_or_unverified", "mean_lts": 4.0, "connects_existing": false, "length_km": 0.097, "high_stress_km": 0.097, "project_type": "New protected link" }, "geometry": { "type": "LineString", "coordinates": [ [ 144.9581107, -37.8337062 ], [ 144.9573433, -37.8339272 ], [ 144.9570226, -37.8340207 ] ] } },
{ "type": "Feature", "properties": { "project_id": "SCC_00054", "scc_feature": 67, "scc_source_id": "67", "scc_type": "C1", "status": "missing_or_unverified", "mean_lts": 3.0, "connects_existing": true, "length_km": 0.812, "high_stress_km": 0.812, "project_type": "New protected link" }, "geometry": { "type": "MultiLineString", "coordinates": [ [ [ 144.9693212, -37.8168679 ], [ 144.9673852, -37.8174563 ], [ 144.9682003, -37.8171459 ], [ 144.9693212, -37.8168679 ] ], [ [ 144.9723997, -37.8160378 ], [ 144.9709691, -37.8164277 ] ], [ [ 144.9693212, -37.8168679 ], [ 144.9699501, -37.8167165 ] ], [ [ 144.9699501, -37.8167165 ], [ 144.9703078, -37.8165154 ], [ 144.9709691, -37.8164277 ] ], [ [ 144.9709691, -37.8164277 ], [ 144.9699501, -37.8167165 ] ] ] } },
{ "type": "Feature", "properties": { "project_id": "SCC_00056", "scc_feature": 85, "scc_source_id": "85", "scc_type": "C1", "status": "missing_or_unverified", "mean_lts": 2.86, "connects_existing": false, "length_km": 0.687, "high_stress_km": 0.59, "project_type": "New protected link" }, "geometry": { "type": "MultiLineString", "coordinates": [ [ [ 145.0102968, -37.779186 ], [ 145.0089525, -37.7793525 ] ], [ [ 145.0123932, -37.7793385 ], [ 145.0112921, -37.779329 ] ], [ [ 145.0102968, -37.779186 ], [ 145.0112921, -37.779329 ] ], [ [ 145.0102968, -37.779186 ], [ 145.0078331, -37.7791804 ], [ 145.0089525, -37.7793525 ] ] ] } },
{ "type": "Feature", "properties": { "project_id": "SCC_00058", "scc_feature": 86, "scc_source_id": "86", "scc_type": "C1", "status": "missing_or_unverified", "mean_lts": 4.0, "connects_existing": true, "length_km": 0.07, "high_stress_km": 0.07, "project_type": "New protected link" }, "geometry": { "type": "LineString", "coordinates": [ [ 145.0405555, -37.8449301 ], [ 145.0397865, -37.8447912 ] ] } },
{ "type": "Feature", "properties": { "project_id": "SCC_00059", "scc_feature": 88, "scc_source_id": "88", "scc_type": "C1", "status": "missing_or_unverified", "mean_lts": 4.0, "connects_existing": true, "length_km": 0.503, "high_stress_km": 0.503, "project_type": "New protected link" }, "geometry": { "type": "MultiLineString", "coordinates": [ [ [ 145.0098782, -37.7075251 ], [ 145.010552, -37.7069327 ] ], [ [ 145.0104112, -37.7037131 ], [ 145.0109463, -37.7049117 ], [ 145.010552, -37.7069327 ] ] ] } },
{ "type": "Feature", "properties": { "project_id": "SCC_00060", "scc_feature": 88, "scc_source_id": "88", "scc_type": "C1", "status": "missing_or_unverified", "mean_lts": 4.0, "connects_existing": true, "length_km": 0.73, "high_stress_km": 0.73, "project_type": "New protected link" }, "geometry": { "type": "MultiLineString", "coordinates": [ [ [ 145.0125818, -37.6878435 ], [ 145.0127864, -37.6865492 ] ], [ [ 145.0125818, -37.6878435 ], [ 145.0122858, -37.6895869 ], [ 145.0116825, -37.6930643 ] ] ] } },
{ "type": "Feature", "properties": { "project_id": "SCC_00062", "scc_feature": 88, "scc_source_id": "88", "scc_type": "C1", "status": "missing_or_unverified", "mean_lts": 4.0, "connects_existing": true, "length_km": 0.611, "high_stress_km": 0.611, "project_type": "New protected link" }, "geometry": { "type": "MultiLineString", "coordinates": [ [ [ 145.0130422, -37.6850395 ], [ 145.0134206, -37.6827569 ], [ 145.0135009, -37.6822986 ] ], [ [ 145.0130422, -37.6850395 ], [ 145.0128739, -37.6853972 ] ], [ [ 145.0135009, -37.6822986 ], [ 145.0135411, -37.682065 ], [ 145.0138279, -37.6802404 ] ], [ [ 145.0141512, -37.6821474 ], [ 145.0138915, -37.6821069 ], [ 145.0135009, -37.6822986 ] ] ] } },
{ "type": "Feature", "properties": { "project_id": "SCC_00063", "scc_feature": 88, "scc_source_id": "88", "scc_type": "C1", "status": "missing_or_unverified", "mean_lts": 4.0, "connects_existing": true, "length_km": 0.238, "high_stress_km": 0.238, "project_type": "New protected link" }, "geometry": { "type": "MultiLineString", "coordinates": [ [ [ 145.0150315, -37.673799 ], [ 145.0152025, -37.6729097 ], [ 145.0152681, -37.6725774 ], [ 145.0157995, -37.6726314 ] ], [ [ 145.0150315, -37.673799 ], [ 145.0150334, -37.6741505 ] ] ] } },
{ "type": "Feature", "properties": { "project_id": "SCC_00064", "scc_feature": 88, "scc_source_id": "88", "scc_type": "C1", "status": "missing_or_unverified", "mean_lts": 3.61, "connects_existing": false, "length_km": 0.933, "high_stress_km": 0.753, "project_type": "New protected link" }, "geometry": { "type": "MultiLineString", "coordinates": [ [ [ 145.0153512, -37.672011 ], [ 145.0154876, -37.6711482 ], [ 145.0155534, -37.6708068 ], [ 145.0156345, -37.6703125 ], [ 145.0158044, -37.6694682 ], [ 145.0159053, -37.6686589 ], [ 145.0162207, -37.667033 ] ], [ [ 145.0162207, -37.667033 ], [ 145.0165675, -37.6655068 ], [ 145.0164694, -37.6662081 ], [ 145.0162207, -37.667033 ] ] ] } },
{ "type": "Feature", "properties": { "project_id": "SCC_00065", "scc_feature": 88, "scc_source_id": "88", "scc_type": "C1", "status": "missing_or_unverified", "mean_lts": 3.0, "connects_existing": false, "length_km": 0.105, "high_stress_km": 0.105, "project_type": "New protected link" }, "geometry": { "type": "LineString", "coordinates": [ [ 145.0162689, -37.6699086 ], [ 145.0160966, -37.670843 ] ] } },
{ "type": "Feature", "properties": { "project_id": "SCC_00066", "scc_feature": 90, "scc_source_id": "90", "scc_type": "C1", "status": "missing_or_unverified", "mean_lts": 4.0, "connects_existing": true, "length_km": 0.588, "high_stress_km": 0.588, "project_type": "New protected link" }, "geometry": { "type": "MultiLineString", "coordinates": [ [ [ 144.9716525, -37.5428547 ], [ 144.9750836, -37.543211 ] ], [ [ 144.9716525, -37.5428547 ], [ 144.9687419, -37.5425072 ] ] ] } },
{ "type": "Feature", "properties": { "project_id": "SCC_00067", "scc_feature": 90, "scc_source_id": "90", "scc_type": "C1", "status": "missing_or_unverified", "mean_lts": 2.0, "connects_existing": false, "length_km": 1.62, "high_stress_km": 0.0, "project_type": "New protected link" }, "geometry": { "type": "LineString", "coordinates": [ [ 145.0081235, -37.5915826 ], [ 145.0165729, -37.5924189 ], [ 145.0109368, -37.5918373 ], [ 145.0193862, -37.5926734 ], [ 145.0228541, -37.59302 ], [ 145.0263335, -37.5933576 ] ] } },
{ "type": "Feature", "properties": { "project_id": "SCC_00068", "scc_feature": 90, "scc_source_id": "90", "scc_type": "C1", "status": "missing_or_unverified", "mean_lts": 4.0, "connects_existing": true, "length_km": 0.35, "high_stress_km": 0.35, "project_type": "New protected link" }, "geometry": { "type": "LineString", "coordinates": [ [ 145.0289046, -37.6221042 ], [ 145.0295489, -37.6187264 ] ] } },
{ "type": "Feature", "properties": { "project_id": "SCC_00069", "scc_feature": 90, "scc_source_id": "90", "scc_type": "C1", "status": "missing_or_unverified", "mean_lts": 4.0, "connects_existing": true, "length_km": 1.638, "high_stress_km": 1.638, "project_type": "New protected link" }, "geometry": { "type": "LineString", "coordinates": [ [ 145.0313229, -37.6085994 ], [ 145.0317043, -37.6061635 ], [ 145.0325012, -37.6012832 ], [ 145.0332754, -37.5964025 ], [ 145.0337354, -37.5939859 ] ] } },
{ "type": "Feature", "properties": { "project_id": "SCC_00070", "scc_feature": 90, "scc_source_id": "90", "scc_type": "C1", "status": "missing_or_unverified", "mean_lts": 4.0, "connects_existing": true, "length_km": 1.485, "high_stress_km": 1.485, "project_type": "New protected link" }, "geometry": { "type": "LineString", "coordinates": [ [ 144.97786, -37.5435019 ], [ 144.994519, -37.5452461 ] ] } },
{ "type": "Feature", "properties": { "project_id": "SCC_00071", "scc_feature": 101, "scc_source_id": "101", "scc_type": "C1", "status": "missing_or_unverified", "mean_lts": 3.7, "connects_existing": true, "length_km": 0.322, "high_stress_km": 0.322, "project_type": "New protected link" }, "geometry": { "type": "MultiLineString", "coordinates": [ [ [ 145.0590551, -37.7582176 ], [ 145.0603503, -37.7586085 ] ], [ [ 145.0597598, -37.7586168 ], [ 145.0590551, -37.7582176 ] ], [ [ 145.0597598, -37.7586168 ], [ 145.0587278, -37.7585817 ], [ 145.0590551, -37.7582176 ] ] ] } },
{ "type": "Feature", "properties": { "project_id": "SCC_00072", "scc_feature": 103, "scc_source_id": "103", "scc_type": "C1", "status": "missing_or_unverified", "mean_lts": 3.96, "connects_existing": true, "length_km": 1.309, "high_stress_km": 1.28, "project_type": "New protected link" }, "geometry": { "type": "MultiLineString", "coordinates": [ [ [ 145.0956374, -37.6971812 ], [ 145.0948907, -37.6971061 ] ], [ [ 145.0956374, -37.6971812 ], [ 145.0962817, -37.6972637 ], [ 145.0991922, -37.6978784 ] ], [ [ 145.1026941, -37.6993227 ], [ 145.0997356, -37.6988064 ], [ 145.0991922, -37.6978784 ] ], [ [ 145.1025861, -37.7008891 ], [ 145.1026941, -37.6993227 ] ], [ [ 145.1025861, -37.7008891 ], [ 145.1026669, -37.7012779 ] ], [ [ 145.1028023, -37.6990811 ], [ 145.1026941, -37.6993227 ] ], [ [ 145.1066052, -37.7029634 ], [ 145.1059258, -37.7024749 ] ], [ [ 145.1066052, -37.7029634 ], [ 145.106904, -37.7032566 ], [ 145.1075747, -37.7036459 ] ], [ [ 145.1042472, -37.7020243 ], [ 145.1059258, -37.7024749 ] ], [ [ 145.1042472, -37.7020243 ], [ 145.1026669, -37.7012779 ] ] ] } },
{ "type": "Feature", "properties": { "project_id": "SCC_00073", "scc_feature": 103, "scc_source_id": "103", "scc_type": "C1", "status": "missing_or_unverified", "mean_lts": 4.0, "connects_existing": true, "length_km": 0.291, "high_stress_km": 0.291, "project_type": "New protected link" }, "geometry": { "type": "LineString", "coordinates": [ [ 145.1083724, -37.7048393 ], [ 145.1093755, -37.7059819 ], [ 145.1088108, -37.7054411 ], [ 145.1084036, -37.7049479 ] ] } },
{ "type": "Feature", "properties": { "project_id": "SCC_00074", "scc_feature": 103, "scc_source_id": "103", "scc_type": "C1", "status": "missing_or_unverified", "mean_lts": 4.0, "connects_existing": true, "length_km": 0.527, "high_stress_km": 0.527, "project_type": "New protected link" }, "geometry": { "type": "MultiLineString", "coordinates": [ [ [ 145.1108227, -37.7075101 ], [ 145.1133, -37.7100191 ], [ 145.1139436, -37.7110297 ] ], [ [ 145.1144066, -37.7115599 ], [ 145.1139436, -37.7110297 ] ] ] } },
{ "type": "Feature", "properties": { "project_id": "SCC_00075", "scc_feature": 103, "scc_source_id": "103", "scc_type": "C1", "status": "missing_or_unverified", "mean_lts": 3.49, "connects_existing": true, "length_km": 0.266, "high_stress_km": 0.266, "project_type": "New protected link" }, "geometry": { "type": "LineString", "coordinates": [ [ 145.1241073, -37.716446 ], [ 145.1227588, -37.7159379 ], [ 145.1220049, -37.7156916 ], [ 145.1213488, -37.715618 ] ] } },
{ "type": "Feature", "properties": { "project_id": "SCC_00077", "scc_feature": 104, "scc_source_id": "104", "scc_type": "C1", "status": "missing_or_unverified", "mean_lts": 3.78, "connects_existing": false, "length_km": 0.741, "high_stress_km": 0.684, "project_type": "New protected link" }, "geometry": { "type": "MultiLineString", "coordinates": [ [ [ 144.663228, -37.9016998 ], [ 144.6635937, -37.9012835 ] ], [ [ 144.663228, -37.9016998 ], [ 144.6637119, -37.9015022 ], [ 144.664793, -37.9011181 ] ], [ [ 144.6655323, -37.9007543 ], [ 144.6657168, -37.9003164 ] ], [ [ 144.664793, -37.9011181 ], [ 144.6655323, -37.9007543 ] ], [ [ 144.6655323, -37.9007543 ], [ 144.6660838, -37.900576 ], [ 144.664793, -37.9011181 ] ], [ [ 144.664793, -37.9011181 ], [ 144.6628805, -37.9019002 ], [ 144.663228, -37.9016998 ] ] ] } },
{ "type": "Feature", "properties": { "project_id": "SCC_00078", "scc_feature": 105, "scc_source_id": "105", "scc_type": "C1", "status": "missing_or_unverified", "mean_lts": 3.57, "connects_existing": true, "length_km": 0.915, "high_stress_km": 0.915, "project_type": "New protected link" }, "geometry": { "type": "MultiLineString", "coordinates": [ [ [ 144.6809263, -37.8889297 ], [ 144.6811161, -37.8875907 ] ], [ [ 144.6813194, -37.8869099 ], [ 144.680957, -37.8893989 ] ], [ [ 144.6811161, -37.8875907 ], [ 144.6811742, -37.8868259 ], [ 144.6814623, -37.8856151 ] ], [ [ 144.6813194, -37.8869099 ], [ 144.6812749, -37.8876029 ], [ 144.680957, -37.8893989 ] ], [ [ 144.6813744, -37.8866046 ], [ 144.6814623, -37.8856151 ] ], [ [ 144.6811161, -37.8875907 ], [ 144.6813194, -37.8869099 ] ] ] } },
{ "type": "Feature", "properties": { "project_id": "SCC_00079", "scc_feature": 105, "scc_source_id": "105", "scc_type": "C1", "status": "missing_or_unverified", "mean_lts": 3.52, "connects_existing": true, "length_km": 0.344, "high_stress_km": 0.344, "project_type": "New protected link" }, "geometry": { "type": "MultiLineString", "coordinates": [ [ [ 144.6818067, -37.8844234 ], [ 144.6818843, -37.8848484 ], [ 144.6814974, -37.8863096 ] ], [ [ 144.6818067, -37.8844234 ], [ 144.6815753, -37.8852749 ], [ 144.6814974, -37.8863096 ] ] ] } },
{ "type": "Feature", "properties": { "project_id": "SCC_00080", "scc_feature": 107, "scc_source_id": "107", "scc_type": "C1", "status": "missing_or_unverified", "mean_lts": 4.0, "connects_existing": false, "length_km": 0.193, "high_stress_km": 0.193, "project_type": "New protected link" }, "geometry": { "type": "LineString", "coordinates": [ [ 144.9888939, -37.7892492 ], [ 144.9908124, -37.7884348 ] ] } },
{ "type": "Feature", "properties": { "project_id": "SCC_00081", "scc_feature": 107, "scc_source_id": "107", "scc_type": "C1", "status": "missing_or_unverified", "mean_lts": 4.0, "connects_existing": false, "length_km": 0.19, "high_stress_km": 0.19, "project_type": "New protected link" }, "geometry": { "type": "LineString", "coordinates": [ [ 144.99087, -37.7888233 ], [ 144.989008, -37.7896476 ] ] } },
{ "type": "Feature", "properties": { "project_id": "SCC_00082", "scc_feature": 109, "scc_source_id": "109", "scc_type": "C1", "status": "missing_or_unverified", "mean_lts": 3.4, "connects_existing": false, "length_km": 2.824, "high_stress_km": 2.824, "project_type": "New protected link" }, "geometry": { "type": "MultiLineString", "coordinates": [ [ [ 144.9361362, -37.7455395 ], [ 144.935265, -37.7454431 ], [ 144.9337649, -37.7451104 ] ], [ [ 144.9361362, -37.7455395 ], [ 144.9369701, -37.7445268 ], [ 144.9370403, -37.7440414 ] ], [ [ 144.9405833, -37.7435536 ], [ 144.9416919, -37.7436811 ], [ 144.9427667, -37.743799 ], [ 144.9438522, -37.7439442 ], [ 144.9448819, -37.7440522 ] ], [ [ 144.9405833, -37.7435536 ], [ 144.9394857, -37.7434353 ], [ 144.9371997, -37.7432061 ], [ 144.9370403, -37.7440414 ] ], [ [ 144.9472485, -37.7430121 ], [ 144.9470196, -37.7443148 ], [ 144.9459452, -37.7441789 ], [ 144.9448819, -37.7440522 ] ], [ [ 144.9472485, -37.7430121 ], [ 144.9483231, -37.7431389 ], [ 144.948889, -37.7431938 ], [ 144.9499977, -37.7433213 ], [ 144.9504955, -37.743375 ] ], [ [ 144.9509367, -37.7434277 ], [ 144.9517398, -37.7435228 ] ], [ [ 144.9509367, -37.7434277 ], [ 144.9504955, -37.743375 ] ], [ [ 144.9528827, -37.7436418 ], [ 144.95398, -37.743769 ], [ 144.955089, -37.7438874 ], [ 144.9559481, -37.7440104 ] ], [ [ 144.9528827, -37.7436418 ], [ 144.9517398, -37.7435228 ] ], [ [ 144.9569781, -37.7441094 ], [ 144.9573968, -37.7441527 ] ], [ [ 144.9569781, -37.7441094 ], [ 144.9559481, -37.7440104 ] ], [ [ 144.9579289, -37.744198 ], [ 144.9573968, -37.7441527 ] ], [ [ 144.9579289, -37.744198 ], [ 144.9583701, -37.7442507 ] ], [ [ 144.9589247, -37.7443054 ], [ 144.9592418, -37.7443289 ], [ 144.959898, -37.7444033 ], [ 144.9602038, -37.7444266 ], [ 144.9608713, -37.7445013 ], [ 144.9614143, -37.7445647 ] ], [ [ 144.9589247, -37.7443054 ], [ 144.9583701, -37.7442507 ] ], [ [ 144.9619691, -37.7446104 ], [ 144.9614143, -37.7445647 ] ] ] } },
{ "type": "Feature", "properties": { "project_id": "SCC_00083", "scc_feature": 109, "scc_source_id": "109", "scc_type": "C1", "status": "missing_or_unverified", "mean_lts": 2.68, "connects_existing": false, "length_km": 0.563, "high_stress_km": 0.382, "project_type": "New protected link" }, "geometry": { "type": "MultiLineString", "coordinates": [ [ [ 144.9838319, -37.7465186 ], [ 144.9843863, -37.7465821 ], [ 144.9849523, -37.7466369 ], [ 144.9856766, -37.7467123 ] ], [ [ 144.986084, -37.7467553 ], [ 144.9866154, -37.7468275 ], [ 144.9871244, -37.7468903 ] ], [ [ 144.986084, -37.7467553 ], [ 144.9856766, -37.7467123 ] ], [ [ 144.9875772, -37.7469341 ], [ 144.9871244, -37.7468903 ] ], [ [ 144.9875772, -37.7469341 ], [ 144.9881092, -37.7469882 ] ], [ [ 144.9872956, -37.7485334 ], [ 144.9875772, -37.7469341 ] ] ] } },
{ "type": "Feature", "properties": { "project_id": "SCC_00084", "scc_feature": 109, "scc_source_id": "109", "scc_type": "C1", "status": "missing_or_unverified", "mean_lts": 3.09, "connects_existing": false, "length_km": 0.323, "high_stress_km": 0.323, "project_type": "New protected link" }, "geometry": { "type": "MultiLineString", "coordinates": [ [ [ 144.9893894, -37.7487493 ], [ 144.9889028, -37.748696 ], [ 144.9883822, -37.748642 ], [ 144.9878389, -37.7485877 ] ], [ [ 144.9893894, -37.7487493 ], [ 144.9904424, -37.7488394 ] ], [ [ 144.9914723, -37.7489471 ], [ 144.990782, -37.7488722 ], [ 144.9904424, -37.7488394 ] ] ] } },
{ "type": "Feature", "properties": { "project_id": "SCC_00085", "scc_feature": 109, "scc_source_id": "109", "scc_type": "C1", "status": "missing_or_unverified", "mean_lts": 3.26, "connects_existing": true, "length_km": 0.272, "high_stress_km": 0.272, "project_type": "New protected link" }, "geometry": { "type": "LineString", "coordinates": [ [ 144.9927853, -37.7490776 ], [ 144.9947324, -37.749264 ], [ 144.9950723, -37.7492878 ], [ 144.9958531, -37.7493732 ] ] } },
{ "type": "Feature", "properties": { "project_id": "SCC_00086", "scc_feature": 110, "scc_source_id": "110", "scc_type": "C1", "status": "missing_or_unverified", "mean_lts": 4.0, "connects_existing": false, "length_km": 0.292, "high_stress_km": 0.292, "project_type": "New protected link" }, "geometry": { "type": "LineString", "coordinates": [ [ 145.0081829, -37.8312567 ], [ 145.0049215, -37.83085 ] ] } },
{ "type": "Feature", "properties": { "project_id": "SCC_00087", "scc_feature": 117, "scc_source_id": "117", "scc_type": "C1", "status": "missing_or_unverified", "mean_lts": 4.0, "connects_existing": true, "length_km": 0.095, "high_stress_km": 0.095, "project_type": "New protected link" }, "geometry": { "type": "LineString", "coordinates": [ [ 145.0078194, -37.8325212 ], [ 145.0064242, -37.8320109 ] ] } },
{ "type": "Feature", "properties": { "project_id": "SCC_00088", "scc_feature": 120, "scc_source_id": "120", "scc_type": "C1", "status": "missing_or_unverified", "mean_lts": 3.5, "connects_existing": false, "length_km": 4.87, "high_stress_km": 4.196, "project_type": "New protected link" }, "geometry": { "type": "MultiLineString", "coordinates": [ [ [ 144.9243835, -37.6640552 ], [ 144.9285312, -37.6645156 ], [ 144.9291526, -37.6645896 ], [ 144.9310062, -37.6647934 ] ], [ [ 144.9358089, -37.6653462 ], [ 144.9367695, -37.6654531 ], [ 144.9378319, -37.6655709 ] ], [ [ 144.9358089, -37.6653462 ], [ 144.9330967, -37.6650373 ], [ 144.9310062, -37.6647934 ] ], [ [ 144.9387583, -37.6656862 ], [ 144.9398205, -37.6658129 ], [ 144.9424114, -37.6660023 ], [ 144.9461883, -37.6663476 ] ], [ [ 144.9387583, -37.6656862 ], [ 144.9378319, -37.6655709 ] ], [ [ 144.9466167, -37.6664361 ], [ 144.9474192, -37.6665222 ], [ 144.9494091, -37.666719 ], [ 144.9516355, -37.666974 ] ], [ [ 144.9466167, -37.6664361 ], [ 144.9461883, -37.6663476 ] ], [ [ 144.9461883, -37.6663476 ], [ 144.9466249, -37.6661389 ] ], [ [ 144.9516355, -37.666974 ], [ 144.9528233, -37.6670667 ], [ 144.9538301, -37.6671473 ], [ 144.954825, -37.6672457 ] ], [ [ 144.9548829, -37.6676162 ], [ 144.9543929, -37.6672923 ] ], [ [ 144.954825, -37.6672457 ], [ 144.9543929, -37.6672923 ] ], [ [ 144.9543929, -37.6672923 ], [ 144.9516355, -37.666974 ] ], [ [ 144.9550859, -37.6672412 ], [ 144.9553261, -37.6671642 ], [ 144.9565836, -37.6671951 ] ], [ [ 144.9609239, -37.6676757 ], [ 144.9639204, -37.6679618 ], [ 144.9673224, -37.668345 ] ], [ [ 144.9609239, -37.6676757 ], [ 144.9565836, -37.6671951 ] ], [ [ 144.9688823, -37.668516 ], [ 144.972103, -37.6688959 ] ], [ [ 144.9688823, -37.668516 ], [ 144.9673224, -37.668345 ] ], [ [ 144.954825, -37.6672457 ], [ 144.9550859, -37.6672412 ] ], [ [ 144.9565836, -37.6671951 ], [ 144.9550859, -37.6672412 ] ] ] } },
{ "type": "Feature", "properties": { "project_id": "SCC_00089", "scc_feature": 120, "scc_source_id": "120", "scc_type": "C1", "status": "missing_or_unverified", "mean_lts": 4.0, "connects_existing": false, "length_km": 1.702, "high_stress_km": 1.702, "project_type": "New protected link" }, "geometry": { "type": "MultiLineString", "coordinates": [ [ [ 145.0033372, -37.6693209 ], [ 145.0026218, -37.6710571 ], [ 145.0022487, -37.6718618 ], [ 145.0017336, -37.6724659 ], [ 145.0029488, -37.669855 ], [ 145.0033372, -37.6693209 ] ], [ [ 145.0033372, -37.6693209 ], [ 145.0038373, -37.6680046 ], [ 145.004315, -37.6671024 ] ], [ [ 145.004315, -37.6671024 ], [ 145.0040413, -37.668008 ], [ 145.0037148, -37.6687685 ], [ 145.0033372, -37.6693209 ] ], [ [ 145.004315, -37.6671024 ], [ 145.0045421, -37.6662411 ], [ 145.0049382, -37.6654187 ], [ 145.004315, -37.6671024 ] ] ] } },
{ "type": "Feature", "properties": { "project_id": "SCC_00090", "scc_feature": 120, "scc_source_id": "120", "scc_type": "C1", "status": "missing_or_unverified", "mean_lts": 3.69, "connects_existing": false, "length_km": 1.034, "high_stress_km": 0.874, "project_type": "New protected link" }, "geometry": { "type": "MultiLineString", "coordinates": [ [ [ 144.9918992, -37.6713706 ], [ 144.9945633, -37.6713799 ] ], [ [ 144.9918992, -37.6713706 ], [ 144.9902662, -37.6709643 ] ], [ [ 144.9954417, -37.6716021 ], [ 144.9945633, -37.6713799 ] ], [ [ 144.9851706, -37.669895 ], [ 144.9863094, -37.6705453 ], [ 144.9902662, -37.6709643 ] ] ] } },
{ "type": "Feature", "properties": { "project_id": "SCC_00091", "scc_feature": 125, "scc_source_id": "125", "scc_type": "C1", "status": "missing_or_unverified", "mean_lts": 2.0, "connects_existing": true, "length_km": 0.245, "high_stress_km": 0.0, "project_type": "New protected link" }, "geometry": { "type": "LineString", "coordinates": [ [ 145.1295483, -37.9074784 ], [ 145.1292467, -37.9086091 ], [ 145.1289898, -37.9097676 ] ] } },
{ "type": "Feature", "properties": { "project_id": "SCC_00092", "scc_feature": 125, "scc_source_id": "125", "scc_type": "C1", "status": "missing_or_unverified", "mean_lts": 2.0, "connects_existing": true, "length_km": 0.087, "high_stress_km": 0.0, "project_type": "New protected link" }, "geometry": { "type": "LineString", "coordinates": [ [ 145.1291842, -37.9128707 ], [ 145.1284234, -37.912372 ] ] } },
{ "type": "Feature", "properties": { "project_id": "SCC_00093", "scc_feature": 125, "scc_source_id": "125", "scc_type": "C1", "status": "missing_or_unverified", "mean_lts": 4.0, "connects_existing": true, "length_km": 0.158, "high_stress_km": 0.158, "project_type": "New protected link" }, "geometry": { "type": "LineString", "coordinates": [ [ 145.1317791, -37.9173097 ], [ 145.12984, -37.9161705 ] ] } },
{ "type": "Feature", "properties": { "project_id": "SCC_00094", "scc_feature": 125, "scc_source_id": "125", "scc_type": "C1", "status": "missing_or_unverified", "mean_lts": 1.0, "connects_existing": true, "length_km": 0.105, "high_stress_km": 0.0, "project_type": "New protected link" }, "geometry": { "type": "LineString", "coordinates": [ [ 145.1311883, -37.9141372 ], [ 145.1313856, -37.9148793 ] ] } },
{ "type": "Feature", "properties": { "project_id": "SCC_00095", "scc_feature": 125, "scc_source_id": "125", "scc_type": "C1", "status": "missing_or_unverified", "mean_lts": 3.0, "connects_existing": false, "length_km": 0.154, "high_stress_km": 0.154, "project_type": "New protected link" }, "geometry": { "type": "LineString", "coordinates": [ [ 145.1310819, -37.9165417 ], [ 145.1313738, -37.9153477 ] ] } },
{ "type": "Feature", "properties": { "project_id": "SCC_00096", "scc_feature": 125, "scc_source_id": "125", "scc_type": "C1", "status": "missing_or_unverified", "mean_lts": 2.0, "connects_existing": true, "length_km": 0.062, "high_stress_km": 0.0, "project_type": "New protected link" }, "geometry": { "type": "LineString", "coordinates": [ [ 145.1301464, -37.9130573 ], [ 145.1312731, -37.9139313 ] ] } },
{ "type": "Feature", "properties": { "project_id": "SCC_00097", "scc_feature": 125, "scc_source_id": "125", "scc_type": "C1", "status": "missing_or_unverified", "mean_lts": 3.0, "connects_existing": true, "length_km": 0.153, "high_stress_km": 0.153, "project_type": "New protected link" }, "geometry": { "type": "LineString", "coordinates": [ [ 145.1252479, -37.9258842 ], [ 145.1245629, -37.9273242 ] ] } },
{ "type": "Feature", "properties": { "project_id": "SCC_00098", "scc_feature": 126, "scc_source_id": "126", "scc_type": "C1", "status": "missing_or_unverified", "mean_lts": 2.0, "connects_existing": false, "length_km": 0.107, "high_stress_km": 0.0, "project_type": "New protected link" }, "geometry": { "type": "LineString", "coordinates": [ [ 145.1342514, -37.872569 ], [ 145.1340682, -37.8735213 ] ] } },
{ "type": "Feature", "properties": { "project_id": "SCC_00099", "scc_feature": 126, "scc_source_id": "126", "scc_type": "C1", "status": "missing_or_unverified", "mean_lts": 2.0, "connects_existing": false, "length_km": 0.192, "high_stress_km": 0.0, "project_type": "New protected link" }, "geometry": { "type": "LineString", "coordinates": [ [ 145.136072, -37.859873 ], [ 145.1357787, -37.8615896 ] ] } },
{ "type": "Feature", "properties": { "project_id": "SCC_00100", "scc_feature": 126, "scc_source_id": "126", "scc_type": "C1", "status": "missing_or_unverified", "mean_lts": 2.21, "connects_existing": false, "length_km": 0.39, "high_stress_km": 0.083, "project_type": "New protected link" }, "geometry": { "type": "MultiLineString", "coordinates": [ [ [ 145.13608, -37.8663256 ], [ 145.135925, -37.8670622 ] ], [ [ 145.1353908, -37.8697663 ], [ 145.135925, -37.8670622 ] ] ] } },
{ "type": "Feature", "properties": { "project_id": "SCC_00101", "scc_feature": 126, "scc_source_id": "126", "scc_type": "C1", "status": "missing_or_unverified", "mean_lts": 3.0, "connects_existing": false, "length_km": 0.68, "high_stress_km": 0.68, "project_type": "New protected link" }, "geometry": { "type": "MultiLineString", "coordinates": [ [ [ 145.1365325, -37.8560322 ], [ 145.1365777, -37.8551407 ], [ 145.1366888, -37.854791 ], [ 145.136701, -37.8543046 ], [ 145.136858, -37.8534869 ] ], [ [ 145.1365325, -37.8560322 ], [ 145.136299, -37.8580832 ] ], [ [ 145.1370041, -37.8526512 ], [ 145.136858, -37.8534869 ] ], [ [ 145.1370041, -37.8526512 ], [ 145.1370458, -37.8518948 ] ] ] } },
{ "type": "Feature", "properties": { "project_id": "SCC_00102", "scc_feature": 127, "scc_source_id": "127", "scc_type": "C1", "status": "missing_or_unverified", "mean_lts": 3.0, "connects_existing": false, "length_km": 0.206, "high_stress_km": 0.206, "project_type": "New protected link" }, "geometry": { "type": "LineString", "coordinates": [ [ 145.1437428, -37.8780631 ], [ 145.1424373, -37.8788896 ] ] } },
{ "type": "Feature", "properties": { "project_id": "SCC_00103", "scc_feature": 132, "scc_source_id": "132", "scc_type": "C1", "status": "missing_or_unverified", "mean_lts": 3.36, "connects_existing": true, "length_km": 0.736, "high_stress_km": 0.502, "project_type": "New protected link" }, "geometry": { "type": "MultiLineString", "coordinates": [ [ [ 145.1719179, -37.8370671 ], [ 145.1722143, -37.8361074 ] ], [ [ 145.1725152, -37.8358867 ], [ 145.1719438, -37.8383201 ], [ 145.1719179, -37.8370671 ] ], [ [ 145.1719179, -37.8370671 ], [ 145.1721301, -37.8358357 ] ], [ [ 145.1716631, -37.8381806 ], [ 145.1719179, -37.8370671 ] ] ] } },
{ "type": "Feature", "properties": { "project_id": "SCC_00104", "scc_feature": 132, "scc_source_id": "132", "scc_type": "C1", "status": "missing_or_unverified", "mean_lts": 3.0, "connects_existing": false, "length_km": 0.581, "high_stress_km": 0.581, "project_type": "New protected link" }, "geometry": { "type": "MultiLineString", "coordinates": [ [ [ 145.1877454, -37.8245958 ], [ 145.1887477, -37.824494 ], [ 145.1906928, -37.8243978 ] ], [ [ 145.1942712, -37.8244167 ], [ 145.1920675, -37.8244009 ], [ 145.1906928, -37.8243978 ] ] ] } },
{ "type": "Feature", "properties": { "project_id": "SCC_00105", "scc_feature": 132, "scc_source_id": "132", "scc_type": "C1", "status": "missing_or_unverified", "mean_lts": 4.0, "connects_existing": true, "length_km": 0.342, "high_stress_km": 0.342, "project_type": "New protected link" }, "geometry": { "type": "MultiLineString", "coordinates": [ [ [ 145.1942047, -37.8234153 ], [ 145.1940578, -37.8210519 ], [ 145.1939943, -37.8208617 ] ], [ [ 145.1942047, -37.8234153 ], [ 145.1942855, -37.8238311 ] ] ] } },
{ "type": "Feature", "properties": { "project_id": "SCC_00107", "scc_feature": 137, "scc_source_id": "137", "scc_type": "C1", "status": "missing_or_unverified", "mean_lts": 4.0, "connects_existing": true, "length_km": 0.24, "high_stress_km": 0.24, "project_type": "New protected link" }, "geometry": { "type": "LineString", "coordinates": [ [ 145.2122026, -37.904726 ], [ 145.2144117, -37.9032095 ] ] } },
{ "type": "Feature", "properties": { "project_id": "SCC_00108", "scc_feature": 148, "scc_source_id": "148", "scc_type": "C1", "status": "missing_or_unverified", "mean_lts": 3.89, "connects_existing": true, "length_km": 1.024, "high_stress_km": 0.986, "project_type": "New protected link" }, "geometry": { "type": "MultiLineString", "coordinates": [ [ [ 145.1934051, -37.9789401 ], [ 145.1931834, -37.9786934 ] ], [ [ 145.1934051, -37.9789401 ], [ 145.1947242, -37.9799337 ] ], [ [ 145.1992933, -37.9830497 ], [ 145.2001818, -37.9839645 ] ], [ [ 145.1992933, -37.9830497 ], [ 145.1980957, -37.9822023 ], [ 145.1947242, -37.9799337 ] ], [ [ 145.2014757, -37.9845971 ], [ 145.2017789, -37.984773 ] ], [ [ 145.2014757, -37.9845971 ], [ 145.2001818, -37.9839645 ] ] ] } },
{ "type": "Feature", "properties": { "project_id": "SCC_00109", "scc_feature": 148, "scc_source_id": "148", "scc_type": "C1", "status": "missing_or_unverified", "mean_lts": 4.0, "connects_existing": true, "length_km": 0.666, "high_stress_km": 0.666, "project_type": "New protected link" }, "geometry": { "type": "MultiLineString", "coordinates": [ [ [ 145.2113938, -37.989723 ], [ 145.2128059, -37.990186 ] ], [ [ 145.2132138, -37.9902733 ], [ 145.212813, -37.9903663 ] ], [ [ 145.2146292, -37.9901326 ], [ 145.2142861, -37.9901905 ], [ 145.2136713, -37.9901901 ] ], [ [ 145.2146292, -37.9901326 ], [ 145.2154402, -37.9900278 ] ], [ [ 145.2156672, -37.9900582 ], [ 145.2146292, -37.9901326 ] ], [ [ 145.2136713, -37.9901901 ], [ 145.2146292, -37.9901326 ] ], [ [ 145.2132138, -37.9902733 ], [ 145.2128059, -37.990186 ] ], [ [ 145.2128059, -37.990186 ], [ 145.2136713, -37.9901901 ] ], [ [ 145.2136713, -37.9901901 ], [ 145.2132138, -37.9902733 ] ] ] } },
{ "type": "Feature", "properties": { "project_id": "SCC_00110", "scc_feature": 148, "scc_source_id": "148", "scc_type": "C1", "status": "missing_or_unverified", "mean_lts": 4.0, "connects_existing": true, "length_km": 0.074, "high_stress_km": 0.074, "project_type": "New protected link" }, "geometry": { "type": "LineString", "coordinates": [ [ 145.2186638, -37.9975114 ], [ 145.2187478, -37.9968638 ] ] } },
{ "type": "Feature", "properties": { "project_id": "SCC_00112", "scc_feature": 155, "scc_source_id": "155", "scc_type": "C1", "status": "missing_or_unverified", "mean_lts": 4.0, "connects_existing": true, "length_km": 0.361, "high_stress_km": 0.361, "project_type": "New protected link" }, "geometry": { "type": "MultiLineString", "coordinates": [ [ [ 145.1288609, -38.1360672 ], [ 145.1286183, -38.136631 ], [ 145.1280242, -38.1380003 ] ], [ [ 145.1272709, -38.1393491 ], [ 145.1276267, -38.1388231 ], [ 145.1280242, -38.1380003 ] ] ] } },
{ "type": "Feature", "properties": { "project_id": "SCC_00113", "scc_feature": 155, "scc_source_id": "155", "scc_type": "C1", "status": "missing_or_unverified", "mean_lts": 4.0, "connects_existing": true, "length_km": 0.56, "high_stress_km": 0.56, "project_type": "New protected link" }, "geometry": { "type": "MultiLineString", "coordinates": [ [ [ 145.1314552, -38.1300798 ], [ 145.1318176, -38.1301847 ], [ 145.1324167, -38.1295093 ], [ 145.1330535, -38.129141 ] ], [ [ 145.1340394, -38.1285078 ], [ 145.1337241, -38.1287912 ], [ 145.1330535, -38.129141 ] ], [ [ 145.1340394, -38.1285078 ], [ 145.1346343, -38.1279946 ] ], [ [ 145.1346742, -38.1282205 ], [ 145.1340394, -38.1285078 ] ], [ [ 145.1330535, -38.129141 ], [ 145.1340394, -38.1285078 ] ] ] } },
{ "type": "Feature", "properties": { "project_id": "SCC_00114", "scc_feature": 155, "scc_source_id": "155", "scc_type": "C1", "status": "missing_or_unverified", "mean_lts": 3.19, "connects_existing": true, "length_km": 7.809, "high_stress_km": 4.95, "project_type": "New protected link" }, "geometry": { "type": "MultiLineString", "coordinates": [ [ [ 145.1375105, -38.1261478 ], [ 145.1402871, -38.1241732 ], [ 145.1418886, -38.1230991 ], [ 145.1432715, -38.1220937 ] ], [ [ 145.1435324, -38.1221519 ], [ 145.1405452, -38.1243395 ], [ 145.1397351, -38.1247953 ] ], [ [ 145.1435324, -38.1221519 ], [ 145.1397351, -38.1247953 ] ], [ [ 145.1438435, -38.1220306 ], [ 145.1435324, -38.1221519 ] ], [ [ 145.1439197, -38.1217255 ], [ 145.146322, -38.1201053 ] ], [ [ 145.1438435, -38.1220306 ], [ 145.1439197, -38.1217255 ] ], [ [ 145.1440622, -38.1215024 ], [ 145.1439197, -38.1217255 ] ], [ [ 145.1467042, -38.119877 ], [ 145.1440198, -38.1218262 ], [ 145.1438435, -38.1220306 ] ], [ [ 145.1438435, -38.1220306 ], [ 145.144361, -38.1218676 ] ], [ [ 145.1440622, -38.1215024 ], [ 145.1450371, -38.120842 ], [ 145.146322, -38.1201053 ] ], [ [ 145.146322, -38.1201053 ], [ 145.1467042, -38.119877 ] ], [ [ 145.1486788, -38.1189259 ], [ 145.1471703, -38.1199384 ], [ 145.144361, -38.1218676 ] ], [ [ 145.1482482, -38.1188109 ], [ 145.1498616, -38.1177099 ] ], [ [ 145.1467042, -38.119877 ], [ 145.1482482, -38.1188109 ] ], [ [ 145.1482482, -38.1188109 ], [ 145.1490699, -38.1183463 ] ], [ [ 145.1487315, -38.1186473 ], [ 145.1486788, -38.1189259 ] ], [ [ 145.1486788, -38.1189259 ], [ 145.1493595, -38.1186212 ] ], [ [ 145.1487315, -38.1186473 ], [ 145.1467042, -38.119877 ] ], [ [ 145.1490699, -38.1183463 ], [ 145.1487315, -38.1186473 ] ], [ [ 145.1503236, -38.1174829 ], [ 145.1493928, -38.1182072 ] ], [ [ 145.1493928, -38.1182072 ], [ 145.1490699, -38.1183463 ] ], [ [ 145.1498616, -38.1177099 ], [ 145.1503236, -38.1174829 ] ], [ [ 145.1490699, -38.1183463 ], [ 145.1498616, -38.1177099 ] ], [ [ 145.1519054, -38.1162732 ], [ 145.1528583, -38.1155763 ], [ 145.1548028, -38.1144534 ] ], [ [ 145.1552238, -38.114496 ], [ 145.1535299, -38.1156319 ], [ 145.1514289, -38.1170768 ], [ 145.1493928, -38.1182072 ] ], [ [ 145.1556882, -38.1141699 ], [ 145.1552238, -38.114496 ] ], [ [ 145.1553811, -38.114138 ], [ 145.1552238, -38.114496 ] ], [ [ 145.1503236, -38.1174829 ], [ 145.1519054, -38.1162732 ] ], [ [ 145.1519054, -38.1162732 ], [ 145.1548028, -38.1144534 ] ], [ [ 145.1572527, -38.1127346 ], [ 145.1559613, -38.1137416 ] ], [ [ 145.1559613, -38.1137416 ], [ 145.1556474, -38.11398 ] ], [ [ 145.1572527, -38.1127346 ], [ 145.1571835, -38.1132201 ], [ 145.1565111, -38.1136511 ], [ 145.1559613, -38.1137416 ] ], [ [ 145.1572527, -38.1127346 ], [ 145.1564207, -38.1131631 ] ], [ [ 145.1584702, -38.1128528 ], [ 145.1572527, -38.1127346 ] ], [ [ 145.1467042, -38.119877 ], [ 145.1469313, -38.119466 ], [ 145.1482482, -38.1188109 ] ], [ [ 145.1548028, -38.1144534 ], [ 145.1564207, -38.1131631 ] ], [ [ 145.1556474, -38.11398 ], [ 145.1564207, -38.1131631 ] ], [ [ 145.1548028, -38.1144534 ], [ 145.1556474, -38.11398 ] ], [ [ 145.1553811, -38.114138 ], [ 145.1548028, -38.1144534 ] ], [ [ 145.1548028, -38.1144534 ], [ 145.1526194, -38.1160051 ], [ 145.1503236, -38.1174829 ] ], [ [ 145.1432715, -38.1220937 ], [ 145.1438435, -38.1220306 ] ], [ [ 145.1432715, -38.1220937 ], [ 145.1440622, -38.1215024 ] ], [ [ 145.1556474, -38.11398 ], [ 145.1553811, -38.114138 ] ] ] } },
{ "type": "Feature", "properties": { "project_id": "SCC_00116", "scc_feature": 155, "scc_source_id": "155", "scc_type": "C1", "status": "missing_or_unverified", "mean_lts": 3.65, "connects_existing": true, "length_km": 1.014, "high_stress_km": 0.984, "project_type": "New protected link" }, "geometry": { "type": "MultiLineString", "coordinates": [ [ [ 145.1676506, -38.1056068 ], [ 145.1648589, -38.1073295 ] ], [ [ 145.1648589, -38.1073295 ], [ 145.164526, -38.1074144 ] ], [ [ 145.165871, -38.1065343 ], [ 145.165946, -38.1062741 ] ], [ [ 145.165871, -38.1065343 ], [ 145.166195, -38.1063501 ], [ 145.1677631, -38.1052121 ] ], [ [ 145.164526, -38.1074144 ], [ 145.165871, -38.1065343 ] ], [ [ 145.1676506, -38.1056068 ], [ 145.1663574, -38.1066951 ], [ 145.1648589, -38.1073295 ] ], [ [ 145.1640201, -38.1075778 ], [ 145.164526, -38.1074144 ] ] ] } },
{ "type": "Feature", "properties": { "project_id": "SCC_00117", "scc_feature": 155, "scc_source_id": "155", "scc_type": "C1", "status": "missing_or_unverified", "mean_lts": 4.0, "connects_existing": true, "length_km": 1.055, "high_stress_km": 1.055, "project_type": "New protected link" }, "geometry": { "type": "MultiLineString", "coordinates": [ [ [ 145.1753015, -38.0960474 ], [ 145.1755953, -38.0957005 ], [ 145.1759598, -38.0952556 ], [ 145.1770483, -38.094128 ] ], [ [ 145.1770483, -38.094128 ], [ 145.1763619, -38.0951357 ], [ 145.1761265, -38.0954294 ], [ 145.1758205, -38.0958122 ], [ 145.1754913, -38.0962126 ] ], [ [ 145.1770483, -38.094128 ], [ 145.1786013, -38.0922056 ], [ 145.1777732, -38.0934093 ], [ 145.1770483, -38.094128 ] ] ] } },
{ "type": "Feature", "properties": { "project_id": "SCC_00120", "scc_feature": 155, "scc_source_id": "155", "scc_type": "C1", "status": "missing_or_unverified", "mean_lts": 3.95, "connects_existing": true, "length_km": 6.7, "high_stress_km": 6.62, "project_type": "New protected link" }, "geometry": { "type": "MultiLineString", "coordinates": [ [ [ 145.1949144, -38.0715142 ], [ 145.1970685, -38.0692133 ], [ 145.1990536, -38.0668196 ] ], [ [ 145.1990536, -38.0668196 ], [ 145.2004636, -38.0651019 ], [ 145.2007772, -38.0648634 ] ], [ [ 145.2007772, -38.0648634 ], [ 145.2008631, -38.0646124 ], [ 145.202179, -38.0630104 ], [ 145.2048105, -38.0598064 ], [ 145.2061349, -38.0583127 ] ], [ [ 145.2083271, -38.0506771 ], [ 145.2078989, -38.0528154 ] ], [ [ 145.2078989, -38.0528154 ], [ 145.2077556, -38.0530835 ] ], [ [ 145.2083271, -38.0506771 ], [ 145.2083724, -38.0511554 ], [ 145.2084467, -38.0513818 ], [ 145.2078989, -38.0528154 ] ], [ [ 145.2007772, -38.0648634 ], [ 145.1990536, -38.0668196 ] ], [ [ 145.2061349, -38.0583127 ], [ 145.2048872, -38.0599337 ], [ 145.2021846, -38.0632448 ], [ 145.2007772, -38.0648634 ] ], [ [ 145.2061349, -38.0583127 ], [ 145.2071776, -38.0557512 ], [ 145.2077556, -38.0530835 ] ], [ [ 145.1990536, -38.0668196 ], [ 145.1972032, -38.0692964 ], [ 145.1952155, -38.0717892 ], [ 145.1950565, -38.0722283 ], [ 145.1930786, -38.0743157 ], [ 145.1895157, -38.0787216 ], [ 145.1858286, -38.0830625 ] ], [ [ 145.2077556, -38.0530835 ], [ 145.2081328, -38.0507012 ], [ 145.2087043, -38.0482947 ], [ 145.2087435, -38.0485567 ], [ 145.2083271, -38.0506771 ] ] ] } },
{ "type": "Feature", "properties": { "project_id": "SCC_00121", "scc_feature": 155, "scc_source_id": "155", "scc_type": "C1", "status": "missing_or_unverified", "mean_lts": 2.0, "connects_existing": true, "length_km": 1.011, "high_stress_km": 0.0, "project_type": "New protected link" }, "geometry": { "type": "MultiLineString", "coordinates": [ [ [ 145.218551, -38.0407484 ], [ 145.2183821, -38.0401961 ] ], [ [ 145.218551, -38.0407484 ], [ 145.2183636, -38.0428363 ] ], [ [ 145.2187176, -38.0399849 ], [ 145.21878, -38.0397605 ] ], [ [ 145.2187176, -38.0399849 ], [ 145.2186524, -38.0403263 ], [ 145.218551, -38.0407484 ] ], [ [ 145.21878, -38.0397605 ], [ 145.2189842, -38.0402683 ] ], [ [ 145.21878, -38.0397605 ], [ 145.2200992, -38.0379872 ], [ 145.2209163, -38.035296 ] ] ] } },
{ "type": "Feature", "properties": { "project_id": "SCC_00122", "scc_feature": 155, "scc_source_id": "155", "scc_type": "C1", "status": "missing_or_unverified", "mean_lts": 3.81, "connects_existing": true, "length_km": 0.205, "high_stress_km": 0.185, "project_type": "New protected link" }, "geometry": { "type": "MultiLineString", "coordinates": [ [ [ 145.2216031, -38.034225 ], [ 145.2222138, -38.0329996 ] ], [ [ 145.2222138, -38.0329996 ], [ 145.2223218, -38.0332446 ] ], [ [ 145.2222138, -38.0329996 ], [ 145.2201827, -38.0326535 ] ] ] } },
{ "type": "Feature", "properties": { "project_id": "SCC_00123", "scc_feature": 155, "scc_source_id": "155", "scc_type": "C1", "status": "missing_or_unverified", "mean_lts": 4.0, "connects_existing": true, "length_km": 0.56, "high_stress_km": 0.56, "project_type": "New protected link" }, "geometry": { "type": "MultiLineString", "coordinates": [ [ [ 145.1276673, -38.1416984 ], [ 145.1275264, -38.1414078 ] ], [ [ 145.1276673, -38.1416984 ], [ 145.1265342, -38.1436178 ], [ 145.1264137, -38.1456525 ] ] ] } },
{ "type": "Feature", "properties": { "project_id": "SCC_00124", "scc_feature": 155, "scc_source_id": "155", "scc_type": "C1", "status": "missing_or_unverified", "mean_lts": 4.0, "connects_existing": true, "length_km": 1.078, "high_stress_km": 1.078, "project_type": "New protected link" }, "geometry": { "type": "LineString", "coordinates": [ [ 145.1862225, -38.0823476 ], [ 145.1896173, -38.0782996 ], [ 145.1929329, -38.0742143 ] ] } },
{ "type": "Feature", "properties": { "project_id": "SCC_00125", "scc_feature": 160, "scc_source_id": "160", "scc_type": "C1", "status": "missing_or_unverified", "mean_lts": 4.0, "connects_existing": true, "length_km": 0.201, "high_stress_km": 0.201, "project_type": "New protected link" }, "geometry": { "type": "LineString", "coordinates": [ [ 145.305231, -38.0254664 ], [ 145.3045168, -38.0258076 ], [ 145.3037746, -38.0263736 ], [ 145.3032758, -38.0267629 ] ] } },
{ "type": "Feature", "properties": { "project_id": "SCC_00127", "scc_feature": 161, "scc_source_id": "161", "scc_type": "C2", "status": "missing_or_unverified", "mean_lts": 4.0, "connects_existing": false, "length_km": 2.319, "high_stress_km": 2.319, "project_type": "New protected link" }, "geometry": { "type": "MultiLineString", "coordinates": [ [ [ 145.1628718, -38.2056596 ], [ 145.1725658, -38.2194363 ], [ 145.1697974, -38.2155002 ], [ 145.1670641, -38.2115375 ], [ 145.1643193, -38.2075926 ], [ 145.1739328, -38.221413 ], [ 145.175344, -38.2234536 ] ], [ [ 145.1757682, -38.2238477 ], [ 145.175344, -38.2234536 ] ] ] } },
{ "type": "Feature", "properties": { "project_id": "SCC_00128", "scc_feature": 161, "scc_source_id": "161", "scc_type": "C2", "status": "missing_or_unverified", "mean_lts": 2.38, "connects_existing": false, "length_km": 0.468, "high_stress_km": 0.089, "project_type": "New protected link" }, "geometry": { "type": "LineString", "coordinates": [ [ 145.1779085, -38.3434711 ], [ 145.1756913, -38.3406341 ], [ 145.176211, -38.3399844 ] ] } },
{ "type": "Feature", "properties": { "project_id": "SCC_00129", "scc_feature": 161, "scc_source_id": "161", "scc_type": "C2", "status": "missing_or_unverified", "mean_lts": 1.0, "connects_existing": false, "length_km": 0.525, "high_stress_km": 0.0, "project_type": "New protected link" }, "geometry": { "type": "LineString", "coordinates": [ [ 145.1855739, -38.3077249 ], [ 145.1855886, -38.3030031 ] ] } },
{ "type": "Feature", "properties": { "project_id": "SCC_00130", "scc_feature": 161, "scc_source_id": "161", "scc_type": "C2", "status": "missing_or_unverified", "mean_lts": 2.0, "connects_existing": true, "length_km": 0.104, "high_stress_km": 0.0, "project_type": "New protected link" }, "geometry": { "type": "LineString", "coordinates": [ [ 145.186043, -38.3150584 ], [ 145.1856975, -38.3160713 ] ] } },
{ "type": "Feature", "properties": { "project_id": "SCC_00131", "scc_feature": 161, "scc_source_id": "161", "scc_type": "C2", "status": "missing_or_unverified", "mean_lts": 1.0, "connects_existing": false, "length_km": 0.532, "high_stress_km": 0.0, "project_type": "New protected link" }, "geometry": { "type": "MultiLineString", "coordinates": [ [ [ 145.1862141, -38.3058964 ], [ 145.1861571, -38.3077249 ] ], [ [ 145.1862141, -38.3058964 ], [ 145.1860799, -38.3030197 ] ] ] } },
{ "type": "Feature", "properties": { "project_id": "SCC_00132", "scc_feature": 161, "scc_source_id": "161", "scc_type": "C2", "status": "missing_or_unverified", "mean_lts": 4.0, "connects_existing": true, "length_km": 0.722, "high_stress_km": 0.722, "project_type": "New protected link" }, "geometry": { "type": "LineString", "coordinates": [ [ 145.1897451, -38.27196 ], [ 145.1898703, -38.2710608 ], [ 145.1897776, -38.2678873 ], [ 145.1898003, -38.2646706 ] ] } },
{ "type": "Feature", "properties": { "project_id": "SCC_00133", "scc_feature": 161, "scc_source_id": "161", "scc_type": "C2", "status": "missing_or_unverified", "mean_lts": 2.0, "connects_existing": false, "length_km": 0.567, "high_stress_km": 0.0, "project_type": "New protected link" }, "geometry": { "type": "LineString", "coordinates": [ [ 145.1897409, -38.3535308 ], [ 145.1910006, -38.354875 ], [ 145.1937392, -38.3574944 ] ] } },
{ "type": "Feature", "properties": { "project_id": "SCC_00134", "scc_feature": 161, "scc_source_id": "161", "scc_type": "C2", "status": "missing_or_unverified", "mean_lts": 2.0, "connects_existing": false, "length_km": 0.061, "high_stress_km": 0.0, "project_type": "New protected link" }, "geometry": { "type": "LineString", "coordinates": [ [ 145.2217904, -38.3742879 ], [ 145.2223229, -38.3740437 ] ] } },
{ "type": "Feature", "properties": { "project_id": "SCC_00135", "scc_feature": 161, "scc_source_id": "161", "scc_type": "C2", "status": "missing_or_unverified", "mean_lts": 4.0, "connects_existing": false, "length_km": 0.107, "high_stress_km": 0.107, "project_type": "New protected link" }, "geometry": { "type": "LineString", "coordinates": [ [ 145.1603875, -38.1963749 ], [ 145.1606851, -38.1958929 ], [ 145.1607241, -38.1957043 ] ] } },
{ "type": "Feature", "properties": { "project_id": "SCC_00136", "scc_feature": 161, "scc_source_id": "161", "scc_type": "C2", "status": "missing_or_unverified", "mean_lts": 4.0, "connects_existing": false, "length_km": 0.516, "high_stress_km": 0.516, "project_type": "New protected link" }, "geometry": { "type": "LineString", "coordinates": [ [ 145.2096072, -38.3679297 ], [ 145.2148675, -38.3699924 ] ] } },
{ "type": "Feature", "properties": { "project_id": "SCC_00137", "scc_feature": 164, "scc_source_id": "164", "scc_type": "C1", "status": "missing_or_unverified", "mean_lts": 2.0, "connects_existing": true, "length_km": 0.101, "high_stress_km": 0.0, "project_type": "New protected link" }, "geometry": { "type": "LineString", "coordinates": [ [ 145.0093398, -37.7920027 ], [ 145.010528, -37.7917344 ] ] } },
{ "type": "Feature", "properties": { "project_id": "SCC_00138", "scc_feature": 164, "scc_source_id": "164", "scc_type": "C1", "status": "missing_or_unverified", "mean_lts": 2.0, "connects_existing": false, "length_km": 0.216, "high_stress_km": 0.0, "project_type": "New protected link" }, "geometry": { "type": "LineString", "coordinates": [ [ 145.0223592, -37.7905278 ], [ 145.0200535, -37.7905431 ] ] } },
{ "type": "Feature", "properties": { "project_id": "SCC_00139", "scc_feature": 165, "scc_source_id": "165", "scc_type": "C1", "status": "missing_or_unverified", "mean_lts": 3.7, "connects_existing": false, "length_km": 0.739, "high_stress_km": 0.739, "project_type": "New protected link" }, "geometry": { "type": "MultiLineString", "coordinates": [ [ [ 145.0617812, -37.7577128 ], [ 145.0642939, -37.7579884 ] ], [ [ 145.069996, -37.7587128 ], [ 145.0692602, -37.7586377 ], [ 145.0667713, -37.7583175 ], [ 145.0642939, -37.7579884 ] ] ] } },
{ "type": "Feature", "properties": { "project_id": "SCC_00140", "scc_feature": 169, "scc_source_id": "169", "scc_type": "C1", "status": "missing_or_unverified", "mean_lts": 3.0, "connects_existing": true, "length_km": 0.143, "high_stress_km": 0.143, "project_type": "New protected link" }, "geometry": { "type": "LineString", "coordinates": [ [ 145.073884, -37.8839067 ], [ 145.0741598, -37.8824873 ] ] } },
{ "type": "Feature", "properties": { "project_id": "SCC_00141", "scc_feature": 169, "scc_source_id": "169", "scc_type": "C1", "status": "missing_or_unverified", "mean_lts": 2.0, "connects_existing": false, "length_km": 0.289, "high_stress_km": 0.0, "project_type": "New protected link" }, "geometry": { "type": "LineString", "coordinates": [ [ 145.0727162, -37.878111 ], [ 145.0751483, -37.8794575 ] ] } },
{ "type": "Feature", "properties": { "project_id": "SCC_00142", "scc_feature": 170, "scc_source_id": "170", "scc_type": "C1", "status": "missing_or_unverified", "mean_lts": 4.0, "connects_existing": true, "length_km": 0.052, "high_stress_km": 0.052, "project_type": "New protected link" }, "geometry": { "type": "LineString", "coordinates": [ [ 145.0911783, -38.0118669 ], [ 145.0917466, -38.0123538 ] ] } },
{ "type": "Feature", "properties": { "project_id": "SCC_00143", "scc_feature": 170, "scc_source_id": "170", "scc_type": "C1", "status": "missing_or_unverified", "mean_lts": 3.77, "connects_existing": true, "length_km": 4.024, "high_stress_km": 3.696, "project_type": "New protected link" }, "geometry": { "type": "MultiLineString", "coordinates": [ [ [ 145.1160731, -38.0516044 ], [ 145.1156493, -38.0516878 ] ], [ [ 145.1173234, -38.0552922 ], [ 145.1171408, -38.0548567 ], [ 145.1156493, -38.0516878 ] ], [ [ 145.1173234, -38.0552922 ], [ 145.117549, -38.0558275 ], [ 145.1177291, -38.0563621 ] ], [ [ 145.117571, -38.0567471 ], [ 145.1177291, -38.0563621 ] ], [ [ 145.1178345, -38.0566972 ], [ 145.1177291, -38.0563621 ] ], [ [ 145.1178345, -38.0566972 ], [ 145.1181622, -38.0576937 ] ], [ [ 145.1191158, -38.0605116 ], [ 145.1187985, -38.0595513 ], [ 145.1184805, -38.058618 ], [ 145.1181622, -38.0576937 ] ], [ [ 145.1191158, -38.0605116 ], [ 145.1192376, -38.0610993 ] ], [ [ 145.1193451, -38.0617949 ], [ 145.1192376, -38.0610993 ] ], [ [ 145.1193451, -38.0617949 ], [ 145.1196199, -38.0635296 ] ], [ [ 145.1201092, -38.067124 ], [ 145.1198365, -38.0653083 ], [ 145.1196199, -38.0635296 ] ], [ [ 145.1201092, -38.067124 ], [ 145.1212344, -38.0712603 ], [ 145.1214914, -38.0723549 ] ], [ [ 145.121703, -38.0734396 ], [ 145.1214376, -38.07312 ] ], [ [ 145.1225135, -38.0765165 ], [ 145.1223858, -38.076163 ], [ 145.1222494, -38.0757013 ], [ 145.1221001, -38.0748518 ] ], [ [ 145.1225135, -38.0765165 ], [ 145.1226332, -38.0771853 ], [ 145.1232302, -38.0797001 ] ], [ [ 145.123936, -38.0824148 ], [ 145.1234308, -38.0803251 ], [ 145.1232302, -38.0797001 ] ], [ [ 145.123935, -38.0820093 ], [ 145.123936, -38.0824148 ] ], [ [ 145.123936, -38.0824148 ], [ 145.1241308, -38.0828235 ] ], [ [ 145.121703, -38.0734396 ], [ 145.1214914, -38.0723549 ] ], [ [ 145.121703, -38.0734396 ], [ 145.1218918, -38.0740825 ], [ 145.1221001, -38.0748518 ] ], [ [ 145.1223213, -38.0737829 ], [ 145.1221001, -38.0748518 ] ] ] } },
{ "type": "Feature", "properties": { "project_id": "SCC_00144", "scc_feature": 170, "scc_source_id": "170", "scc_type": "C1", "status": "missing_or_unverified", "mean_lts": 4.0, "connects_existing": false, "length_km": 0.07, "high_stress_km": 0.07, "project_type": "New protected link" }, "geometry": { "type": "LineString", "coordinates": [ [ 145.124316, -38.0822677 ], [ 145.1246591, -38.0822281 ], [ 145.1242909, -38.0823574 ] ] } },
{ "type": "Feature", "properties": { "project_id": "SCC_00146", "scc_feature": 171, "scc_source_id": "171", "scc_type": "C1", "status": "missing_or_unverified", "mean_lts": 3.62, "connects_existing": true, "length_km": 3.613, "high_stress_km": 3.177, "project_type": "New protected link" }, "geometry": { "type": "MultiLineString", "coordinates": [ [ [ 145.0008671, -37.8888349 ], [ 144.9999791, -37.8876122 ], [ 144.9994608, -37.8870177 ], [ 144.9990956, -37.8862274 ] ], [ [ 145.0008671, -37.8888349 ], [ 144.9990956, -37.8862274 ] ], [ [ 145.0009552, -37.888521 ], [ 145.0012243, -37.8886607 ] ], [ [ 145.0009552, -37.888521 ], [ 145.0016581, -37.8898576 ], [ 145.0021762, -37.8908848 ] ], [ [ 144.9990956, -37.8862274 ], [ 145.0009552, -37.888521 ] ], [ [ 145.0022245, -37.891201 ], [ 145.00144, -37.889935 ], [ 145.0012896, -37.8896081 ], [ 145.0010725, -37.8892259 ], [ 145.0008671, -37.8888349 ] ], [ [ 145.0021214, -37.8903882 ], [ 145.0021762, -37.8908848 ] ], [ [ 145.0021762, -37.8908848 ], [ 145.0022245, -37.891201 ] ], [ [ 145.0027506, -37.8919309 ], [ 145.0029868, -37.892025 ] ], [ [ 145.0027506, -37.8919309 ], [ 145.0030421, -37.8925035 ] ], [ [ 145.0022245, -37.891201 ], [ 145.0027506, -37.8919309 ] ], [ [ 145.0031063, -37.8922343 ], [ 145.0030421, -37.8925035 ] ], [ [ 145.0030421, -37.8925035 ], [ 145.003399, -37.8931855 ] ], [ [ 145.003399, -37.8931855 ], [ 145.0036572, -37.893307 ] ], [ [ 145.003399, -37.8931855 ], [ 145.0036797, -37.89374 ] ], [ [ 145.003792, -37.8942105 ], [ 145.0035379, -37.8939358 ], [ 145.0022245, -37.891201 ] ], [ [ 145.0037549, -37.8934799 ], [ 145.0036797, -37.89374 ] ], [ [ 145.0036797, -37.89374 ], [ 145.003792, -37.8942105 ] ], [ [ 145.0041438, -37.8950816 ], [ 145.0038186, -37.8944903 ] ], [ [ 145.0038186, -37.8944903 ], [ 145.003792, -37.8942105 ] ], [ [ 145.0041438, -37.8950816 ], [ 145.0036843, -37.8948305 ], [ 145.0038186, -37.8944903 ] ], [ [ 145.0051929, -37.8970819 ], [ 145.0041438, -37.8950816 ] ], [ [ 145.003792, -37.8942105 ], [ 145.0048032, -37.8959308 ], [ 145.0053119, -37.8968857 ] ], [ [ 145.0053441, -37.8965348 ], [ 145.0055073, -37.8972314 ] ], [ [ 145.0053441, -37.8965348 ], [ 145.0053119, -37.8968857 ] ], [ [ 145.0055073, -37.8972314 ], [ 145.0057128, -37.8976224 ] ], [ [ 145.0055073, -37.8972314 ], [ 145.0059621, -37.8976537 ] ], [ [ 145.0053119, -37.8968857 ], [ 145.0055073, -37.8972314 ] ], [ [ 144.9990956, -37.8862274 ], [ 145.0011596, -37.8881099 ] ], [ [ 145.0050895, -37.8975398 ], [ 145.0051929, -37.8970819 ] ], [ [ 145.0055183, -37.8976642 ], [ 145.0051929, -37.8970819 ] ] ] } },
{ "type": "Feature", "properties": { "project_id": "SCC_00147", "scc_feature": 171, "scc_source_id": "171", "scc_type": "C1", "status": "missing_or_unverified", "mean_lts": 4.0, "connects_existing": true, "length_km": 1.251, "high_stress_km": 1.251, "project_type": "New protected link" }, "geometry": { "type": "MultiLineString", "coordinates": [ [ [ 145.0349915, -37.9337203 ], [ 145.0339969, -37.9330459 ] ], [ [ 145.0358621, -37.9343567 ], [ 145.0362048, -37.9347319 ], [ 145.0365841, -37.9350176 ] ], [ [ 145.0361755, -37.9383992 ], [ 145.0362731, -37.9368688 ], [ 145.0365841, -37.9350176 ] ], [ [ 145.0365841, -37.9350176 ], [ 145.0349915, -37.9337203 ] ], [ [ 145.0358621, -37.9343567 ], [ 145.0365841, -37.9350176 ] ], [ [ 145.0349915, -37.9337203 ], [ 145.0344302, -37.933008 ], [ 145.035066, -37.9334873 ], [ 145.0358621, -37.9343567 ] ] ] } },
{ "type": "Feature", "properties": { "project_id": "SCC_00148", "scc_feature": 171, "scc_source_id": "171", "scc_type": "C1", "status": "missing_or_unverified", "mean_lts": 4.0, "connects_existing": false, "length_km": 0.1, "high_stress_km": 0.1, "project_type": "New protected link" }, "geometry": { "type": "LineString", "coordinates": [ [ 145.0368261, -37.9361841 ], [ 145.0367708, -37.9356966 ], [ 145.0369449, -37.9359969 ] ] } },
{ "type": "Feature", "properties": { "project_id": "SCC_00149", "scc_feature": 171, "scc_source_id": "171", "scc_type": "C1", "status": "missing_or_unverified", "mean_lts": 3.0, "connects_existing": false, "length_km": 0.638, "high_stress_km": 0.638, "project_type": "New protected link" }, "geometry": { "type": "MultiLineString", "coordinates": [ [ [ 145.0402679, -37.94583 ], [ 145.040894, -37.9466785 ], [ 145.0423061, -37.9487837 ], [ 145.0431212, -37.949374 ] ], [ [ 145.0402679, -37.94583 ], [ 145.0394195, -37.9447795 ] ] ] } },
{ "type": "Feature", "properties": { "project_id": "SCC_00150", "scc_feature": 171, "scc_source_id": "171", "scc_type": "C1", "status": "missing_or_unverified", "mean_lts": 3.0, "connects_existing": false, "length_km": 0.055, "high_stress_km": 0.055, "project_type": "New protected link" }, "geometry": { "type": "LineString", "coordinates": [ [ 145.0420111, -37.9487517 ], [ 145.0419714, -37.9489584 ], [ 145.0417727, -37.9487298 ] ] } },
{ "type": "Feature", "properties": { "project_id": "SCC_00151", "scc_feature": 171, "scc_source_id": "171", "scc_type": "C1", "status": "missing_or_unverified", "mean_lts": 2.0, "connects_existing": true, "length_km": 0.299, "high_stress_km": 0.0, "project_type": "New protected link" }, "geometry": { "type": "LineString", "coordinates": [ [ 145.058099, -37.9713675 ], [ 145.0575066, -37.9705196 ], [ 145.0564188, -37.9690327 ], [ 145.0562103, -37.9687409 ] ] } },
{ "type": "Feature", "properties": { "project_id": "SCC_00152", "scc_feature": 171, "scc_source_id": "171", "scc_type": "C1", "status": "missing_or_unverified", "mean_lts": 3.41, "connects_existing": true, "length_km": 1.261, "high_stress_km": 1.261, "project_type": "New protected link" }, "geometry": { "type": "MultiLineString", "coordinates": [ [ [ 145.0662166, -37.9839103 ], [ 145.066978, -37.984833 ], [ 145.0676294, -37.9856097 ] ], [ [ 145.0662166, -37.9839103 ], [ 145.0650083, -37.9822323 ] ], [ [ 145.0738909, -37.9912997 ], [ 145.072243, -37.9898759 ], [ 145.0702621, -37.9881221 ], [ 145.069826, -37.9878176 ], [ 145.0676294, -37.9856097 ] ] ] } },
{ "type": "Feature", "properties": { "project_id": "SCC_00153", "scc_feature": 171, "scc_source_id": "171", "scc_type": "C1", "status": "missing_or_unverified", "mean_lts": 3.48, "connects_existing": true, "length_km": 1.045, "high_stress_km": 1.045, "project_type": "New protected link" }, "geometry": { "type": "MultiLineString", "coordinates": [ [ [ 145.0687759, -37.9861783 ], [ 145.070332, -37.9876277 ], [ 145.0706995, -37.9879401 ], [ 145.0715793, -37.9886935 ], [ 145.0724366, -37.9894375 ], [ 145.0732939, -37.9901815 ], [ 145.0741847, -37.990953 ] ], [ [ 145.0687759, -37.9861783 ], [ 145.0680441, -37.9854273 ], [ 145.0666789, -37.9836476 ] ] ] } },
{ "type": "Feature", "properties": { "project_id": "SCC_00154", "scc_feature": 171, "scc_source_id": "171", "scc_type": "C1", "status": "missing_or_unverified", "mean_lts": 4.0, "connects_existing": true, "length_km": 0.263, "high_stress_km": 0.263, "project_type": "New protected link" }, "geometry": { "type": "LineString", "coordinates": [ [ 145.0764895, -37.9929553 ], [ 145.0772382, -37.9934993 ], [ 145.079273, -37.9953799 ] ] } },
{ "type": "Feature", "properties": { "project_id": "SCC_00155", "scc_feature": 171, "scc_source_id": "171", "scc_type": "C1", "status": "missing_or_unverified", "mean_lts": 4.0, "connects_existing": true, "length_km": 0.235, "high_stress_km": 0.235, "project_type": "New protected link" }, "geometry": { "type": "MultiLineString", "coordinates": [ [ [ 145.0778994, -37.9947807 ], [ 145.0767846, -37.9938613 ] ], [ [ 145.0753825, -37.9926128 ], [ 145.0767846, -37.9938613 ] ] ] } },
{ "type": "Feature", "properties": { "project_id": "SCC_00156", "scc_feature": 171, "scc_source_id": "171", "scc_type": "C1", "status": "missing_or_unverified", "mean_lts": 3.78, "connects_existing": true, "length_km": 2.131, "high_stress_km": 2.084, "project_type": "New protected link" }, "geometry": { "type": "MultiLineString", "coordinates": [ [ [ 145.0836752, -38.0021294 ], [ 145.0847928, -38.0042563 ] ], [ [ 145.0875736, -38.0081316 ], [ 145.0872471, -38.0079821 ], [ 145.0867587, -38.0070549 ] ], [ [ 145.0875736, -38.0081316 ], [ 145.0872135, -38.0075219 ] ], [ [ 145.0872135, -38.0075219 ], [ 145.0878493, -38.0084785 ], [ 145.0875736, -38.0081316 ] ], [ [ 145.0847928, -38.0042563 ], [ 145.0859604, -38.0057803 ], [ 145.0867587, -38.0070549 ] ], [ [ 145.0847928, -38.0042563 ], [ 145.0838442, -38.0013211 ] ], [ [ 145.0840406, -38.0020903 ], [ 145.0847928, -38.0042563 ] ], [ [ 145.0872135, -38.0075219 ], [ 145.0867587, -38.0070549 ] ], [ [ 145.0867587, -38.0070549 ], [ 145.0863459, -38.0067238 ], [ 145.0856156, -38.0059008 ], [ 145.0854972, -38.0056376 ], [ 145.0854127, -38.0053839 ], [ 145.0847928, -38.0042563 ] ] ] } },
{ "type": "Feature", "properties": { "project_id": "SCC_00158", "scc_feature": 180, "scc_source_id": "180", "scc_type": "C1", "status": "missing_or_unverified", "mean_lts": 3.89, "connects_existing": true, "length_km": 0.429, "high_stress_km": 0.429, "project_type": "New protected link" }, "geometry": { "type": "LineString", "coordinates": [ [ 145.0602662, -37.7331392 ], [ 145.0606695, -37.7307306 ], [ 145.0607754, -37.729714 ], [ 145.0607066, -37.7293073 ] ] } },
{ "type": "Feature", "properties": { "project_id": "SCC_00159", "scc_feature": 180, "scc_source_id": "180", "scc_type": "C1", "status": "missing_or_unverified", "mean_lts": 2.49, "connects_existing": false, "length_km": 0.092, "high_stress_km": 0.046, "project_type": "New protected link" }, "geometry": { "type": "LineString", "coordinates": [ [ 145.0685478, -37.7266604 ], [ 145.0680993, -37.7264548 ], [ 145.0679974, -37.7260115 ] ] } },
{ "type": "Feature", "properties": { "project_id": "SCC_00160", "scc_feature": 180, "scc_source_id": "180", "scc_type": "C1", "status": "missing_or_unverified", "mean_lts": 3.0, "connects_existing": false, "length_km": 0.603, "high_stress_km": 0.603, "project_type": "New protected link" }, "geometry": { "type": "MultiLineString", "coordinates": [ [ [ 145.0788339, -37.7149958 ], [ 145.0823374, -37.7124303 ] ], [ [ 145.0788339, -37.7149958 ], [ 145.0774097, -37.7165496 ] ] ] } },
{ "type": "Feature", "properties": { "project_id": "SCC_00161", "scc_feature": 180, "scc_source_id": "180", "scc_type": "C1", "status": "missing_or_unverified", "mean_lts": 3.88, "connects_existing": true, "length_km": 1.273, "high_stress_km": 1.196, "project_type": "New protected link" }, "geometry": { "type": "MultiLineString", "coordinates": [ [ [ 145.0845318, -37.7113575 ], [ 145.08503, -37.710951 ] ], [ [ 145.0890098, -37.7048424 ], [ 145.0893926, -37.7036319 ], [ 145.0896987, -37.7031953 ] ], [ [ 145.0902621, -37.7033396 ], [ 145.0896309, -37.7036268 ] ], [ [ 145.0896309, -37.7036268 ], [ 145.0890098, -37.7048424 ] ], [ [ 145.0896987, -37.7031953 ], [ 145.0896309, -37.7036268 ] ], [ [ 145.0896987, -37.7031953 ], [ 145.0897415, -37.7028535 ] ], [ [ 145.090018, -37.7026868 ], [ 145.0896987, -37.7031953 ] ], [ [ 145.08503, -37.710951 ], [ 145.0840317, -37.7113944 ] ], [ [ 145.08503, -37.710951 ], [ 145.0882999, -37.706426 ], [ 145.0861788, -37.7095097 ], [ 145.0890098, -37.7048424 ] ] ] } },
{ "type": "Feature", "properties": { "project_id": "SCC_00162", "scc_feature": 180, "scc_source_id": "180", "scc_type": "C1", "status": "missing_or_unverified", "mean_lts": 4.0, "connects_existing": true, "length_km": 0.176, "high_stress_km": 0.176, "project_type": "New protected link" }, "geometry": { "type": "LineString", "coordinates": [ [ 145.0907722, -37.7002567 ], [ 145.0915433, -37.6976107 ], [ 145.0917184, -37.6969736 ] ] } },
{ "type": "Feature", "properties": { "project_id": "SCC_00163", "scc_feature": 180, "scc_source_id": "180", "scc_type": "C1", "status": "missing_or_unverified", "mean_lts": 4.0, "connects_existing": false, "length_km": 0.101, "high_stress_km": 0.101, "project_type": "New protected link" }, "geometry": { "type": "LineString", "coordinates": [ [ 145.0399843, -37.749656 ], [ 145.0412871, -37.7497497 ] ] } },
{ "type": "Feature", "properties": { "project_id": "SCC_00164", "scc_feature": 180, "scc_source_id": "180", "scc_type": "C1", "status": "missing_or_unverified", "mean_lts": 4.0, "connects_existing": true, "length_km": 0.203, "high_stress_km": 0.203, "project_type": "New protected link" }, "geometry": { "type": "LineString", "coordinates": [ [ 145.0919745, -37.6967164 ], [ 145.0907942, -37.7007257 ] ] } },
{ "type": "Feature", "properties": { "project_id": "SCC_00165", "scc_feature": 181, "scc_source_id": "181", "scc_type": "C1", "status": "missing_or_unverified", "mean_lts": 4.0, "connects_existing": true, "length_km": 0.374, "high_stress_km": 0.374, "project_type": "New protected link" }, "geometry": { "type": "LineString", "coordinates": [ [ 145.0917184, -37.6969736 ], [ 145.0922961, -37.6952346 ], [ 145.0932721, -37.6938806 ] ] } },
{ "type": "Feature", "properties": { "project_id": "SCC_00166", "scc_feature": 181, "scc_source_id": "181", "scc_type": "C1", "status": "missing_or_unverified", "mean_lts": 4.0, "connects_existing": true, "length_km": 0.319, "high_stress_km": 0.319, "project_type": "New protected link" }, "geometry": { "type": "LineString", "coordinates": [ [ 145.0932899, -37.6940701 ], [ 145.092728, -37.694755 ], [ 145.0919745, -37.6967164 ] ] } },
{ "type": "Feature", "properties": { "project_id": "SCC_00167", "scc_feature": 182, "scc_source_id": "182", "scc_type": "C1", "status": "missing_or_unverified", "mean_lts": 2.0, "connects_existing": false, "length_km": 0.082, "high_stress_km": 0.0, "project_type": "New protected link" }, "geometry": { "type": "LineString", "coordinates": [ [ 145.1141145, -37.932384 ], [ 145.1131958, -37.9322702 ] ] } },
{ "type": "Feature", "properties": { "project_id": "SCC_00168", "scc_feature": 182, "scc_source_id": "182", "scc_type": "C1", "status": "missing_or_unverified", "mean_lts": 2.0, "connects_existing": false, "length_km": 0.359, "high_stress_km": 0.0, "project_type": "New protected link" }, "geometry": { "type": "MultiLineString", "coordinates": [ [ [ 145.1143253, -37.9312609 ], [ 145.1145471, -37.930147 ], [ 145.1147815, -37.9289883 ] ], [ [ 145.1149644, -37.928063 ], [ 145.1148854, -37.9284853 ], [ 145.1147815, -37.9289883 ] ] ] } },
{ "type": "Feature", "properties": { "project_id": "SCC_00169", "scc_feature": 187, "scc_source_id": "187", "scc_type": "C1", "status": "missing_or_unverified", "mean_lts": 2.0, "connects_existing": true, "length_km": 0.433, "high_stress_km": 0.0, "project_type": "New protected link" }, "geometry": { "type": "MultiLineString", "coordinates": [ [ [ 145.0116299, -37.8090828 ], [ 145.0129547, -37.8092403 ], [ 145.014422, -37.8087424 ] ], [ [ 145.0116299, -37.8090828 ], [ 145.0102245, -37.8089689 ] ] ] } },
{ "type": "Feature", "properties": { "project_id": "SCC_00170", "scc_feature": 187, "scc_source_id": "187", "scc_type": "C1", "status": "missing_or_unverified", "mean_lts": 2.89, "connects_existing": false, "length_km": 0.948, "high_stress_km": 0.549, "project_type": "New protected link" }, "geometry": { "type": "MultiLineString", "coordinates": [ [ [ 145.0155544, -37.8088696 ], [ 145.0166869, -37.8089968 ], [ 145.0172756, -37.8090698 ], [ 145.0194949, -37.8093325 ], [ 145.021069, -37.8095121 ], [ 145.0222012, -37.8096483 ] ], [ [ 145.0262773, -37.8101403 ], [ 145.0240809, -37.8098691 ], [ 145.0228805, -37.8097318 ], [ 145.0222012, -37.8096483 ] ] ] } },
{ "type": "Feature", "properties": { "project_id": "SCC_00171", "scc_feature": 187, "scc_source_id": "187", "scc_type": "C1", "status": "missing_or_unverified", "mean_lts": 3.1, "connects_existing": false, "length_km": 0.661, "high_stress_km": 0.661, "project_type": "New protected link" }, "geometry": { "type": "MultiLineString", "coordinates": [ [ [ 145.0403692, -37.8103125 ], [ 145.0398373, -37.8102406 ], [ 145.0389089, -37.810126 ] ], [ [ 145.0403692, -37.8103125 ], [ 145.0414561, -37.8104478 ] ], [ [ 145.0425769, -37.8105926 ], [ 145.0414561, -37.8104478 ] ], [ [ 145.0425769, -37.8105926 ], [ 145.0433238, -37.8106951 ], [ 145.0443649, -37.8108476 ], [ 145.0452708, -37.8109527 ] ], [ [ 145.0464826, -37.81109 ], [ 145.0452708, -37.8109527 ] ] ] } },
{ "type": "Feature", "properties": { "project_id": "SCC_00172", "scc_feature": 187, "scc_source_id": "187", "scc_type": "C1", "status": "missing_or_unverified", "mean_lts": 4.0, "connects_existing": false, "length_km": 0.077, "high_stress_km": 0.077, "project_type": "New protected link" }, "geometry": { "type": "LineString", "coordinates": [ [ 145.0471046, -37.8124881 ], [ 145.0462322, -37.8124016 ] ] } },
{ "type": "Feature", "properties": { "project_id": "SCC_00173", "scc_feature": 187, "scc_source_id": "187", "scc_type": "C1", "status": "missing_or_unverified", "mean_lts": 4.0, "connects_existing": false, "length_km": 0.866, "high_stress_km": 0.866, "project_type": "New protected link" }, "geometry": { "type": "MultiLineString", "coordinates": [ [ [ 145.0488371, -37.8126971 ], [ 145.0498675, -37.8128223 ], [ 145.0516454, -37.813032 ] ], [ [ 145.0546236, -37.8133876 ], [ 145.0553598, -37.8134719 ], [ 145.0560053, -37.8135456 ], [ 145.0569111, -37.8136597 ], [ 145.0580773, -37.8138051 ], [ 145.0585642, -37.8138672 ] ], [ [ 145.0546236, -37.8133876 ], [ 145.0516454, -37.813032 ] ] ] } },
{ "type": "Feature", "properties": { "project_id": "SCC_00174", "scc_feature": 187, "scc_source_id": "187", "scc_type": "C1", "status": "missing_or_unverified", "mean_lts": 2.0, "connects_existing": true, "length_km": 0.146, "high_stress_km": 0.0, "project_type": "New protected link" }, "geometry": { "type": "MultiLineString", "coordinates": [ [ [ 145.0584892, -37.8149925 ], [ 145.058442, -37.8154963 ] ], [ [ 145.0596427, -37.8156243 ], [ 145.058442, -37.8154963 ] ] ] } },
{ "type": "Feature", "properties": { "project_id": "SCC_00175", "scc_feature": 187, "scc_source_id": "187", "scc_type": "C1", "status": "missing_or_unverified", "mean_lts": 4.0, "connects_existing": true, "length_km": 0.427, "high_stress_km": 0.427, "project_type": "New protected link" }, "geometry": { "type": "MultiLineString", "coordinates": [ [ [ 145.116485, -37.8215399 ], [ 145.1142086, -37.8212601 ] ], [ [ 145.116485, -37.8215399 ], [ 145.1189591, -37.8216425 ] ] ] } },
{ "type": "Feature", "properties": { "project_id": "SCC_00176", "scc_feature": 187, "scc_source_id": "187", "scc_type": "C1", "status": "missing_or_unverified", "mean_lts": 4.0, "connects_existing": true, "length_km": 0.096, "high_stress_km": 0.096, "project_type": "New protected link" }, "geometry": { "type": "LineString", "coordinates": [ [ 145.0085366, -37.8113375 ], [ 145.0098495, -37.8115129 ] ] } },
{ "type": "Feature", "properties": { "project_id": "SCC_00177", "scc_feature": 188, "scc_source_id": "188", "scc_type": "C1", "status": "missing_or_unverified", "mean_lts": 2.55, "connects_existing": false, "length_km": 0.568, "high_stress_km": 0.157, "project_type": "New protected link" }, "geometry": { "type": "MultiLineString", "coordinates": [ [ [ 145.1162123, -37.8349453 ], [ 145.1164895, -37.8365538 ], [ 145.1163138, -37.8381011 ] ], [ [ 145.118081, -37.8383186 ], [ 145.1176845, -37.8382672 ], [ 145.1163138, -37.8381011 ] ] ] } },
{ "type": "Feature", "properties": { "project_id": "SCC_00178", "scc_feature": 188, "scc_source_id": "188", "scc_type": "C1", "status": "missing_or_unverified", "mean_lts": 4.0, "connects_existing": true, "length_km": 0.065, "high_stress_km": 0.065, "project_type": "New protected link" }, "geometry": { "type": "LineString", "coordinates": [ [ 145.1179614, -37.8282684 ], [ 145.1186055, -37.8284048 ] ] } },
{ "type": "Feature", "properties": { "project_id": "SCC_00180", "scc_feature": 190, "scc_source_id": "190", "scc_type": "C1", "status": "missing_or_unverified", "mean_lts": 3.0, "connects_existing": false, "length_km": 0.471, "high_stress_km": 0.471, "project_type": "New protected link" }, "geometry": { "type": "LineString", "coordinates": [ [ 145.1183166, -37.9255483 ], [ 145.1157885, -37.9265352 ], [ 145.1152594, -37.926761 ], [ 145.1144768, -37.9280011 ] ] } },
{ "type": "Feature", "properties": { "project_id": "SCC_00181", "scc_feature": 190, "scc_source_id": "190", "scc_type": "C1", "status": "missing_or_unverified", "mean_lts": 4.0, "connects_existing": false, "length_km": 0.062, "high_stress_km": 0.062, "project_type": "New protected link" }, "geometry": { "type": "LineString", "coordinates": [ [ 145.1190021, -37.9254331 ], [ 145.1196362, -37.9255514 ] ] } },
{ "type": "Feature", "properties": { "project_id": "SCC_00182", "scc_feature": 192, "scc_source_id": "192", "scc_type": "C1", "status": "missing_or_unverified", "mean_lts": 4.0, "connects_existing": false, "length_km": 0.06, "high_stress_km": 0.06, "project_type": "New protected link" }, "geometry": { "type": "LineString", "coordinates": [ [ 145.1196362, -37.9255514 ], [ 145.1197521, -37.9250215 ] ] } },
{ "type": "Feature", "properties": { "project_id": "SCC_00183", "scc_feature": 194, "scc_source_id": "194", "scc_type": "C1", "status": "missing_or_unverified", "mean_lts": 4.0, "connects_existing": true, "length_km": 0.054, "high_stress_km": 0.054, "project_type": "New protected link" }, "geometry": { "type": "LineString", "coordinates": [ [ 145.1197521, -37.9250215 ], [ 145.1200284, -37.9244492 ] ] } },
{ "type": "Feature", "properties": { "project_id": "SCC_00185", "scc_feature": 200, "scc_source_id": "200", "scc_type": "C1", "status": "missing_or_unverified", "mean_lts": 3.42, "connects_existing": true, "length_km": 2.303, "high_stress_km": 1.632, "project_type": "New protected link" }, "geometry": { "type": "MultiLineString", "coordinates": [ [ [ 145.1051436, -38.0074068 ], [ 145.1067558, -38.007604 ] ], [ [ 145.1051436, -38.0074068 ], [ 145.1041406, -38.0074357 ], [ 145.1037544, -38.0073934 ] ], [ [ 145.111541, -38.0084289 ], [ 145.1082143, -38.008024 ], [ 145.1067558, -38.007604 ] ], [ [ 145.1067558, -38.007604 ], [ 145.1084478, -38.0078024 ] ], [ [ 145.111218, -38.0081444 ], [ 145.1104687, -38.0080512 ], [ 145.1084478, -38.0078024 ] ], [ [ 145.1124555, -38.0082994 ], [ 145.111218, -38.0081444 ] ], [ [ 145.111541, -38.0084289 ], [ 145.111218, -38.0081444 ] ], [ [ 145.1124555, -38.0082994 ], [ 145.1133866, -38.0084135 ] ], [ [ 145.1133866, -38.0084135 ], [ 145.1170656, -38.008851 ] ], [ [ 145.1133866, -38.0084135 ], [ 145.111541, -38.0084289 ] ], [ [ 145.118167, -38.0089858 ], [ 145.1170656, -38.008851 ] ], [ [ 145.118167, -38.0089858 ], [ 145.1205286, -38.0092759 ] ], [ [ 145.1037381, -38.0071408 ], [ 145.1041945, -38.0071121 ], [ 145.1051436, -38.0074068 ] ] ] } },
{ "type": "Feature", "properties": { "project_id": "SCC_00188", "scc_feature": 202, "scc_source_id": "202", "scc_type": "C1", "status": "missing_or_unverified", "mean_lts": 3.32, "connects_existing": false, "length_km": 1.362, "high_stress_km": 1.196, "project_type": "New protected link" }, "geometry": { "type": "MultiLineString", "coordinates": [ [ [ 145.1192143, -37.8178525 ], [ 145.1192786, -37.8175562 ], [ 145.1193064, -37.8173583 ], [ 145.1197778, -37.8148966 ], [ 145.1198949, -37.8143127 ] ], [ [ 145.1192143, -37.8178525 ], [ 145.1191917, -37.8182938 ] ], [ [ 145.1200244, -37.8136839 ], [ 145.1198949, -37.8143127 ] ], [ [ 145.1200244, -37.8136839 ], [ 145.1201169, -37.8131717 ] ], [ [ 145.1203035, -37.8120842 ], [ 145.1205124, -37.8110151 ] ], [ [ 145.12123, -37.8078003 ], [ 145.1209199, -37.8088317 ], [ 145.1207876, -37.8095686 ], [ 145.1207103, -37.8099279 ], [ 145.1205124, -37.8110151 ] ], [ [ 145.1198949, -37.8143127 ], [ 145.1201169, -37.8131717 ] ], [ [ 145.1203035, -37.8120842 ], [ 145.1201169, -37.8131717 ] ] ] } },
{ "type": "Feature", "properties": { "project_id": "SCC_00189", "scc_feature": 203, "scc_source_id": "203", "scc_type": "C1", "status": "missing_or_unverified", "mean_lts": 3.0, "connects_existing": true, "length_km": 0.143, "high_stress_km": 0.143, "project_type": "New protected link" }, "geometry": { "type": "MultiLineString", "coordinates": [ [ [ 145.1210207, -37.92524 ], [ 145.1209306, -37.9256531 ] ], [ [ 145.1210207, -37.92524 ], [ 145.1205122, -37.9251058 ], [ 145.1197521, -37.9250215 ] ] ] } },
{ "type": "Feature", "properties": { "project_id": "SCC_00190", "scc_feature": 205, "scc_source_id": "205", "scc_type": "C1", "status": "missing_or_unverified", "mean_lts": 2.0, "connects_existing": false, "length_km": 0.199, "high_stress_km": 0.0, "project_type": "New protected link" }, "geometry": { "type": "LineString", "coordinates": [ [ 145.1284586, -38.0897143 ], [ 145.1282173, -38.0888904 ], [ 145.127933, -38.0879667 ] ] } },
{ "type": "Feature", "properties": { "project_id": "SCC_00191", "scc_feature": 205, "scc_source_id": "205", "scc_type": "C1", "status": "missing_or_unverified", "mean_lts": 4.0, "connects_existing": false, "length_km": 1.319, "high_stress_km": 1.319, "project_type": "New protected link" }, "geometry": { "type": "MultiLineString", "coordinates": [ [ [ 145.1276251, -38.0879708 ], [ 145.1279422, -38.0889491 ] ], [ [ 145.1284752, -38.0997895 ], [ 145.1285287, -38.0967985 ], [ 145.1285243, -38.0960775 ], [ 145.1284367, -38.0932555 ], [ 145.1284283, -38.0917955 ], [ 145.1283683, -38.0910195 ], [ 145.1282932, -38.0903875 ], [ 145.1282174, -38.0897825 ], [ 145.1279422, -38.0889491 ] ] ] } },
{ "type": "Feature", "properties": { "project_id": "SCC_00192", "scc_feature": 205, "scc_source_id": "205", "scc_type": "C1", "status": "missing_or_unverified", "mean_lts": 3.0, "connects_existing": false, "length_km": 0.07, "high_stress_km": 0.07, "project_type": "New protected link" }, "geometry": { "type": "LineString", "coordinates": [ [ 145.1290543, -38.1034664 ], [ 145.1282772, -38.1035262 ] ] } },
{ "type": "Feature", "properties": { "project_id": "SCC_00195", "scc_feature": 205, "scc_source_id": "205", "scc_type": "C1", "status": "missing_or_unverified", "mean_lts": 4.0, "connects_existing": true, "length_km": 0.221, "high_stress_km": 0.221, "project_type": "New protected link" }, "geometry": { "type": "LineString", "coordinates": [ [ 145.1366918, -38.1188625 ], [ 145.1353728, -38.1204907 ] ] } },
{ "type": "Feature", "properties": { "project_id": "SCC_00196", "scc_feature": 440, "scc_source_id": "440", "scc_type": "C2", "status": "missing_or_unverified", "mean_lts": 2.0, "connects_existing": false, "length_km": 0.27, "high_stress_km": 0.0, "project_type": "New protected link" }, "geometry": { "type": "LineString", "coordinates": [ [ 144.4334018, -37.6620482 ], [ 144.436373, -37.6623382 ] ] } },
{ "type": "Feature", "properties": { "project_id": "SCC_00197", "scc_feature": 440, "scc_source_id": "440", "scc_type": "C2", "status": "missing_or_unverified", "mean_lts": 2.0, "connects_existing": true, "length_km": 0.129, "high_stress_km": 0.0, "project_type": "New protected link" }, "geometry": { "type": "LineString", "coordinates": [ [ 144.4367424, -37.6677439 ], [ 144.4366002, -37.6666054 ] ] } },
{ "type": "Feature", "properties": { "project_id": "SCC_00198", "scc_feature": 440, "scc_source_id": "440", "scc_type": "C2", "status": "missing_or_unverified", "mean_lts": 2.0, "connects_existing": false, "length_km": 0.152, "high_stress_km": 0.0, "project_type": "New protected link" }, "geometry": { "type": "LineString", "coordinates": [ [ 144.4371978, -37.6591211 ], [ 144.4373434, -37.6601606 ] ] } },
{ "type": "Feature", "properties": { "project_id": "SCC_00199", "scc_feature": 441, "scc_source_id": "441", "scc_type": "C2", "status": "missing_or_unverified", "mean_lts": 3.0, "connects_existing": true, "length_km": 1.596, "high_stress_km": 1.596, "project_type": "New protected link" }, "geometry": { "type": "LineString", "coordinates": [ [ 144.7367849, -37.77979 ], [ 144.7384762, -37.7678823 ], [ 144.7377974, -37.7726453 ], [ 144.73713, -37.7774086 ], [ 144.7387985, -37.7655004 ] ] } },
{ "type": "Feature", "properties": { "project_id": "SCC_00200", "scc_feature": 467, "scc_source_id": "467", "scc_type": "C2", "status": "missing_or_unverified", "mean_lts": 3.0, "connects_existing": true, "length_km": 0.42, "high_stress_km": 0.42, "project_type": "New protected link" }, "geometry": { "type": "LineString", "coordinates": [ [ 144.4237065, -37.6749389 ], [ 144.4219558, -37.6783518 ] ] } },
{ "type": "Feature", "properties": { "project_id": "SCC_00201", "scc_feature": 467, "scc_source_id": "467", "scc_type": "C2", "status": "missing_or_unverified", "mean_lts": 3.81, "connects_existing": true, "length_km": 0.424, "high_stress_km": 0.424, "project_type": "New protected link" }, "geometry": { "type": "MultiLineString", "coordinates": [ [ [ 144.4237632, -37.6742823 ], [ 144.4235949, -37.6735757 ], [ 144.4235783, -37.6727464 ] ], [ [ 144.4228992, -37.6707491 ], [ 144.4233378, -37.6724888 ], [ 144.4235783, -37.6727464 ] ] ] } },
{ "type": "Feature", "properties": { "project_id": "SCC_00202", "scc_feature": 468, "scc_source_id": "468", "scc_type": "C2", "status": "missing_or_unverified", "mean_lts": 3.41, "connects_existing": true, "length_km": 0.457, "high_stress_km": 0.457, "project_type": "New protected link" }, "geometry": { "type": "LineString", "coordinates": [ [ 144.4245632, -37.657377 ], [ 144.4233631, -37.6560261 ], [ 144.4213341, -37.6543958 ] ] } },
{ "type": "Feature", "properties": { "project_id": "SCC_00203", "scc_feature": 469, "scc_source_id": "469", "scc_type": "C2", "status": "missing_or_unverified", "mean_lts": 4.0, "connects_existing": true, "length_km": 0.482, "high_stress_km": 0.482, "project_type": "New protected link" }, "geometry": { "type": "MultiLineString", "coordinates": [ [ [ 144.4227229, -37.6686366 ], [ 144.4228695, -37.6696401 ], [ 144.4228992, -37.6707491 ] ], [ [ 144.4227229, -37.6686366 ], [ 144.4229104, -37.6678027 ], [ 144.422799, -37.666764 ] ] ] } },
{ "type": "Feature", "properties": { "project_id": "SCC_00204", "scc_feature": 470, "scc_source_id": "470", "scc_type": "C2", "status": "missing_or_unverified", "mean_lts": 2.0, "connects_existing": true, "length_km": 0.667, "high_stress_km": 0.0, "project_type": "New protected link" }, "geometry": { "type": "LineString", "coordinates": [ [ 144.4298341, -37.6820022 ], [ 144.4277022, -37.6810275 ], [ 144.4231514, -37.6795134 ] ] } },
{ "type": "Feature", "properties": { "project_id": "SCC_00205", "scc_feature": 471, "scc_source_id": "471", "scc_type": "C2", "status": "missing_or_unverified", "mean_lts": 4.0, "connects_existing": true, "length_km": 0.059, "high_stress_km": 0.059, "project_type": "New protected link" }, "geometry": { "type": "LineString", "coordinates": [ [ 144.4202685, -37.6871277 ], [ 144.4196284, -37.6872759 ] ] } },
{ "type": "Feature", "properties": { "project_id": "SCC_00206", "scc_feature": 471, "scc_source_id": "471", "scc_type": "C2", "status": "missing_or_unverified", "mean_lts": 2.58, "connects_existing": true, "length_km": 0.929, "high_stress_km": 0.271, "project_type": "New protected link" }, "geometry": { "type": "MultiLineString", "coordinates": [ [ [ 144.4202962, -37.6873085 ], [ 144.4220609, -37.6871039 ], [ 144.4233352, -37.6869785 ], [ 144.4246548, -37.6868542 ], [ 144.4274966, -37.6863215 ] ], [ [ 144.4289534, -37.6861641 ], [ 144.4274966, -37.6863215 ] ], [ [ 144.4289534, -37.6861641 ], [ 144.4304609, -37.6861789 ] ] ] } },
{ "type": "Feature", "properties": { "project_id": "SCC_00207", "scc_feature": 471, "scc_source_id": "471", "scc_type": "C2", "status": "missing_or_unverified", "mean_lts": 2.0, "connects_existing": false, "length_km": 0.121, "high_stress_km": 0.0, "project_type": "New protected link" }, "geometry": { "type": "MultiLineString", "coordinates": [ [ [ 144.4283192, -37.686799 ], [ 144.427723, -37.6866599 ] ], [ [ 144.4283192, -37.686799 ], [ 144.4289914, -37.6867056 ] ] ] } },
{ "type": "Feature", "properties": { "project_id": "SCC_00208", "scc_feature": 473, "scc_source_id": "473", "scc_type": "C2", "status": "missing_or_unverified", "mean_lts": 2.0, "connects_existing": false, "length_km": 0.501, "high_stress_km": 0.0, "project_type": "New protected link" }, "geometry": { "type": "MultiLineString", "coordinates": [ [ [ 144.431583, -37.6743628 ], [ 144.4311725, -37.6754172 ] ], [ [ 144.4307269, -37.6761734 ], [ 144.4311725, -37.6754172 ] ], [ [ 144.4307269, -37.6761734 ], [ 144.430141, -37.6770528 ], [ 144.4297234, -37.6776564 ], [ 144.4295607, -37.6784278 ] ] ] } },
{ "type": "Feature", "properties": { "project_id": "SCC_00209", "scc_feature": 474, "scc_source_id": "474", "scc_type": "C2", "status": "missing_or_unverified", "mean_lts": 2.8, "connects_existing": true, "length_km": 0.655, "high_stress_km": 0.392, "project_type": "New protected link" }, "geometry": { "type": "MultiLineString", "coordinates": [ [ [ 144.4312017, -37.673913 ], [ 144.431583, -37.6743628 ], [ 144.4319335, -37.6743885 ] ], [ [ 144.4312017, -37.673913 ], [ 144.4284035, -37.6728698 ] ], [ [ 144.4312017, -37.673913 ], [ 144.4290268, -37.6728743 ], [ 144.4243477, -37.6711502 ] ] ] } },
{ "type": "Feature", "properties": { "project_id": "SCC_00210", "scc_feature": 477, "scc_source_id": "477", "scc_type": "C2", "status": "missing_or_unverified", "mean_lts": 4.0, "connects_existing": true, "length_km": 0.261, "high_stress_km": 0.261, "project_type": "New protected link" }, "geometry": { "type": "LineString", "coordinates": [ [ 144.433574, -37.6863279 ], [ 144.4304609, -37.6861789 ] ] } },
{ "type": "Feature", "properties": { "project_id": "SCC_00211", "scc_feature": 479, "scc_source_id": "479", "scc_type": "C2", "status": "missing_or_unverified", "mean_lts": 2.0, "connects_existing": true, "length_km": 0.052, "high_stress_km": 0.0, "project_type": "New protected link" }, "geometry": { "type": "LineString", "coordinates": [ [ 144.4367424, -37.6677439 ], [ 144.4373176, -37.6678285 ] ] } },
{ "type": "Feature", "properties": { "project_id": "SCC_00212", "scc_feature": 480, "scc_source_id": "480", "scc_type": "C2", "status": "missing_or_unverified", "mean_lts": 3.0, "connects_existing": false, "length_km": 0.256, "high_stress_km": 0.256, "project_type": "New protected link" }, "geometry": { "type": "MultiLineString", "coordinates": [ [ [ 144.4341889, -37.6707881 ], [ 144.4336038, -37.6716495 ] ], [ [ 144.4341889, -37.6707881 ], [ 144.4355312, -37.6699973 ] ] ] } },
{ "type": "Feature", "properties": { "project_id": "SCC_00213", "scc_feature": 483, "scc_source_id": "483", "scc_type": "C2", "status": "missing_or_unverified", "mean_lts": 3.53, "connects_existing": false, "length_km": 0.407, "high_stress_km": 0.311, "project_type": "New protected link" }, "geometry": { "type": "LineString", "coordinates": [ [ 144.4325041, -37.6746082 ], [ 144.4319335, -37.6743885 ], [ 144.4327098, -37.674892 ], [ 144.4353068, -37.6755253 ] ] } },
{ "type": "Feature", "properties": { "project_id": "SCC_00214", "scc_feature": 485, "scc_source_id": "485", "scc_type": "C2", "status": "missing_or_unverified", "mean_lts": 3.0, "connects_existing": true, "length_km": 0.779, "high_stress_km": 0.779, "project_type": "New protected link" }, "geometry": { "type": "MultiLineString", "coordinates": [ [ [ 144.4406584, -37.6761732 ], [ 144.4409717, -37.6749726 ], [ 144.4410225, -37.6741536 ], [ 144.4412526, -37.6730683 ] ], [ [ 144.4413319, -37.6720788 ], [ 144.4412526, -37.6730683 ] ], [ [ 144.4413319, -37.6720788 ], [ 144.4408824, -37.6713031 ] ], [ [ 144.4405412, -37.6710073 ], [ 144.4407235, -37.6696596 ] ], [ [ 144.4405412, -37.6710073 ], [ 144.4408824, -37.6713031 ] ] ] } },
{ "type": "Feature", "properties": { "project_id": "SCC_00215", "scc_feature": 487, "scc_source_id": "487", "scc_type": "C2", "status": "missing_or_unverified", "mean_lts": 1.0, "connects_existing": false, "length_km": 0.432, "high_stress_km": 0.0, "project_type": "New protected link" }, "geometry": { "type": "LineString", "coordinates": [ [ 144.4406584, -37.6761732 ], [ 144.4454326, -37.6767995 ] ] } },
{ "type": "Feature", "properties": { "project_id": "SCC_00216", "scc_feature": 488, "scc_source_id": "488", "scc_type": "C2", "status": "missing_or_unverified", "mean_lts": 3.05, "connects_existing": true, "length_km": 2.182, "high_stress_km": 1.147, "project_type": "New protected link" }, "geometry": { "type": "MultiLineString", "coordinates": [ [ [ 144.4152654, -38.0248254 ], [ 144.4170455, -38.0250628 ], [ 144.4188606, -38.0252739 ], [ 144.4200405, -38.0254079 ], [ 144.42343, -38.0258787 ] ], [ [ 144.42343, -38.0258787 ], [ 144.4188312, -38.0254624 ], [ 144.4170157, -38.0252603 ] ], [ [ 144.42343, -38.0258787 ], [ 144.4284117, -38.0264204 ] ], [ [ 144.4237053, -38.0258217 ], [ 144.4284117, -38.0264204 ] ], [ [ 144.4288679, -38.0264033 ], [ 144.4284117, -38.0264204 ] ], [ [ 144.4237053, -38.0258217 ], [ 144.42343, -38.0258787 ] ], [ [ 144.4288679, -38.0264033 ], [ 144.429106, -38.0264356 ], [ 144.4294918, -38.0264801 ] ] ] } },
{ "type": "Feature", "properties": { "project_id": "SCC_00217", "scc_feature": 488, "scc_source_id": "488", "scc_type": "C2", "status": "missing_or_unverified", "mean_lts": 2.0, "connects_existing": true, "length_km": 0.599, "high_stress_km": 0.0, "project_type": "New protected link" }, "geometry": { "type": "MultiLineString", "coordinates": [ [ [ 144.4153979, -38.0246211 ], [ 144.4170635, -38.0248739 ] ], [ [ 144.4237464, -38.0256244 ], [ 144.4200813, -38.0252196 ], [ 144.4170635, -38.0248739 ] ] ] } },
{ "type": "Feature", "properties": { "project_id": "SCC_00218", "scc_feature": 488, "scc_source_id": "488", "scc_type": "C2", "status": "missing_or_unverified", "mean_lts": 4.0, "connects_existing": false, "length_km": 0.658, "high_stress_km": 0.658, "project_type": "New protected link" }, "geometry": { "type": "MultiLineString", "coordinates": [ [ [ 144.428893, -38.0266652 ], [ 144.4289885, -38.0271899 ] ], [ [ 144.4292236, -38.0282853 ], [ 144.4289885, -38.0271899 ] ], [ [ 144.4292236, -38.0282853 ], [ 144.4316314, -38.0320774 ] ] ] } },
{ "type": "Feature", "properties": { "project_id": "SCC_00219", "scc_feature": 489, "scc_source_id": "489", "scc_type": "C2", "status": "missing_or_unverified", "mean_lts": 3.53, "connects_existing": true, "length_km": 2.729, "high_stress_km": 2.284, "project_type": "New protected link" }, "geometry": { "type": "MultiLineString", "coordinates": [ [ [ 144.6051796, -37.896919 ], [ 144.6054302, -37.8951489 ], [ 144.6055637, -37.8948903 ] ], [ [ 144.6051796, -37.896919 ], [ 144.6051559, -37.8979998 ], [ 144.6048411, -37.8989396 ], [ 144.6051796, -37.896919 ] ], [ [ 144.6058695, -37.8921211 ], [ 144.6060913, -37.8905396 ], [ 144.6062577, -37.8892635 ] ], [ [ 144.6058695, -37.8921211 ], [ 144.6055637, -37.8948903 ] ], [ [ 144.6063725, -37.8885269 ], [ 144.6062577, -37.8892635 ] ], [ [ 144.6062577, -37.8892635 ], [ 144.6064609, -37.8865012 ] ], [ [ 144.6063725, -37.8885269 ], [ 144.6065584, -37.8887559 ] ], [ [ 144.6064609, -37.8865012 ], [ 144.6064139, -37.8883024 ] ], [ [ 144.6064609, -37.8865012 ], [ 144.6081779, -37.8763085 ], [ 144.6079314, -37.8800611 ], [ 144.6079159, -37.8815927 ] ] ] } },
{ "type": "Feature", "properties": { "project_id": "SCC_00220", "scc_feature": 490, "scc_source_id": "490", "scc_type": "C2", "status": "missing_or_unverified", "mean_lts": 4.0, "connects_existing": true, "length_km": 0.29, "high_stress_km": 0.29, "project_type": "New protected link" }, "geometry": { "type": "LineString", "coordinates": [ [ 144.6149788, -37.8748155 ], [ 144.6127913, -37.8725003 ] ] } },
{ "type": "Feature", "properties": { "project_id": "SCC_00221", "scc_feature": 496, "scc_source_id": "496", "scc_type": "C2", "status": "missing_or_unverified", "mean_lts": 4.0, "connects_existing": true, "length_km": 3.955, "high_stress_km": 3.955, "project_type": "New protected link" }, "geometry": { "type": "MultiLineString", "coordinates": [ [ [ 144.6052909, -37.6888337 ], [ 144.6057283, -37.687572 ] ], [ [ 144.6065059, -37.6849024 ], [ 144.6067737, -37.6846825 ], [ 144.6080082, -37.6836713 ], [ 144.6113092, -37.6825667 ], [ 144.6148945, -37.6824952 ] ], [ [ 144.6069775, -37.6853986 ], [ 144.6057283, -37.687572 ] ], [ [ 144.6057283, -37.687572 ], [ 144.6063699, -37.685251 ] ], [ [ 144.6148945, -37.6824952 ], [ 144.6126335, -37.6826386 ], [ 144.6083388, -37.6836149 ], [ 144.6071132, -37.6850589 ] ], [ [ 144.6065059, -37.6849024 ], [ 144.6063699, -37.685251 ] ], [ [ 144.6239708, -37.6848142 ], [ 144.6229581, -37.6898942 ], [ 144.6245051, -37.6822837 ], [ 144.6221002, -37.6823163 ], [ 144.6172897, -37.6824084 ], [ 144.6148945, -37.6824952 ] ] ] } },
{ "type": "Feature", "properties": { "project_id": "SCC_00222", "scc_feature": 497, "scc_source_id": "497", "scc_type": "C2", "status": "missing_or_unverified", "mean_lts": 4.0, "connects_existing": true, "length_km": 2.376, "high_stress_km": 2.376, "project_type": "New protected link" }, "geometry": { "type": "MultiLineString", "coordinates": [ [ [ 144.6564787, -37.7086154 ], [ 144.6567931, -37.7058371 ], [ 144.6576133, -37.7003204 ], [ 144.658447, -37.6976155 ], [ 144.6589085, -37.6952006 ] ], [ [ 144.6564787, -37.7086154 ], [ 144.6554999, -37.7144804 ], [ 144.6561451, -37.7105643 ], [ 144.6552928, -37.7163687 ] ] ] } },
{ "type": "Feature", "properties": { "project_id": "SCC_00223", "scc_feature": 498, "scc_source_id": "498", "scc_type": "C2", "status": "missing_or_unverified", "mean_lts": 2.0, "connects_existing": true, "length_km": 1.233, "high_stress_km": 0.0, "project_type": "New protected link" }, "geometry": { "type": "LineString", "coordinates": [ [ 144.6191358, -37.8406752 ], [ 144.6295149, -37.841948 ], [ 144.6225994, -37.8410967 ], [ 144.6329785, -37.8423692 ] ] } },
{ "type": "Feature", "properties": { "project_id": "SCC_00224", "scc_feature": 498, "scc_source_id": "498", "scc_type": "C2", "status": "missing_or_unverified", "mean_lts": 2.0, "connects_existing": true, "length_km": 0.056, "high_stress_km": 0.0, "project_type": "New protected link" }, "geometry": { "type": "LineString", "coordinates": [ [ 144.6529203, -37.8448952 ], [ 144.6537037, -37.8445593 ] ] } },
{ "type": "Feature", "properties": { "project_id": "SCC_00225", "scc_feature": 498, "scc_source_id": "498", "scc_type": "C2", "status": "missing_or_unverified", "mean_lts": 2.85, "connects_existing": true, "length_km": 3.036, "high_stress_km": 2.043, "project_type": "New protected link" }, "geometry": { "type": "MultiLineString", "coordinates": [ [ [ 144.6536122, -37.844936 ], [ 144.6556212, -37.8450121 ] ], [ [ 144.6536122, -37.844936 ], [ 144.65328, -37.8450195 ] ], [ [ 144.6576906, -37.8453326 ], [ 144.6536122, -37.844936 ] ], [ [ 144.6582715, -37.8449297 ], [ 144.6602219, -37.845419 ] ], [ [ 144.6602219, -37.845419 ], [ 144.6595135, -37.8455401 ], [ 144.6586408, -37.8454687 ], [ 144.6576906, -37.8453326 ] ], [ [ 144.6602219, -37.845419 ], [ 144.6576906, -37.8453326 ] ], [ [ 144.6602219, -37.845419 ], [ 144.6606753, -37.8454551 ] ], [ [ 144.6632694, -37.8457139 ], [ 144.663745, -37.8457683 ] ], [ [ 144.6632694, -37.8457139 ], [ 144.6647313, -37.845842 ] ], [ [ 144.6632694, -37.8457139 ], [ 144.662724, -37.845712 ] ], [ [ 144.6640499, -37.8458285 ], [ 144.663745, -37.8457683 ] ], [ [ 144.663745, -37.8457683 ], [ 144.6647313, -37.845842 ] ], [ [ 144.6640499, -37.8458285 ], [ 144.6633995, -37.8459147 ], [ 144.662724, -37.845712 ] ], [ [ 144.6643191, -37.8459419 ], [ 144.6640499, -37.8458285 ] ], [ [ 144.6647313, -37.845842 ], [ 144.6650604, -37.8458575 ] ], [ [ 144.6668369, -37.8461 ], [ 144.6654215, -37.8459368 ] ], [ [ 144.662724, -37.845712 ], [ 144.6616213, -37.8457262 ], [ 144.6606753, -37.8454551 ] ], [ [ 144.655167, -37.8446426 ], [ 144.6556212, -37.8450121 ] ], [ [ 144.6556212, -37.8450121 ], [ 144.6560044, -37.8451098 ] ], [ [ 144.6560044, -37.8451098 ], [ 144.6573758, -37.8448668 ] ], [ [ 144.6576906, -37.8453326 ], [ 144.6560044, -37.8451098 ] ], [ [ 144.6654215, -37.8459368 ], [ 144.6650604, -37.8458575 ] ], [ [ 144.6654215, -37.8459368 ], [ 144.6673462, -37.8458037 ] ], [ [ 144.6606753, -37.8454551 ], [ 144.662724, -37.845712 ] ], [ [ 144.6610359, -37.8451919 ], [ 144.662724, -37.845712 ] ] ] } },
{ "type": "Feature", "properties": { "project_id": "SCC_00228", "scc_feature": 501, "scc_source_id": "501", "scc_type": "C2", "status": "missing_or_unverified", "mean_lts": 4.0, "connects_existing": true, "length_km": 1.144, "high_stress_km": 1.144, "project_type": "New protected link" }, "geometry": { "type": "LineString", "coordinates": [ [ 144.5438814, -37.6859209 ], [ 144.5341834, -37.6863582 ], [ 144.5406437, -37.6861057 ], [ 144.5309427, -37.6862903 ] ] } },
{ "type": "Feature", "properties": { "project_id": "SCC_00229", "scc_feature": 502, "scc_source_id": "502", "scc_type": "C2", "status": "missing_or_unverified", "mean_lts": 4.0, "connects_existing": false, "length_km": 0.31, "high_stress_km": 0.31, "project_type": "New protected link" }, "geometry": { "type": "LineString", "coordinates": [ [ 144.5644943, -37.7046776 ], [ 144.5647194, -37.7029971 ], [ 144.5648731, -37.7017658 ] ] } },
{ "type": "Feature", "properties": { "project_id": "SCC_00230", "scc_feature": 503, "scc_source_id": "503", "scc_type": "C2", "status": "missing_or_unverified", "mean_lts": 3.63, "connects_existing": false, "length_km": 0.365, "high_stress_km": 0.297, "project_type": "New protected link" }, "geometry": { "type": "MultiLineString", "coordinates": [ [ [ 144.57144, -37.6673519 ], [ 144.5714258, -37.6663964 ], [ 144.5718681, -37.6649997 ] ], [ [ 144.57144, -37.6673519 ], [ 144.571574, -37.6670663 ], [ 144.571408, -37.6676396 ], [ 144.57144, -37.6673519 ] ], [ [ 144.5718681, -37.6649997 ], [ 144.5717889, -37.6646467 ], [ 144.5720266, -37.6643091 ], [ 144.5720381, -37.6646518 ], [ 144.5718843, -37.6651983 ], [ 144.5718681, -37.6649997 ] ] ] } },
{ "type": "Feature", "properties": { "project_id": "SCC_00231", "scc_feature": 504, "scc_source_id": "504", "scc_type": "C2", "status": "missing_or_unverified", "mean_lts": 4.0, "connects_existing": true, "length_km": 0.411, "high_stress_km": 0.411, "project_type": "New protected link" }, "geometry": { "type": "LineString", "coordinates": [ [ 144.701237, -37.8793257 ], [ 144.7011397, -37.8817208 ], [ 144.7011173, -37.8798821 ], [ 144.7009479, -37.8794823 ] ] } },
{ "type": "Feature", "properties": { "project_id": "SCC_00232", "scc_feature": 504, "scc_source_id": "504", "scc_type": "C2", "status": "missing_or_unverified", "mean_lts": 4.0, "connects_existing": true, "length_km": 0.626, "high_stress_km": 0.626, "project_type": "New protected link" }, "geometry": { "type": "MultiLineString", "coordinates": [ [ [ 144.6746609, -37.8766499 ], [ 144.6727573, -37.87645 ] ], [ [ 144.6676356, -37.8759161 ], [ 144.6716703, -37.8763114 ], [ 144.6727573, -37.87645 ] ] ] } },
{ "type": "Feature", "properties": { "project_id": "SCC_00233", "scc_feature": 504, "scc_source_id": "504", "scc_type": "C2", "status": "missing_or_unverified", "mean_lts": 4.0, "connects_existing": true, "length_km": 0.221, "high_stress_km": 0.221, "project_type": "New protected link" }, "geometry": { "type": "MultiLineString", "coordinates": [ [ [ 144.7004284, -37.8822927 ], [ 144.7001353, -37.8829448 ] ], [ [ 144.7004284, -37.8822927 ], [ 144.7003527, -37.8832644 ], [ 144.7001353, -37.8829448 ] ] ] } },
{ "type": "Feature", "properties": { "project_id": "SCC_00236", "scc_feature": 507, "scc_source_id": "507", "scc_type": "C2", "status": "missing_or_unverified", "mean_lts": 4.0, "connects_existing": true, "length_km": 2.764, "high_stress_km": 2.764, "project_type": "New protected link" }, "geometry": { "type": "MultiLineString", "coordinates": [ [ [ 144.650584, -37.7447599 ], [ 144.651208, -37.7408164 ] ], [ [ 144.650584, -37.7447599 ], [ 144.6649727, -37.7444242 ], [ 144.6592197, -37.7444092 ], [ 144.6534587, -37.744646 ], [ 144.6678361, -37.7446702 ] ], [ [ 144.6689895, -37.7448011 ], [ 144.6678361, -37.7446702 ] ], [ [ 144.6689895, -37.7448011 ], [ 144.6716241, -37.7451056 ], [ 144.676869, -37.7457678 ] ] ] } },
{ "type": "Feature", "properties": { "project_id": "SCC_00237", "scc_feature": 507, "scc_source_id": "507", "scc_type": "C2", "status": "missing_or_unverified", "mean_lts": 4.0, "connects_existing": true, "length_km": 2.088, "high_stress_km": 2.088, "project_type": "New protected link" }, "geometry": { "type": "LineString", "coordinates": [ [ 144.6821254, -37.7464301 ], [ 144.6873691, -37.7471369 ], [ 144.6925753, -37.7479599 ], [ 144.6973531, -37.7497926 ], [ 144.7018242, -37.7520066 ], [ 144.7037724, -37.7532341 ] ] } },
{ "type": "Feature", "properties": { "project_id": "SCC_00238", "scc_feature": 508, "scc_source_id": "508", "scc_type": "C2", "status": "missing_or_unverified", "mean_lts": 2.0, "connects_existing": true, "length_km": 2.766, "high_stress_km": 0.0, "project_type": "New protected link" }, "geometry": { "type": "MultiLineString", "coordinates": [ [ [ 144.6124447, -37.8543628 ], [ 144.6104622, -37.8640186 ], [ 144.6111788, -37.8601313 ], [ 144.6118726, -37.8562436 ], [ 144.6101722, -37.8659591 ], [ 144.6097359, -37.8692574 ] ], [ [ 144.6124447, -37.8543628 ], [ 144.6128025, -37.8524327 ], [ 144.6134952, -37.8485719 ], [ 144.6142333, -37.8447121 ] ] ] } },
{ "type": "Feature", "properties": { "project_id": "SCC_00239", "scc_feature": 512, "scc_source_id": "512", "scc_type": "C2", "status": "missing_or_unverified", "mean_lts": 4.0, "connects_existing": true, "length_km": 0.9, "high_stress_km": 0.9, "project_type": "New protected link" }, "geometry": { "type": "MultiLineString", "coordinates": [ [ [ 144.5628671, -37.7127992 ], [ 144.5630203, -37.7115858 ] ], [ [ 144.5636084, -37.7088676 ], [ 144.5637263, -37.708041 ] ], [ [ 144.5636084, -37.7088676 ], [ 144.5630203, -37.7115858 ] ], [ [ 144.5644943, -37.7046776 ], [ 144.5637263, -37.708041 ] ] ] } },
{ "type": "Feature", "properties": { "project_id": "SCC_00240", "scc_feature": 513, "scc_source_id": "513", "scc_type": "C2", "status": "missing_or_unverified", "mean_lts": 3.55, "connects_existing": false, "length_km": 1.117, "high_stress_km": 1.117, "project_type": "New protected link" }, "geometry": { "type": "MultiLineString", "coordinates": [ [ [ 144.5896388, -37.496282 ], [ 144.5897587, -37.4943109 ] ], [ [ 144.5896388, -37.496282 ], [ 144.5891064, -37.4998217 ], [ 144.5869646, -37.4995977 ], [ 144.5859508, -37.4994688 ], [ 144.5856241, -37.4994261 ], [ 144.5835064, -37.4991575 ] ] ] } },
{ "type": "Feature", "properties": { "project_id": "SCC_00241", "scc_feature": 513, "scc_source_id": "513", "scc_type": "C2", "status": "missing_or_unverified", "mean_lts": 3.63, "connects_existing": false, "length_km": 2.154, "high_stress_km": 1.861, "project_type": "New protected link" }, "geometry": { "type": "MultiLineString", "coordinates": [ [ [ 144.5902835, -37.4920597 ], [ 144.5903073, -37.4923756 ], [ 144.5896161, -37.4938214 ] ], [ [ 144.5912095, -37.4875277 ], [ 144.5910788, -37.4873719 ] ], [ [ 144.591117, -37.4879404 ], [ 144.5910788, -37.4873719 ] ], [ [ 144.5910788, -37.4873719 ], [ 144.5913054, -37.487007 ] ], [ [ 144.591117, -37.4879404 ], [ 144.5912095, -37.4875277 ] ], [ [ 144.5912095, -37.4875277 ], [ 144.5913054, -37.487007 ] ], [ [ 144.5914992, -37.4859025 ], [ 144.5915086, -37.484551 ] ], [ [ 144.5915304, -37.484227 ], [ 144.5915086, -37.484551 ] ], [ [ 144.5914992, -37.4859025 ], [ 144.5914578, -37.4864875 ] ], [ [ 144.5913054, -37.487007 ], [ 144.5914578, -37.4864875 ] ], [ [ 144.5914578, -37.4864875 ], [ 144.5913731, -37.4863055 ] ], [ [ 144.5914992, -37.4859025 ], [ 144.5917333, -37.4863579 ], [ 144.5916314, -37.4870677 ], [ 144.5918931, -37.4877219 ] ], [ [ 144.5918745, -37.4830175 ], [ 144.591834, -37.4839268 ], [ 144.5917796, -37.4845655 ], [ 144.5914992, -37.4859025 ] ], [ [ 144.591117, -37.4879404 ], [ 144.5906775, -37.4900041 ] ], [ [ 144.5913731, -37.4863055 ], [ 144.5914992, -37.4859025 ] ], [ [ 144.5913054, -37.487007 ], [ 144.5913731, -37.4863055 ] ], [ [ 144.5913054, -37.487007 ], [ 144.5913802, -37.4878466 ] ], [ [ 144.5902835, -37.4920597 ], [ 144.5906775, -37.4900041 ] ] ] } },
{ "type": "Feature", "properties": { "project_id": "SCC_00242", "scc_feature": 513, "scc_source_id": "513", "scc_type": "C2", "status": "missing_or_unverified", "mean_lts": 3.32, "connects_existing": true, "length_km": 2.38, "high_stress_km": 1.745, "project_type": "New protected link" }, "geometry": { "type": "MultiLineString", "coordinates": [ [ [ 144.5940596, -37.4705989 ], [ 144.5944254, -37.4694169 ], [ 144.5946137, -37.4691864 ], [ 144.5950232, -37.4676988 ] ], [ [ 144.5940596, -37.4705989 ], [ 144.5938954, -37.4711363 ] ], [ [ 144.5940596, -37.4705989 ], [ 144.5950232, -37.4676988 ] ], [ [ 144.5948003, -37.46901 ], [ 144.5954044, -37.4670938 ] ], [ [ 144.5985064, -37.4644894 ], [ 144.5989347, -37.4634708 ], [ 144.5993335, -37.4626679 ] ], [ [ 144.5985064, -37.4644894 ], [ 144.5964136, -37.4641765 ], [ 144.5954044, -37.4670938 ] ], [ [ 144.593085, -37.4738413 ], [ 144.5925037, -37.4757489 ] ], [ [ 144.593085, -37.4738413 ], [ 144.5935053, -37.472372 ], [ 144.5938954, -37.4711363 ] ], [ [ 144.5950232, -37.4676988 ], [ 144.5954044, -37.4670938 ] ] ] } },
{ "type": "Feature", "properties": { "project_id": "SCC_00243", "scc_feature": 514, "scc_source_id": "514", "scc_type": "C2", "status": "missing_or_unverified", "mean_lts": 4.0, "connects_existing": true, "length_km": 0.456, "high_stress_km": 0.456, "project_type": "New protected link" }, "geometry": { "type": "LineString", "coordinates": [ [ 144.5995995, -37.4554099 ], [ 144.5981368, -37.4594354 ] ] } },
{ "type": "Feature", "properties": { "project_id": "SCC_00244", "scc_feature": 515, "scc_source_id": "515", "scc_type": "C2", "status": "missing_or_unverified", "mean_lts": 2.0, "connects_existing": false, "length_km": 0.347, "high_stress_km": 0.0, "project_type": "New protected link" }, "geometry": { "type": "LineString", "coordinates": [ [ 144.5749097, -37.7038741 ], [ 144.5787225, -37.7045112 ] ] } },
{ "type": "Feature", "properties": { "project_id": "SCC_00245", "scc_feature": 515, "scc_source_id": "515", "scc_type": "C2", "status": "missing_or_unverified", "mean_lts": 2.0, "connects_existing": false, "length_km": 0.454, "high_stress_km": 0.0, "project_type": "New protected link" }, "geometry": { "type": "LineString", "coordinates": [ [ 144.5840731, -37.7063422 ], [ 144.5859813, -37.706958 ], [ 144.5869226, -37.7073107 ], [ 144.5878093, -37.7075992 ], [ 144.5886847, -37.7078875 ] ] } },
{ "type": "Feature", "properties": { "project_id": "SCC_00246", "scc_feature": 517, "scc_source_id": "517", "scc_type": "C2", "status": "missing_or_unverified", "mean_lts": 3.78, "connects_existing": true, "length_km": 2.82, "high_stress_km": 2.538, "project_type": "New protected link" }, "geometry": { "type": "MultiLineString", "coordinates": [ [ [ 144.578405, -37.6835984 ], [ 144.5779859, -37.6839323 ] ], [ [ 144.587468, -37.6831445 ], [ 144.5861565, -37.6830275 ] ], [ [ 144.5861565, -37.6830275 ], [ 144.5857733, -37.6829566 ] ], [ [ 144.5876685, -37.6829053 ], [ 144.5861565, -37.6830275 ] ], [ [ 144.5857733, -37.6829566 ], [ 144.5865677, -37.6829368 ] ], [ [ 144.5865677, -37.6829368 ], [ 144.5882174, -37.6827633 ] ], [ [ 144.5865677, -37.6829368 ], [ 144.5876685, -37.6829053 ] ], [ [ 144.5780889, -37.6835559 ], [ 144.58044, -37.683433 ] ], [ [ 144.578405, -37.6835984 ], [ 144.5780889, -37.6835559 ] ], [ [ 144.5780889, -37.6835559 ], [ 144.5776089, -37.6836722 ], [ 144.5749742, -37.6837982 ] ], [ [ 144.5749742, -37.6837982 ], [ 144.5780889, -37.6835559 ] ], [ [ 144.58044, -37.683433 ], [ 144.578405, -37.6835984 ] ], [ [ 144.58044, -37.683433 ], [ 144.5831552, -37.6832724 ] ], [ [ 144.5857733, -37.6829566 ], [ 144.5831552, -37.6832724 ] ], [ [ 144.5749742, -37.6837982 ], [ 144.5734613, -37.6839473 ], [ 144.5711886, -37.6840988 ] ], [ [ 144.5882174, -37.6827633 ], [ 144.5876685, -37.6829053 ] ], [ [ 144.594853, -37.683737 ], [ 144.5915726, -37.6827959 ], [ 144.5882174, -37.6827633 ] ] ] } },
{ "type": "Feature", "properties": { "project_id": "SCC_00247", "scc_feature": 517, "scc_source_id": "517", "scc_type": "C2", "status": "missing_or_unverified", "mean_lts": 1.0, "connects_existing": true, "length_km": 0.197, "high_stress_km": 0.0, "project_type": "New protected link" }, "geometry": { "type": "LineString", "coordinates": [ [ 144.5890573, -37.6827355 ], [ 144.5933489, -37.6829133 ] ] } },
{ "type": "Feature", "properties": { "project_id": "SCC_00248", "scc_feature": 517, "scc_source_id": "517", "scc_type": "C2", "status": "missing_or_unverified", "mean_lts": 4.0, "connects_existing": true, "length_km": 0.198, "high_stress_km": 0.198, "project_type": "New protected link" }, "geometry": { "type": "LineString", "coordinates": [ [ 144.5911559, -37.6827063 ], [ 144.5941401, -37.683344 ] ] } },
{ "type": "Feature", "properties": { "project_id": "SCC_00249", "scc_feature": 517, "scc_source_id": "517", "scc_type": "C2", "status": "missing_or_unverified", "mean_lts": 4.0, "connects_existing": true, "length_km": 1.94, "high_stress_km": 1.94, "project_type": "New protected link" }, "geometry": { "type": "MultiLineString", "coordinates": [ [ [ 144.5984532, -37.6863696 ], [ 144.6023221, -37.6891158 ], [ 144.6026862, -37.6894295 ] ], [ [ 144.6033735, -37.6899211 ], [ 144.6038608, -37.6902825 ], [ 144.6046236, -37.6905413 ], [ 144.6052315, -37.6906798 ] ], [ [ 144.6045643, -37.6909726 ], [ 144.6051295, -37.6910292 ] ], [ [ 144.6026862, -37.6894295 ], [ 144.6033735, -37.6899211 ] ], [ [ 144.6026862, -37.6894295 ], [ 144.6005348, -37.6879259 ], [ 144.5984532, -37.6863696 ] ], [ [ 144.6045643, -37.6909726 ], [ 144.6033735, -37.6899211 ] ], [ [ 144.5952209, -37.6839337 ], [ 144.5972771, -37.6855707 ], [ 144.5984532, -37.6863696 ] ] ] } },
{ "type": "Feature", "properties": { "project_id": "SCC_00250", "scc_feature": 518, "scc_source_id": "518", "scc_type": "C2", "status": "missing_or_unverified", "mean_lts": 4.0, "connects_existing": true, "length_km": 3.282, "high_stress_km": 3.282, "project_type": "New protected link" }, "geometry": { "type": "MultiLineString", "coordinates": [ [ [ 144.6015487, -37.7078346 ], [ 144.6007603, -37.7122341 ] ], [ [ 144.6015487, -37.7078346 ], [ 144.6017605, -37.7061899 ], [ 144.6021116, -37.7051517 ] ], [ [ 144.6032407, -37.6989748 ], [ 144.6033345, -37.6981747 ], [ 144.603541, -37.697395 ] ], [ [ 144.603541, -37.697395 ], [ 144.6034676, -37.6982676 ], [ 144.6032407, -37.6989748 ] ], [ [ 144.6042829, -37.6933729 ], [ 144.604368, -37.6924916 ], [ 144.6045643, -37.6909726 ] ], [ [ 144.6051295, -37.6910292 ], [ 144.6045575, -37.6922431 ], [ 144.6042829, -37.6933729 ] ], [ [ 144.6051295, -37.6910292 ], [ 144.6052315, -37.6906798 ] ], [ [ 144.6032407, -37.6989748 ], [ 144.6029118, -37.7007344 ], [ 144.6024303, -37.7030045 ], [ 144.6021116, -37.7051517 ] ], [ [ 144.6021116, -37.7051517 ], [ 144.6021018, -37.7061608 ], [ 144.602016, -37.7063573 ], [ 144.6015487, -37.7078346 ] ], [ [ 144.603541, -37.697395 ], [ 144.6042829, -37.6933729 ] ] ] } },
{ "type": "Feature", "properties": { "project_id": "SCC_00251", "scc_feature": 520, "scc_source_id": "520", "scc_type": "C2", "status": "missing_or_unverified", "mean_lts": 4.0, "connects_existing": false, "length_km": 0.507, "high_stress_km": 0.507, "project_type": "New protected link" }, "geometry": { "type": "MultiLineString", "coordinates": [ [ [ 144.6973779, -37.6870821 ], [ 144.6998158, -37.6874541 ], [ 144.697348, -37.6873158 ] ], [ [ 144.6970196, -37.6873004 ], [ 144.697348, -37.6873158 ] ], [ [ 144.6973779, -37.6870821 ], [ 144.6970391, -37.6870395 ] ] ] } },
{ "type": "Feature", "properties": { "project_id": "SCC_00252", "scc_feature": 520, "scc_source_id": "520", "scc_type": "C2", "status": "missing_or_unverified", "mean_lts": 4.0, "connects_existing": true, "length_km": 6.204, "high_stress_km": 6.204, "project_type": "New protected link" }, "geometry": { "type": "MultiLineString", "coordinates": [ [ [ 144.7088122, -37.6290721 ], [ 144.7085824, -37.6295453 ] ], [ [ 144.7085824, -37.6295453 ], [ 144.7085059, -37.6290842 ] ], [ [ 144.7085824, -37.6295453 ], [ 144.7031679, -37.6559791 ], [ 144.7040306, -37.6511567 ], [ 144.7049384, -37.6463351 ], [ 144.7059248, -37.6415331 ], [ 144.7069791, -37.6367324 ], [ 144.7080329, -37.6319407 ], [ 144.7027423, -37.6583859 ] ], [ [ 144.6978881, -37.6837849 ], [ 144.6988582, -37.6791809 ], [ 144.6998397, -37.6745681 ], [ 144.7007304, -37.6699536 ], [ 144.7014967, -37.6653275 ], [ 144.7023308, -37.6607029 ], [ 144.7027423, -37.6583859 ] ] ] } },
{ "type": "Feature", "properties": { "project_id": "SCC_00253", "scc_feature": 521, "scc_source_id": "521", "scc_type": "C2", "status": "missing_or_unverified", "mean_lts": 4.0, "connects_existing": true, "length_km": 0.597, "high_stress_km": 0.597, "project_type": "New protected link" }, "geometry": { "type": "MultiLineString", "coordinates": [ [ [ 144.7087299, -37.6284307 ], [ 144.7086355, -37.6267076 ], [ 144.7069427, -37.6246471 ] ], [ [ 144.7087299, -37.6284307 ], [ 144.7088122, -37.6290721 ], [ 144.7085059, -37.6290842 ] ] ] } },
{ "type": "Feature", "properties": { "project_id": "SCC_00254", "scc_feature": 541, "scc_source_id": "541", "scc_type": "C2", "status": "missing_or_unverified", "mean_lts": 4.0, "connects_existing": true, "length_km": 0.189, "high_stress_km": 0.189, "project_type": "New protected link" }, "geometry": { "type": "LineString", "coordinates": [ [ 144.6964403, -37.8978943 ], [ 144.6942751, -37.898771 ] ] } },
{ "type": "Feature", "properties": { "project_id": "SCC_00255", "scc_feature": 541, "scc_source_id": "541", "scc_type": "C2", "status": "missing_or_unverified", "mean_lts": 4.0, "connects_existing": true, "length_km": 0.443, "high_stress_km": 0.443, "project_type": "New protected link" }, "geometry": { "type": "MultiLineString", "coordinates": [ [ [ 144.7372718, -37.8772577 ], [ 144.7368036, -37.8780687 ], [ 144.7366576, -37.8783813 ], [ 144.7369027, -37.8774308 ] ], [ [ 144.7369027, -37.8774308 ], [ 144.7370825, -37.8767585 ] ], [ [ 144.7361023, -37.8786951 ], [ 144.7369027, -37.8774308 ] ] ] } },
{ "type": "Feature", "properties": { "project_id": "SCC_00258", "scc_feature": 571, "scc_source_id": "571", "scc_type": "C2", "status": "missing_or_unverified", "mean_lts": 2.0, "connects_existing": true, "length_km": 0.139, "high_stress_km": 0.0, "project_type": "New protected link" }, "geometry": { "type": "LineString", "coordinates": [ [ 144.4148803, -37.6839279 ], [ 144.4136877, -37.684965 ] ] } },
{ "type": "Feature", "properties": { "project_id": "SCC_00259", "scc_feature": 573, "scc_source_id": "573", "scc_type": "C2", "status": "missing_or_unverified", "mean_lts": 4.0, "connects_existing": true, "length_km": 0.112, "high_stress_km": 0.112, "project_type": "New protected link" }, "geometry": { "type": "LineString", "coordinates": [ [ 144.7737077, -37.7778894 ], [ 144.7737131, -37.7773308 ], [ 144.7740794, -37.7779866 ] ] } },
{ "type": "Feature", "properties": { "project_id": "SCC_00260", "scc_feature": 573, "scc_source_id": "573", "scc_type": "C2", "status": "missing_or_unverified", "mean_lts": 3.86, "connects_existing": true, "length_km": 3.712, "high_stress_km": 3.475, "project_type": "New protected link" }, "geometry": { "type": "MultiLineString", "coordinates": [ [ [ 144.7778485, -37.7525911 ], [ 144.7777167, -37.7535799 ], [ 144.7773869, -37.7562591 ], [ 144.7771686, -37.7567236 ], [ 144.7767261, -37.7601306 ], [ 144.7763, -37.7626098 ] ], [ [ 144.7778485, -37.7525911 ], [ 144.7779278, -37.7510786 ], [ 144.7783794, -37.7485008 ] ], [ [ 144.7775709, -37.7531446 ], [ 144.7778485, -37.7525911 ] ], [ [ 144.7780466, -37.7516576 ], [ 144.7778485, -37.7525911 ] ], [ [ 144.7752545, -37.7660595 ], [ 144.7754235, -37.7653417 ], [ 144.7758991, -37.7627284 ], [ 144.7762283, -37.7608331 ], [ 144.776379, -37.7599709 ], [ 144.7768184, -37.7574289 ], [ 144.776955, -37.7566565 ], [ 144.7775709, -37.7531446 ] ], [ [ 144.7784371, -37.7499888 ], [ 144.7782904, -37.7503375 ] ], [ [ 144.7784371, -37.7499888 ], [ 144.7784328, -37.7505114 ] ], [ [ 144.7775709, -37.7531446 ], [ 144.7774047, -37.7526278 ] ], [ [ 144.7782904, -37.7503375 ], [ 144.7781541, -37.7511009 ], [ 144.7780466, -37.7516576 ] ], [ [ 144.7782904, -37.7503375 ], [ 144.7784328, -37.7505114 ] ], [ [ 144.7784328, -37.7505114 ], [ 144.7783626, -37.7509607 ], [ 144.7780466, -37.7516576 ] ] ] } },
{ "type": "Feature", "properties": { "project_id": "SCC_00261", "scc_feature": 573, "scc_source_id": "573", "scc_type": "C2", "status": "missing_or_unverified", "mean_lts": 3.38, "connects_existing": true, "length_km": 1.661, "high_stress_km": 1.145, "project_type": "New protected link" }, "geometry": { "type": "MultiLineString", "coordinates": [ [ [ 144.7747983, -37.7702953 ], [ 144.7748229, -37.7706112 ] ], [ [ 144.7743247, -37.7732151 ], [ 144.7748229, -37.7706112 ] ], [ [ 144.7748229, -37.7706112 ], [ 144.7745887, -37.7712285 ] ], [ [ 144.7749604, -37.7698117 ], [ 144.775221, -37.7702041 ], [ 144.7750255, -37.7695336 ] ], [ [ 144.7750255, -37.7695336 ], [ 144.7749604, -37.7698117 ] ], [ [ 144.7750255, -37.7695336 ], [ 144.7750527, -37.767867 ] ], [ [ 144.7746511, -37.770662 ], [ 144.7747983, -37.7702953 ] ], [ [ 144.7747983, -37.7702953 ], [ 144.7747613, -37.7700152 ], [ 144.7750255, -37.7695336 ] ], [ [ 144.7749604, -37.7698117 ], [ 144.7747983, -37.7702953 ] ], [ [ 144.7738101, -37.7771254 ], [ 144.7739408, -37.7761726 ] ], [ [ 144.7743247, -37.7732151 ], [ 144.7742226, -37.7739701 ], [ 144.7739408, -37.7761726 ] ], [ [ 144.7745887, -37.7712285 ], [ 144.7744714, -37.7721094 ], [ 144.7743539, -37.7729994 ], [ 144.7743247, -37.7732151 ] ], [ [ 144.7746511, -37.770662 ], [ 144.7745773, -37.7704713 ] ], [ [ 144.7745887, -37.7712285 ], [ 144.7746511, -37.770662 ] ] ] } },
{ "type": "Feature", "properties": { "project_id": "SCC_00262", "scc_feature": 573, "scc_source_id": "573", "scc_type": "C2", "status": "missing_or_unverified", "mean_lts": 4.0, "connects_existing": true, "length_km": 0.069, "high_stress_km": 0.069, "project_type": "New protected link" }, "geometry": { "type": "LineString", "coordinates": [ [ 144.7757628, -37.7653842 ], [ 144.7755143, -37.7668574 ] ] } },
{ "type": "Feature", "properties": { "project_id": "SCC_00263", "scc_feature": 574, "scc_source_id": "574", "scc_type": "C2", "status": "missing_or_unverified", "mean_lts": 4.0, "connects_existing": false, "length_km": 0.171, "high_stress_km": 0.171, "project_type": "New protected link" }, "geometry": { "type": "LineString", "coordinates": [ [ 144.7785936, -37.7485499 ], [ 144.7785512, -37.7488285 ], [ 144.7784371, -37.7499888 ] ] } },
{ "type": "Feature", "properties": { "project_id": "SCC_00264", "scc_feature": 576, "scc_source_id": "576", "scc_type": "C2", "status": "missing_or_unverified", "mean_lts": 4.0, "connects_existing": false, "length_km": 3.646, "high_stress_km": 3.646, "project_type": "New protected link" }, "geometry": { "type": "MultiLineString", "coordinates": [ [ [ 144.7803639, -37.7363996 ], [ 144.7809717, -37.7342844 ] ], [ [ 144.7803639, -37.7363996 ], [ 144.7801089, -37.738098 ] ], [ [ 144.7809717, -37.7342844 ], [ 144.7815783, -37.7306911 ], [ 144.7816926, -37.7299003 ] ], [ [ 144.7809717, -37.7342844 ], [ 144.7805874, -37.735755 ], [ 144.7803639, -37.7363996 ] ], [ [ 144.7794491, -37.7419516 ], [ 144.7789713, -37.7442676 ] ], [ [ 144.7797527, -37.740146 ], [ 144.7794491, -37.7419516 ] ], [ [ 144.7794491, -37.7419516 ], [ 144.7793772, -37.7416979 ], [ 144.7797527, -37.740146 ] ], [ [ 144.7797527, -37.740146 ], [ 144.7801089, -37.738098 ] ], [ [ 144.7801089, -37.738098 ], [ 144.7799678, -37.7394021 ], [ 144.7797527, -37.740146 ] ], [ [ 144.7789713, -37.7442676 ], [ 144.7787346, -37.7461105 ] ], [ [ 144.7789713, -37.7442676 ], [ 144.779255, -37.7423715 ], [ 144.7794491, -37.7419516 ] ], [ [ 144.7783794, -37.7485008 ], [ 144.7787346, -37.7461105 ] ], [ [ 144.7787346, -37.7461105 ], [ 144.7787486, -37.7452636 ], [ 144.7789713, -37.7442676 ] ], [ [ 144.7787346, -37.7461105 ], [ 144.7787193, -37.7466238 ], [ 144.7785936, -37.7485499 ] ] ] } },
{ "type": "Feature", "properties": { "project_id": "SCC_00265", "scc_feature": 576, "scc_source_id": "576", "scc_type": "C2", "status": "missing_or_unverified", "mean_lts": 4.0, "connects_existing": true, "length_km": 0.139, "high_stress_km": 0.139, "project_type": "New protected link" }, "geometry": { "type": "MultiLineString", "coordinates": [ [ [ 144.777799, -37.7106051 ], [ 144.7778144, -37.7108487 ] ], [ [ 144.7786395, -37.7128469 ], [ 144.7778144, -37.7108487 ] ], [ [ 144.7778144, -37.7108487 ], [ 144.7791829, -37.7132626 ] ] ] } },
{ "type": "Feature", "properties": { "project_id": "SCC_00266", "scc_feature": 578, "scc_source_id": "578", "scc_type": "C2", "status": "missing_or_unverified", "mean_lts": 2.14, "connects_existing": false, "length_km": 0.687, "high_stress_km": 0.098, "project_type": "New protected link" }, "geometry": { "type": "MultiLineString", "coordinates": [ [ [ 144.7575989, -37.6683725 ], [ 144.7567013, -37.6684366 ] ], [ [ 144.7620158, -37.67116 ], [ 144.7594922, -37.669499 ], [ 144.7567013, -37.6684366 ] ] ] } },
{ "type": "Feature", "properties": { "project_id": "SCC_00267", "scc_feature": 578, "scc_source_id": "578", "scc_type": "C2", "status": "missing_or_unverified", "mean_lts": 2.0, "connects_existing": false, "length_km": 0.187, "high_stress_km": 0.0, "project_type": "New protected link" }, "geometry": { "type": "LineString", "coordinates": [ [ 144.7468243, -37.6636523 ], [ 144.7448572, -37.663101 ] ] } },
{ "type": "Feature", "properties": { "project_id": "SCC_00269", "scc_feature": 579, "scc_source_id": "579", "scc_type": "C2", "status": "missing_or_unverified", "mean_lts": 2.0, "connects_existing": true, "length_km": 0.972, "high_stress_km": 0.0, "project_type": "New protected link" }, "geometry": { "type": "MultiLineString", "coordinates": [ [ [ 144.7939491, -37.7317254 ], [ 144.7937081, -37.7302881 ], [ 144.7932971, -37.729226 ] ], [ [ 144.7954116, -37.7363578 ], [ 144.7947088, -37.7340376 ] ], [ [ 144.7939491, -37.7317254 ], [ 144.7947088, -37.7340376 ] ] ] } },
{ "type": "Feature", "properties": { "project_id": "SCC_00270", "scc_feature": 579, "scc_source_id": "579", "scc_type": "C2", "status": "missing_or_unverified", "mean_lts": 4.0, "connects_existing": true, "length_km": 0.124, "high_stress_km": 0.124, "project_type": "New protected link" }, "geometry": { "type": "LineString", "coordinates": [ [ 144.7816377, -37.7112092 ], [ 144.7824822, -37.7121803 ] ] } },
{ "type": "Feature", "properties": { "project_id": "SCC_00271", "scc_feature": 579, "scc_source_id": "579", "scc_type": "C2", "status": "missing_or_unverified", "mean_lts": 4.0, "connects_existing": true, "length_km": 0.187, "high_stress_km": 0.187, "project_type": "New protected link" }, "geometry": { "type": "LineString", "coordinates": [ [ 144.7810942, -37.7104149 ], [ 144.7807227, -37.7099393 ], [ 144.7798046, -37.7087775 ] ] } },
{ "type": "Feature", "properties": { "project_id": "SCC_00272", "scc_feature": 580, "scc_source_id": "580", "scc_type": "C2", "status": "missing_or_unverified", "mean_lts": 2.21, "connects_existing": true, "length_km": 0.407, "high_stress_km": 0.087, "project_type": "New protected link" }, "geometry": { "type": "MultiLineString", "coordinates": [ [ [ 144.7785936, -37.7485499 ], [ 144.7788142, -37.7487614 ] ], [ [ 144.7796177, -37.7488396 ], [ 144.7788142, -37.7487614 ] ], [ [ 144.7796177, -37.7488396 ], [ 144.7817553, -37.7490871 ] ], [ [ 144.7827273, -37.7492226 ], [ 144.7817553, -37.7490871 ] ], [ [ 144.7788142, -37.7487614 ], [ 144.7785512, -37.7488285 ] ] ] } },
{ "type": "Feature", "properties": { "project_id": "SCC_00273", "scc_feature": 580, "scc_source_id": "580", "scc_type": "C2", "status": "missing_or_unverified", "mean_lts": 2.0, "connects_existing": true, "length_km": 0.075, "high_stress_km": 0.0, "project_type": "New protected link" }, "geometry": { "type": "LineString", "coordinates": [ [ 144.7868676, -37.7489129 ], [ 144.786498, -37.7495098 ] ] } },
{ "type": "Feature", "properties": { "project_id": "SCC_00274", "scc_feature": 581, "scc_source_id": "581", "scc_type": "C2", "status": "missing_or_unverified", "mean_lts": 3.65, "connects_existing": false, "length_km": 0.077, "high_stress_km": 0.077, "project_type": "New protected link" }, "geometry": { "type": "MultiLineString", "coordinates": [ [ [ 144.8035385, -37.7489456 ], [ 144.803822, -37.7493384 ] ], [ [ 144.8038519, -37.7490956 ], [ 144.803822, -37.7493384 ] ] ] } },
{ "type": "Feature", "properties": { "project_id": "SCC_00275", "scc_feature": 582, "scc_source_id": "582", "scc_type": "C2", "status": "missing_or_unverified", "mean_lts": 4.0, "connects_existing": true, "length_km": 0.335, "high_stress_km": 0.335, "project_type": "New protected link" }, "geometry": { "type": "LineString", "coordinates": [ [ 144.803822, -37.7493384 ], [ 144.8042584, -37.7499322 ], [ 144.8059068, -37.7521438 ] ] } },
{ "type": "Feature", "properties": { "project_id": "SCC_00276", "scc_feature": 584, "scc_source_id": "584", "scc_type": "C2", "status": "missing_or_unverified", "mean_lts": 4.0, "connects_existing": false, "length_km": 0.881, "high_stress_km": 0.881, "project_type": "New protected link" }, "geometry": { "type": "MultiLineString", "coordinates": [ [ [ 144.8119409, -37.8700008 ], [ 144.8117289, -37.8706367 ] ], [ [ 144.8121816, -37.8714742 ], [ 144.8117289, -37.8706367 ] ], [ [ 144.8119409, -37.8700008 ], [ 144.8123035, -37.8677367 ], [ 144.8126628, -37.8655806 ], [ 144.8126767, -37.8647248 ] ], [ [ 144.8121816, -37.8714742 ], [ 144.8128736, -37.872289 ] ] ] } },
{ "type": "Feature", "properties": { "project_id": "SCC_00277", "scc_feature": 584, "scc_source_id": "584", "scc_type": "C2", "status": "missing_or_unverified", "mean_lts": 4.0, "connects_existing": false, "length_km": 0.858, "high_stress_km": 0.858, "project_type": "New protected link" }, "geometry": { "type": "MultiLineString", "coordinates": [ [ [ 144.7776675, -37.8715033 ], [ 144.7786162, -37.8717105 ] ], [ [ 144.7797445, -37.8719931 ], [ 144.7786162, -37.8717105 ] ], [ [ 144.7865265, -37.8736708 ], [ 144.7855264, -37.8732825 ] ], [ [ 144.7855264, -37.8732825 ], [ 144.7865892, -37.8734737 ] ], [ [ 144.7797445, -37.8719931 ], [ 144.7808748, -37.8722126 ], [ 144.7819698, -37.8724676 ], [ 144.7830765, -37.8727137 ], [ 144.7841716, -37.8729687 ], [ 144.7852669, -37.8732146 ], [ 144.7855264, -37.8732825 ] ] ] } },
{ "type": "Feature", "properties": { "project_id": "SCC_00278", "scc_feature": 584, "scc_source_id": "584", "scc_type": "C2", "status": "missing_or_unverified", "mean_lts": 3.2, "connects_existing": false, "length_km": 0.421, "high_stress_km": 0.421, "project_type": "New protected link" }, "geometry": { "type": "LineString", "coordinates": [ [ 144.8135837, -37.8648047 ], [ 144.8145467, -37.8649127 ], [ 144.8161402, -37.8648432 ], [ 144.8172052, -37.864962 ], [ 144.8182559, -37.8651798 ] ] } },
{ "type": "Feature", "properties": { "project_id": "SCC_00279", "scc_feature": 585, "scc_source_id": "585", "scc_type": "C2", "status": "missing_or_unverified", "mean_lts": 3.51, "connects_existing": true, "length_km": 0.07, "high_stress_km": 0.07, "project_type": "New protected link" }, "geometry": { "type": "MultiLineString", "coordinates": [ [ [ 144.8035385, -37.7489456 ], [ 144.8038807, -37.7488889 ] ], [ [ 144.8039623, -37.7484308 ], [ 144.8038807, -37.7488889 ] ] ] } },
{ "type": "Feature", "properties": { "project_id": "SCC_00280", "scc_feature": 586, "scc_source_id": "586", "scc_type": "C2", "status": "missing_or_unverified", "mean_lts": 2.34, "connects_existing": false, "length_km": 1.873, "high_stress_km": 0.628, "project_type": "New protected link" }, "geometry": { "type": "MultiLineString", "coordinates": [ [ [ 144.8188283, -37.8623428 ], [ 144.8186226, -37.86315 ] ], [ [ 144.8182559, -37.8651798 ], [ 144.8184212, -37.8642006 ], [ 144.8186226, -37.86315 ] ], [ [ 144.8188283, -37.8623428 ], [ 144.8191432, -37.8605283 ] ], [ [ 144.8191432, -37.8605283 ], [ 144.8190722, -37.8602386 ], [ 144.8190913, -37.8599776 ], [ 144.819504, -37.8575431 ], [ 144.8195696, -37.857247 ], [ 144.8200359, -37.8545341 ] ], [ [ 144.820308, -37.8545572 ], [ 144.8198647, -37.8572615 ], [ 144.8197986, -37.8575756 ], [ 144.819375, -37.8599919 ], [ 144.8193327, -37.8602704 ], [ 144.8191432, -37.8605283 ] ] ] } },
{ "type": "Feature", "properties": { "project_id": "SCC_00281", "scc_feature": 587, "scc_source_id": "587", "scc_type": "C2", "status": "missing_or_unverified", "mean_lts": 4.0, "connects_existing": true, "length_km": 1.168, "high_stress_km": 1.168, "project_type": "New protected link" }, "geometry": { "type": "MultiLineString", "coordinates": [ [ [ 144.8287898, -37.8277154 ], [ 144.829184, -37.8274433 ] ], [ [ 144.829184, -37.8274433 ], [ 144.8290053, -37.8277284 ] ], [ [ 144.829687, -37.823073 ], [ 144.829518, -37.8241873 ], [ 144.8294066, -37.8252757 ] ], [ [ 144.829687, -37.823073 ], [ 144.8292056, -37.8224423 ] ], [ [ 144.829687, -37.823073 ], [ 144.8298695, -37.8222743 ] ], [ [ 144.8292955, -37.8259675 ], [ 144.8294066, -37.8252757 ] ], [ [ 144.8292955, -37.8259675 ], [ 144.8292788, -37.8265349 ], [ 144.829184, -37.8274433 ] ], [ [ 144.8287898, -37.8277154 ], [ 144.8289762, -37.8271692 ], [ 144.8292955, -37.8259675 ] ], [ [ 144.8298695, -37.8222743 ], [ 144.8298679, -37.8227159 ], [ 144.829687, -37.823073 ] ], [ [ 144.8298695, -37.8222743 ], [ 144.8302423, -37.8219568 ] ] ] } },
{ "type": "Feature", "properties": { "project_id": "SCC_00282", "scc_feature": 588, "scc_source_id": "588", "scc_type": "C2", "status": "missing_or_unverified", "mean_lts": 1.0, "connects_existing": true, "length_km": 0.115, "high_stress_km": 0.0, "project_type": "New protected link" }, "geometry": { "type": "LineString", "coordinates": [ [ 144.8438978, -37.8231178 ], [ 144.8432668, -37.8237191 ] ] } },
{ "type": "Feature", "properties": { "project_id": "SCC_00283", "scc_feature": 588, "scc_source_id": "588", "scc_type": "C2", "status": "missing_or_unverified", "mean_lts": 2.0, "connects_existing": true, "length_km": 0.094, "high_stress_km": 0.0, "project_type": "New protected link" }, "geometry": { "type": "LineString", "coordinates": [ [ 144.8417821, -37.8255482 ], [ 144.8429992, -37.8254985 ] ] } },
{ "type": "Feature", "properties": { "project_id": "SCC_00284", "scc_feature": 588, "scc_source_id": "588", "scc_type": "C2", "status": "missing_or_unverified", "mean_lts": 2.0, "connects_existing": true, "length_km": 0.096, "high_stress_km": 0.0, "project_type": "New protected link" }, "geometry": { "type": "LineString", "coordinates": [ [ 144.8442498, -37.8254673 ], [ 144.8440594, -37.8265452 ] ] } },
{ "type": "Feature", "properties": { "project_id": "SCC_00285", "scc_feature": 589, "scc_source_id": "589", "scc_type": "C2", "status": "missing_or_unverified", "mean_lts": 3.31, "connects_existing": false, "length_km": 1.057, "high_stress_km": 0.795, "project_type": "New protected link" }, "geometry": { "type": "MultiLineString", "coordinates": [ [ [ 144.8480744, -37.8318634 ], [ 144.8482749, -37.8312182 ] ], [ [ 144.8482749, -37.8312182 ], [ 144.8482598, -37.8309566 ] ], [ [ 144.8482749, -37.8312182 ], [ 144.8482787, -37.8314796 ] ], [ [ 144.8440594, -37.8265452 ], [ 144.8438133, -37.8279735 ] ], [ [ 144.8433702, -37.8307049 ], [ 144.8437563, -37.828369 ], [ 144.8438133, -37.8279735 ] ], [ [ 144.8433702, -37.8307049 ], [ 144.847901, -37.8311844 ] ], [ [ 144.8480744, -37.8318634 ], [ 144.847901, -37.8311844 ] ], [ [ 144.847901, -37.8311844 ], [ 144.8482598, -37.8309566 ] ] ] } },
{ "type": "Feature", "properties": { "project_id": "SCC_00286", "scc_feature": 590, "scc_source_id": "590", "scc_type": "C2", "status": "missing_or_unverified", "mean_lts": 4.0, "connects_existing": false, "length_km": 0.188, "high_stress_km": 0.188, "project_type": "New protected link" }, "geometry": { "type": "LineString", "coordinates": [ [ 144.8475553, -37.7260663 ], [ 144.8486425, -37.7265277 ], [ 144.8494559, -37.7266507 ] ] } },
{ "type": "Feature", "properties": { "project_id": "SCC_00287", "scc_feature": 592, "scc_source_id": "592", "scc_type": "C2", "status": "missing_or_unverified", "mean_lts": 3.0, "connects_existing": false, "length_km": 0.518, "high_stress_km": 0.518, "project_type": "New protected link" }, "geometry": { "type": "LineString", "coordinates": [ [ 144.8290949, -37.8672907 ], [ 144.8277498, -37.8670315 ], [ 144.8263791, -37.8668711 ], [ 144.8250303, -37.866738 ], [ 144.8242709, -37.8666609 ], [ 144.8236817, -37.8665959 ], [ 144.8233531, -37.8665628 ] ] } },
{ "type": "Feature", "properties": { "project_id": "SCC_00288", "scc_feature": 592, "scc_source_id": "592", "scc_type": "C2", "status": "missing_or_unverified", "mean_lts": 3.0, "connects_existing": false, "length_km": 0.471, "high_stress_km": 0.471, "project_type": "New protected link" }, "geometry": { "type": "MultiLineString", "coordinates": [ [ [ 144.8181728, -37.8656829 ], [ 144.8181038, -37.8660961 ] ], [ [ 144.8181728, -37.8656829 ], [ 144.8182559, -37.8651798 ] ], [ [ 144.8181728, -37.8656829 ], [ 144.8195628, -37.865961 ], [ 144.8209795, -37.8661043 ], [ 144.822282, -37.8662636 ] ] ] } },
{ "type": "Feature", "properties": { "project_id": "SCC_00289", "scc_feature": 592, "scc_source_id": "592", "scc_type": "C2", "status": "missing_or_unverified", "mean_lts": 2.0, "connects_existing": false, "length_km": 0.563, "high_stress_km": 0.0, "project_type": "New protected link" }, "geometry": { "type": "MultiLineString", "coordinates": [ [ [ 144.8385941, -37.8682044 ], [ 144.8399596, -37.8681574 ], [ 144.8404832, -37.868131 ] ], [ [ 144.8409868, -37.8680141 ], [ 144.8404832, -37.868131 ] ], [ [ 144.8409868, -37.8680141 ], [ 144.841697, -37.8678288 ] ], [ [ 144.8385941, -37.8682044 ], [ 144.8372471, -37.8680085 ], [ 144.8358985, -37.8678665 ] ], [ [ 144.8420989, -37.867692 ], [ 144.841697, -37.8678288 ] ] ] } },
{ "type": "Feature", "properties": { "project_id": "SCC_00290", "scc_feature": 592, "scc_source_id": "592", "scc_type": "C2", "status": "missing_or_unverified", "mean_lts": 2.5, "connects_existing": false, "length_km": 0.728, "high_stress_km": 0.362, "project_type": "New protected link" }, "geometry": { "type": "LineString", "coordinates": [ [ 144.8331966, -37.8673572 ], [ 144.8345681, -37.8674906 ], [ 144.8359151, -37.8676866 ], [ 144.837264, -37.8678195 ], [ 144.8386482, -37.8679081 ], [ 144.8399701, -37.8677971 ], [ 144.8412864, -37.8674879 ] ] } },
{ "type": "Feature", "properties": { "project_id": "SCC_00291", "scc_feature": 592, "scc_source_id": "592", "scc_type": "C2", "status": "missing_or_unverified", "mean_lts": 3.0, "connects_existing": false, "length_km": 0.127, "high_stress_km": 0.127, "project_type": "New protected link" }, "geometry": { "type": "LineString", "coordinates": [ [ 144.8209504, -37.8663201 ], [ 144.8195223, -37.8661765 ] ] } },
{ "type": "Feature", "properties": { "project_id": "SCC_00292", "scc_feature": 592, "scc_source_id": "592", "scc_type": "C2", "status": "missing_or_unverified", "mean_lts": 2.0, "connects_existing": false, "length_km": 0.27, "high_stress_km": 0.0, "project_type": "New protected link" }, "geometry": { "type": "LineString", "coordinates": [ [ 144.8233803, -37.8664101 ], [ 144.8236973, -37.866452 ], [ 144.8250345, -37.8665939 ], [ 144.8264174, -37.8667276 ] ] } },
{ "type": "Feature", "properties": { "project_id": "SCC_00293", "scc_feature": 592, "scc_source_id": "592", "scc_type": "C2", "status": "missing_or_unverified", "mean_lts": 2.31, "connects_existing": false, "length_km": 0.365, "high_stress_km": 0.113, "project_type": "New protected link" }, "geometry": { "type": "LineString", "coordinates": [ [ 144.8278016, -37.8668162 ], [ 144.8291509, -37.8669312 ], [ 144.8306461, -37.867112 ], [ 144.8319157, -37.8672345 ] ] } },
{ "type": "Feature", "properties": { "project_id": "SCC_00294", "scc_feature": 592, "scc_source_id": "592", "scc_type": "C2", "status": "missing_or_unverified", "mean_lts": 2.0, "connects_existing": false, "length_km": 0.239, "high_stress_km": 0.0, "project_type": "New protected link" }, "geometry": { "type": "LineString", "coordinates": [ [ 144.8345272, -37.8677242 ], [ 144.8331673, -37.867582 ], [ 144.8318612, -37.8675399 ] ] } },
{ "type": "Feature", "properties": { "project_id": "SCC_00295", "scc_feature": 592, "scc_source_id": "592", "scc_type": "C2", "status": "missing_or_unverified", "mean_lts": 2.0, "connects_existing": true, "length_km": 0.177, "high_stress_km": 0.0, "project_type": "New protected link" }, "geometry": { "type": "LineString", "coordinates": [ [ 144.8464105, -37.8648423 ], [ 144.8448847, -37.866103 ] ] } },
{ "type": "Feature", "properties": { "project_id": "SCC_00296", "scc_feature": 593, "scc_source_id": "593", "scc_type": "C2", "status": "missing_or_unverified", "mean_lts": 4.0, "connects_existing": true, "length_km": 0.296, "high_stress_km": 0.296, "project_type": "New protected link" }, "geometry": { "type": "MultiLineString", "coordinates": [ [ [ 144.8576072, -37.6764505 ], [ 144.8594101, -37.6780243 ] ], [ [ 144.8565536, -37.6760258 ], [ 144.8576072, -37.6764505 ] ], [ [ 144.8576072, -37.6764505 ], [ 144.858142, -37.6771721 ], [ 144.8571549, -37.6764062 ] ] ] } },
{ "type": "Feature", "properties": { "project_id": "SCC_00297", "scc_feature": 593, "scc_source_id": "593", "scc_type": "C2", "status": "missing_or_unverified", "mean_lts": 4.0, "connects_existing": true, "length_km": 0.782, "high_stress_km": 0.782, "project_type": "New protected link" }, "geometry": { "type": "MultiLineString", "coordinates": [ [ [ 144.8532853, -37.6706224 ], [ 144.8531865, -37.6701159 ], [ 144.853535, -37.6698249 ], [ 144.8539805, -37.6697068 ] ], [ [ 144.8532853, -37.6706224 ], [ 144.8529786, -37.6714278 ] ], [ [ 144.8522428, -37.6757131 ], [ 144.8517547, -37.6737666 ], [ 144.851981, -37.6729957 ], [ 144.8526481, -37.6718814 ], [ 144.8529786, -37.6714278 ] ] ] } },
{ "type": "Feature", "properties": { "project_id": "SCC_00298", "scc_feature": 593, "scc_source_id": "593", "scc_type": "C2", "status": "missing_or_unverified", "mean_lts": 4.0, "connects_existing": true, "length_km": 0.078, "high_stress_km": 0.078, "project_type": "New protected link" }, "geometry": { "type": "LineString", "coordinates": [ [ 144.8633583, -37.6822864 ], [ 144.8639924, -37.6827124 ] ] } },
{ "type": "Feature", "properties": { "project_id": "SCC_00299", "scc_feature": 593, "scc_source_id": "593", "scc_type": "C2", "status": "missing_or_unverified", "mean_lts": 4.0, "connects_existing": true, "length_km": 0.58, "high_stress_km": 0.58, "project_type": "New protected link" }, "geometry": { "type": "MultiLineString", "coordinates": [ [ [ 144.8630098, -37.6821809 ], [ 144.8625045, -37.681613 ], [ 144.8620345, -37.6810007 ] ], [ [ 144.8609413, -37.6795841 ], [ 144.8613966, -37.6803133 ] ], [ [ 144.8609413, -37.6795841 ], [ 144.8618893, -37.6805295 ] ], [ [ 144.8620345, -37.6810007 ], [ 144.8613966, -37.6803133 ] ], [ [ 144.8618893, -37.6805295 ], [ 144.8620345, -37.6810007 ] ], [ [ 144.8618893, -37.6805295 ], [ 144.8632664, -37.6819333 ] ] ] } },
{ "type": "Feature", "properties": { "project_id": "SCC_00300", "scc_feature": 594, "scc_source_id": "594", "scc_type": "C2", "status": "missing_or_unverified", "mean_lts": 3.0, "connects_existing": true, "length_km": 1.509, "high_stress_km": 1.509, "project_type": "New protected link" }, "geometry": { "type": "MultiLineString", "coordinates": [ [ [ 144.8605699, -37.7134165 ], [ 144.8622236, -37.7138971 ] ], [ [ 144.8605699, -37.7134165 ], [ 144.8592771, -37.713402 ] ], [ [ 144.8594096, -37.7131341 ], [ 144.8605699, -37.7134165 ] ], [ [ 144.8663666, -37.714603 ], [ 144.8629062, -37.7142249 ], [ 144.8622236, -37.7138971 ] ], [ [ 144.8663666, -37.714603 ], [ 144.8673979, -37.7142432 ], [ 144.8700137, -37.7124251 ] ], [ [ 144.8693421, -37.7132961 ], [ 144.8689355, -37.7136312 ], [ 144.8663666, -37.714603 ] ] ] } },
{ "type": "Feature", "properties": { "project_id": "SCC_00302", "scc_feature": 595, "scc_source_id": "595", "scc_type": "C2", "status": "missing_or_unverified", "mean_lts": 3.0, "connects_existing": true, "length_km": 0.05, "high_stress_km": 0.05, "project_type": "New protected link" }, "geometry": { "type": "LineString", "coordinates": [ [ 144.8698454, -37.8104783 ], [ 144.8703064, -37.8106398 ] ] } },
{ "type": "Feature", "properties": { "project_id": "SCC_00303", "scc_feature": 596, "scc_source_id": "596", "scc_type": "C2", "status": "missing_or_unverified", "mean_lts": 4.0, "connects_existing": true, "length_km": 0.195, "high_stress_km": 0.195, "project_type": "New protected link" }, "geometry": { "type": "LineString", "coordinates": [ [ 144.8710047, -37.8286396 ], [ 144.8720014, -37.8287478 ], [ 144.8726301, -37.8286149 ], [ 144.8730495, -37.828253 ] ] } },
{ "type": "Feature", "properties": { "project_id": "SCC_00304", "scc_feature": 596, "scc_source_id": "596", "scc_type": "C2", "status": "missing_or_unverified", "mean_lts": 3.0, "connects_existing": false, "length_km": 1.171, "high_stress_km": 1.171, "project_type": "New protected link" }, "geometry": { "type": "MultiLineString", "coordinates": [ [ [ 144.8570501, -37.8279449 ], [ 144.8531311, -37.827531 ], [ 144.8489422, -37.827022 ] ], [ [ 144.8465174, -37.8267974 ], [ 144.8452828, -37.8266667 ], [ 144.8440594, -37.8265452 ] ], [ [ 144.8465174, -37.8267974 ], [ 144.847752, -37.8269282 ], [ 144.8489422, -37.827022 ] ] ] } },
{ "type": "Feature", "properties": { "project_id": "SCC_00305", "scc_feature": 596, "scc_source_id": "596", "scc_type": "C2", "status": "missing_or_unverified", "mean_lts": 2.0, "connects_existing": true, "length_km": 0.166, "high_stress_km": 0.0, "project_type": "New protected link" }, "geometry": { "type": "LineString", "coordinates": [ [ 144.8670403, -37.8282164 ], [ 144.8680257, -37.8283244 ], [ 144.8690918, -37.8283887 ] ] } },
{ "type": "Feature", "properties": { "project_id": "SCC_00306", "scc_feature": 597, "scc_source_id": "597", "scc_type": "C2", "status": "missing_or_unverified", "mean_lts": 3.62, "connects_existing": true, "length_km": 1.221, "high_stress_km": 1.221, "project_type": "New protected link" }, "geometry": { "type": "MultiLineString", "coordinates": [ [ [ 144.9049579, -37.8003393 ], [ 144.9064745, -37.8001229 ] ], [ [ 144.9049579, -37.8003393 ], [ 144.9063715, -37.8005537 ] ], [ [ 144.9063715, -37.8005537 ], [ 144.9059856, -37.8005468 ], [ 144.9048305, -37.8004271 ], [ 144.9033952, -37.8001763 ] ], [ [ 144.9033952, -37.8001763 ], [ 144.9040874, -37.8001976 ], [ 144.9049579, -37.8003393 ] ], [ [ 144.9029068, -37.8001766 ], [ 144.9033952, -37.8001763 ] ], [ [ 144.9029068, -37.8001766 ], [ 144.9021844, -37.8000196 ], [ 144.9011512, -37.8000102 ], [ 144.8996249, -37.7997667 ], [ 144.8995175, -37.7995485 ] ], [ [ 144.9063715, -37.8005537 ], [ 144.9078888, -37.8007158 ] ] ] } },
{ "type": "Feature", "properties": { "project_id": "SCC_00307", "scc_feature": 598, "scc_source_id": "598", "scc_type": "C2", "status": "missing_or_unverified", "mean_lts": 3.84, "connects_existing": false, "length_km": 4.467, "high_stress_km": 4.225, "project_type": "New protected link" }, "geometry": { "type": "MultiLineString", "coordinates": [ [ [ 144.8340618, -37.6431633 ], [ 144.8340316, -37.6438116 ] ], [ [ 144.8343237, -37.6419515 ], [ 144.8340618, -37.6431633 ] ], [ [ 144.834451, -37.6410797 ], [ 144.8340618, -37.6431633 ] ], [ [ 144.8339416, -37.6441794 ], [ 144.8340316, -37.6438116 ] ], [ [ 144.8340316, -37.6438116 ], [ 144.8365249, -37.6449839 ] ], [ [ 144.8337415, -37.6444371 ], [ 144.8339416, -37.6441794 ] ], [ [ 144.8339416, -37.6441794 ], [ 144.8365249, -37.6449839 ] ], [ [ 144.8183667, -37.6276261 ], [ 144.8222521, -37.6280493 ], [ 144.8261489, -37.6284727 ], [ 144.8338752, -37.6292997 ], [ 144.8287244, -37.6287454 ], [ 144.8364286, -37.6295539 ] ], [ [ 144.8347226, -37.6348485 ], [ 144.8358632, -37.632247 ], [ 144.8364286, -37.6295539 ] ], [ [ 144.8337415, -37.6444371 ], [ 144.8340692, -37.6444702 ] ], [ [ 144.8343237, -37.6419515 ], [ 144.834451, -37.6410797 ] ], [ [ 144.834451, -37.6410797 ], [ 144.8347709, -37.6378684 ] ], [ [ 144.8347226, -37.6348485 ], [ 144.8347709, -37.6378684 ] ], [ [ 144.8365249, -37.6449839 ], [ 144.8371293, -37.6452473 ], [ 144.8340692, -37.6444702 ] ] ] } },
{ "type": "Feature", "properties": { "project_id": "SCC_00308", "scc_feature": 598, "scc_source_id": "598", "scc_type": "C2", "status": "missing_or_unverified", "mean_lts": 4.0, "connects_existing": true, "length_km": 0.066, "high_stress_km": 0.066, "project_type": "New protected link" }, "geometry": { "type": "LineString", "coordinates": [ [ 144.7488692, -37.5869028 ], [ 144.748167, -37.5865289 ] ] } },
{ "type": "Feature", "properties": { "project_id": "SCC_00309", "scc_feature": 598, "scc_source_id": "598", "scc_type": "C2", "status": "missing_or_unverified", "mean_lts": 3.52, "connects_existing": true, "length_km": 2.888, "high_stress_km": 2.355, "project_type": "New protected link" }, "geometry": { "type": "MultiLineString", "coordinates": [ [ [ 144.731452, -37.5768455 ], [ 144.7324754, -37.5778204 ], [ 144.7328175, -37.5781154 ] ], [ [ 144.7338832, -37.5791902 ], [ 144.7367825, -37.5810392 ] ], [ [ 144.7328175, -37.5781154 ], [ 144.7338832, -37.5791902 ] ], [ [ 144.7338832, -37.5791902 ], [ 144.7322972, -37.5780963 ] ], [ [ 144.7343573, -37.5796138 ], [ 144.7338832, -37.5791902 ] ], [ [ 144.7367825, -37.5810392 ], [ 144.7343573, -37.5796138 ] ], [ [ 144.7369923, -37.580845 ], [ 144.7347022, -37.5794402 ], [ 144.7328175, -37.5781154 ] ], [ [ 144.7391045, -37.5825166 ], [ 144.737949, -37.5817825 ], [ 144.7367825, -37.5810392 ] ], [ [ 144.7391045, -37.5825166 ], [ 144.7402508, -37.5831784 ], [ 144.740785, -37.583486 ] ], [ [ 144.740785, -37.583486 ], [ 144.7401338, -37.5833023 ], [ 144.7391045, -37.5825166 ] ], [ [ 144.7343573, -37.5796138 ], [ 144.7337063, -37.5794211 ] ], [ [ 144.740785, -37.583486 ], [ 144.7435033, -37.5845924 ], [ 144.7444884, -37.5849717 ], [ 144.7433841, -37.5847884 ] ] ] } },
{ "type": "Feature", "properties": { "project_id": "SCC_00310", "scc_feature": 598, "scc_source_id": "598", "scc_type": "C2", "status": "missing_or_unverified", "mean_lts": 4.0, "connects_existing": true, "length_km": 0.498, "high_stress_km": 0.498, "project_type": "New protected link" }, "geometry": { "type": "LineString", "coordinates": [ [ 144.7590494, -37.5971086 ], [ 144.7605405, -37.5991285 ], [ 144.7588179, -37.5972754 ] ] } },
{ "type": "Feature", "properties": { "project_id": "SCC_00311", "scc_feature": 598, "scc_source_id": "598", "scc_type": "C2", "status": "missing_or_unverified", "mean_lts": 4.0, "connects_existing": true, "length_km": 1.06, "high_stress_km": 1.06, "project_type": "New protected link" }, "geometry": { "type": "LineString", "coordinates": [ [ 144.7839168, -37.6186299 ], [ 144.7801876, -37.6148829 ], [ 144.7764814, -37.6111363 ] ] } },
{ "type": "Feature", "properties": { "project_id": "SCC_00312", "scc_feature": 598, "scc_source_id": "598", "scc_type": "C2", "status": "missing_or_unverified", "mean_lts": 4.0, "connects_existing": true, "length_km": 0.435, "high_stress_km": 0.435, "project_type": "New protected link" }, "geometry": { "type": "LineString", "coordinates": [ [ 144.7567492, -37.5941271 ], [ 144.7543835, -37.5906937 ] ] } },
{ "type": "Feature", "properties": { "project_id": "SCC_00313", "scc_feature": 598, "scc_source_id": "598", "scc_type": "C2", "status": "missing_or_unverified", "mean_lts": 4.0, "connects_existing": false, "length_km": 1.113, "high_stress_km": 1.113, "project_type": "New protected link" }, "geometry": { "type": "LineString", "coordinates": [ [ 144.7857761, -37.6204942 ], [ 144.79164, -37.6263987 ], [ 144.7877116, -37.622468 ], [ 144.7936335, -37.6283375 ] ] } },
{ "type": "Feature", "properties": { "project_id": "SCC_00314", "scc_feature": 598, "scc_source_id": "598", "scc_type": "C2", "status": "missing_or_unverified", "mean_lts": 4.0, "connects_existing": false, "length_km": 0.533, "high_stress_km": 0.533, "project_type": "New protected link" }, "geometry": { "type": "LineString", "coordinates": [ [ 144.8536394, -37.6610853 ], [ 144.8484947, -37.6586665 ] ] } },
{ "type": "Feature", "properties": { "project_id": "SCC_00315", "scc_feature": 598, "scc_source_id": "598", "scc_type": "C2", "status": "missing_or_unverified", "mean_lts": 4.0, "connects_existing": false, "length_km": 1.065, "high_stress_km": 1.065, "project_type": "New protected link" }, "geometry": { "type": "LineString", "coordinates": [ [ 144.8440402, -37.6555211 ], [ 144.8420395, -37.6510237 ], [ 144.8394658, -37.64675 ] ] } },
{ "type": "Feature", "properties": { "project_id": "SCC_00316", "scc_feature": 598, "scc_source_id": "598", "scc_type": "C2", "status": "missing_or_unverified", "mean_lts": 2.0, "connects_existing": false, "length_km": 0.284, "high_stress_km": 0.0, "project_type": "New protected link" }, "geometry": { "type": "LineString", "coordinates": [ [ 144.8149891, -37.6272752 ], [ 144.8181884, -37.6275236 ] ] } },
{ "type": "Feature", "properties": { "project_id": "SCC_00317", "scc_feature": 599, "scc_source_id": "599", "scc_type": "C2", "status": "missing_or_unverified", "mean_lts": 4.0, "connects_existing": false, "length_km": 2.749, "high_stress_km": 2.749, "project_type": "New protected link" }, "geometry": { "type": "MultiLineString", "coordinates": [ [ [ 144.8498117, -37.7245484 ], [ 144.849615, -37.7254641 ] ], [ [ 144.8498117, -37.7245484 ], [ 144.8501616, -37.7230409 ] ], [ [ 144.8506167, -37.7222111 ], [ 144.8498117, -37.7245484 ] ], [ [ 144.849615, -37.7254641 ], [ 144.8495694, -37.7262562 ] ], [ [ 144.849615, -37.7254641 ], [ 144.8495706, -37.7250397 ], [ 144.8498117, -37.7245484 ] ], [ [ 144.8495694, -37.7262562 ], [ 144.8495101, -37.7271293 ] ], [ [ 144.8494559, -37.7266507 ], [ 144.8495694, -37.7262562 ] ], [ [ 144.8549085, -37.7181619 ], [ 144.8514482, -37.7201355 ] ], [ [ 144.8549085, -37.7181619 ], [ 144.8581036, -37.7163366 ] ], [ [ 144.8514482, -37.7201355 ], [ 144.852763, -37.718997 ], [ 144.8535341, -37.7186145 ], [ 144.8549085, -37.7181619 ] ], [ [ 144.8514482, -37.7201355 ], [ 144.8506167, -37.7222111 ] ], [ [ 144.8501616, -37.7230409 ], [ 144.8502238, -37.7228527 ], [ 144.8514482, -37.7201355 ] ], [ [ 144.8506167, -37.7222111 ], [ 144.8501616, -37.7230409 ] ] ] } },
{ "type": "Feature", "properties": { "project_id": "SCC_00319", "scc_feature": 600, "scc_source_id": "600", "scc_type": "C2", "status": "missing_or_unverified", "mean_lts": 3.06, "connects_existing": false, "length_km": 0.515, "high_stress_km": 0.515, "project_type": "New protected link" }, "geometry": { "type": "MultiLineString", "coordinates": [ [ [ 144.8602538, -37.8137918 ], [ 144.8596515, -37.8141954 ] ], [ [ 144.8596515, -37.8141954 ], [ 144.8594981, -37.8159679 ], [ 144.8592104, -37.8176659 ] ], [ [ 144.8596515, -37.8141954 ], [ 144.8595666, -37.8139866 ], [ 144.8594715, -37.8137416 ] ] ] } },
{ "type": "Feature", "properties": { "project_id": "SCC_00320", "scc_feature": 601, "scc_source_id": "601", "scc_type": "C2", "status": "missing_or_unverified", "mean_lts": 4.0, "connects_existing": true, "length_km": 0.297, "high_stress_km": 0.297, "project_type": "New protected link" }, "geometry": { "type": "LineString", "coordinates": [ [ 144.861239, -37.8076007 ], [ 144.8617016, -37.8049507 ] ] } },
{ "type": "Feature", "properties": { "project_id": "SCC_00321", "scc_feature": 601, "scc_source_id": "601", "scc_type": "C2", "status": "missing_or_unverified", "mean_lts": 4.0, "connects_existing": false, "length_km": 0.401, "high_stress_km": 0.401, "project_type": "New protected link" }, "geometry": { "type": "MultiLineString", "coordinates": [ [ [ 144.8601489, -37.8134926 ], [ 144.8604481, -37.8102088 ] ], [ [ 144.8607877, -37.810251 ], [ 144.8604481, -37.8102088 ] ] ] } },
{ "type": "Feature", "properties": { "project_id": "SCC_00322", "scc_feature": 602, "scc_source_id": "602", "scc_type": "C2", "status": "missing_or_unverified", "mean_lts": 3.91, "connects_existing": true, "length_km": 0.97, "high_stress_km": 0.97, "project_type": "New protected link" }, "geometry": { "type": "MultiLineString", "coordinates": [ [ [ 144.8623782, -37.7976365 ], [ 144.8621424, -37.7991192 ] ], [ [ 144.8619483, -37.8034863 ], [ 144.8617016, -37.8049507 ] ], [ [ 144.8621304, -37.7995335 ], [ 144.8621424, -37.7991192 ] ], [ [ 144.8621424, -37.7991192 ], [ 144.8624588, -37.7995665 ] ], [ [ 144.8616682, -37.8029585 ], [ 144.8619483, -37.8034863 ] ], [ [ 144.8620191, -37.803001 ], [ 144.8616682, -37.8029585 ] ], [ [ 144.8621304, -37.7995335 ], [ 144.86191, -37.8012687 ], [ 144.8616682, -37.8029585 ] ], [ [ 144.8620191, -37.803001 ], [ 144.8619483, -37.8034863 ] ] ] } },
{ "type": "Feature", "properties": { "project_id": "SCC_00323", "scc_feature": 603, "scc_source_id": "603", "scc_type": "C2", "status": "missing_or_unverified", "mean_lts": 3.18, "connects_existing": true, "length_km": 0.876, "high_stress_km": 0.517, "project_type": "New protected link" }, "geometry": { "type": "MultiLineString", "coordinates": [ [ [ 144.8291662, -38.3708989 ], [ 144.8322093, -38.3709462 ] ], [ [ 144.8291662, -38.3708989 ], [ 144.8294595, -38.3710394 ] ], [ [ 144.8270552, -38.3706795 ], [ 144.8291662, -38.3708989 ] ], [ [ 144.8308791, -38.3710297 ], [ 144.8322093, -38.3709462 ] ], [ [ 144.8308791, -38.3710297 ], [ 144.8294595, -38.3710394 ] ], [ [ 144.8294595, -38.3710394 ], [ 144.8280171, -38.3710488 ], [ 144.8291662, -38.3708989 ] ] ] } },
{ "type": "Feature", "properties": { "project_id": "SCC_00324", "scc_feature": 604, "scc_source_id": "604", "scc_type": "C2", "status": "missing_or_unverified", "mean_lts": 4.0, "connects_existing": true, "length_km": 2.147, "high_stress_km": 2.147, "project_type": "New protected link" }, "geometry": { "type": "MultiLineString", "coordinates": [ [ [ 144.8591307, -38.3759736 ], [ 144.8586399, -38.3770909 ] ], [ [ 144.8629798, -38.3669248 ], [ 144.8627457, -38.3674882 ] ], [ [ 144.8627457, -38.3674882 ], [ 144.862634, -38.3670086 ] ], [ [ 144.8574021, -38.3841238 ], [ 144.8572404, -38.3845624 ], [ 144.8569993, -38.3849725 ] ], [ [ 144.8574021, -38.3841238 ], [ 144.8578456, -38.3811223 ] ], [ [ 144.8578506, -38.3805637 ], [ 144.8578456, -38.3811223 ] ], [ [ 144.8578506, -38.3805637 ], [ 144.8579277, -38.3795018 ], [ 144.8580213, -38.3786565 ], [ 144.8582959, -38.3778866 ], [ 144.8586399, -38.3770909 ] ], [ [ 144.8591307, -38.3759736 ], [ 144.8595124, -38.3750614 ], [ 144.8596973, -38.3746142 ], [ 144.8599189, -38.3740867 ], [ 144.8603743, -38.3730047 ], [ 144.8606443, -38.3723878 ], [ 144.8608047, -38.3719943 ], [ 144.8610121, -38.3715565 ], [ 144.8612348, -38.3709929 ], [ 144.8614058, -38.3706266 ], [ 144.8616771, -38.3699647 ] ], [ [ 144.8617875, -38.3697144 ], [ 144.8616771, -38.3699647 ] ], [ [ 144.8617875, -38.3697144 ], [ 144.8621803, -38.3688115 ], [ 144.8624753, -38.3681231 ], [ 144.8625854, -38.3678818 ], [ 144.8627457, -38.3674882 ] ] ] } },
{ "type": "Feature", "properties": { "project_id": "SCC_00325", "scc_feature": 605, "scc_source_id": "605", "scc_type": "C2", "status": "missing_or_unverified", "mean_lts": 4.0, "connects_existing": false, "length_km": 0.084, "high_stress_km": 0.084, "project_type": "New protected link" }, "geometry": { "type": "LineString", "coordinates": [ [ 144.8505827, -37.7869143 ], [ 144.8514447, -37.786948 ] ] } },
{ "type": "Feature", "properties": { "project_id": "SCC_00326", "scc_feature": 605, "scc_source_id": "605", "scc_type": "C2", "status": "missing_or_unverified", "mean_lts": 3.78, "connects_existing": false, "length_km": 0.227, "high_stress_km": 0.227, "project_type": "New protected link" }, "geometry": { "type": "MultiLineString", "coordinates": [ [ [ 144.8459744, -37.7864606 ], [ 144.8463932, -37.7865043 ] ], [ [ 144.8460155, -37.786218 ], [ 144.8463932, -37.7865043 ] ], [ [ 144.8463932, -37.7865043 ], [ 144.8469818, -37.7865691 ], [ 144.8479668, -37.7866683 ] ] ] } },
{ "type": "Feature", "properties": { "project_id": "SCC_00327", "scc_feature": 606, "scc_source_id": "606", "scc_type": "C2", "status": "missing_or_unverified", "mean_lts": 3.48, "connects_existing": true, "length_km": 0.945, "high_stress_km": 0.7, "project_type": "New protected link" }, "geometry": { "type": "MultiLineString", "coordinates": [ [ [ 144.8642016, -37.7879551 ], [ 144.8639571, -37.7889509 ] ], [ [ 144.8639571, -37.7889509 ], [ 144.8644027, -37.7868863 ] ], [ [ 144.8633029, -37.792742 ], [ 144.8634487, -37.7920147 ], [ 144.8635832, -37.7912872 ], [ 144.8637172, -37.7905777 ], [ 144.8638396, -37.789877 ], [ 144.8639194, -37.7894729 ], [ 144.8639571, -37.7889509 ] ], [ [ 144.8644027, -37.7868863 ], [ 144.8644564, -37.7865989 ] ], [ [ 144.8642016, -37.7879551 ], [ 144.8644027, -37.7868863 ] ] ] } },
{ "type": "Feature", "properties": { "project_id": "SCC_00328", "scc_feature": 607, "scc_source_id": "607", "scc_type": "C2", "status": "missing_or_unverified", "mean_lts": 2.0, "connects_existing": false, "length_km": 0.1, "high_stress_km": 0.0, "project_type": "New protected link" }, "geometry": { "type": "LineString", "coordinates": [ [ 144.8722268, -37.8276254 ], [ 144.8730495, -37.828253 ] ] } },
{ "type": "Feature", "properties": { "project_id": "SCC_00329", "scc_feature": 608, "scc_source_id": "608", "scc_type": "C2", "status": "missing_or_unverified", "mean_lts": 3.0, "connects_existing": true, "length_km": 0.487, "high_stress_km": 0.487, "project_type": "New protected link" }, "geometry": { "type": "MultiLineString", "coordinates": [ [ [ 144.908023, -37.7653562 ], [ 144.9082333, -37.7635305 ], [ 144.9083495, -37.7626314 ] ], [ [ 144.9086617, -37.7608166 ], [ 144.9085807, -37.7612748 ], [ 144.9083495, -37.7626314 ] ] ] } },
{ "type": "Feature", "properties": { "project_id": "SCC_00330", "scc_feature": 608, "scc_source_id": "608", "scc_type": "C2", "status": "missing_or_unverified", "mean_lts": 3.08, "connects_existing": true, "length_km": 0.625, "high_stress_km": 0.625, "project_type": "New protected link" }, "geometry": { "type": "MultiLineString", "coordinates": [ [ [ 144.9091772, -37.7582304 ], [ 144.9090187, -37.7590206 ] ], [ [ 144.9098357, -37.7537902 ], [ 144.909507, -37.7561906 ] ], [ [ 144.9091772, -37.7582304 ], [ 144.909507, -37.7561906 ] ], [ [ 144.909507, -37.7561906 ], [ 144.9090094, -37.7561276 ] ] ] } },
{ "type": "Feature", "properties": { "project_id": "SCC_00331", "scc_feature": 609, "scc_source_id": "609", "scc_type": "C2", "status": "missing_or_unverified", "mean_lts": 4.0, "connects_existing": true, "length_km": 0.515, "high_stress_km": 0.515, "project_type": "New protected link" }, "geometry": { "type": "MultiLineString", "coordinates": [ [ [ 144.637288, -37.8960003 ], [ 144.6377593, -37.896199 ], [ 144.6381288, -37.8963776 ] ], [ [ 144.6403978, -37.8976126 ], [ 144.6391894, -37.8969936 ], [ 144.6381288, -37.8963776 ] ], [ [ 144.6381288, -37.8963776 ], [ 144.64002, -37.8973347 ], [ 144.6405983, -37.8977428 ] ] ] } },
{ "type": "Feature", "properties": { "project_id": "SCC_00332", "scc_feature": 609, "scc_source_id": "609", "scc_type": "C2", "status": "missing_or_unverified", "mean_lts": 4.0, "connects_existing": true, "length_km": 1.256, "high_stress_km": 1.256, "project_type": "New protected link" }, "geometry": { "type": "MultiLineString", "coordinates": [ [ [ 144.6434217, -37.89907 ], [ 144.6446525, -37.8996983 ], [ 144.6460181, -37.9003835 ], [ 144.6473953, -37.9010599 ], [ 144.6486714, -37.9016981 ], [ 144.6503271, -37.9025602 ] ], [ [ 144.6508819, -37.9029948 ], [ 144.6503271, -37.9025602 ] ], [ [ 144.6521649, -37.9027051 ], [ 144.6519256, -37.9027183 ] ], [ [ 144.6519256, -37.9027183 ], [ 144.6535783, -37.9018862 ] ], [ [ 144.6531134, -37.9022013 ], [ 144.6521649, -37.9027051 ] ], [ [ 144.6521649, -37.9027051 ], [ 144.6508819, -37.9029948 ] ], [ [ 144.6508819, -37.9029948 ], [ 144.6510016, -37.902808 ], [ 144.6519256, -37.9027183 ] ] ] } },
{ "type": "Feature", "properties": { "project_id": "SCC_00333", "scc_feature": 609, "scc_source_id": "609", "scc_type": "C2", "status": "missing_or_unverified", "mean_lts": 4.0, "connects_existing": true, "length_km": 0.31, "high_stress_km": 0.31, "project_type": "New protected link" }, "geometry": { "type": "MultiLineString", "coordinates": [ [ [ 144.663322, -37.9023234 ], [ 144.6635612, -37.9026706 ] ], [ [ 144.664232, -37.9030354 ], [ 144.6635612, -37.9026706 ] ], [ [ 144.664232, -37.9030354 ], [ 144.6654563, -37.9035193 ] ], [ [ 144.6662084, -37.9038315 ], [ 144.6654563, -37.9035193 ] ] ] } },
{ "type": "Feature", "properties": { "project_id": "SCC_00334", "scc_feature": 609, "scc_source_id": "609", "scc_type": "C2", "status": "missing_or_unverified", "mean_lts": 3.75, "connects_existing": true, "length_km": 1.169, "high_stress_km": 1.169, "project_type": "New protected link" }, "geometry": { "type": "MultiLineString", "coordinates": [ [ [ 144.6693178, -37.9054882 ], [ 144.6724721, -37.9071636 ], [ 144.6748412, -37.9084991 ] ], [ [ 144.6755101, -37.9089268 ], [ 144.6748412, -37.9084991 ] ], [ [ 144.6755101, -37.9089268 ], [ 144.6777159, -37.9100337 ] ], [ [ 144.6774664, -37.9096503 ], [ 144.6748412, -37.9084991 ] ], [ [ 144.6774664, -37.9096503 ], [ 144.6777159, -37.9100337 ] ] ] } },
{ "type": "Feature", "properties": { "project_id": "SCC_00335", "scc_feature": 609, "scc_source_id": "609", "scc_type": "C2", "status": "missing_or_unverified", "mean_lts": 4.0, "connects_existing": true, "length_km": 0.821, "high_stress_km": 0.821, "project_type": "New protected link" }, "geometry": { "type": "MultiLineString", "coordinates": [ [ [ 144.6555301, -37.9045294 ], [ 144.6564483, -37.9053406 ], [ 144.6584937, -37.904318 ], [ 144.6607726, -37.9031018 ] ], [ [ 144.6628805, -37.9019002 ], [ 144.6607726, -37.9031018 ] ] ] } },
{ "type": "Feature", "properties": { "project_id": "SCC_00336", "scc_feature": 611, "scc_source_id": "611", "scc_type": "C2", "status": "missing_or_unverified", "mean_lts": 3.0, "connects_existing": true, "length_km": 0.08, "high_stress_km": 0.08, "project_type": "New protected link" }, "geometry": { "type": "LineString", "coordinates": [ [ 144.6820373, -37.9194726 ], [ 144.6833665, -37.9130017 ] ] } },
{ "type": "Feature", "properties": { "project_id": "SCC_00337", "scc_feature": 612, "scc_source_id": "612", "scc_type": "C2", "status": "missing_or_unverified", "mean_lts": 2.0, "connects_existing": false, "length_km": 2.977, "high_stress_km": 0.0, "project_type": "New protected link" }, "geometry": { "type": "LineString", "coordinates": [ [ 144.661474, -37.6980091 ], [ 144.6675545, -37.6986792 ], [ 144.6736233, -37.6993669 ], [ 144.6797035, -37.7000545 ], [ 144.6857838, -37.7007418 ], [ 144.6918529, -37.7014285 ], [ 144.6948928, -37.7017854 ] ] } },
{ "type": "Feature", "properties": { "project_id": "SCC_00338", "scc_feature": 613, "scc_source_id": "613", "scc_type": "C2", "status": "missing_or_unverified", "mean_lts": 4.0, "connects_existing": true, "length_km": 0.151, "high_stress_km": 0.151, "project_type": "New protected link" }, "geometry": { "type": "LineString", "coordinates": [ [ 144.7006736, -37.7440811 ], [ 144.7008988, -37.7426707 ] ] } },
{ "type": "Feature", "properties": { "project_id": "SCC_00339", "scc_feature": 614, "scc_source_id": "614", "scc_type": "C2", "status": "missing_or_unverified", "mean_lts": 3.0, "connects_existing": false, "length_km": 0.2, "high_stress_km": 0.2, "project_type": "New protected link" }, "geometry": { "type": "MultiLineString", "coordinates": [ [ [ 144.8819158, -37.8423989 ], [ 144.8827597, -37.8426934 ] ], [ [ 144.8819158, -37.8423989 ], [ 144.8825299, -37.8423829 ], [ 144.8831407, -37.842484 ], [ 144.8827597, -37.8426934 ] ] ] } },
{ "type": "Feature", "properties": { "project_id": "SCC_00340", "scc_feature": 615, "scc_source_id": "615", "scc_type": "C2", "status": "missing_or_unverified", "mean_lts": 3.66, "connects_existing": false, "length_km": 1.367, "high_stress_km": 1.137, "project_type": "New protected link" }, "geometry": { "type": "MultiLineString", "coordinates": [ [ [ 144.8654896, -37.7865996 ], [ 144.8664464, -37.7861033 ] ], [ [ 144.8654896, -37.7865996 ], [ 144.8644564, -37.7865989 ] ], [ [ 144.867041, -37.7855644 ], [ 144.8664464, -37.7861033 ] ], [ [ 144.867041, -37.7855644 ], [ 144.8676348, -37.7850525 ] ], [ [ 144.8684481, -37.7848058 ], [ 144.867041, -37.7855644 ] ], [ [ 144.8695587, -37.7817169 ], [ 144.8689579, -37.7828685 ] ], [ [ 144.8684306, -37.7842288 ], [ 144.8681471, -37.7846111 ], [ 144.8676348, -37.7850525 ] ], [ [ 144.8684306, -37.7842288 ], [ 144.8686177, -37.7832499 ] ], [ [ 144.8688485, -37.7831189 ], [ 144.8684306, -37.7842288 ] ], [ [ 144.8686177, -37.7832499 ], [ 144.8689579, -37.7828685 ] ], [ [ 144.8689579, -37.7828685 ], [ 144.8688485, -37.7831189 ] ], [ [ 144.8686177, -37.7832499 ], [ 144.8685646, -37.7827262 ] ], [ [ 144.8693959, -37.7830387 ], [ 144.8688485, -37.7831189 ] ] ] } },
{ "type": "Feature", "properties": { "project_id": "SCC_00341", "scc_feature": 618, "scc_source_id": "618", "scc_type": "C2", "status": "missing_or_unverified", "mean_lts": 1.0, "connects_existing": true, "length_km": 1.18, "high_stress_km": 0.0, "project_type": "New protected link" }, "geometry": { "type": "MultiLineString", "coordinates": [ [ [ 144.7025911, -37.8360979 ], [ 144.7039494, -37.8391972 ] ], [ [ 144.7057182, -37.8448188 ], [ 144.7039494, -37.8391972 ] ] ] } },
{ "type": "Feature", "properties": { "project_id": "SCC_00342", "scc_feature": 618, "scc_source_id": "618", "scc_type": "C2", "status": "missing_or_unverified", "mean_lts": 1.44, "connects_existing": true, "length_km": 0.195, "high_stress_km": 0.0, "project_type": "New protected link" }, "geometry": { "type": "MultiLineString", "coordinates": [ [ [ 144.7123147, -37.8461096 ], [ 144.711301, -37.8454501 ] ], [ [ 144.7120299, -37.8461311 ], [ 144.711301, -37.8454501 ] ] ] } },
{ "type": "Feature", "properties": { "project_id": "SCC_00343", "scc_feature": 621, "scc_source_id": "621", "scc_type": "C2", "status": "missing_or_unverified", "mean_lts": 4.0, "connects_existing": true, "length_km": 0.179, "high_stress_km": 0.179, "project_type": "New protected link" }, "geometry": { "type": "LineString", "coordinates": [ [ 144.7346401, -37.8674208 ], [ 144.7345478, -37.8689509 ] ] } },
{ "type": "Feature", "properties": { "project_id": "SCC_00344", "scc_feature": 623, "scc_source_id": "623", "scc_type": "C2", "status": "missing_or_unverified", "mean_lts": 4.0, "connects_existing": true, "length_km": 0.296, "high_stress_km": 0.296, "project_type": "New protected link" }, "geometry": { "type": "LineString", "coordinates": [ [ 144.7128571, -37.6013497 ], [ 144.7132756, -37.5987805 ], [ 144.7139938, -37.5949284 ] ] } },
{ "type": "Feature", "properties": { "project_id": "SCC_00345", "scc_feature": 623, "scc_source_id": "623", "scc_type": "C2", "status": "missing_or_unverified", "mean_lts": 4.0, "connects_existing": true, "length_km": 1.453, "high_stress_km": 1.453, "project_type": "New protected link" }, "geometry": { "type": "MultiLineString", "coordinates": [ [ [ 144.7207168, -37.586164 ], [ 144.7166161, -37.5873193 ] ], [ [ 144.7152956, -37.5879155 ], [ 144.7194258, -37.5865355 ], [ 144.7200204, -37.5863488 ], [ 144.7207168, -37.586164 ] ], [ [ 144.7207168, -37.586164 ], [ 144.7227075, -37.5840126 ] ], [ [ 144.7240083, -37.5821993 ], [ 144.7227075, -37.5840126 ] ] ] } },
{ "type": "Feature", "properties": { "project_id": "SCC_00346", "scc_feature": 623, "scc_source_id": "623", "scc_type": "C2", "status": "missing_or_unverified", "mean_lts": 4.0, "connects_existing": true, "length_km": 0.369, "high_stress_km": 0.369, "project_type": "New protected link" }, "geometry": { "type": "LineString", "coordinates": [ [ 144.713696, -37.5972567 ], [ 144.712927, -37.6020269 ] ] } },
{ "type": "Feature", "properties": { "project_id": "SCC_00347", "scc_feature": 625, "scc_source_id": "625", "scc_type": "C2", "status": "missing_or_unverified", "mean_lts": 3.63, "connects_existing": true, "length_km": 3.212, "high_stress_km": 2.619, "project_type": "New protected link" }, "geometry": { "type": "MultiLineString", "coordinates": [ [ [ 144.6994685, -37.5542918 ], [ 144.7026411, -37.5563992 ], [ 144.7063186, -37.5579216 ], [ 144.7101791, -37.5597539 ] ], [ [ 144.7106474, -37.5599883 ], [ 144.7143818, -37.561881 ], [ 144.7152467, -37.562844 ], [ 144.7162629, -37.5640442 ] ], [ [ 144.7106474, -37.5599883 ], [ 144.7146164, -37.5616152 ] ], [ [ 144.7106474, -37.5599883 ], [ 144.7101791, -37.5597539 ] ], [ [ 144.717751, -37.5657312 ], [ 144.7200454, -37.5680825 ] ], [ [ 144.7210739, -37.5692559 ], [ 144.7200454, -37.5680825 ] ], [ [ 144.7202869, -37.567961 ], [ 144.7210739, -37.5692559 ] ], [ [ 144.7210739, -37.5692559 ], [ 144.7217358, -37.5698274 ] ], [ [ 144.717751, -37.5657312 ], [ 144.7170848, -37.5649343 ], [ 144.7162629, -37.5640442 ] ] ] } },
{ "type": "Feature", "properties": { "project_id": "SCC_00348", "scc_feature": 625, "scc_source_id": "625", "scc_type": "C2", "status": "missing_or_unverified", "mean_lts": 4.0, "connects_existing": true, "length_km": 0.105, "high_stress_km": 0.105, "project_type": "New protected link" }, "geometry": { "type": "LineString", "coordinates": [ [ 144.7287027, -37.5756571 ], [ 144.7282235, -37.5754046 ], [ 144.7275458, -37.574977 ] ] } },
{ "type": "Feature", "properties": { "project_id": "SCC_00349", "scc_feature": 626, "scc_source_id": "626", "scc_type": "C2", "status": "missing_or_unverified", "mean_lts": 4.0, "connects_existing": false, "length_km": 0.372, "high_stress_km": 0.372, "project_type": "New protected link" }, "geometry": { "type": "LineString", "coordinates": [ [ 144.726805, -37.5784863 ], [ 144.7287027, -37.5756571 ] ] } },
{ "type": "Feature", "properties": { "project_id": "SCC_00350", "scc_feature": 628, "scc_source_id": "628", "scc_type": "C2", "status": "missing_or_unverified", "mean_lts": 4.0, "connects_existing": true, "length_km": 0.211, "high_stress_km": 0.211, "project_type": "New protected link" }, "geometry": { "type": "LineString", "coordinates": [ [ 144.732308, -37.8682229 ], [ 144.7346401, -37.8674208 ] ] } },
{ "type": "Feature", "properties": { "project_id": "SCC_00351", "scc_feature": 629, "scc_source_id": "629", "scc_type": "C2", "status": "missing_or_unverified", "mean_lts": 4.0, "connects_existing": true, "length_km": 3.139, "high_stress_km": 3.139, "project_type": "New protected link" }, "geometry": { "type": "MultiLineString", "coordinates": [ [ [ 144.7062678, -37.7415228 ], [ 144.7011551, -37.7409905 ] ], [ [ 144.7062678, -37.7415228 ], [ 144.7092601, -37.7420045 ], [ 144.7152565, -37.742959 ], [ 144.7212415, -37.743922 ], [ 144.7242238, -37.7443672 ] ], [ [ 144.724688, -37.7444032 ], [ 144.7262913, -37.7446684 ] ], [ [ 144.7284174, -37.7445382 ], [ 144.7262913, -37.7446684 ] ], [ [ 144.7284174, -37.7445382 ], [ 144.730778, -37.7437907 ], [ 144.7338409, -37.7430837 ] ], [ [ 144.735618, -37.743235 ], [ 144.7342888, -37.7432815 ], [ 144.7338409, -37.7430837 ] ], [ [ 144.724688, -37.7444032 ], [ 144.7242238, -37.7443672 ] ] ] } },
{ "type": "Feature", "properties": { "project_id": "SCC_00352", "scc_feature": 630, "scc_source_id": "630", "scc_type": "C2", "status": "missing_or_unverified", "mean_lts": 2.0, "connects_existing": false, "length_km": 1.574, "high_stress_km": 0.0, "project_type": "New protected link" }, "geometry": { "type": "LineString", "coordinates": [ [ 144.7346745, -37.7938704 ], [ 144.7350187, -37.791525 ], [ 144.7357186, -37.7868255 ], [ 144.7364295, -37.7821352 ], [ 144.7367849, -37.77979 ] ] } },
{ "type": "Feature", "properties": { "project_id": "SCC_00353", "scc_feature": 630, "scc_source_id": "630", "scc_type": "C2", "status": "missing_or_unverified", "mean_lts": 2.0, "connects_existing": false, "length_km": 1.191, "high_stress_km": 0.0, "project_type": "New protected link" }, "geometry": { "type": "LineString", "coordinates": [ [ 144.734531, -37.7944804 ], [ 144.7344585, -37.7964795 ], [ 144.7337608, -37.8007285 ], [ 144.7330628, -37.8049865 ] ] } },
{ "type": "Feature", "properties": { "project_id": "SCC_00354", "scc_feature": 631, "scc_source_id": "631", "scc_type": "C2", "status": "missing_or_unverified", "mean_lts": 3.78, "connects_existing": true, "length_km": 1.6, "high_stress_km": 1.421, "project_type": "New protected link" }, "geometry": { "type": "MultiLineString", "coordinates": [ [ [ 144.8822893, -37.8571486 ], [ 144.8830589, -37.8572616 ] ], [ [ 144.8830589, -37.8572616 ], [ 144.8849532, -37.8573948 ], [ 144.8856558, -37.8574705 ] ], [ [ 144.8859023, -37.857592 ], [ 144.8830589, -37.8572616 ] ], [ [ 144.8822893, -37.8571486 ], [ 144.8785369, -37.8568107 ] ], [ [ 144.8886425, -37.8575601 ], [ 144.8883683, -37.8576093 ] ], [ [ 144.8856558, -37.8574705 ], [ 144.8883683, -37.8576093 ] ], [ [ 144.8892007, -37.8579126 ], [ 144.8885222, -37.8577923 ], [ 144.887105, -37.8576677 ], [ 144.8861634, -37.8576057 ] ], [ [ 144.8856558, -37.8574705 ], [ 144.8861634, -37.8576057 ] ], [ [ 144.8861634, -37.8576057 ], [ 144.8859023, -37.857592 ] ], [ [ 144.8859023, -37.857592 ], [ 144.8870761, -37.8578835 ] ] ] } },
{ "type": "Feature", "properties": { "project_id": "SCC_00355", "scc_feature": 632, "scc_source_id": "632", "scc_type": "C2", "status": "missing_or_unverified", "mean_lts": 4.0, "connects_existing": true, "length_km": 0.251, "high_stress_km": 0.251, "project_type": "New protected link" }, "geometry": { "type": "LineString", "coordinates": [ [ 144.8904717, -37.7781823 ], [ 144.891585, -37.7801577 ] ] } },
{ "type": "Feature", "properties": { "project_id": "SCC_00357", "scc_feature": 643, "scc_source_id": "643", "scc_type": "C2", "status": "missing_or_unverified", "mean_lts": 4.0, "connects_existing": true, "length_km": 2.818, "high_stress_km": 2.818, "project_type": "New protected link" }, "geometry": { "type": "MultiLineString", "coordinates": [ [ [ 144.6998158, -37.6874541 ], [ 144.7260766, -37.6901085 ], [ 144.7202156, -37.6896798 ], [ 144.7143676, -37.6891971 ], [ 144.7085494, -37.6884894 ], [ 144.7027313, -37.6877814 ], [ 144.729007, -37.6903272 ] ], [ [ 144.7303485, -37.6905873 ], [ 144.729007, -37.6903272 ] ], [ [ 144.729007, -37.6903272 ], [ 144.7302216, -37.6902875 ] ] ] } },
{ "type": "Feature", "properties": { "project_id": "SCC_00358", "scc_feature": 647, "scc_source_id": "647", "scc_type": "C2", "status": "missing_or_unverified", "mean_lts": 1.0, "connects_existing": false, "length_km": 0.57, "high_stress_km": 0.0, "project_type": "New protected link" }, "geometry": { "type": "LineString", "coordinates": [ [ 144.7452133, -37.8699758 ], [ 144.7415662, -37.8665626 ] ] } },
{ "type": "Feature", "properties": { "project_id": "SCC_00359", "scc_feature": 648, "scc_source_id": "648", "scc_type": "C2", "status": "missing_or_unverified", "mean_lts": 3.06, "connects_existing": true, "length_km": 1.633, "high_stress_km": 0.865, "project_type": "New protected link" }, "geometry": { "type": "MultiLineString", "coordinates": [ [ [ 144.7353468, -37.8532505 ], [ 144.7348769, -37.8530071 ] ], [ [ 144.7317827, -37.8527313 ], [ 144.7348769, -37.8530071 ] ], [ [ 144.7348769, -37.8530071 ], [ 144.7345813, -37.8530105 ] ], [ [ 144.7348769, -37.8530071 ], [ 144.7360216, -37.8531103 ] ], [ [ 144.7345813, -37.8530105 ], [ 144.7341179, -37.8532989 ] ], [ [ 144.7382332, -37.8536304 ], [ 144.7353468, -37.8532505 ] ], [ [ 144.7360216, -37.8531103 ], [ 144.7353468, -37.8532505 ] ], [ [ 144.7374173, -37.8531822 ], [ 144.7378392, -37.8531362 ], [ 144.7383622, -37.8531282 ] ], [ [ 144.7360216, -37.8531103 ], [ 144.7374173, -37.8531822 ] ], [ [ 144.7319456, -37.8526083 ], [ 144.7323658, -37.8526164 ], [ 144.7332728, -37.8526879 ], [ 144.7341679, -37.8527772 ], [ 144.7350749, -37.8528487 ], [ 144.7369225, -37.8530104 ], [ 144.7374173, -37.8531822 ] ], [ [ 144.7345813, -37.8530105 ], [ 144.7336405, -37.8529293 ], [ 144.7323592, -37.8528325 ] ] ] } },
{ "type": "Feature", "properties": { "project_id": "SCC_00360", "scc_feature": 648, "scc_source_id": "648", "scc_type": "C2", "status": "missing_or_unverified", "mean_lts": 3.33, "connects_existing": true, "length_km": 0.215, "high_stress_km": 0.167, "project_type": "New protected link" }, "geometry": { "type": "MultiLineString", "coordinates": [ [ [ 144.7472906, -37.8543989 ], [ 144.7470026, -37.85415 ] ], [ [ 144.7488865, -37.8542401 ], [ 144.7470026, -37.85415 ] ] ] } },
{ "type": "Feature", "properties": { "project_id": "SCC_00361", "scc_feature": 648, "scc_source_id": "648", "scc_type": "C2", "status": "missing_or_unverified", "mean_lts": 3.53, "connects_existing": true, "length_km": 1.565, "high_stress_km": 1.409, "project_type": "New protected link" }, "geometry": { "type": "MultiLineString", "coordinates": [ [ [ 144.7395386, -37.853313 ], [ 144.7415391, -37.8536759 ] ], [ [ 144.7415391, -37.8536759 ], [ 144.7412005, -37.8535973 ] ], [ [ 144.7415391, -37.8536759 ], [ 144.7422339, -37.8536261 ] ], [ [ 144.7395386, -37.853313 ], [ 144.7403342, -37.8533103 ], [ 144.7418643, -37.8534478 ], [ 144.7422339, -37.8536261 ] ], [ [ 144.7412005, -37.8535973 ], [ 144.7395386, -37.853313 ] ], [ [ 144.7427353, -37.8535817 ], [ 144.7446291, -37.8537171 ] ], [ [ 144.7427353, -37.8535817 ], [ 144.7419366, -37.8536835 ], [ 144.7415391, -37.8536759 ] ], [ [ 144.7450661, -37.8539237 ], [ 144.7427353, -37.8535817 ] ], [ [ 144.7427353, -37.8535817 ], [ 144.7435531, -37.8535973 ], [ 144.7446291, -37.8537171 ] ], [ [ 144.7422339, -37.8536261 ], [ 144.7427353, -37.8535817 ] ], [ [ 144.7412005, -37.8535973 ], [ 144.7408418, -37.8538067 ], [ 144.7394464, -37.8537258 ] ] ] } },
{ "type": "Feature", "properties": { "project_id": "SCC_00363", "scc_feature": 648, "scc_source_id": "648", "scc_type": "C2", "status": "missing_or_unverified", "mean_lts": 2.0, "connects_existing": true, "length_km": 0.082, "high_stress_km": 0.0, "project_type": "New protected link" }, "geometry": { "type": "LineString", "coordinates": [ [ 144.7485348, -37.8553418 ], [ 144.7477028, -37.855416 ] ] } },
{ "type": "Feature", "properties": { "project_id": "SCC_00364", "scc_feature": 649, "scc_source_id": "649", "scc_type": "C2", "status": "missing_or_unverified", "mean_lts": 4.0, "connects_existing": true, "length_km": 1.03, "high_stress_km": 1.03, "project_type": "New protected link" }, "geometry": { "type": "MultiLineString", "coordinates": [ [ [ 144.9088453, -37.7514747 ], [ 144.9089112, -37.7511514 ] ], [ [ 144.9088453, -37.7514747 ], [ 144.9084461, -37.7535583 ] ], [ [ 144.9092084, -37.7494625 ], [ 144.9089112, -37.7511514 ] ], [ [ 144.9092084, -37.7494625 ], [ 144.9093134, -37.7485542 ] ], [ [ 144.9098062, -37.7467696 ], [ 144.9097925, -37.7460484 ] ], [ [ 144.9100062, -37.7449077 ], [ 144.9097925, -37.7460484 ] ], [ [ 144.9098062, -37.7467696 ], [ 144.9096204, -37.7469195 ], [ 144.9094746, -37.7476648 ], [ 144.9093823, -37.7481228 ], [ 144.9093134, -37.7485542 ] ], [ [ 144.9100062, -37.7449077 ], [ 144.9102036, -37.744749 ] ] ] } },
{ "type": "Feature", "properties": { "project_id": "SCC_00367", "scc_feature": 654, "scc_source_id": "654", "scc_type": "C2", "status": "missing_or_unverified", "mean_lts": 2.0, "connects_existing": false, "length_km": 0.232, "high_stress_km": 0.0, "project_type": "New protected link" }, "geometry": { "type": "LineString", "coordinates": [ [ 144.7518467, -37.5545532 ], [ 144.7519881, -37.5528617 ] ] } },
{ "type": "Feature", "properties": { "project_id": "SCC_00368", "scc_feature": 654, "scc_source_id": "654", "scc_type": "C2", "status": "missing_or_unverified", "mean_lts": 2.0, "connects_existing": false, "length_km": 0.259, "high_stress_km": 0.0, "project_type": "New protected link" }, "geometry": { "type": "LineString", "coordinates": [ [ 144.7360883, -37.5706894 ], [ 144.7345343, -37.5726512 ] ] } },
{ "type": "Feature", "properties": { "project_id": "SCC_00369", "scc_feature": 657, "scc_source_id": "657", "scc_type": "C2", "status": "missing_or_unverified", "mean_lts": 2.0, "connects_existing": false, "length_km": 0.715, "high_stress_km": 0.0, "project_type": "New protected link" }, "geometry": { "type": "LineString", "coordinates": [ [ 144.7552319, -37.5300064 ], [ 144.7558364, -37.5268277 ], [ 144.7567919, -37.5240162 ] ] } },
{ "type": "Feature", "properties": { "project_id": "SCC_00370", "scc_feature": 658, "scc_source_id": "658", "scc_type": "C2", "status": "missing_or_unverified", "mean_lts": 4.0, "connects_existing": true, "length_km": 3.005, "high_stress_km": 3.005, "project_type": "New protected link" }, "geometry": { "type": "MultiLineString", "coordinates": [ [ [ 144.7601765, -37.5757631 ], [ 144.7602475, -37.5715019 ] ], [ [ 144.7585743, -37.5970906 ], [ 144.758863, -37.5969068 ], [ 144.7597499, -37.59641 ] ], [ [ 144.7597499, -37.59641 ], [ 144.7590494, -37.5971086 ] ], [ [ 144.7597499, -37.59641 ], [ 144.7600649, -37.5942171 ], [ 144.7600978, -37.5897209 ], [ 144.7601304, -37.5852336 ], [ 144.7601523, -37.5829901 ] ], [ [ 144.7601765, -37.5757631 ], [ 144.7601488, -37.5793313 ], [ 144.7601523, -37.5829901 ] ] ] } },
{ "type": "Feature", "properties": { "project_id": "SCC_00371", "scc_feature": 659, "scc_source_id": "659", "scc_type": "C2", "status": "missing_or_unverified", "mean_lts": 3.49, "connects_existing": false, "length_km": 2.636, "high_stress_km": 1.962, "project_type": "New protected link" }, "geometry": { "type": "MultiLineString", "coordinates": [ [ [ 144.7559448, -37.5534056 ], [ 144.7519881, -37.5528617 ] ], [ [ 144.7559448, -37.5534056 ], [ 144.7595084, -37.5538518 ], [ 144.7598156, -37.5568225 ], [ 144.7601115, -37.559793 ], [ 144.7603164, -37.5627798 ], [ 144.7602947, -37.5657713 ], [ 144.7602768, -37.5686367 ], [ 144.7602475, -37.5715019 ] ] ] } },
{ "type": "Feature", "properties": { "project_id": "SCC_00372", "scc_feature": 662, "scc_source_id": "662", "scc_type": "C2", "status": "missing_or_unverified", "mean_lts": 2.0, "connects_existing": true, "length_km": 0.395, "high_stress_km": 0.0, "project_type": "New protected link" }, "geometry": { "type": "LineString", "coordinates": [ [ 144.7647095, -37.6898201 ], [ 144.7671566, -37.6929214 ] ] } },
{ "type": "Feature", "properties": { "project_id": "SCC_00373", "scc_feature": 664, "scc_source_id": "664", "scc_type": "C2", "status": "missing_or_unverified", "mean_lts": 4.0, "connects_existing": true, "length_km": 0.053, "high_stress_km": 0.053, "project_type": "New protected link" }, "geometry": { "type": "LineString", "coordinates": [ [ 144.7661564, -37.6948851 ], [ 144.7660525, -37.6953247 ] ] } },
{ "type": "Feature", "properties": { "project_id": "SCC_00375", "scc_feature": 665, "scc_source_id": "665", "scc_type": "C2", "status": "missing_or_unverified", "mean_lts": 4.0, "connects_existing": true, "length_km": 1.066, "high_stress_km": 1.066, "project_type": "New protected link" }, "geometry": { "type": "MultiLineString", "coordinates": [ [ [ 144.7730302, -37.8711002 ], [ 144.7741542, -37.8711485 ], [ 144.775356, -37.8712524 ], [ 144.7764562, -37.8713362 ], [ 144.7776675, -37.8715033 ], [ 144.7730302, -37.8711002 ] ], [ [ 144.771909, -37.8709619 ], [ 144.7730302, -37.8711002 ] ], [ [ 144.7730302, -37.8711002 ], [ 144.7720391, -37.8711716 ] ] ] } },
{ "type": "Feature", "properties": { "project_id": "SCC_00378", "scc_feature": 670, "scc_source_id": "670", "scc_type": "C2", "status": "missing_or_unverified", "mean_lts": 4.0, "connects_existing": true, "length_km": 0.535, "high_stress_km": 0.535, "project_type": "New protected link" }, "geometry": { "type": "LineString", "coordinates": [ [ 144.7741986, -37.7016607 ], [ 144.7758683, -37.7038551 ], [ 144.7768735, -37.7051357 ], [ 144.7771426, -37.7056183 ] ] } },
{ "type": "Feature", "properties": { "project_id": "SCC_00380", "scc_feature": 673, "scc_source_id": "673", "scc_type": "C2", "status": "missing_or_unverified", "mean_lts": 3.0, "connects_existing": false, "length_km": 0.086, "high_stress_km": 0.086, "project_type": "New protected link" }, "geometry": { "type": "LineString", "coordinates": [ [ 144.9102721, -37.6769002 ], [ 144.9104415, -37.6773267 ], [ 144.910047, -37.6768421 ] ] } },
{ "type": "Feature", "properties": { "project_id": "SCC_00381", "scc_feature": 676, "scc_source_id": "676", "scc_type": "C2", "status": "missing_or_unverified", "mean_lts": 4.0, "connects_existing": true, "length_km": 0.633, "high_stress_km": 0.633, "project_type": "New protected link" }, "geometry": { "type": "MultiLineString", "coordinates": [ [ [ 144.9132833, -38.3812215 ], [ 144.9137125, -38.3818239 ], [ 144.9143903, -38.3829353 ], [ 144.9149212, -38.3835845 ] ], [ [ 144.9169277, -38.3862694 ], [ 144.9149212, -38.3835845 ] ] ] } },
{ "type": "Feature", "properties": { "project_id": "SCC_00382", "scc_feature": 678, "scc_source_id": "678", "scc_type": "C2", "status": "missing_or_unverified", "mean_lts": 4.0, "connects_existing": true, "length_km": 0.186, "high_stress_km": 0.186, "project_type": "New protected link" }, "geometry": { "type": "LineString", "coordinates": [ [ 144.9113071, -37.5861324 ], [ 144.9113738, -37.5857731 ], [ 144.9116503, -37.5852012 ], [ 144.9113071, -37.5861324 ] ] } },
{ "type": "Feature", "properties": { "project_id": "SCC_00384", "scc_feature": 680, "scc_source_id": "680", "scc_type": "C2", "status": "missing_or_unverified", "mean_lts": 4.0, "connects_existing": false, "length_km": 3.388, "high_stress_km": 3.388, "project_type": "New protected link" }, "geometry": { "type": "MultiLineString", "coordinates": [ [ [ 144.905244, -37.7705066 ], [ 144.9055276, -37.7709172 ], [ 144.9067293, -37.7721821 ], [ 144.9070271, -37.7724938 ], [ 144.9078984, -37.7734015 ], [ 144.908979, -37.7745381 ], [ 144.9100487, -37.7756565 ], [ 144.9111067, -37.7767927 ] ], [ [ 144.9114372, -37.7771501 ], [ 144.9117683, -37.7774894 ], [ 144.9121654, -37.7779019 ] ], [ [ 144.9114372, -37.7771501 ], [ 144.9111067, -37.7767927 ] ], [ [ 144.9128384, -37.7785988 ], [ 144.913291, -37.7790574 ], [ 144.9135994, -37.7793963 ], [ 144.9141839, -37.7800104 ], [ 144.9147929, -37.7805619 ] ], [ [ 144.9128384, -37.7785988 ], [ 144.9121654, -37.7779019 ] ], [ [ 144.9151217, -37.7809822 ], [ 144.9161284, -37.7819283 ], [ 144.916489, -37.7824303 ] ], [ [ 144.9182093, -37.784245 ], [ 144.9186529, -37.7846224 ], [ 144.919403, -37.7854106 ], [ 144.919697, -37.7858574 ] ], [ [ 144.919697, -37.7858574 ], [ 144.9202196, -37.7862541 ], [ 144.9214952, -37.787331 ] ], [ [ 144.9226713, -37.7891271 ], [ 144.9226559, -37.7888655 ] ], [ [ 144.9226559, -37.7888655 ], [ 144.9214778, -37.787547 ] ], [ [ 144.9226559, -37.7888655 ], [ 144.9229891, -37.7891327 ] ], [ [ 144.9214778, -37.787547 ], [ 144.9214952, -37.787331 ] ], [ [ 144.9214778, -37.787547 ], [ 144.919697, -37.7858574 ] ], [ [ 144.916489, -37.7824303 ], [ 144.9151217, -37.7809822 ] ], [ [ 144.9151217, -37.7809822 ], [ 144.9147929, -37.7805619 ] ], [ [ 144.9182093, -37.784245 ], [ 144.9169729, -37.7829886 ], [ 144.916489, -37.7824303 ] ], [ [ 144.919697, -37.7858574 ], [ 144.9182093, -37.784245 ] ] ] } },
{ "type": "Feature", "properties": { "project_id": "SCC_00385", "scc_feature": 681, "scc_source_id": "681", "scc_type": "C2", "status": "missing_or_unverified", "mean_lts": 4.0, "connects_existing": true, "length_km": 0.592, "high_stress_km": 0.592, "project_type": "New protected link" }, "geometry": { "type": "LineString", "coordinates": [ [ 144.922249, -37.8260767 ], [ 144.9230989, -37.8289934 ], [ 144.9240515, -37.8318939 ], [ 144.9243548, -37.8328275 ] ] } },
{ "type": "Feature", "properties": { "project_id": "SCC_00387", "scc_feature": 682, "scc_source_id": "682", "scc_type": "C2", "status": "missing_or_unverified", "mean_lts": 3.0, "connects_existing": false, "length_km": 0.174, "high_stress_km": 0.174, "project_type": "New protected link" }, "geometry": { "type": "LineString", "coordinates": [ [ 144.9193424, -37.7669174 ], [ 144.9196397, -37.7684637 ] ] } },
{ "type": "Feature", "properties": { "project_id": "SCC_00388", "scc_feature": 682, "scc_source_id": "682", "scc_type": "C2", "status": "missing_or_unverified", "mean_lts": 3.0, "connects_existing": false, "length_km": 0.251, "high_stress_km": 0.251, "project_type": "New protected link" }, "geometry": { "type": "LineString", "coordinates": [ [ 144.9194209, -37.7665494 ], [ 144.9196823, -37.7669415 ], [ 144.9201299, -37.7683913 ], [ 144.9206939, -37.7685184 ] ] } },
{ "type": "Feature", "properties": { "project_id": "SCC_00390", "scc_feature": 684, "scc_source_id": "684", "scc_type": "C2", "status": "missing_or_unverified", "mean_lts": 4.0, "connects_existing": false, "length_km": 1.22, "high_stress_km": 1.22, "project_type": "New protected link" }, "geometry": { "type": "LineString", "coordinates": [ [ 144.9192497, -37.7572642 ], [ 144.9203459, -37.7590589 ], [ 144.9209759, -37.7600703 ], [ 144.9213881, -37.7607535 ], [ 144.9218445, -37.7614825 ], [ 144.9222353, -37.7621202 ], [ 144.9225716, -37.7626758 ], [ 144.923408, -37.7640243 ], [ 144.9237774, -37.7642111 ], [ 144.9240615, -37.7650091 ], [ 144.9242136, -37.7652551 ], [ 144.9246876, -37.7661646 ], [ 144.9256193, -37.7665415 ] ] } },
{ "type": "Feature", "properties": { "project_id": "SCC_00391", "scc_feature": 687, "scc_source_id": "687", "scc_type": "C2", "status": "missing_or_unverified", "mean_lts": 2.34, "connects_existing": false, "length_km": 0.222, "high_stress_km": 0.037, "project_type": "New protected link" }, "geometry": { "type": "MultiLineString", "coordinates": [ [ [ 144.9246192, -37.7686146 ], [ 144.9245531, -37.7689469 ] ], [ [ 144.9246192, -37.7686146 ], [ 144.9250627, -37.7689919 ] ], [ [ 144.9250627, -37.7689919 ], [ 144.9245531, -37.7689469 ] ], [ [ 144.9254969, -37.7688914 ], [ 144.9250627, -37.7689919 ] ] ] } },
{ "type": "Feature", "properties": { "project_id": "SCC_00392", "scc_feature": 692, "scc_source_id": "692", "scc_type": "C2", "status": "missing_or_unverified", "mean_lts": 3.1, "connects_existing": true, "length_km": 0.202, "high_stress_km": 0.202, "project_type": "New protected link" }, "geometry": { "type": "LineString", "coordinates": [ [ 144.9350008, -37.8238769 ], [ 144.9348456, -37.823739 ], [ 144.9335344, -37.8226886 ], [ 144.9335348, -37.8222651 ] ] } },
{ "type": "Feature", "properties": { "project_id": "SCC_00393", "scc_feature": 693, "scc_source_id": "693", "scc_type": "C2", "status": "missing_or_unverified", "mean_lts": 4.0, "connects_existing": true, "length_km": 0.787, "high_stress_km": 0.787, "project_type": "New protected link" }, "geometry": { "type": "MultiLineString", "coordinates": [ [ [ 144.9144584, -37.6387368 ], [ 144.9146948, -37.6387951 ], [ 144.916636, -37.6390817 ], [ 144.9144584, -37.6387368 ] ], [ [ 144.9144584, -37.6387368 ], [ 144.910201, -37.6382018 ] ] ] } },
{ "type": "Feature", "properties": { "project_id": "SCC_00394", "scc_feature": 693, "scc_source_id": "693", "scc_type": "C2", "status": "missing_or_unverified", "mean_lts": 4.0, "connects_existing": true, "length_km": 0.364, "high_stress_km": 0.364, "project_type": "New protected link" }, "geometry": { "type": "MultiLineString", "coordinates": [ [ [ 144.9213906, -37.6396703 ], [ 144.9220345, -37.6397447 ] ], [ [ 144.9236925, -37.6400263 ], [ 144.9220345, -37.6397447 ] ], [ [ 144.9220345, -37.6397447 ], [ 144.9237207, -37.6398285 ], [ 144.9239689, -37.6398689 ] ], [ [ 144.9236925, -37.6400263 ], [ 144.9239183, -37.6400573 ] ] ] } },
{ "type": "Feature", "properties": { "project_id": "SCC_00395", "scc_feature": 695, "scc_source_id": "695", "scc_type": "C2", "status": "missing_or_unverified", "mean_lts": 4.0, "connects_existing": true, "length_km": 0.115, "high_stress_km": 0.115, "project_type": "New protected link" }, "geometry": { "type": "LineString", "coordinates": [ [ 144.9368267, -37.7888983 ], [ 144.9360915, -37.7887953 ], [ 144.9364683, -37.7887208 ], [ 144.9371253, -37.7887774 ] ] } },
{ "type": "Feature", "properties": { "project_id": "SCC_00396", "scc_feature": 696, "scc_source_id": "696", "scc_type": "C2", "status": "missing_or_unverified", "mean_lts": 4.0, "connects_existing": true, "length_km": 0.694, "high_stress_km": 0.694, "project_type": "New protected link" }, "geometry": { "type": "LineString", "coordinates": [ [ 144.9333673, -37.5390273 ], [ 144.9292671, -37.5383246 ], [ 144.9334534, -37.5387765 ] ] } },
{ "type": "Feature", "properties": { "project_id": "SCC_00397", "scc_feature": 697, "scc_source_id": "697", "scc_type": "C2", "status": "missing_or_unverified", "mean_lts": 4.0, "connects_existing": true, "length_km": 2.023, "high_stress_km": 2.023, "project_type": "New protected link" }, "geometry": { "type": "MultiLineString", "coordinates": [ [ [ 144.9127626, -37.833731 ], [ 144.9121397, -37.8340624 ] ], [ [ 144.9137156, -37.8333784 ], [ 144.9131219, -37.8338815 ] ], [ [ 144.9127626, -37.833731 ], [ 144.9131219, -37.8338815 ] ], [ [ 144.9137156, -37.8333784 ], [ 144.9127626, -37.833731 ] ], [ [ 144.9127626, -37.833731 ], [ 144.9144866, -37.8330316 ], [ 144.9183493, -37.8318383 ] ], [ [ 144.9187984, -37.832432 ], [ 144.9181057, -37.8320142 ], [ 144.9137156, -37.8333784 ] ], [ [ 144.9183493, -37.8318383 ], [ 144.9186839, -37.8320605 ], [ 144.9187984, -37.832432 ] ], [ [ 144.9243548, -37.8328275 ], [ 144.9217064, -37.8332674 ] ], [ [ 144.9191817, -37.8337545 ], [ 144.9217064, -37.8332674 ] ], [ [ 144.9191817, -37.8337545 ], [ 144.9187984, -37.832432 ] ], [ [ 144.9187984, -37.832432 ], [ 144.9183493, -37.8318383 ] ] ] } },
{ "type": "Feature", "properties": { "project_id": "SCC_00398", "scc_feature": 697, "scc_source_id": "697", "scc_type": "C2", "status": "missing_or_unverified", "mean_lts": 3.49, "connects_existing": true, "length_km": 1.397, "high_stress_km": 1.397, "project_type": "New protected link" }, "geometry": { "type": "MultiLineString", "coordinates": [ [ [ 144.929441, -37.8398831 ], [ 144.9300298, -37.8399565 ], [ 144.9312494, -37.8402303 ] ], [ [ 144.934515, -37.8412969 ], [ 144.9348016, -37.8416174 ] ], [ [ 144.934515, -37.8412969 ], [ 144.9330205, -37.8402884 ] ], [ [ 144.9312494, -37.8402303 ], [ 144.929441, -37.8398831 ] ], [ [ 144.9312494, -37.8402303 ], [ 144.9330205, -37.8402884 ] ], [ [ 144.929441, -37.8398831 ], [ 144.9274259, -37.8396133 ] ], [ [ 144.9274259, -37.8396133 ], [ 144.9252273, -37.8385923 ], [ 144.9264367, -37.8392264 ], [ 144.9274259, -37.8396133 ] ] ] } },
{ "type": "Feature", "properties": { "project_id": "SCC_00399", "scc_feature": 698, "scc_source_id": "698", "scc_type": "C2", "status": "missing_or_unverified", "mean_lts": 4.0, "connects_existing": false, "length_km": 0.715, "high_stress_km": 0.715, "project_type": "New protected link" }, "geometry": { "type": "MultiLineString", "coordinates": [ [ [ 144.9243548, -37.8328275 ], [ 144.9297691, -37.8318054 ] ], [ [ 144.9317461, -37.8313986 ], [ 144.9297691, -37.8318054 ] ], [ [ 144.9317461, -37.8313986 ], [ 144.9321575, -37.8313157 ] ] ] } },
{ "type": "Feature", "properties": { "project_id": "SCC_00400", "scc_feature": 698, "scc_source_id": "698", "scc_type": "C2", "status": "missing_or_unverified", "mean_lts": 2.0, "connects_existing": false, "length_km": 0.227, "high_stress_km": 0.0, "project_type": "New protected link" }, "geometry": { "type": "LineString", "coordinates": [ [ 144.9393234, -37.827359 ], [ 144.9376477, -37.8287806 ] ] } },
{ "type": "Feature", "properties": { "project_id": "SCC_00401", "scc_feature": 701, "scc_source_id": "701", "scc_type": "C2", "status": "missing_or_unverified", "mean_lts": 4.0, "connects_existing": true, "length_km": 1.371, "high_stress_km": 1.371, "project_type": "New protected link" }, "geometry": { "type": "MultiLineString", "coordinates": [ [ [ 144.9376397, -37.5392282 ], [ 144.9399862, -37.5395035 ], [ 144.9416628, -37.5398572 ] ], [ [ 144.9416628, -37.5398572 ], [ 144.9409277, -37.5398353 ], [ 144.9375875, -37.5394796 ] ], [ [ 144.9428328, -37.5401119 ], [ 144.9420884, -37.5400178 ], [ 144.9416628, -37.5398572 ] ], [ [ 144.9428328, -37.5401119 ], [ 144.9416628, -37.5398572 ] ], [ [ 144.9416628, -37.5398572 ], [ 144.9445018, -37.5403302 ], [ 144.9428328, -37.5401119 ] ] ] } },
{ "type": "Feature", "properties": { "project_id": "SCC_00402", "scc_feature": 703, "scc_source_id": "703", "scc_type": "C2", "status": "missing_or_unverified", "mean_lts": 4.0, "connects_existing": true, "length_km": 0.588, "high_stress_km": 0.588, "project_type": "New protected link" }, "geometry": { "type": "MultiLineString", "coordinates": [ [ [ 144.9371549, -37.8052694 ], [ 144.9358369, -37.8048768 ] ], [ [ 144.9371549, -37.8052694 ], [ 144.9376635, -37.8053594 ], [ 144.9403529, -37.805857 ] ], [ [ 144.9401216, -37.8060062 ], [ 144.9371549, -37.8052694 ] ] ] } },
{ "type": "Feature", "properties": { "project_id": "SCC_00403", "scc_feature": 703, "scc_source_id": "703", "scc_type": "C2", "status": "missing_or_unverified", "mean_lts": 4.0, "connects_existing": true, "length_km": 0.289, "high_stress_km": 0.289, "project_type": "New protected link" }, "geometry": { "type": "MultiLineString", "coordinates": [ [ [ 144.9443147, -37.8059353 ], [ 144.9430804, -37.805391 ], [ 144.9439947, -37.8055963 ], [ 144.9443147, -37.8059353 ] ], [ [ 144.9447598, -37.8062675 ], [ 144.9443147, -37.8059353 ] ] ] } },
{ "type": "Feature", "properties": { "project_id": "SCC_00404", "scc_feature": 706, "scc_source_id": "706", "scc_type": "C2", "status": "missing_or_unverified", "mean_lts": 4.0, "connects_existing": false, "length_km": 0.25, "high_stress_km": 0.25, "project_type": "New protected link" }, "geometry": { "type": "LineString", "coordinates": [ [ 144.9445018, -37.5403302 ], [ 144.9473001, -37.5406403 ] ] } },
{ "type": "Feature", "properties": { "project_id": "SCC_00405", "scc_feature": 707, "scc_source_id": "707", "scc_type": "C2", "status": "missing_or_unverified", "mean_lts": 4.0, "connects_existing": false, "length_km": 0.297, "high_stress_km": 0.297, "project_type": "New protected link" }, "geometry": { "type": "MultiLineString", "coordinates": [ [ [ 144.9480418, -37.5408334 ], [ 144.9473001, -37.5406403 ], [ 144.9480944, -37.5405639 ] ], [ [ 144.9484109, -37.5405785 ], [ 144.9490385, -37.5408057 ], [ 144.9484148, -37.5408489 ] ], [ [ 144.9480418, -37.5408334 ], [ 144.9484148, -37.5408489 ] ] ] } },
{ "type": "Feature", "properties": { "project_id": "SCC_00407", "scc_feature": 710, "scc_source_id": "710", "scc_type": "C2", "status": "missing_or_unverified", "mean_lts": 2.73, "connects_existing": false, "length_km": 0.357, "high_stress_km": 0.261, "project_type": "New protected link" }, "geometry": { "type": "LineString", "coordinates": [ [ 144.8854879, -37.7387027 ], [ 144.8865739, -37.7388213 ], [ 144.8866568, -37.7383001 ], [ 144.8868072, -37.7374016 ], [ 144.8869352, -37.7364937 ] ] } },
{ "type": "Feature", "properties": { "project_id": "SCC_00408", "scc_feature": 710, "scc_source_id": "710", "scc_type": "C2", "status": "missing_or_unverified", "mean_lts": 4.0, "connects_existing": false, "length_km": 0.132, "high_stress_km": 0.132, "project_type": "New protected link" }, "geometry": { "type": "LineString", "coordinates": [ [ 144.8889696, -37.7359805 ], [ 144.8890968, -37.7354961 ], [ 144.8893287, -37.7361221 ] ] } },
{ "type": "Feature", "properties": { "project_id": "SCC_00409", "scc_feature": 714, "scc_source_id": "714", "scc_type": "C2", "status": "missing_or_unverified", "mean_lts": 2.0, "connects_existing": true, "length_km": 0.208, "high_stress_km": 0.0, "project_type": "New protected link" }, "geometry": { "type": "LineString", "coordinates": [ [ 144.9517095, -37.2907254 ], [ 144.9513024, -37.2890961 ] ] } },
{ "type": "Feature", "properties": { "project_id": "SCC_00410", "scc_feature": 716, "scc_source_id": "716", "scc_type": "C2", "status": "missing_or_unverified", "mean_lts": 3.93, "connects_existing": true, "length_km": 1.195, "high_stress_km": 1.195, "project_type": "New protected link" }, "geometry": { "type": "MultiLineString", "coordinates": [ [ [ 144.9496222, -37.8103354 ], [ 144.9502073, -37.8105349 ] ], [ [ 144.948789, -37.8084284 ], [ 144.9490828, -37.8088932 ], [ 144.9492633, -37.8093469 ], [ 144.9499799, -37.8101344 ], [ 144.9502073, -37.8105349 ] ], [ [ 144.948789, -37.8084284 ], [ 144.9478301, -37.8077809 ] ], [ [ 144.9514289, -37.8131875 ], [ 144.9509592, -37.812098 ] ], [ [ 144.9502073, -37.8105349 ], [ 144.9504202, -37.8110522 ], [ 144.9509592, -37.812098 ] ], [ [ 144.9474323, -37.8073775 ], [ 144.9469632, -37.8070899 ], [ 144.9463125, -37.8067992 ] ], [ [ 144.9474323, -37.8073775 ], [ 144.9478301, -37.8077809 ] ], [ [ 144.9447598, -37.8062675 ], [ 144.9456615, -37.8065175 ], [ 144.9463125, -37.8067992 ] ] ] } },
{ "type": "Feature", "properties": { "project_id": "SCC_00411", "scc_feature": 716, "scc_source_id": "716", "scc_type": "C2", "status": "missing_or_unverified", "mean_lts": 3.0, "connects_existing": false, "length_km": 0.491, "high_stress_km": 0.491, "project_type": "New protected link" }, "geometry": { "type": "MultiLineString", "coordinates": [ [ [ 144.9531827, -37.8171382 ], [ 144.9528248, -37.8161136 ] ], [ [ 144.9523178, -37.8151405 ], [ 144.9519929, -37.8141526 ] ], [ [ 144.9528248, -37.8161136 ], [ 144.9523178, -37.8151405 ] ], [ [ 144.9523178, -37.8151405 ], [ 144.9526805, -37.8155794 ], [ 144.9528248, -37.8161136 ] ] ] } },
{ "type": "Feature", "properties": { "project_id": "SCC_00412", "scc_feature": 717, "scc_source_id": "717", "scc_type": "C2", "status": "missing_or_unverified", "mean_lts": 1.0, "connects_existing": false, "length_km": 0.507, "high_stress_km": 0.0, "project_type": "New protected link" }, "geometry": { "type": "LineString", "coordinates": [ [ 144.8706364, -37.7148424 ], [ 144.8686621, -37.7184205 ] ] } },
{ "type": "Feature", "properties": { "project_id": "SCC_00413", "scc_feature": 717, "scc_source_id": "717", "scc_type": "C2", "status": "missing_or_unverified", "mean_lts": 4.0, "connects_existing": false, "length_km": 0.108, "high_stress_km": 0.108, "project_type": "New protected link" }, "geometry": { "type": "MultiLineString", "coordinates": [ [ [ 144.8678016, -37.7068879 ], [ 144.8681102, -37.7068033 ] ], [ [ 144.8679317, -37.7063045 ], [ 144.8681102, -37.7068033 ] ] ] } },
{ "type": "Feature", "properties": { "project_id": "SCC_00414", "scc_feature": 717, "scc_source_id": "717", "scc_type": "C2", "status": "missing_or_unverified", "mean_lts": 1.0, "connects_existing": false, "length_km": 0.244, "high_stress_km": 0.0, "project_type": "New protected link" }, "geometry": { "type": "LineString", "coordinates": [ [ 144.8715322, -37.7144621 ], [ 144.8693421, -37.7132961 ] ] } },
{ "type": "Feature", "properties": { "project_id": "SCC_00415", "scc_feature": 717, "scc_source_id": "717", "scc_type": "C2", "status": "missing_or_unverified", "mean_lts": 1.17, "connects_existing": false, "length_km": 1.398, "high_stress_km": 0.0, "project_type": "New protected link" }, "geometry": { "type": "MultiLineString", "coordinates": [ [ [ 144.8701566, -37.7153565 ], [ 144.8719001, -37.7142885 ] ], [ [ 144.8678208, -37.7208564 ], [ 144.8689192, -37.7201374 ], [ 144.8691355, -37.7177351 ] ], [ [ 144.8691046, -37.7172299 ], [ 144.8691355, -37.7177351 ] ], [ [ 144.8691046, -37.7172299 ], [ 144.8692959, -37.7164944 ] ], [ [ 144.8691046, -37.7172299 ], [ 144.8701566, -37.7153565 ] ], [ [ 144.8691355, -37.7177351 ], [ 144.8692959, -37.7164944 ] ], [ [ 144.8692959, -37.7164944 ], [ 144.8701566, -37.7153565 ] ] ] } },
{ "type": "Feature", "properties": { "project_id": "SCC_00416", "scc_feature": 722, "scc_source_id": "722", "scc_type": "C2", "status": "missing_or_unverified", "mean_lts": 4.0, "connects_existing": false, "length_km": 0.148, "high_stress_km": 0.148, "project_type": "New protected link" }, "geometry": { "type": "LineString", "coordinates": [ [ 144.9189541, -38.3519106 ], [ 144.9181468, -38.3521306 ], [ 144.9170972, -38.3524183 ] ] } },
{ "type": "Feature", "properties": { "project_id": "SCC_00417", "scc_feature": 722, "scc_source_id": "722", "scc_type": "C2", "status": "missing_or_unverified", "mean_lts": 4.0, "connects_existing": true, "length_km": 0.446, "high_stress_km": 0.446, "project_type": "New protected link" }, "geometry": { "type": "LineString", "coordinates": [ [ 144.9384071, -38.3438471 ], [ 144.9430297, -38.3418198 ] ] } },
{ "type": "Feature", "properties": { "project_id": "SCC_00418", "scc_feature": 729, "scc_source_id": "729", "scc_type": "C2", "status": "missing_or_unverified", "mean_lts": 4.0, "connects_existing": true, "length_km": 0.197, "high_stress_km": 0.197, "project_type": "New protected link" }, "geometry": { "type": "LineString", "coordinates": [ [ 144.9713863, -37.8596732 ], [ 144.9695826, -37.8587139 ] ] } },
{ "type": "Feature", "properties": { "project_id": "SCC_00419", "scc_feature": 733, "scc_source_id": "733", "scc_type": "C2", "status": "missing_or_unverified", "mean_lts": 3.97, "connects_existing": false, "length_km": 1.353, "high_stress_km": 1.353, "project_type": "New protected link" }, "geometry": { "type": "MultiLineString", "coordinates": [ [ [ 144.8838434, -37.8433437 ], [ 144.8838697, -37.8436146 ] ], [ [ 144.8838434, -37.8433437 ], [ 144.8837687, -37.8427747 ], [ 144.8837666, -37.8420537 ], [ 144.88378, -37.8411888 ] ], [ [ 144.885893, -37.8316565 ], [ 144.8855443, -37.8331281 ], [ 144.8850084, -37.8351821 ], [ 144.8841254, -37.8386448 ], [ 144.8840841, -37.8388963 ], [ 144.8839404, -37.8395516 ], [ 144.8838491, -37.840361 ], [ 144.88378, -37.8411888 ] ] ] } },
{ "type": "Feature", "properties": { "project_id": "SCC_00420", "scc_feature": 733, "scc_source_id": "733", "scc_type": "C2", "status": "missing_or_unverified", "mean_lts": 2.21, "connects_existing": true, "length_km": 0.28, "high_stress_km": 0.06, "project_type": "New protected link" }, "geometry": { "type": "LineString", "coordinates": [ [ 144.8816053, -37.8310117 ], [ 144.8840399, -37.8312988 ], [ 144.8847078, -37.8313828 ] ] } },
{ "type": "Feature", "properties": { "project_id": "SCC_00421", "scc_feature": 733, "scc_source_id": "733", "scc_type": "C2", "status": "missing_or_unverified", "mean_lts": 3.0, "connects_existing": false, "length_km": 0.112, "high_stress_km": 0.112, "project_type": "New protected link" }, "geometry": { "type": "LineString", "coordinates": [ [ 144.8739958, -37.828928 ], [ 144.8730495, -37.828253 ] ] } },
{ "type": "Feature", "properties": { "project_id": "SCC_00422", "scc_feature": 736, "scc_source_id": "736", "scc_type": "C2", "status": "missing_or_unverified", "mean_lts": 3.87, "connects_existing": true, "length_km": 2.816, "high_stress_km": 2.723, "project_type": "New protected link" }, "geometry": { "type": "MultiLineString", "coordinates": [ [ [ 144.890888, -37.7247591 ], [ 144.8909751, -37.7256889 ] ], [ [ 144.8890968, -37.7354961 ], [ 144.8893334, -37.7339593 ] ], [ [ 144.8899319, -37.7304645 ], [ 144.8893334, -37.7339593 ] ], [ [ 144.8902275, -37.7132483 ], [ 144.8906976, -37.714275 ] ], [ [ 144.8904769, -37.7140548 ], [ 144.8899501, -37.7134325 ] ], [ [ 144.8904769, -37.7140548 ], [ 144.8896749, -37.7135358 ] ], [ [ 144.8899319, -37.7304645 ], [ 144.8900953, -37.7295031 ], [ 144.8902471, -37.7285506 ], [ 144.8904106, -37.7275893 ], [ 144.8905735, -37.726646 ], [ 144.8909751, -37.7256889 ] ], [ [ 144.8906976, -37.714275 ], [ 144.8904769, -37.7140548 ] ], [ [ 144.8906976, -37.714275 ], [ 144.8912224, -37.7149693 ], [ 144.8919125, -37.7162343 ], [ 144.8920695, -37.7171022 ] ], [ [ 144.890888, -37.7247591 ], [ 144.891064, -37.7237529 ], [ 144.8912297, -37.7227105 ], [ 144.8913839, -37.721677 ], [ 144.8915632, -37.7205537 ], [ 144.891713, -37.7196732 ], [ 144.8918393, -37.7188194 ], [ 144.8919767, -37.7179747 ], [ 144.8920695, -37.7171022 ] ] ] } },
{ "type": "Feature", "properties": { "project_id": "SCC_00423", "scc_feature": 736, "scc_source_id": "736", "scc_type": "C2", "status": "missing_or_unverified", "mean_lts": 3.41, "connects_existing": true, "length_km": 0.259, "high_stress_km": 0.192, "project_type": "New protected link" }, "geometry": { "type": "MultiLineString", "coordinates": [ [ [ 144.8875984, -37.7095604 ], [ 144.8870865, -37.7088123 ], [ 144.8876842, -37.7093366 ] ], [ [ 144.888278, -37.7099961 ], [ 144.8876842, -37.7093366 ] ], [ [ 144.8875984, -37.7095604 ], [ 144.8870662, -37.7091273 ] ] ] } },
{ "type": "Feature", "properties": { "project_id": "SCC_00424", "scc_feature": 736, "scc_source_id": "736", "scc_type": "C2", "status": "missing_or_unverified", "mean_lts": 4.0, "connects_existing": true, "length_km": 0.108, "high_stress_km": 0.108, "project_type": "New protected link" }, "geometry": { "type": "LineString", "coordinates": [ [ 144.8805554, -37.6999626 ], [ 144.8803158, -37.6996158 ], [ 144.8809071, -37.6999599 ] ] } },
{ "type": "Feature", "properties": { "project_id": "SCC_00425", "scc_feature": 739, "scc_source_id": "739", "scc_type": "C2", "status": "missing_or_unverified", "mean_lts": 3.58, "connects_existing": false, "length_km": 0.293, "high_stress_km": 0.293, "project_type": "New protected link" }, "geometry": { "type": "LineString", "coordinates": [ [ 144.8845952, -37.8448712 ], [ 144.8838697, -37.8436146 ], [ 144.8847934, -37.844298 ] ] } },
{ "type": "Feature", "properties": { "project_id": "SCC_00426", "scc_feature": 740, "scc_source_id": "740", "scc_type": "C2", "status": "missing_or_unverified", "mean_lts": 3.03, "connects_existing": true, "length_km": 1.144, "high_stress_km": 1.144, "project_type": "New protected link" }, "geometry": { "type": "MultiLineString", "coordinates": [ [ [ 144.9288431, -37.733579 ], [ 144.9293734, -37.7336875 ] ], [ [ 144.9378997, -37.7347472 ], [ 144.9352082, -37.7344207 ], [ 144.934202, -37.7342859 ], [ 144.9332178, -37.7341785 ], [ 144.9322454, -37.7340533 ], [ 144.9311148, -37.7339073 ], [ 144.9293734, -37.7336875 ] ], [ [ 144.9378997, -37.7347472 ], [ 144.9392802, -37.7348885 ], [ 144.9401848, -37.7350034 ], [ 144.9404676, -37.7350354 ], [ 144.9412028, -37.7351204 ], [ 144.9416325, -37.7351729 ] ] ] } },
{ "type": "Feature", "properties": { "project_id": "SCC_00428", "scc_feature": 743, "scc_source_id": "743", "scc_type": "C2", "status": "missing_or_unverified", "mean_lts": 4.0, "connects_existing": true, "length_km": 0.06, "high_stress_km": 0.06, "project_type": "New protected link" }, "geometry": { "type": "LineString", "coordinates": [ [ 144.9499752, -37.540903 ], [ 144.9490385, -37.5408057 ] ] } },
{ "type": "Feature", "properties": { "project_id": "SCC_00429", "scc_feature": 743, "scc_source_id": "743", "scc_type": "C2", "status": "missing_or_unverified", "mean_lts": 4.0, "connects_existing": true, "length_km": 0.419, "high_stress_km": 0.419, "project_type": "New protected link" }, "geometry": { "type": "LineString", "coordinates": [ [ 144.961269, -37.5417836 ], [ 144.9565627, -37.5412966 ] ] } },
{ "type": "Feature", "properties": { "project_id": "SCC_00430", "scc_feature": 745, "scc_source_id": "745", "scc_type": "C2", "status": "missing_or_unverified", "mean_lts": 2.0, "connects_existing": false, "length_km": 0.107, "high_stress_km": 0.0, "project_type": "New protected link" }, "geometry": { "type": "MultiLineString", "coordinates": [ [ [ 144.9490948, -37.5259457 ], [ 144.9485192, -37.5258906 ] ], [ [ 144.9478871, -37.5258346 ], [ 144.9485192, -37.5258906 ] ] ] } },
{ "type": "Feature", "properties": { "project_id": "SCC_00431", "scc_feature": 748, "scc_source_id": "748", "scc_type": "C2", "status": "missing_or_unverified", "mean_lts": 1.0, "connects_existing": true, "length_km": 0.058, "high_stress_km": 0.0, "project_type": "New protected link" }, "geometry": { "type": "LineString", "coordinates": [ [ 144.9587915, -37.7999239 ], [ 144.959974, -37.8002869 ] ] } },
{ "type": "Feature", "properties": { "project_id": "SCC_00432", "scc_feature": 749, "scc_source_id": "749", "scc_type": "C2", "status": "missing_or_unverified", "mean_lts": 4.0, "connects_existing": true, "length_km": 0.858, "high_stress_km": 0.858, "project_type": "New protected link" }, "geometry": { "type": "MultiLineString", "coordinates": [ [ [ 144.9636274, -37.8227443 ], [ 144.963682, -37.8224118 ] ], [ [ 144.9636274, -37.8227443 ], [ 144.9640059, -37.8226157 ] ], [ [ 144.9625984, -37.8238079 ], [ 144.9636274, -37.8227443 ] ], [ [ 144.9640059, -37.8226157 ], [ 144.9637612, -37.8228368 ], [ 144.9625984, -37.8238079 ] ], [ [ 144.9640059, -37.8226157 ], [ 144.9642382, -37.8224305 ] ], [ [ 144.9645324, -37.8224716 ], [ 144.9644894, -37.8227953 ] ], [ [ 144.9645324, -37.8224716 ], [ 144.9640059, -37.8226157 ] ], [ [ 144.9603735, -37.8258061 ], [ 144.961086, -37.8250975 ], [ 144.9625984, -37.8238079 ] ] ] } },
{ "type": "Feature", "properties": { "project_id": "SCC_00433", "scc_feature": 767, "scc_source_id": "767", "scc_type": "C2", "status": "missing_or_unverified", "mean_lts": 2.0, "connects_existing": false, "length_km": 0.145, "high_stress_km": 0.0, "project_type": "New protected link" }, "geometry": { "type": "LineString", "coordinates": [ [ 144.8991218, -37.80229 ], [ 144.89931, -37.8008605 ] ] } },
{ "type": "Feature", "properties": { "project_id": "SCC_00434", "scc_feature": 768, "scc_source_id": "768", "scc_type": "C2", "status": "missing_or_unverified", "mean_lts": 4.0, "connects_existing": false, "length_km": 1.026, "high_stress_km": 1.026, "project_type": "New protected link" }, "geometry": { "type": "MultiLineString", "coordinates": [ [ [ 144.8989685, -37.7988808 ], [ 144.8987706, -37.798652 ] ], [ [ 144.898327, -37.7982746 ], [ 144.8987706, -37.798652 ] ], [ [ 144.8995175, -37.7995485 ], [ 144.8991662, -37.7991186 ] ], [ [ 144.8989685, -37.7988808 ], [ 144.8991662, -37.7991186 ] ], [ [ 144.898327, -37.7982746 ], [ 144.8980896, -37.7978378 ], [ 144.8976284, -37.7972799 ], [ 144.8973644, -37.7969778 ] ], [ [ 144.8945743, -37.7936477 ], [ 144.8940469, -37.7930254 ] ], [ [ 144.8929563, -37.7922399 ], [ 144.8935197, -37.7923942 ], [ 144.8940469, -37.7930254 ] ], [ [ 144.8945743, -37.7936477 ], [ 144.8951456, -37.7943247 ], [ 144.895486, -37.7947363 ], [ 144.8969141, -37.796438 ], [ 144.8973644, -37.7969778 ] ] ] } },
{ "type": "Feature", "properties": { "project_id": "SCC_00435", "scc_feature": 771, "scc_source_id": "771", "scc_type": "C2", "status": "missing_or_unverified", "mean_lts": 1.0, "connects_existing": true, "length_km": 0.073, "high_stress_km": 0.0, "project_type": "New protected link" }, "geometry": { "type": "LineString", "coordinates": [ [ 144.8977559, -37.8140078 ], [ 144.8971011, -37.8142665 ] ] } },
{ "type": "Feature", "properties": { "project_id": "SCC_00436", "scc_feature": 778, "scc_source_id": "778", "scc_type": "C2", "status": "missing_or_unverified", "mean_lts": 3.67, "connects_existing": false, "length_km": 0.884, "high_stress_km": 0.884, "project_type": "New protected link" }, "geometry": { "type": "MultiLineString", "coordinates": [ [ [ 144.8952841, -37.8566247 ], [ 144.8959409, -37.8567086 ], [ 144.8969605, -37.8568259 ] ], [ [ 144.8952841, -37.8566247 ], [ 144.8948537, -37.856572 ] ], [ [ 144.899725, -37.8571366 ], [ 144.9001554, -37.8571893 ], [ 144.9024324, -37.8574552 ] ], [ [ 144.899725, -37.8571366 ], [ 144.8991471, -37.8570722 ], [ 144.8982747, -37.8569755 ], [ 144.8976623, -37.8569286 ], [ 144.8969605, -37.8568259 ] ], [ [ 144.8924954, -37.8563675 ], [ 144.8948537, -37.856572 ] ] ] } },
{ "type": "Feature", "properties": { "project_id": "SCC_00437", "scc_feature": 780, "scc_source_id": "780", "scc_type": "C2", "status": "missing_or_unverified", "mean_lts": 4.0, "connects_existing": true, "length_km": 0.14, "high_stress_km": 0.14, "project_type": "New protected link" }, "geometry": { "type": "MultiLineString", "coordinates": [ [ [ 144.9025278, -37.7702059 ], [ 144.903603, -37.7703242 ] ], [ [ 144.9025278, -37.7702059 ], [ 144.902158, -37.7700371 ] ] ] } },
{ "type": "Feature", "properties": { "project_id": "SCC_00438", "scc_feature": 782, "scc_source_id": "782", "scc_type": "C2", "status": "missing_or_unverified", "mean_lts": 4.0, "connects_existing": false, "length_km": 0.146, "high_stress_km": 0.146, "project_type": "New protected link" }, "geometry": { "type": "LineString", "coordinates": [ [ 144.903603, -37.7703242 ], [ 144.9040556, -37.7703773 ], [ 144.905244, -37.7705066 ] ] } },
{ "type": "Feature", "properties": { "project_id": "SCC_00440", "scc_feature": 787, "scc_source_id": "787", "scc_type": "C2", "status": "missing_or_unverified", "mean_lts": 2.92, "connects_existing": false, "length_km": 1.761, "high_stress_km": 0.89, "project_type": "New protected link" }, "geometry": { "type": "MultiLineString", "coordinates": [ [ [ 144.8954225, -37.8601507 ], [ 144.8968579, -37.8616363 ], [ 144.8971029, -37.8618119 ] ], [ [ 144.8954225, -37.8601507 ], [ 144.8939032, -37.8584204 ] ], [ [ 144.8994149, -37.864854 ], [ 144.8989743, -37.8635575 ], [ 144.8971029, -37.8618119 ] ], [ [ 144.8994149, -37.864854 ], [ 144.90143, -37.8655478 ], [ 144.9037843, -37.8663017 ] ], [ [ 144.906285, -37.8671122 ], [ 144.9073663, -37.8674648 ], [ 144.9079982, -37.8676293 ] ], [ [ 144.906285, -37.8671122 ], [ 144.9037843, -37.8663017 ] ] ] } },
{ "type": "Feature", "properties": { "project_id": "SCC_00441", "scc_feature": 788, "scc_source_id": "788", "scc_type": "C2", "status": "missing_or_unverified", "mean_lts": 4.0, "connects_existing": false, "length_km": 0.189, "high_stress_km": 0.189, "project_type": "New protected link" }, "geometry": { "type": "LineString", "coordinates": [ [ 144.9055528, -37.7688179 ], [ 144.905244, -37.7705066 ] ] } },
{ "type": "Feature", "properties": { "project_id": "SCC_00442", "scc_feature": 788, "scc_source_id": "788", "scc_type": "C2", "status": "missing_or_unverified", "mean_lts": 2.86, "connects_existing": false, "length_km": 0.463, "high_stress_km": 0.398, "project_type": "New protected link" }, "geometry": { "type": "MultiLineString", "coordinates": [ [ [ 144.907269, -37.7671361 ], [ 144.9071337, -37.7679087 ], [ 144.9069446, -37.7689778 ], [ 144.9062207, -37.7688838 ] ], [ [ 144.9075815, -37.7653123 ], [ 144.9075007, -37.7657615 ] ], [ [ 144.907269, -37.7671361 ], [ 144.9075007, -37.7657615 ] ] ] } },
{ "type": "Feature", "properties": { "project_id": "SCC_00444", "scc_feature": 792, "scc_source_id": "792", "scc_type": "C2", "status": "missing_or_unverified", "mean_lts": 3.56, "connects_existing": false, "length_km": 1.253, "high_stress_km": 0.994, "project_type": "New protected link" }, "geometry": { "type": "MultiLineString", "coordinates": [ [ [ 144.9095957, -37.7437649 ], [ 144.9092767, -37.7434078 ], [ 144.9082122, -37.7417127 ], [ 144.9077556, -37.7410017 ] ], [ [ 144.9102036, -37.744749 ], [ 144.9094585, -37.744204 ] ], [ [ 144.9098134, -37.7440932 ], [ 144.9095957, -37.7437649 ] ], [ [ 144.9095957, -37.7437649 ], [ 144.9081783, -37.7413066 ], [ 144.908487, -37.7416275 ], [ 144.9097885, -37.7437683 ], [ 144.9101774, -37.7440636 ] ], [ [ 144.9098134, -37.7440932 ], [ 144.9102036, -37.744749 ] ], [ [ 144.9102036, -37.744749 ], [ 144.9101774, -37.7440636 ] ] ] } },
{ "type": "Feature", "properties": { "project_id": "SCC_00446", "scc_feature": 794, "scc_source_id": "794", "scc_type": "C2", "status": "missing_or_unverified", "mean_lts": 2.0, "connects_existing": false, "length_km": 0.258, "high_stress_km": 0.0, "project_type": "New protected link" }, "geometry": { "type": "LineString", "coordinates": [ [ 144.908487, -37.7416275 ], [ 144.9099799, -37.7434203 ] ] } },
{ "type": "Feature", "properties": { "project_id": "SCC_00447", "scc_feature": 795, "scc_source_id": "795", "scc_type": "C2", "status": "missing_or_unverified", "mean_lts": 3.75, "connects_existing": true, "length_km": 2.488, "high_stress_km": 2.177, "project_type": "New protected link" }, "geometry": { "type": "MultiLineString", "coordinates": [ [ [ 144.9060642, -37.6378131 ], [ 144.9091245, -37.6382008 ] ], [ [ 144.9060642, -37.6378131 ], [ 144.9095914, -37.6381189 ] ], [ [ 144.9060642, -37.6378131 ], [ 144.9026957, -37.6375099 ], [ 144.8993934, -37.6372709 ] ], [ [ 144.8849885, -37.6353282 ], [ 144.8889834, -37.6359134 ] ], [ [ 144.8894934, -37.6359135 ], [ 144.8889834, -37.6359134 ] ], [ [ 144.8989861, -37.6372456 ], [ 144.8985449, -37.6372197 ] ], [ [ 144.8989861, -37.6372456 ], [ 144.8993773, -37.6370363 ] ], [ [ 144.8894934, -37.6359135 ], [ 144.8920254, -37.6361391 ] ], [ [ 144.8926644, -37.6363848 ], [ 144.8920254, -37.6361391 ] ], [ [ 144.8989861, -37.6372456 ], [ 144.8993934, -37.6372709 ] ], [ [ 144.8926644, -37.6363848 ], [ 144.8955981, -37.6368337 ], [ 144.8985449, -37.6372197 ] ] ] } },
{ "type": "Feature", "properties": { "project_id": "SCC_00448", "scc_feature": 795, "scc_source_id": "795", "scc_type": "C2", "status": "missing_or_unverified", "mean_lts": 4.0, "connects_existing": true, "length_km": 0.453, "high_stress_km": 0.453, "project_type": "New protected link" }, "geometry": { "type": "LineString", "coordinates": [ [ 144.8806256, -37.6532736 ], [ 144.8794308, -37.6510442 ], [ 144.8794187, -37.6490794 ] ] } },
{ "type": "Feature", "properties": { "project_id": "SCC_00449", "scc_feature": 795, "scc_source_id": "795", "scc_type": "C2", "status": "missing_or_unverified", "mean_lts": 4.0, "connects_existing": true, "length_km": 0.444, "high_stress_km": 0.444, "project_type": "New protected link" }, "geometry": { "type": "LineString", "coordinates": [ [ 144.8797163, -37.6489766 ], [ 144.8797589, -37.6514646 ], [ 144.8810159, -37.6534969 ] ] } },
{ "type": "Feature", "properties": { "project_id": "SCC_00450", "scc_feature": 797, "scc_source_id": "797", "scc_type": "C2", "status": "missing_or_unverified", "mean_lts": 2.0, "connects_existing": true, "length_km": 0.091, "high_stress_km": 0.0, "project_type": "New protected link" }, "geometry": { "type": "LineString", "coordinates": [ [ 144.9102264, -37.8229441 ], [ 144.9111913, -37.8229702 ] ] } },
{ "type": "Feature", "properties": { "project_id": "SCC_00451", "scc_feature": 799, "scc_source_id": "799", "scc_type": "C2", "status": "missing_or_unverified", "mean_lts": 4.0, "connects_existing": true, "length_km": 0.101, "high_stress_km": 0.101, "project_type": "New protected link" }, "geometry": { "type": "LineString", "coordinates": [ [ 144.908525, -38.3691612 ], [ 144.9085694, -38.3680176 ] ] } },
{ "type": "Feature", "properties": { "project_id": "SCC_00452", "scc_feature": 799, "scc_source_id": "799", "scc_type": "C2", "status": "missing_or_unverified", "mean_lts": 4.0, "connects_existing": true, "length_km": 0.248, "high_stress_km": 0.248, "project_type": "New protected link" }, "geometry": { "type": "LineString", "coordinates": [ [ 144.9085923, -38.3711989 ], [ 144.9084692, -38.3734854 ] ] } },
{ "type": "Feature", "properties": { "project_id": "SCC_00453", "scc_feature": 799, "scc_source_id": "799", "scc_type": "C2", "status": "missing_or_unverified", "mean_lts": 4.0, "connects_existing": false, "length_km": 0.189, "high_stress_km": 0.189, "project_type": "New protected link" }, "geometry": { "type": "MultiLineString", "coordinates": [ [ [ 144.9092309, -38.354576 ], [ 144.9090916, -38.3542492 ] ], [ [ 144.9092309, -38.354576 ], [ 144.9092116, -38.3560445 ] ] ] } },
{ "type": "Feature", "properties": { "project_id": "SCC_00454", "scc_feature": 799, "scc_source_id": "799", "scc_type": "C2", "status": "missing_or_unverified", "mean_lts": 3.43, "connects_existing": true, "length_km": 0.099, "high_stress_km": 0.099, "project_type": "New protected link" }, "geometry": { "type": "LineString", "coordinates": [ [ 144.9088473, -38.3679054 ], [ 144.9088326, -38.3684188 ], [ 144.9088581, -38.3691221 ] ] } },
{ "type": "Feature", "properties": { "project_id": "SCC_00455", "scc_feature": 799, "scc_source_id": "799", "scc_type": "C2", "status": "missing_or_unverified", "mean_lts": 4.0, "connects_existing": true, "length_km": 0.057, "high_stress_km": 0.057, "project_type": "New protected link" }, "geometry": { "type": "LineString", "coordinates": [ [ 144.908852, -38.3784753 ], [ 144.9095828, -38.3789389 ] ] } },
{ "type": "Feature", "properties": { "project_id": "SCC_00457", "scc_feature": 802, "scc_source_id": "802", "scc_type": "C2", "status": "missing_or_unverified", "mean_lts": 4.0, "connects_existing": true, "length_km": 1.565, "high_stress_km": 1.565, "project_type": "New protected link" }, "geometry": { "type": "MultiLineString", "coordinates": [ [ [ 144.9091959, -37.6817114 ], [ 144.9068227, -37.681426 ], [ 144.905421, -37.6812749 ], [ 144.9049251, -37.681167 ], [ 144.9091959, -37.6817114 ] ], [ [ 144.9138514, -37.6839117 ], [ 144.912336, -37.6825511 ] ], [ [ 144.9091959, -37.6817114 ], [ 144.912336, -37.6825511 ] ], [ [ 144.912336, -37.6825511 ], [ 144.910333, -37.682002 ], [ 144.9091959, -37.6817114 ] ] ] } },
{ "type": "Feature", "properties": { "project_id": "SCC_00458", "scc_feature": 802, "scc_source_id": "802", "scc_type": "C2", "status": "missing_or_unverified", "mean_lts": 3.0, "connects_existing": false, "length_km": 0.079, "high_stress_km": 0.079, "project_type": "New protected link" }, "geometry": { "type": "MultiLineString", "coordinates": [ [ [ 144.9153314, -37.6820814 ], [ 144.9157318, -37.6819534 ] ], [ [ 144.9155643, -37.6822658 ], [ 144.9157318, -37.6819534 ] ] ] } },
{ "type": "Feature", "properties": { "project_id": "SCC_00459", "scc_feature": 802, "scc_source_id": "802", "scc_type": "C2", "status": "missing_or_unverified", "mean_lts": 4.0, "connects_existing": false, "length_km": 0.072, "high_stress_km": 0.072, "project_type": "New protected link" }, "geometry": { "type": "LineString", "coordinates": [ [ 144.8935903, -37.6810191 ], [ 144.8927753, -37.6809685 ] ] } },
{ "type": "Feature", "properties": { "project_id": "SCC_00460", "scc_feature": 803, "scc_source_id": "803", "scc_type": "C2", "status": "missing_or_unverified", "mean_lts": 3.46, "connects_existing": true, "length_km": 1.291, "high_stress_km": 1.108, "project_type": "New protected link" }, "geometry": { "type": "MultiLineString", "coordinates": [ [ [ 144.9807363, -37.798581 ], [ 144.981178, -37.7986246 ], [ 144.9818893, -37.798781 ] ], [ [ 144.9822083, -37.7987414 ], [ 144.9827293, -37.7987954 ], [ 144.9830805, -37.7988285 ], [ 144.9839069, -37.7989237 ], [ 144.9842695, -37.798957 ], [ 144.9850621, -37.7990426 ], [ 144.9862289, -37.7991527 ], [ 144.9865685, -37.7991945 ], [ 144.9873387, -37.7992708 ], [ 144.9877691, -37.7993142 ] ], [ [ 144.9822083, -37.7987414 ], [ 144.9818893, -37.798781 ] ], [ [ 144.9877691, -37.7993142 ], [ 144.9888213, -37.7998819 ] ], [ [ 144.9877691, -37.7993142 ], [ 144.9891057, -37.7994452 ] ], [ [ 144.9896154, -37.7994989 ], [ 144.9899779, -37.7995321 ], [ 144.9903288, -37.7995742 ], [ 144.9906687, -37.799607 ], [ 144.9910198, -37.79964 ], [ 144.9913256, -37.7996723 ], [ 144.991722, -37.7997151 ], [ 144.9920166, -37.7997382 ], [ 144.992413, -37.799781 ], [ 144.9930021, -37.7998361 ] ], [ [ 144.9896154, -37.7994989 ], [ 144.9891057, -37.7994452 ] ] ] } },
{ "type": "Feature", "properties": { "project_id": "SCC_00461", "scc_feature": 803, "scc_source_id": "803", "scc_type": "C2", "status": "missing_or_unverified", "mean_lts": 3.0, "connects_existing": false, "length_km": 0.245, "high_stress_km": 0.245, "project_type": "New protected link" }, "geometry": { "type": "MultiLineString", "coordinates": [ [ [ 144.9949048, -37.8000307 ], [ 144.9953239, -37.8000739 ] ], [ [ 144.9975532, -37.8003731 ], [ 144.9970117, -37.8002378 ], [ 144.9953239, -37.8000739 ] ] ] } },
{ "type": "Feature", "properties": { "project_id": "SCC_00462", "scc_feature": 804, "scc_source_id": "804", "scc_type": "C2", "status": "missing_or_unverified", "mean_lts": 4.0, "connects_existing": false, "length_km": 0.527, "high_stress_km": 0.527, "project_type": "New protected link" }, "geometry": { "type": "MultiLineString", "coordinates": [ [ [ 144.9252524, -37.7650481 ], [ 144.92523, -37.7654442 ], [ 144.9246876, -37.7661646 ], [ 144.9252524, -37.7650481 ] ], [ [ 144.9252524, -37.7650481 ], [ 144.9253207, -37.7646348 ], [ 144.9254674, -37.7638533 ] ], [ [ 144.9255221, -37.7635209 ], [ 144.9254674, -37.7638533 ] ] ] } },
{ "type": "Feature", "properties": { "project_id": "SCC_00463", "scc_feature": 804, "scc_source_id": "804", "scc_type": "C2", "status": "missing_or_unverified", "mean_lts": 3.0, "connects_existing": false, "length_km": 0.445, "high_stress_km": 0.445, "project_type": "New protected link" }, "geometry": { "type": "MultiLineString", "coordinates": [ [ [ 144.9299925, -37.7635995 ], [ 144.9302443, -37.7631173 ] ], [ [ 144.9299925, -37.7635995 ], [ 144.9291065, -37.7640255 ], [ 144.9278418, -37.763787 ], [ 144.9267326, -37.7636683 ], [ 144.9261444, -37.7635949 ] ] ] } },
{ "type": "Feature", "properties": { "project_id": "SCC_00464", "scc_feature": 805, "scc_source_id": "805", "scc_type": "C2", "status": "missing_or_unverified", "mean_lts": 3.89, "connects_existing": true, "length_km": 1.099, "high_stress_km": 1.099, "project_type": "New protected link" }, "geometry": { "type": "MultiLineString", "coordinates": [ [ [ 144.957888, -37.8273581 ], [ 144.9575884, -37.826686 ], [ 144.957352, -37.8261953 ], [ 144.9569774, -37.8253597 ], [ 144.9577047, -37.8265889 ], [ 144.9581889, -37.8275706 ] ], [ [ 144.9580373, -37.8277121 ], [ 144.957888, -37.8273581 ] ], [ [ 144.9577815, -37.827924 ], [ 144.957888, -37.8273581 ] ], [ [ 144.9581889, -37.8275706 ], [ 144.9583478, -37.8279878 ] ], [ [ 144.9581889, -37.8275706 ], [ 144.9591197, -37.8267756 ], [ 144.9596318, -37.8263339 ] ], [ [ 144.9596318, -37.8263339 ], [ 144.9597965, -37.8261295 ] ], [ [ 144.9597965, -37.8261295 ], [ 144.9600257, -37.8256468 ] ], [ [ 144.9597965, -37.8261295 ], [ 144.9603735, -37.8258061 ], [ 144.9596318, -37.8263339 ] ] ] } },
{ "type": "Feature", "properties": { "project_id": "SCC_00466", "scc_feature": 807, "scc_source_id": "807", "scc_type": "C2", "status": "missing_or_unverified", "mean_lts": 2.0, "connects_existing": false, "length_km": 0.085, "high_stress_km": 0.0, "project_type": "New protected link" }, "geometry": { "type": "LineString", "coordinates": [ [ 144.9230358, -37.7148133 ], [ 144.9239618, -37.7149648 ] ] } },
{ "type": "Feature", "properties": { "project_id": "SCC_00467", "scc_feature": 809, "scc_source_id": "809", "scc_type": "C2", "status": "missing_or_unverified", "mean_lts": 3.3, "connects_existing": true, "length_km": 0.507, "high_stress_km": 0.33, "project_type": "New protected link" }, "geometry": { "type": "MultiLineString", "coordinates": [ [ [ 144.9596482, -37.8414108 ], [ 144.9603781, -37.8409008 ], [ 144.9611649, -37.8403917 ] ], [ [ 144.9591641, -37.8420693 ], [ 144.9611649, -37.8403917 ] ], [ [ 144.9611649, -37.8403917 ], [ 144.9601746, -37.8416903 ] ] ] } },
{ "type": "Feature", "properties": { "project_id": "SCC_00468", "scc_feature": 812, "scc_source_id": "812", "scc_type": "C2", "status": "missing_or_unverified", "mean_lts": 2.0, "connects_existing": true, "length_km": 0.063, "high_stress_km": 0.0, "project_type": "New protected link" }, "geometry": { "type": "LineString", "coordinates": [ [ 144.9611649, -37.8403917 ], [ 144.9615964, -37.8408138 ] ] } },
{ "type": "Feature", "properties": { "project_id": "SCC_00469", "scc_feature": 816, "scc_source_id": "816", "scc_type": "C2", "status": "missing_or_unverified", "mean_lts": 4.0, "connects_existing": false, "length_km": 0.25, "high_stress_km": 0.25, "project_type": "New protected link" }, "geometry": { "type": "LineString", "coordinates": [ [ 144.9598886, -37.8071073 ], [ 144.9602443, -37.8082129 ], [ 144.9608748, -37.8092421 ], [ 144.9612025, -37.8097164 ] ] } },
{ "type": "Feature", "properties": { "project_id": "SCC_00470", "scc_feature": 816, "scc_source_id": "816", "scc_type": "C2", "status": "missing_or_unverified", "mean_lts": 3.0, "connects_existing": true, "length_km": 0.119, "high_stress_km": 0.119, "project_type": "New protected link" }, "geometry": { "type": "LineString", "coordinates": [ [ 144.9618063, -37.8113039 ], [ 144.9613446, -37.8103317 ] ] } },
{ "type": "Feature", "properties": { "project_id": "SCC_00471", "scc_feature": 816, "scc_source_id": "816", "scc_type": "C2", "status": "missing_or_unverified", "mean_lts": 3.0, "connects_existing": false, "length_km": 0.098, "high_stress_km": 0.098, "project_type": "New protected link" }, "geometry": { "type": "LineString", "coordinates": [ [ 144.9631569, -37.8142381 ], [ 144.9627063, -37.8132751 ] ] } },
{ "type": "Feature", "properties": { "project_id": "SCC_00472", "scc_feature": 818, "scc_source_id": "818", "scc_type": "C2", "status": "missing_or_unverified", "mean_lts": 2.0, "connects_existing": false, "length_km": 0.198, "high_stress_km": 0.0, "project_type": "New protected link" }, "geometry": { "type": "LineString", "coordinates": [ [ 144.9984758, -37.9351233 ], [ 144.9991393, -37.9358285 ], [ 145.0000503, -37.9362224 ] ] } },
{ "type": "Feature", "properties": { "project_id": "SCC_00473", "scc_feature": 818, "scc_source_id": "818", "scc_type": "C2", "status": "missing_or_unverified", "mean_lts": 4.0, "connects_existing": false, "length_km": 0.268, "high_stress_km": 0.268, "project_type": "New protected link" }, "geometry": { "type": "MultiLineString", "coordinates": [ [ [ 145.0021461, -37.9395022 ], [ 145.002306, -37.9386398 ], [ 145.0023603, -37.9383163 ] ], [ [ 145.0021461, -37.9395022 ], [ 145.0019181, -37.940778 ] ] ] } },
{ "type": "Feature", "properties": { "project_id": "SCC_00474", "scc_feature": 818, "scc_source_id": "818", "scc_type": "C2", "status": "missing_or_unverified", "mean_lts": 4.0, "connects_existing": true, "length_km": 0.407, "high_stress_km": 0.407, "project_type": "New protected link" }, "geometry": { "type": "MultiLineString", "coordinates": [ [ [ 145.0080368, -37.9522725 ], [ 145.0076409, -37.9521847 ], [ 145.0058158, -37.9519195 ], [ 145.0046693, -37.9518099 ] ], [ [ 145.0040231, -37.9517178 ], [ 145.0035218, -37.9517364 ] ], [ [ 145.0040231, -37.9517178 ], [ 145.0046693, -37.9518099 ] ] ] } },
{ "type": "Feature", "properties": { "project_id": "SCC_00475", "scc_feature": 818, "scc_source_id": "818", "scc_type": "C2", "status": "missing_or_unverified", "mean_lts": 3.89, "connects_existing": false, "length_km": 0.458, "high_stress_km": 0.458, "project_type": "New protected link" }, "geometry": { "type": "MultiLineString", "coordinates": [ [ [ 145.0190023, -37.9618028 ], [ 145.018957, -37.9609459 ], [ 145.0190255, -37.9605145 ] ], [ [ 145.0190023, -37.9618028 ], [ 145.0190047, -37.9621363 ] ], [ [ 145.019543, -37.9594689 ], [ 145.0193692, -37.9591596 ] ], [ [ 145.019543, -37.9594689 ], [ 145.0190255, -37.9605145 ] ], [ [ 145.0190255, -37.9605145 ], [ 145.0192681, -37.960807 ] ] ] } },
{ "type": "Feature", "properties": { "project_id": "SCC_00476", "scc_feature": 820, "scc_source_id": "820", "scc_type": "C2", "status": "missing_or_unverified", "mean_lts": 3.6, "connects_existing": true, "length_km": 0.196, "high_stress_km": 0.196, "project_type": "New protected link" }, "geometry": { "type": "MultiLineString", "coordinates": [ [ [ 145.0197151, -37.7793988 ], [ 145.0192335, -37.7791474 ], [ 145.0194175, -37.7786368 ] ], [ [ 145.0197151, -37.7793988 ], [ 145.0203298, -37.779337 ] ] ] } },
{ "type": "Feature", "properties": { "project_id": "SCC_00477", "scc_feature": 821, "scc_source_id": "821", "scc_type": "C2", "status": "missing_or_unverified", "mean_lts": 4.0, "connects_existing": true, "length_km": 0.23, "high_stress_km": 0.23, "project_type": "New protected link" }, "geometry": { "type": "LineString", "coordinates": [ [ 145.0150643, -37.8241995 ], [ 145.0167927, -37.8258417 ] ] } },
{ "type": "Feature", "properties": { "project_id": "SCC_00478", "scc_feature": 821, "scc_source_id": "821", "scc_type": "C2", "status": "missing_or_unverified", "mean_lts": 4.0, "connects_existing": true, "length_km": 0.374, "high_stress_km": 0.374, "project_type": "New protected link" }, "geometry": { "type": "MultiLineString", "coordinates": [ [ [ 145.0172581, -37.8262821 ], [ 145.0170829, -37.8260359 ] ], [ [ 145.0172581, -37.8262821 ], [ 145.0199546, -37.8261383 ], [ 145.0206567, -37.8257986 ] ] ] } },
{ "type": "Feature", "properties": { "project_id": "SCC_00480", "scc_feature": 821, "scc_source_id": "821", "scc_type": "C2", "status": "missing_or_unverified", "mean_lts": 4.0, "connects_existing": true, "length_km": 0.052, "high_stress_km": 0.052, "project_type": "New protected link" }, "geometry": { "type": "LineString", "coordinates": [ [ 145.0222228, -37.8267171 ], [ 145.0220516, -37.8263177 ] ] } },
{ "type": "Feature", "properties": { "project_id": "SCC_00481", "scc_feature": 822, "scc_source_id": "822", "scc_type": "C2", "status": "missing_or_unverified", "mean_lts": 4.0, "connects_existing": true, "length_km": 0.277, "high_stress_km": 0.277, "project_type": "New protected link" }, "geometry": { "type": "MultiLineString", "coordinates": [ [ [ 145.0123117, -37.849296 ], [ 145.0128101, -37.8493584 ] ], [ [ 145.0134407, -37.8499999 ], [ 145.0140848, -37.8509841 ] ], [ [ 145.0134407, -37.8499999 ], [ 145.0128101, -37.8493584 ] ] ] } },
{ "type": "Feature", "properties": { "project_id": "SCC_00482", "scc_feature": 822, "scc_source_id": "822", "scc_type": "C2", "status": "missing_or_unverified", "mean_lts": 2.59, "connects_existing": true, "length_km": 0.737, "high_stress_km": 0.432, "project_type": "New protected link" }, "geometry": { "type": "MultiLineString", "coordinates": [ [ [ 145.0155585, -37.8528203 ], [ 145.0162667, -37.8535351 ], [ 145.0165312, -37.853846 ] ], [ [ 145.0175437, -37.8550796 ], [ 145.0165312, -37.853846 ] ], [ [ 145.0175437, -37.8550796 ], [ 145.0179854, -37.8551411 ], [ 145.0191312, -37.8564942 ] ], [ [ 145.020351, -37.8576322 ], [ 145.0191312, -37.8564942 ] ] ] } },
{ "type": "Feature", "properties": { "project_id": "SCC_00483", "scc_feature": 822, "scc_source_id": "822", "scc_type": "C2", "status": "missing_or_unverified", "mean_lts": 3.0, "connects_existing": false, "length_km": 0.221, "high_stress_km": 0.221, "project_type": "New protected link" }, "geometry": { "type": "LineString", "coordinates": [ [ 145.0220616, -37.8586973 ], [ 145.0204054, -37.8572996 ] ] } },
{ "type": "Feature", "properties": { "project_id": "SCC_00484", "scc_feature": 822, "scc_source_id": "822", "scc_type": "C2", "status": "missing_or_unverified", "mean_lts": 4.0, "connects_existing": true, "length_km": 0.075, "high_stress_km": 0.075, "project_type": "New protected link" }, "geometry": { "type": "LineString", "coordinates": [ [ 145.0244986, -37.8619284 ], [ 145.0254381, -37.8620793 ] ] } },
{ "type": "Feature", "properties": { "project_id": "SCC_00485", "scc_feature": 823, "scc_source_id": "823", "scc_type": "C2", "status": "missing_or_unverified", "mean_lts": 3.19, "connects_existing": false, "length_km": 1.6, "high_stress_km": 1.6, "project_type": "New protected link" }, "geometry": { "type": "MultiLineString", "coordinates": [ [ [ 145.0123895, -37.8489368 ], [ 145.0128101, -37.8493584 ] ], [ [ 145.0142373, -37.8495357 ], [ 145.0154944, -37.8497011 ], [ 145.0182916, -37.8500727 ], [ 145.0188806, -37.8501457 ], [ 145.0214514, -37.8504863 ], [ 145.0226747, -37.850642 ] ], [ [ 145.0142373, -37.8495357 ], [ 145.0128101, -37.8493584 ] ], [ [ 145.0237278, -37.8507859 ], [ 145.0242146, -37.8508571 ], [ 145.0248036, -37.8509301 ], [ 145.0254717, -37.8510224 ], [ 145.0269212, -37.8512179 ], [ 145.0275555, -37.8513007 ], [ 145.0286427, -37.851445 ], [ 145.0300471, -37.8516308 ] ], [ [ 145.0237278, -37.8507859 ], [ 145.0226747, -37.850642 ] ] ] } },
{ "type": "Feature", "properties": { "project_id": "SCC_00486", "scc_feature": 824, "scc_source_id": "824", "scc_type": "C2", "status": "missing_or_unverified", "mean_lts": 2.91, "connects_existing": true, "length_km": 1.632, "high_stress_km": 1.477, "project_type": "New protected link" }, "geometry": { "type": "MultiLineString", "coordinates": [ [ [ 145.0281751, -37.8634499 ], [ 145.0283518, -37.8623625 ] ], [ [ 145.0292891, -37.8566196 ], [ 145.029179, -37.8573387 ] ], [ [ 145.0292891, -37.8566196 ], [ 145.029427, -37.8557117 ], [ 145.029496, -37.8552533 ], [ 145.0297154, -37.8538421 ], [ 145.0297579, -37.8535274 ], [ 145.02991, -37.8525116 ], [ 145.0300471, -37.8516308 ] ], [ [ 145.02828, -37.8595135 ], [ 145.0289077, -37.8589923 ] ], [ [ 145.0281751, -37.8634499 ], [ 145.0280263, -37.8643396 ], [ 145.0280479, -37.8648086 ] ], [ [ 145.0287739, -37.8597471 ], [ 145.0289077, -37.8589923 ] ], [ [ 145.0289077, -37.8589923 ], [ 145.0290576, -37.8580576 ], [ 145.029179, -37.8573387 ] ], [ [ 145.0287739, -37.8597471 ], [ 145.028638, -37.8605829 ], [ 145.0285023, -37.8614097 ], [ 145.0283518, -37.8623625 ] ] ] } },
{ "type": "Feature", "properties": { "project_id": "SCC_00487", "scc_feature": 825, "scc_source_id": "825", "scc_type": "C2", "status": "missing_or_unverified", "mean_lts": 4.0, "connects_existing": true, "length_km": 0.621, "high_stress_km": 0.621, "project_type": "New protected link" }, "geometry": { "type": "MultiLineString", "coordinates": [ [ [ 144.978062, -37.8603738 ], [ 144.9778195, -37.8600993 ], [ 144.9773062, -37.859748 ] ], [ [ 144.978791, -37.8611523 ], [ 144.9785595, -37.860887 ] ], [ [ 144.978062, -37.8603738 ], [ 144.9785595, -37.860887 ] ], [ [ 144.978791, -37.8611523 ], [ 144.9792773, -37.8616563 ] ], [ [ 144.9799398, -37.8623706 ], [ 144.9792773, -37.8616563 ] ], [ [ 144.9799398, -37.8623706 ], [ 144.980691, -37.8631675 ] ], [ [ 144.981791, -37.8640966 ], [ 144.9813427, -37.8638636 ], [ 144.980691, -37.8631675 ] ] ] } },
{ "type": "Feature", "properties": { "project_id": "SCC_00489", "scc_feature": 827, "scc_source_id": "827", "scc_type": "C2", "status": "missing_or_unverified", "mean_lts": 4.0, "connects_existing": true, "length_km": 0.325, "high_stress_km": 0.325, "project_type": "New protected link" }, "geometry": { "type": "MultiLineString", "coordinates": [ [ [ 144.9810957, -37.7674333 ], [ 144.9821189, -37.7673787 ], [ 144.98382, -37.7674439 ] ], [ [ 144.9810957, -37.7674333 ], [ 144.980201, -37.7673549 ] ] ] } },
{ "type": "Feature", "properties": { "project_id": "SCC_00490", "scc_feature": 827, "scc_source_id": "827", "scc_type": "C2", "status": "missing_or_unverified", "mean_lts": 3.23, "connects_existing": true, "length_km": 0.471, "high_stress_km": 0.471, "project_type": "New protected link" }, "geometry": { "type": "LineString", "coordinates": [ [ 144.9866248, -37.76532 ], [ 144.9872926, -37.7653945 ], [ 144.9878017, -37.7654573 ], [ 144.9882771, -37.7655105 ], [ 144.9912081, -37.7658489 ], [ 144.9919092, -37.7659509 ] ] } },
{ "type": "Feature", "properties": { "project_id": "SCC_00491", "scc_feature": 831, "scc_source_id": "831", "scc_type": "C2", "status": "missing_or_unverified", "mean_lts": 4.0, "connects_existing": true, "length_km": 0.785, "high_stress_km": 0.785, "project_type": "New protected link" }, "geometry": { "type": "MultiLineString", "coordinates": [ [ [ 144.9870392, -37.8165773 ], [ 144.9876637, -37.816588 ], [ 144.9879468, -37.8166199 ] ], [ [ 144.9870392, -37.8165773 ], [ 144.9881006, -37.8168118 ] ], [ [ 144.985192, -37.8164106 ], [ 144.9835244, -37.8163279 ], [ 144.982521, -37.8160494 ], [ 144.985192, -37.8164106 ] ], [ [ 144.985192, -37.8164106 ], [ 144.9870392, -37.8165773 ] ] ] } },
{ "type": "Feature", "properties": { "project_id": "SCC_00492", "scc_feature": 831, "scc_source_id": "831", "scc_type": "C2", "status": "missing_or_unverified", "mean_lts": 4.0, "connects_existing": false, "length_km": 0.345, "high_stress_km": 0.345, "project_type": "New protected link" }, "geometry": { "type": "MultiLineString", "coordinates": [ [ [ 144.9934211, -37.8179209 ], [ 144.9929793, -37.8178773 ], [ 144.9923335, -37.8178122 ], [ 144.9918013, -37.8177491 ] ], [ [ 144.9934211, -37.8179209 ], [ 144.9941118, -37.8180047 ] ], [ [ 144.9945761, -37.8180577 ], [ 144.9941118, -37.8180047 ] ], [ [ 144.9945761, -37.8180577 ], [ 144.9934211, -37.8179209 ] ] ] } },
{ "type": "Feature", "properties": { "project_id": "SCC_00493", "scc_feature": 831, "scc_source_id": "831", "scc_type": "C2", "status": "missing_or_unverified", "mean_lts": 3.29, "connects_existing": true, "length_km": 0.493, "high_stress_km": 0.493, "project_type": "New protected link" }, "geometry": { "type": "LineString", "coordinates": [ [ 144.9739084, -37.8157033 ], [ 144.9723997, -37.8160378 ], [ 144.9737901, -37.8154579 ], [ 144.9748754, -37.8152333 ], [ 144.9739084, -37.8157033 ] ] } },
{ "type": "Feature", "properties": { "project_id": "SCC_00495", "scc_feature": 836, "scc_source_id": "836", "scc_type": "C2", "status": "missing_or_unverified", "mean_lts": 3.19, "connects_existing": false, "length_km": 0.592, "high_stress_km": 0.592, "project_type": "New protected link" }, "geometry": { "type": "MultiLineString", "coordinates": [ [ [ 144.9911643, -37.8249026 ], [ 144.9925461, -37.8250613 ], [ 144.9928406, -37.8250934 ], [ 144.9933842, -37.8251567 ], [ 144.9940411, -37.825231 ] ], [ [ 144.9945282, -37.8252844 ], [ 144.9951852, -37.8253586 ] ], [ [ 144.9945282, -37.8252844 ], [ 144.9940411, -37.825231 ] ], [ [ 144.9956495, -37.8254116 ], [ 144.9962156, -37.8254843 ], [ 144.9966914, -37.8255375 ] ], [ [ 144.9956495, -37.8254116 ], [ 144.9951852, -37.8253586 ] ], [ [ 144.997371, -37.8256121 ], [ 144.997926, -37.8256756 ] ], [ [ 144.997371, -37.8256121 ], [ 144.9966914, -37.8255375 ] ] ] } },
{ "type": "Feature", "properties": { "project_id": "SCC_00496", "scc_feature": 840, "scc_source_id": "840", "scc_type": "C2", "status": "missing_or_unverified", "mean_lts": 4.0, "connects_existing": false, "length_km": 0.099, "high_stress_km": 0.099, "project_type": "New protected link" }, "geometry": { "type": "LineString", "coordinates": [ [ 144.9998893, -37.800503 ], [ 144.9988582, -37.8004133 ], [ 144.998428, -37.800361 ] ] } },
{ "type": "Feature", "properties": { "project_id": "SCC_00497", "scc_feature": 843, "scc_source_id": "843", "scc_type": "C2", "status": "missing_or_unverified", "mean_lts": 4.0, "connects_existing": true, "length_km": 0.24, "high_stress_km": 0.24, "project_type": "New protected link" }, "geometry": { "type": "MultiLineString", "coordinates": [ [ [ 144.9794869, -37.4164032 ], [ 144.9817173, -37.4166576 ] ], [ [ 144.9794869, -37.4164032 ], [ 144.9790349, -37.4164045 ] ] ] } },
{ "type": "Feature", "properties": { "project_id": "SCC_00499", "scc_feature": 844, "scc_source_id": "844", "scc_type": "C2", "status": "missing_or_unverified", "mean_lts": 2.62, "connects_existing": true, "length_km": 0.337, "high_stress_km": 0.105, "project_type": "New protected link" }, "geometry": { "type": "MultiLineString", "coordinates": [ [ [ 144.9482516, -37.291783 ], [ 144.9495018, -37.2914352 ] ], [ [ 144.9507077, -37.2910595 ], [ 144.9495018, -37.2914352 ] ], [ [ 144.9517095, -37.2907254 ], [ 144.9512425, -37.2908885 ] ], [ [ 144.9507077, -37.2910595 ], [ 144.9512425, -37.2908885 ] ] ] } },
{ "type": "Feature", "properties": { "project_id": "SCC_00500", "scc_feature": 844, "scc_source_id": "844", "scc_type": "C2", "status": "missing_or_unverified", "mean_lts": 2.0, "connects_existing": false, "length_km": 0.523, "high_stress_km": 0.0, "project_type": "New protected link" }, "geometry": { "type": "MultiLineString", "coordinates": [ [ [ 144.9528433, -37.3004965 ], [ 144.9513818, -37.3003089 ], [ 144.9499872, -37.3001496 ] ], [ [ 144.9528433, -37.3004965 ], [ 144.9558235, -37.3008454 ] ] ] } },
{ "type": "Feature", "properties": { "project_id": "SCC_00501", "scc_feature": 844, "scc_source_id": "844", "scc_type": "C2", "status": "missing_or_unverified", "mean_lts": 2.0, "connects_existing": false, "length_km": 0.573, "high_stress_km": 0.0, "project_type": "New protected link" }, "geometry": { "type": "MultiLineString", "coordinates": [ [ [ 144.9484796, -37.2995827 ], [ 144.9484926, -37.2999344 ] ], [ [ 144.9484796, -37.2995827 ], [ 144.9470472, -37.297494 ], [ 144.9458625, -37.2954276 ] ] ] } },
{ "type": "Feature", "properties": { "project_id": "SCC_00502", "scc_feature": 845, "scc_source_id": "845", "scc_type": "C2", "status": "missing_or_unverified", "mean_lts": 4.0, "connects_existing": true, "length_km": 0.169, "high_stress_km": 0.169, "project_type": "New protected link" }, "geometry": { "type": "LineString", "coordinates": [ [ 144.9555002, -37.6893186 ], [ 144.9566766, -37.6894291 ], [ 144.9561552, -37.6894201 ] ] } },
{ "type": "Feature", "properties": { "project_id": "SCC_00504", "scc_feature": 846, "scc_source_id": "846", "scc_type": "C2", "status": "missing_or_unverified", "mean_lts": 2.0, "connects_existing": false, "length_km": 0.498, "high_stress_km": 0.0, "project_type": "New protected link" }, "geometry": { "type": "LineString", "coordinates": [ [ 144.9495007, -37.6736868 ], [ 144.9490885, -37.6725982 ], [ 144.9486756, -37.6715367 ], [ 144.9482518, -37.6704569 ], [ 144.9478047, -37.6694037 ] ] } },
{ "type": "Feature", "properties": { "project_id": "SCC_00505", "scc_feature": 846, "scc_source_id": "846", "scc_type": "C2", "status": "missing_or_unverified", "mean_lts": 2.68, "connects_existing": false, "length_km": 0.362, "high_stress_km": 0.248, "project_type": "New protected link" }, "geometry": { "type": "LineString", "coordinates": [ [ 144.9478922, -37.6678732 ], [ 144.9481656, -37.6690585 ], [ 144.9485362, -37.6700112 ], [ 144.9489287, -37.6709913 ] ] } },
{ "type": "Feature", "properties": { "project_id": "SCC_00506", "scc_feature": 848, "scc_source_id": "848", "scc_type": "C2", "status": "missing_or_unverified", "mean_lts": 3.68, "connects_existing": true, "length_km": 0.748, "high_stress_km": 0.748, "project_type": "New protected link" }, "geometry": { "type": "MultiLineString", "coordinates": [ [ [ 144.9370342, -37.569399 ], [ 144.9374672, -37.5692985 ] ], [ [ 144.9381211, -37.5694 ], [ 144.9370342, -37.569399 ] ], [ [ 144.9370342, -37.569399 ], [ 144.934217, -37.5689172 ], [ 144.9314109, -37.5684444 ] ], [ [ 144.9299556, -37.5682567 ], [ 144.9314109, -37.5684444 ] ], [ [ 144.9314109, -37.5684444 ], [ 144.9299169, -37.5684273 ] ] ] } },
{ "type": "Feature", "properties": { "project_id": "SCC_00507", "scc_feature": 848, "scc_source_id": "848", "scc_type": "C2", "status": "missing_or_unverified", "mean_lts": 2.0, "connects_existing": false, "length_km": 0.778, "high_stress_km": 0.0, "project_type": "New protected link" }, "geometry": { "type": "LineString", "coordinates": [ [ 144.9484378, -37.5705531 ], [ 144.9513384, -37.5708919 ], [ 144.9571519, -37.5715334 ] ] } },
{ "type": "Feature", "properties": { "project_id": "SCC_00508", "scc_feature": 849, "scc_source_id": "849", "scc_type": "C2", "status": "missing_or_unverified", "mean_lts": 2.0, "connects_existing": true, "length_km": 0.109, "high_stress_km": 0.0, "project_type": "New protected link" }, "geometry": { "type": "LineString", "coordinates": [ [ 144.9565338, -37.3004431 ], [ 144.9564765, -37.3008927 ], [ 144.9558235, -37.3008454 ] ] } },
{ "type": "Feature", "properties": { "project_id": "SCC_00509", "scc_feature": 850, "scc_source_id": "850", "scc_type": "C2", "status": "missing_or_unverified", "mean_lts": 1.0, "connects_existing": false, "length_km": 0.403, "high_stress_km": 0.0, "project_type": "New protected link" }, "geometry": { "type": "LineString", "coordinates": [ [ 144.9544746, -37.3039945 ], [ 144.9558235, -37.3008454 ] ] } },
{ "type": "Feature", "properties": { "project_id": "SCC_00510", "scc_feature": 850, "scc_source_id": "850", "scc_type": "C2", "status": "missing_or_unverified", "mean_lts": 2.0, "connects_existing": false, "length_km": 0.413, "high_stress_km": 0.0, "project_type": "New protected link" }, "geometry": { "type": "LineString", "coordinates": [ [ 144.9556123, -37.3111429 ], [ 144.9567538, -37.3077379 ] ] } },
{ "type": "Feature", "properties": { "project_id": "SCC_00511", "scc_feature": 851, "scc_source_id": "851", "scc_type": "C2", "status": "missing_or_unverified", "mean_lts": 3.2, "connects_existing": true, "length_km": 1.037, "high_stress_km": 1.037, "project_type": "New protected link" }, "geometry": { "type": "MultiLineString", "coordinates": [ [ [ 144.95516, -37.8216423 ], [ 144.9548712, -37.821403 ] ], [ [ 144.9549975, -37.8209456 ], [ 144.9554871, -37.8217291 ] ], [ [ 144.953747, -37.8180942 ], [ 144.9540533, -37.8185231 ], [ 144.9541297, -37.8190471 ] ], [ [ 144.95516, -37.8216423 ], [ 144.9549975, -37.8209456 ] ], [ [ 144.9552779, -37.8218967 ], [ 144.95516, -37.8216423 ] ], [ [ 144.9549975, -37.8209456 ], [ 144.9541297, -37.8190471 ] ], [ [ 144.9541297, -37.8190471 ], [ 144.953747, -37.8180942 ] ], [ [ 144.9541297, -37.8190471 ], [ 144.9547387, -37.8200309 ], [ 144.9549975, -37.8209456 ] ], [ [ 144.9531827, -37.8171382 ], [ 144.953747, -37.8180942 ] ] ] } },
{ "type": "Feature", "properties": { "project_id": "SCC_00512", "scc_feature": 851, "scc_source_id": "851", "scc_type": "C2", "status": "missing_or_unverified", "mean_lts": 4.0, "connects_existing": true, "length_km": 0.468, "high_stress_km": 0.468, "project_type": "New protected link" }, "geometry": { "type": "MultiLineString", "coordinates": [ [ [ 144.9569062, -37.8246465 ], [ 144.9573623, -37.8249969 ] ], [ [ 144.9569062, -37.8246465 ], [ 144.9569774, -37.8253597 ], [ 144.9562398, -37.8236797 ], [ 144.9569062, -37.8246465 ] ] ] } },
{ "type": "Feature", "properties": { "project_id": "SCC_00513", "scc_feature": 852, "scc_source_id": "852", "scc_type": "C2", "status": "missing_or_unverified", "mean_lts": 2.0, "connects_existing": false, "length_km": 0.693, "high_stress_km": 0.0, "project_type": "New protected link" }, "geometry": { "type": "MultiLineString", "coordinates": [ [ [ 144.9844055, -37.4765 ], [ 144.9847185, -37.4745317 ] ], [ [ 144.9853747, -37.4703071 ], [ 144.9850918, -37.4724202 ], [ 144.9847185, -37.4745317 ] ] ] } },
{ "type": "Feature", "properties": { "project_id": "SCC_00514", "scc_feature": 853, "scc_source_id": "853", "scc_type": "C2", "status": "missing_or_unverified", "mean_lts": 3.46, "connects_existing": false, "length_km": 1.375, "high_stress_km": 1.196, "project_type": "New protected link" }, "geometry": { "type": "MultiLineString", "coordinates": [ [ [ 144.9454809, -37.8351536 ], [ 144.9460198, -37.8345683 ] ], [ [ 144.9454809, -37.8351536 ], [ 144.9464333, -37.8348188 ], [ 144.9451045, -37.8356157 ] ], [ [ 144.9451045, -37.8356157 ], [ 144.9454809, -37.8351536 ] ], [ [ 144.9472504, -37.8336255 ], [ 144.9479645, -37.8324574 ], [ 144.9503916, -37.8309767 ] ], [ [ 144.9472504, -37.8336255 ], [ 144.9468383, -37.8337354 ], [ 144.9460198, -37.8345683 ] ], [ [ 144.9509118, -37.8306523 ], [ 144.9503916, -37.8309767 ] ], [ [ 144.9509118, -37.8306523 ], [ 144.95134, -37.8303714 ] ], [ [ 144.9531919, -37.8291419 ], [ 144.9527855, -37.8294593 ], [ 144.951664, -37.8301607 ], [ 144.95134, -37.8303714 ] ], [ [ 144.9449168, -37.8358287 ], [ 144.9447059, -37.8360593 ] ], [ [ 144.9449168, -37.8358287 ], [ 144.9451045, -37.8356157 ] ] ] } },
{ "type": "Feature", "properties": { "project_id": "SCC_00516", "scc_feature": 858, "scc_source_id": "858", "scc_type": "C2", "status": "missing_or_unverified", "mean_lts": 2.0, "connects_existing": false, "length_km": 0.054, "high_stress_km": 0.0, "project_type": "New protected link" }, "geometry": { "type": "LineString", "coordinates": [ [ 145.0096836, -37.7821495 ], [ 145.0091297, -37.7820591 ] ] } },
{ "type": "Feature", "properties": { "project_id": "SCC_00517", "scc_feature": 858, "scc_source_id": "858", "scc_type": "C2", "status": "missing_or_unverified", "mean_lts": 2.88, "connects_existing": true, "length_km": 0.543, "high_stress_km": 0.477, "project_type": "New protected link" }, "geometry": { "type": "MultiLineString", "coordinates": [ [ [ 145.0098072, -37.7881265 ], [ 145.0097147, -37.7886116 ] ], [ [ 145.0093398, -37.7920027 ], [ 145.0095777, -37.7907541 ], [ 145.009782, -37.790334 ], [ 145.0097147, -37.7886116 ] ], [ [ 145.0097147, -37.7886116 ], [ 145.0095483, -37.788041 ] ] ] } },
{ "type": "Feature", "properties": { "project_id": "SCC_00518", "scc_feature": 858, "scc_source_id": "858", "scc_type": "C2", "status": "missing_or_unverified", "mean_lts": 3.0, "connects_existing": true, "length_km": 0.367, "high_stress_km": 0.367, "project_type": "New protected link" }, "geometry": { "type": "MultiLineString", "coordinates": [ [ [ 145.0085566, -37.7839509 ], [ 145.0086387, -37.7842767 ] ], [ [ 145.0095326, -37.7873558 ], [ 145.0093172, -37.7869196 ], [ 145.0090868, -37.7857712 ] ], [ [ 145.0089224, -37.7855522 ], [ 145.0086387, -37.7842767 ] ], [ [ 145.0089224, -37.7855522 ], [ 145.0090868, -37.7857712 ] ] ] } },
{ "type": "Feature", "properties": { "project_id": "SCC_00519", "scc_feature": 859, "scc_source_id": "859", "scc_type": "C2", "status": "missing_or_unverified", "mean_lts": 4.0, "connects_existing": false, "length_km": 0.376, "high_stress_km": 0.376, "project_type": "New protected link" }, "geometry": { "type": "LineString", "coordinates": [ [ 144.9457007, -37.5996955 ], [ 144.9448224, -37.599509 ], [ 144.9457977, -37.5994629 ], [ 144.9471602, -37.5997569 ], [ 144.9459382, -37.5997086 ], [ 144.9457007, -37.5996955 ] ] } },
{ "type": "Feature", "properties": { "project_id": "SCC_00520", "scc_feature": 859, "scc_source_id": "859", "scc_type": "C2", "status": "missing_or_unverified", "mean_lts": 4.0, "connects_existing": true, "length_km": 0.636, "high_stress_km": 0.636, "project_type": "New protected link" }, "geometry": { "type": "LineString", "coordinates": [ [ 144.9758416, -37.6030192 ], [ 144.9782459, -37.6033308 ], [ 144.9830668, -37.603918 ] ] } },
{ "type": "Feature", "properties": { "project_id": "SCC_00521", "scc_feature": 859, "scc_source_id": "859", "scc_type": "C2", "status": "missing_or_unverified", "mean_lts": 4.0, "connects_existing": true, "length_km": 1.279, "high_stress_km": 1.279, "project_type": "New protected link" }, "geometry": { "type": "LineString", "coordinates": [ [ 144.9879006, -37.6044512 ], [ 144.9903177, -37.6047087 ], [ 144.9924304, -37.6049159 ], [ 144.9966688, -37.6052673 ], [ 144.9987822, -37.6054474 ], [ 145.0023426, -37.605742 ] ] } },
{ "type": "Feature", "properties": { "project_id": "SCC_00522", "scc_feature": 859, "scc_source_id": "859", "scc_type": "C2", "status": "missing_or_unverified", "mean_lts": 4.0, "connects_existing": true, "length_km": 0.105, "high_stress_km": 0.105, "project_type": "New protected link" }, "geometry": { "type": "LineString", "coordinates": [ [ 144.9417128, -37.598905 ], [ 144.943062, -37.599271 ] ] } },
{ "type": "Feature", "properties": { "project_id": "SCC_00523", "scc_feature": 860, "scc_source_id": "860", "scc_type": "C2", "status": "missing_or_unverified", "mean_lts": 4.0, "connects_existing": false, "length_km": 1.543, "high_stress_km": 1.543, "project_type": "New protected link" }, "geometry": { "type": "MultiLineString", "coordinates": [ [ [ 144.9967413, -37.8472116 ], [ 144.9979302, -37.847376 ] ], [ [ 145.0012818, -37.8478295 ], [ 145.0004891, -37.8477259 ], [ 145.0001155, -37.8476745 ], [ 144.9997873, -37.8476239 ], [ 144.9994247, -37.8475817 ], [ 144.9987002, -37.8474793 ], [ 144.9979302, -37.847376 ] ], [ [ 145.0012818, -37.8478295 ], [ 145.0024369, -37.8479843 ], [ 145.0031842, -37.8480871 ], [ 145.0045205, -37.848263 ], [ 145.0049734, -37.8483247 ], [ 145.0053925, -37.8483769 ], [ 145.0062983, -37.8485004 ], [ 145.0068419, -37.8485726 ], [ 145.0072948, -37.8486344 ] ], [ [ 145.0091863, -37.8488737 ], [ 145.0097865, -37.8489559 ], [ 145.0111001, -37.8491313 ], [ 145.0123117, -37.849296 ] ], [ [ 145.0091863, -37.8488737 ], [ 145.0072948, -37.8486344 ] ], [ [ 144.9967413, -37.8472116 ], [ 144.9957901, -37.8470873 ], [ 144.9949297, -37.8469645 ] ] ] } },
{ "type": "Feature", "properties": { "project_id": "SCC_00524", "scc_feature": 861, "scc_source_id": "861", "scc_type": "C2", "status": "missing_or_unverified", "mean_lts": 4.0, "connects_existing": true, "length_km": 0.957, "high_stress_km": 0.957, "project_type": "New protected link" }, "geometry": { "type": "MultiLineString", "coordinates": [ [ [ 145.0107046, -37.8591908 ], [ 145.0105567, -37.8600444 ] ], [ [ 145.0107046, -37.8591908 ], [ 145.01096, -37.8577262 ] ], [ [ 145.0112018, -37.8563424 ], [ 145.0114172, -37.8550934 ], [ 145.0114856, -37.854662 ], [ 145.011541, -37.8542935 ], [ 145.0115966, -37.8539159 ], [ 145.0116507, -37.8535924 ] ], [ [ 145.0112018, -37.8563424 ], [ 145.01096, -37.8577262 ] ], [ [ 145.011747, -37.8529722 ], [ 145.0119266, -37.8517857 ] ], [ [ 145.011747, -37.8529722 ], [ 145.0116507, -37.8535924 ] ], [ [ 145.0104892, -37.8604398 ], [ 145.0105567, -37.8600444 ] ] ] } },
{ "type": "Feature", "properties": { "project_id": "SCC_00525", "scc_feature": 861, "scc_source_id": "861", "scc_type": "C2", "status": "missing_or_unverified", "mean_lts": 4.0, "connects_existing": true, "length_km": 0.061, "high_stress_km": 0.061, "project_type": "New protected link" }, "geometry": { "type": "LineString", "coordinates": [ [ 145.0123117, -37.849296 ], [ 145.0121019, -37.8499142 ] ] } },
{ "type": "Feature", "properties": { "project_id": "SCC_00526", "scc_feature": 862, "scc_source_id": "862", "scc_type": "C2", "status": "missing_or_unverified", "mean_lts": 4.0, "connects_existing": false, "length_km": 0.874, "high_stress_km": 0.874, "project_type": "New protected link" }, "geometry": { "type": "MultiLineString", "coordinates": [ [ [ 145.0123117, -37.849296 ], [ 145.0123895, -37.8489368 ], [ 145.0125072, -37.848362 ], [ 145.0125478, -37.8481194 ], [ 145.0127835, -37.8469609 ], [ 145.0129302, -37.8461523 ] ], [ [ 145.0130871, -37.8453889 ], [ 145.0131524, -37.8450746 ], [ 145.0132452, -37.8445805 ], [ 145.0134165, -37.8437003 ] ], [ [ 145.0130871, -37.8453889 ], [ 145.0129302, -37.8461523 ] ], [ [ 145.0137716, -37.8419039 ], [ 145.0138233, -37.8416705 ] ], [ [ 145.0137716, -37.8419039 ], [ 145.0134165, -37.8437003 ] ] ] } },
{ "type": "Feature", "properties": { "project_id": "SCC_00527", "scc_feature": 863, "scc_source_id": "863", "scc_type": "C2", "status": "missing_or_unverified", "mean_lts": 3.27, "connects_existing": true, "length_km": 0.434, "high_stress_km": 0.434, "project_type": "New protected link" }, "geometry": { "type": "LineString", "coordinates": [ [ 145.0063258, -37.8369297 ], [ 145.007017, -37.8370045 ], [ 145.0078437, -37.8371086 ], [ 145.0086817, -37.8372129 ], [ 145.0097351, -37.8373388 ], [ 145.0114231, -37.8375296 ] ] } },
{ "type": "Feature", "properties": { "project_id": "SCC_00528", "scc_feature": 863, "scc_source_id": "863", "scc_type": "C2", "status": "missing_or_unverified", "mean_lts": 4.0, "connects_existing": false, "length_km": 0.373, "high_stress_km": 0.373, "project_type": "New protected link" }, "geometry": { "type": "LineString", "coordinates": [ [ 145.0109254, -37.8404049 ], [ 145.0107649, -37.8413034 ], [ 145.0138233, -37.8416705 ] ] } },
{ "type": "Feature", "properties": { "project_id": "SCC_00530", "scc_feature": 868, "scc_source_id": "868", "scc_type": "C2", "status": "missing_or_unverified", "mean_lts": 4.0, "connects_existing": false, "length_km": 0.301, "high_stress_km": 0.301, "project_type": "New protected link" }, "geometry": { "type": "LineString", "coordinates": [ [ 144.9728541, -38.3288137 ], [ 144.971857, -38.3292921 ], [ 144.9699204, -38.3302317 ] ] } },
{ "type": "Feature", "properties": { "project_id": "SCC_00532", "scc_feature": 874, "scc_source_id": "874", "scc_type": "C2", "status": "missing_or_unverified", "mean_lts": 2.6, "connects_existing": true, "length_km": 0.644, "high_stress_km": 0.208, "project_type": "New protected link" }, "geometry": { "type": "MultiLineString", "coordinates": [ [ [ 144.9623197, -37.8426106 ], [ 144.9631243, -37.8435167 ] ], [ [ 144.963428, -37.8440446 ], [ 144.9631628, -37.8441842 ] ], [ [ 144.963428, -37.8440446 ], [ 144.9631243, -37.8435167 ] ], [ [ 144.9615964, -37.8408138 ], [ 144.9631243, -37.8435167 ] ] ] } },
{ "type": "Feature", "properties": { "project_id": "SCC_00533", "scc_feature": 875, "scc_source_id": "875", "scc_type": "C2", "status": "missing_or_unverified", "mean_lts": 4.0, "connects_existing": false, "length_km": 1.179, "high_stress_km": 1.179, "project_type": "New protected link" }, "geometry": { "type": "MultiLineString", "coordinates": [ [ [ 144.9649408, -37.4048702 ], [ 144.9630717, -37.4046398 ], [ 144.9611013, -37.4043985 ] ], [ [ 144.9649408, -37.4048702 ], [ 144.9674291, -37.4051834 ], [ 144.9689604, -37.405372 ], [ 144.9728897, -37.405872 ], [ 144.9742522, -37.4060396 ] ] ] } },
{ "type": "Feature", "properties": { "project_id": "SCC_00534", "scc_feature": 875, "scc_source_id": "875", "scc_type": "C2", "status": "missing_or_unverified", "mean_lts": 3.0, "connects_existing": false, "length_km": 0.368, "high_stress_km": 0.368, "project_type": "New protected link" }, "geometry": { "type": "LineString", "coordinates": [ [ 144.9734487, -37.4157321 ], [ 144.973707, -37.412438 ] ] } },
{ "type": "Feature", "properties": { "project_id": "SCC_00535", "scc_feature": 875, "scc_source_id": "875", "scc_type": "C2", "status": "missing_or_unverified", "mean_lts": 3.0, "connects_existing": true, "length_km": 0.259, "high_stress_km": 0.259, "project_type": "New protected link" }, "geometry": { "type": "LineString", "coordinates": [ [ 144.9761524, -37.4160307 ], [ 144.9775605, -37.41619 ], [ 144.9790349, -37.4164045 ] ] } },
{ "type": "Feature", "properties": { "project_id": "SCC_00536", "scc_feature": 876, "scc_source_id": "876", "scc_type": "C2", "status": "missing_or_unverified", "mean_lts": 4.0, "connects_existing": false, "length_km": 1.777, "high_stress_km": 1.777, "project_type": "New protected link" }, "geometry": { "type": "MultiLineString", "coordinates": [ [ [ 144.9776938, -37.4343341 ], [ 144.977598, -37.4399922 ], [ 144.9775412, -37.436224 ], [ 144.9780908, -37.4418391 ] ], [ [ 144.9776938, -37.4343341 ], [ 144.9779163, -37.4315261 ], [ 144.9783725, -37.4259102 ] ] ] } },
{ "type": "Feature", "properties": { "project_id": "SCC_00537", "scc_feature": 877, "scc_source_id": "877", "scc_type": "C2", "status": "missing_or_unverified", "mean_lts": 3.0, "connects_existing": false, "length_km": 0.448, "high_stress_km": 0.448, "project_type": "New protected link" }, "geometry": { "type": "LineString", "coordinates": [ [ 144.974462, -37.8054213 ], [ 144.9756738, -37.8055503 ], [ 144.9761383, -37.8055944 ], [ 144.9767272, -37.8056585 ], [ 144.9772255, -37.8057122 ], [ 144.9783682, -37.805876 ], [ 144.9788778, -37.8059298 ], [ 144.9794568, -37.8059397 ] ] } },
{ "type": "Feature", "properties": { "project_id": "SCC_00538", "scc_feature": 880, "scc_source_id": "880", "scc_type": "C2", "status": "missing_or_unverified", "mean_lts": 2.88, "connects_existing": false, "length_km": 0.613, "high_stress_km": 0.537, "project_type": "New protected link" }, "geometry": { "type": "MultiLineString", "coordinates": [ [ [ 144.9759803, -37.7980668 ], [ 144.9773959, -37.7982173 ], [ 144.97798, -37.7984526 ] ], [ [ 144.9759803, -37.7980668 ], [ 144.9754937, -37.7980044 ] ], [ [ 144.97798, -37.7984526 ], [ 144.9773401, -37.7985948 ] ], [ [ 144.9784716, -37.7983349 ], [ 144.97798, -37.7984526 ] ], [ [ 144.9784716, -37.7983349 ], [ 144.9788679, -37.7983777 ] ], [ [ 144.9795813, -37.7984531 ], [ 144.9800909, -37.7985069 ], [ 144.9807363, -37.798581 ] ], [ [ 144.9795813, -37.7984531 ], [ 144.9788679, -37.7983777 ] ], [ [ 144.9748592, -37.7979484 ], [ 144.9754937, -37.7980044 ] ] ] } },
{ "type": "Feature", "properties": { "project_id": "SCC_00539", "scc_feature": 884, "scc_source_id": "884", "scc_type": "C2", "status": "missing_or_unverified", "mean_lts": 3.44, "connects_existing": true, "length_km": 1.823, "high_stress_km": 1.823, "project_type": "New protected link" }, "geometry": { "type": "MultiLineString", "coordinates": [ [ [ 144.9517095, -37.2907254 ], [ 144.9530403, -37.2903158 ] ], [ [ 144.9601359, -37.2882123 ], [ 144.9575204, -37.2889963 ], [ 144.9558824, -37.2894997 ], [ 144.954291, -37.2899499 ], [ 144.9530403, -37.2903158 ] ], [ [ 144.9601359, -37.2882123 ], [ 144.9643104, -37.2873379 ], [ 144.96671, -37.2874512 ], [ 144.9713621, -37.2881079 ] ] ] } },
{ "type": "Feature", "properties": { "project_id": "SCC_00540", "scc_feature": 884, "scc_source_id": "884", "scc_type": "C2", "status": "missing_or_unverified", "mean_lts": 2.52, "connects_existing": false, "length_km": 0.406, "high_stress_km": 0.212, "project_type": "New protected link" }, "geometry": { "type": "LineString", "coordinates": [ [ 144.9759806, -37.2883402 ], [ 144.9783684, -37.2884711 ], [ 144.9801368, -37.2894116 ] ] } },
{ "type": "Feature", "properties": { "project_id": "SCC_00541", "scc_feature": 886, "scc_source_id": "886", "scc_type": "C2", "status": "missing_or_unverified", "mean_lts": 3.0, "connects_existing": false, "length_km": 0.251, "high_stress_km": 0.251, "project_type": "New protected link" }, "geometry": { "type": "MultiLineString", "coordinates": [ [ [ 144.9800558, -37.8060491 ], [ 144.9806447, -37.8061133 ], [ 144.9818114, -37.8062324 ], [ 144.9824002, -37.8062966 ] ], [ [ 144.9800558, -37.8060491 ], [ 144.9794568, -37.8059397 ] ] ] } },
{ "type": "Feature", "properties": { "project_id": "SCC_00542", "scc_feature": 891, "scc_source_id": "891", "scc_type": "C2", "status": "missing_or_unverified", "mean_lts": 2.34, "connects_existing": true, "length_km": 0.685, "high_stress_km": 0.46, "project_type": "New protected link" }, "geometry": { "type": "LineString", "coordinates": [ [ 144.9584279, -37.6983452 ], [ 144.9586013, -37.7002948 ], [ 144.9590335, -37.7043846 ] ] } },
{ "type": "Feature", "properties": { "project_id": "SCC_00543", "scc_feature": 892, "scc_source_id": "892", "scc_type": "C2", "status": "missing_or_unverified", "mean_lts": 4.0, "connects_existing": true, "length_km": 0.082, "high_stress_km": 0.082, "project_type": "New protected link" }, "geometry": { "type": "MultiLineString", "coordinates": [ [ [ 144.9188323, -37.7057093 ], [ 144.9182155, -37.7058606 ] ], [ [ 144.9179061, -37.7059723 ], [ 144.9182155, -37.7058606 ] ] ] } },
{ "type": "Feature", "properties": { "project_id": "SCC_00544", "scc_feature": 892, "scc_source_id": "892", "scc_type": "C2", "status": "missing_or_unverified", "mean_lts": 3.2, "connects_existing": true, "length_km": 2.512, "high_stress_km": 2.415, "project_type": "New protected link" }, "geometry": { "type": "MultiLineString", "coordinates": [ [ [ 144.9285098, -37.700743 ], [ 144.9296183, -37.7008526 ], [ 144.9308845, -37.701001 ] ], [ [ 144.9285098, -37.700743 ], [ 144.9274024, -37.7005974 ] ], [ [ 144.9356437, -37.7015711 ], [ 144.9344682, -37.7014244 ], [ 144.9332697, -37.7012862 ], [ 144.9320829, -37.7011392 ], [ 144.9308845, -37.701001 ] ], [ [ 144.9356437, -37.7015711 ], [ 144.9368986, -37.7017193 ] ], [ [ 144.9380058, -37.7018738 ], [ 144.9392264, -37.7020303 ] ], [ [ 144.9380058, -37.7018738 ], [ 144.9368986, -37.7017193 ] ], [ [ 144.9404022, -37.7021681 ], [ 144.9411374, -37.702244 ], [ 144.9416234, -37.7023065 ], [ 144.9422796, -37.7023631 ] ], [ [ 144.9404022, -37.7021681 ], [ 144.9392264, -37.7020303 ] ], [ [ 144.9422796, -37.7023631 ], [ 144.9414096, -37.7018342 ] ], [ [ 144.9422796, -37.7023631 ], [ 144.9427213, -37.7023888 ], [ 144.9438293, -37.7025163 ], [ 144.9448242, -37.7026328 ] ], [ [ 144.9229308, -37.7055743 ], [ 144.9234743, -37.7031687 ], [ 144.9241465, -37.7002157 ] ], [ [ 144.9252766, -37.7003617 ], [ 144.9263168, -37.7004792 ], [ 144.9274024, -37.7005974 ] ], [ [ 144.9252766, -37.7003617 ], [ 144.9241465, -37.7002157 ] ] ] } },
{ "type": "Feature", "properties": { "project_id": "SCC_00545", "scc_feature": 894, "scc_source_id": "894", "scc_type": "C2", "status": "missing_or_unverified", "mean_lts": 4.0, "connects_existing": true, "length_km": 0.526, "high_stress_km": 0.526, "project_type": "New protected link" }, "geometry": { "type": "MultiLineString", "coordinates": [ [ [ 145.0324151, -37.8215438 ], [ 145.0295048, -37.8211888 ] ], [ [ 145.0265313, -37.8206523 ], [ 145.0295048, -37.8211888 ] ] ] } },
{ "type": "Feature", "properties": { "project_id": "SCC_00547", "scc_feature": 894, "scc_source_id": "894", "scc_type": "C2", "status": "missing_or_unverified", "mean_lts": 3.0, "connects_existing": false, "length_km": 0.231, "high_stress_km": 0.231, "project_type": "New protected link" }, "geometry": { "type": "LineString", "coordinates": [ [ 145.0424461, -37.822423 ], [ 145.0399105, -37.8220744 ] ] } },
{ "type": "Feature", "properties": { "project_id": "SCC_00548", "scc_feature": 894, "scc_source_id": "894", "scc_type": "C2", "status": "missing_or_unverified", "mean_lts": 3.0, "connects_existing": false, "length_km": 0.228, "high_stress_km": 0.228, "project_type": "New protected link" }, "geometry": { "type": "LineString", "coordinates": [ [ 145.0425394, -37.8219018 ], [ 145.0450992, -37.8221967 ] ] } },
{ "type": "Feature", "properties": { "project_id": "SCC_00549", "scc_feature": 895, "scc_source_id": "895", "scc_type": "C2", "status": "missing_or_unverified", "mean_lts": 3.74, "connects_existing": false, "length_km": 0.436, "high_stress_km": 0.436, "project_type": "New protected link" }, "geometry": { "type": "MultiLineString", "coordinates": [ [ [ 145.0446908, -37.8243257 ], [ 145.0448082, -37.8237509 ], [ 145.0448878, -37.8233197 ], [ 145.0449403, -37.8230502 ], [ 145.0449933, -37.8227627 ] ], [ [ 145.0446908, -37.8243257 ], [ 145.0445056, -37.825314 ] ], [ [ 145.0449933, -37.8227627 ], [ 145.0450336, -37.822529 ], [ 145.0450992, -37.8221967 ] ], [ [ 145.0449933, -37.8227627 ], [ 145.0454201, -37.8233826 ] ] ] } },
{ "type": "Feature", "properties": { "project_id": "SCC_00550", "scc_feature": 895, "scc_source_id": "895", "scc_type": "C2", "status": "missing_or_unverified", "mean_lts": 4.0, "connects_existing": true, "length_km": 0.138, "high_stress_km": 0.138, "project_type": "New protected link" }, "geometry": { "type": "LineString", "coordinates": [ [ 145.0397865, -37.8447912 ], [ 145.0408523, -37.844881 ], [ 145.0405555, -37.8449301 ] ] } },
{ "type": "Feature", "properties": { "project_id": "SCC_00551", "scc_feature": 896, "scc_source_id": "896", "scc_type": "C2", "status": "missing_or_unverified", "mean_lts": 4.0, "connects_existing": false, "length_km": 0.566, "high_stress_km": 0.566, "project_type": "New protected link" }, "geometry": { "type": "MultiLineString", "coordinates": [ [ [ 145.0417727, -37.9487298 ], [ 145.0420111, -37.9487517 ] ], [ [ 145.0423061, -37.9487837 ], [ 145.0420111, -37.9487517 ] ], [ [ 145.0423061, -37.9487837 ], [ 145.0433384, -37.948909 ] ], [ [ 145.043575, -37.9494266 ], [ 145.0452103, -37.9491294 ] ], [ [ 145.0452103, -37.9491294 ], [ 145.0436559, -37.9489503 ], [ 145.0433384, -37.948909 ] ], [ [ 145.0460078, -37.9490976 ], [ 145.0452103, -37.9491294 ] ] ] } },
{ "type": "Feature", "properties": { "project_id": "SCC_00552", "scc_feature": 899, "scc_source_id": "899", "scc_type": "C2", "status": "missing_or_unverified", "mean_lts": 4.0, "connects_existing": false, "length_km": 0.377, "high_stress_km": 0.377, "project_type": "New protected link" }, "geometry": { "type": "MultiLineString", "coordinates": [ [ [ 145.0469075, -37.8135032 ], [ 145.0463918, -37.8158287 ] ], [ [ 145.0469075, -37.8135032 ], [ 145.0471046, -37.8124881 ] ] ] } },
{ "type": "Feature", "properties": { "project_id": "SCC_00553", "scc_feature": 900, "scc_source_id": "900", "scc_type": "C2", "status": "missing_or_unverified", "mean_lts": 3.0, "connects_existing": false, "length_km": 0.471, "high_stress_km": 0.471, "project_type": "New protected link" }, "geometry": { "type": "LineString", "coordinates": [ [ 145.042483, -37.7435604 ], [ 145.0443613, -37.7437718 ], [ 145.0457096, -37.7434247 ], [ 145.0461749, -37.7434234 ], [ 145.0476021, -37.7435282 ] ] } },
{ "type": "Feature", "properties": { "project_id": "SCC_00554", "scc_feature": 902, "scc_source_id": "902", "scc_type": "C2", "status": "missing_or_unverified", "mean_lts": 3.9, "connects_existing": false, "length_km": 1.518, "high_stress_km": 1.442, "project_type": "New protected link" }, "geometry": { "type": "MultiLineString", "coordinates": [ [ [ 145.0432136, -37.7171043 ], [ 145.0444127, -37.7180975 ], [ 145.0444392, -37.7183863 ] ], [ [ 145.0452513, -37.7237439 ], [ 145.0457602, -37.724239 ] ], [ [ 145.0452513, -37.7237439 ], [ 145.0440716, -37.7211469 ], [ 145.0444392, -37.7183863 ] ], [ [ 145.0457602, -37.724239 ], [ 145.0476139, -37.7253692 ], [ 145.0486233, -37.7258185 ] ], [ [ 145.0457321, -37.7235807 ], [ 145.0457602, -37.724239 ] ], [ [ 145.0427874, -37.716917 ], [ 145.0432136, -37.7171043 ] ], [ [ 145.0444392, -37.7183863 ], [ 145.0432136, -37.7171043 ] ] ] } },
{ "type": "Feature", "properties": { "project_id": "SCC_00555", "scc_feature": 903, "scc_source_id": "903", "scc_type": "C2", "status": "missing_or_unverified", "mean_lts": 2.0, "connects_existing": true, "length_km": 0.321, "high_stress_km": 0.0, "project_type": "New protected link" }, "geometry": { "type": "MultiLineString", "coordinates": [ [ [ 145.0486233, -37.7258185 ], [ 145.0474806, -37.726124 ], [ 145.0472212, -37.7260656 ], [ 145.046855, -37.7261857 ] ], [ [ 145.045886, -37.7254938 ], [ 145.046855, -37.7261857 ] ] ] } },
{ "type": "Feature", "properties": { "project_id": "SCC_00556", "scc_feature": 904, "scc_source_id": "904", "scc_type": "C2", "status": "missing_or_unverified", "mean_lts": 3.61, "connects_existing": false, "length_km": 1.396, "high_stress_km": 1.159, "project_type": "New protected link" }, "geometry": { "type": "MultiLineString", "coordinates": [ [ [ 145.044834, -38.2294438 ], [ 145.0451376, -38.2291965 ], [ 145.045605, -38.2288078 ], [ 145.0460845, -38.2283922 ], [ 145.0462594, -38.22826 ], [ 145.0466211, -38.2279777 ] ], [ [ 145.0461398, -38.2280327 ], [ 145.0466211, -38.2279777 ] ], [ [ 145.0461398, -38.2280327 ], [ 145.045885, -38.2281636 ] ], [ [ 145.0466211, -38.2279777 ], [ 145.047206, -38.2274647 ] ], [ [ 145.047206, -38.2274647 ], [ 145.0473678, -38.2273953 ], [ 145.048009, -38.2269104 ] ], [ [ 145.0481651, -38.2270572 ], [ 145.0476409, -38.2274359 ], [ 145.0472328, -38.2277445 ], [ 145.0462633, -38.2285394 ], [ 145.0459818, -38.2288141 ], [ 145.0449434, -38.2296258 ] ], [ [ 145.048009, -38.2269104 ], [ 145.0487324, -38.2263457 ] ], [ [ 145.048009, -38.2269104 ], [ 145.0489086, -38.2265919 ], [ 145.0485146, -38.2268016 ], [ 145.0481651, -38.2270572 ] ], [ [ 145.0481651, -38.2270572 ], [ 145.0485419, -38.2270634 ] ], [ [ 145.047206, -38.2274647 ], [ 145.0487253, -38.2261834 ] ] ] } },
{ "type": "Feature", "properties": { "project_id": "SCC_00557", "scc_feature": 908, "scc_source_id": "908", "scc_type": "C2", "status": "missing_or_unverified", "mean_lts": 4.0, "connects_existing": false, "length_km": 0.836, "high_stress_km": 0.836, "project_type": "New protected link" }, "geometry": { "type": "LineString", "coordinates": [ [ 145.0427874, -37.716917 ], [ 145.0434601, -37.7159278 ], [ 145.0440168, -37.7150359 ], [ 145.0442892, -37.7145988 ], [ 145.0445852, -37.7141261 ], [ 145.0459505, -37.7126798 ], [ 145.0467362, -37.712134 ], [ 145.0481744, -37.7109322 ] ] } },
{ "type": "Feature", "properties": { "project_id": "SCC_00558", "scc_feature": 908, "scc_source_id": "908", "scc_type": "C2", "status": "missing_or_unverified", "mean_lts": 3.97, "connects_existing": false, "length_km": 1.349, "high_stress_km": 1.349, "project_type": "New protected link" }, "geometry": { "type": "MultiLineString", "coordinates": [ [ [ 145.0502874, -37.7095163 ], [ 145.0501131, -37.7096756 ], [ 145.0483478, -37.7112415 ], [ 145.0476993, -37.7117445 ], [ 145.0473873, -37.7119646 ], [ 145.0469594, -37.7122729 ], [ 145.0460924, -37.7128894 ], [ 145.0445471, -37.7147112 ], [ 145.0441559, -37.7153536 ], [ 145.0432136, -37.7171043 ] ], [ [ 145.0502874, -37.7095163 ], [ 145.0502905, -37.7098318 ] ], [ [ 145.0520562, -37.7078152 ], [ 145.0514402, -37.7083818 ], [ 145.0507641, -37.7090736 ], [ 145.0505314, -37.709295 ], [ 145.0502874, -37.7095163 ] ] ] } },
{ "type": "Feature", "properties": { "project_id": "SCC_00559", "scc_feature": 908, "scc_source_id": "908", "scc_type": "C2", "status": "missing_or_unverified", "mean_lts": 4.0, "connects_existing": false, "length_km": 0.324, "high_stress_km": 0.324, "project_type": "New protected link" }, "geometry": { "type": "LineString", "coordinates": [ [ 145.0495081, -37.7098188 ], [ 145.0504832, -37.7089698 ], [ 145.0513457, -37.7080919 ], [ 145.0517886, -37.7076396 ] ] } },
{ "type": "Feature", "properties": { "project_id": "SCC_00560", "scc_feature": 909, "scc_source_id": "909", "scc_type": "C2", "status": "missing_or_unverified", "mean_lts": 2.0, "connects_existing": false, "length_km": 0.836, "high_stress_km": 0.0, "project_type": "New protected link" }, "geometry": { "type": "MultiLineString", "coordinates": [ [ [ 145.0514593, -37.9525314 ], [ 145.0514583, -37.9529999 ], [ 145.0505015, -37.9530292 ] ], [ [ 145.0514593, -37.9525314 ], [ 145.0516692, -37.9514805 ] ], [ [ 145.0524314, -37.9558007 ], [ 145.051861, -37.9549892 ], [ 145.0512686, -37.9541503 ], [ 145.0505015, -37.9530292 ] ], [ [ 145.0524314, -37.9558007 ], [ 145.0530572, -37.9566672 ], [ 145.0539358, -37.9574477 ] ] ] } },
{ "type": "Feature", "properties": { "project_id": "SCC_00562", "scc_feature": 910, "scc_source_id": "910", "scc_type": "C2", "status": "missing_or_unverified", "mean_lts": 4.0, "connects_existing": false, "length_km": 0.085, "high_stress_km": 0.085, "project_type": "New protected link" }, "geometry": { "type": "LineString", "coordinates": [ [ 145.0539358, -37.9574477 ], [ 145.0533015, -37.9577616 ] ] } },
{ "type": "Feature", "properties": { "project_id": "SCC_00564", "scc_feature": 913, "scc_source_id": "913", "scc_type": "C2", "status": "missing_or_unverified", "mean_lts": 4.0, "connects_existing": false, "length_km": 0.097, "high_stress_km": 0.097, "project_type": "New protected link" }, "geometry": { "type": "LineString", "coordinates": [ [ 145.0489086, -38.2265919 ], [ 145.0489712, -38.2272418 ], [ 145.0488621, -38.2270507 ] ] } },
{ "type": "Feature", "properties": { "project_id": "SCC_00565", "scc_feature": 914, "scc_source_id": "914", "scc_type": "C2", "status": "missing_or_unverified", "mean_lts": 3.95, "connects_existing": true, "length_km": 2.911, "high_stress_km": 2.84, "project_type": "New protected link" }, "geometry": { "type": "MultiLineString", "coordinates": [ [ [ 145.0393502, -37.9336849 ], [ 145.0389691, -37.9334713 ] ], [ [ 145.0389691, -37.9334713 ], [ 145.0404432, -37.9336581 ] ], [ [ 145.0389691, -37.9334713 ], [ 145.0385577, -37.9335365 ] ], [ [ 145.0393502, -37.9336849 ], [ 145.0385577, -37.9335365 ] ], [ [ 145.0406998, -37.9338516 ], [ 145.0395997, -37.9337161 ], [ 145.0393502, -37.9336849 ] ], [ [ 145.0404432, -37.9336581 ], [ 145.0406998, -37.9338516 ] ], [ [ 145.0404432, -37.9336581 ], [ 145.04092, -37.9337021 ], [ 145.0413848, -37.9337639 ], [ 145.041793, -37.9338157 ] ], [ [ 145.0422536, -37.9340397 ], [ 145.0406998, -37.9338516 ] ], [ [ 145.041793, -37.9338157 ], [ 145.0422536, -37.9340397 ] ], [ [ 145.041793, -37.9338157 ], [ 145.0427003, -37.93393 ] ], [ [ 145.042492, -37.9340617 ], [ 145.0422536, -37.9340397 ] ], [ [ 145.0430589, -37.9341342 ], [ 145.042492, -37.9340617 ] ], [ [ 145.0427003, -37.93393 ], [ 145.0434945, -37.9340153 ] ], [ [ 145.0427003, -37.93393 ], [ 145.0430589, -37.9341342 ] ], [ [ 145.0431217, -37.9343425 ], [ 145.0428494, -37.9343109 ], [ 145.042492, -37.9340617 ] ], [ [ 145.0467672, -37.9346014 ], [ 145.0450549, -37.9343837 ], [ 145.0446831, -37.9342423 ] ], [ [ 145.0446831, -37.9342423 ], [ 145.0452411, -37.9342245 ], [ 145.0462621, -37.9343406 ] ], [ [ 145.0487767, -37.9347699 ], [ 145.0467672, -37.9346014 ] ], [ [ 145.0462621, -37.9343406 ], [ 145.0467672, -37.9346014 ] ], [ [ 145.0462621, -37.9343406 ], [ 145.0469196, -37.9344327 ], [ 145.0472373, -37.934465 ], [ 145.0484165, -37.9346197 ] ], [ [ 145.0501834, -37.9349284 ], [ 145.049183, -37.9348938 ], [ 145.0487767, -37.9347699 ] ], [ [ 145.0372196, -37.93337 ], [ 145.0385577, -37.9335365 ] ], [ [ 145.0372196, -37.93337 ], [ 145.036785, -37.9334529 ] ], [ [ 145.0501834, -37.9349284 ], [ 145.0514577, -37.9349315 ] ], [ [ 145.0487767, -37.9347699 ], [ 145.0484165, -37.9346197 ] ], [ [ 145.0487767, -37.9347699 ], [ 145.0501834, -37.9349284 ] ], [ [ 145.0434945, -37.9340153 ], [ 145.0446831, -37.9342423 ] ], [ [ 145.0446831, -37.9342423 ], [ 145.0430589, -37.9341342 ] ], [ [ 145.0430589, -37.9341342 ], [ 145.0434945, -37.9340153 ] ], [ [ 145.0513477, -37.935218 ], [ 145.0501834, -37.9349284 ] ] ] } },
{ "type": "Feature", "properties": { "project_id": "SCC_00566", "scc_feature": 914, "scc_source_id": "914", "scc_type": "C2", "status": "missing_or_unverified", "mean_lts": 4.0, "connects_existing": true, "length_km": 0.502, "high_stress_km": 0.502, "project_type": "New protected link" }, "geometry": { "type": "LineString", "coordinates": [ [ 145.0552496, -37.9356791 ], [ 145.0523495, -37.9351986 ], [ 145.0553899, -37.9355372 ] ] } },
{ "type": "Feature", "properties": { "project_id": "SCC_00567", "scc_feature": 915, "scc_source_id": "915", "scc_type": "C2", "status": "missing_or_unverified", "mean_lts": 2.0, "connects_existing": false, "length_km": 0.772, "high_stress_km": 0.0, "project_type": "New protected link" }, "geometry": { "type": "MultiLineString", "coordinates": [ [ [ 145.0476021, -37.7435282 ], [ 145.0488937, -37.7436126 ] ], [ [ 145.0562025, -37.7444724 ], [ 145.0550825, -37.7443368 ], [ 145.0537475, -37.7441796 ], [ 145.0526499, -37.7440533 ], [ 145.0513262, -37.7438962 ], [ 145.0507945, -37.7438333 ], [ 145.0488937, -37.7436126 ] ] ] } },
{ "type": "Feature", "properties": { "project_id": "SCC_00569", "scc_feature": 917, "scc_source_id": "917", "scc_type": "C2", "status": "missing_or_unverified", "mean_lts": 3.92, "connects_existing": true, "length_km": 0.484, "high_stress_km": 0.484, "project_type": "New protected link" }, "geometry": { "type": "MultiLineString", "coordinates": [ [ [ 145.0934269, -37.8782861 ], [ 145.0934118, -37.8779885 ] ], [ [ 145.0936124, -37.8772617 ], [ 145.0934118, -37.8779885 ] ], [ [ 145.0936124, -37.8772617 ], [ 145.0939256, -37.8756988 ] ], [ [ 145.0941722, -37.8740716 ], [ 145.0941119, -37.8746474 ], [ 145.0939256, -37.8756988 ] ] ] } },
{ "type": "Feature", "properties": { "project_id": "SCC_00570", "scc_feature": 917, "scc_source_id": "917", "scc_type": "C2", "status": "missing_or_unverified", "mean_lts": 3.0, "connects_existing": false, "length_km": 0.158, "high_stress_km": 0.158, "project_type": "New protected link" }, "geometry": { "type": "LineString", "coordinates": [ [ 145.09634, -37.8786306 ], [ 145.0951497, -37.8784942 ], [ 145.0945603, -37.8784216 ] ] } },
{ "type": "Feature", "properties": { "project_id": "SCC_00571", "scc_feature": 917, "scc_source_id": "917", "scc_type": "C2", "status": "missing_or_unverified", "mean_lts": 3.24, "connects_existing": true, "length_km": 0.553, "high_stress_km": 0.553, "project_type": "New protected link" }, "geometry": { "type": "MultiLineString", "coordinates": [ [ [ 145.0958406, -37.8821282 ], [ 145.0960983, -37.8827181 ], [ 145.096281, -37.8831266 ], [ 145.0966429, -37.8840877 ] ], [ [ 145.0958406, -37.8821282 ], [ 145.095928, -37.88094 ] ], [ [ 145.0962314, -37.8793138 ], [ 145.095928, -37.88094 ] ] ] } },
{ "type": "Feature", "properties": { "project_id": "SCC_00572", "scc_feature": 921, "scc_source_id": "921", "scc_type": "C2", "status": "missing_or_unverified", "mean_lts": 4.0, "connects_existing": true, "length_km": 0.287, "high_stress_km": 0.287, "project_type": "New protected link" }, "geometry": { "type": "MultiLineString", "coordinates": [ [ [ 145.0345548, -37.7669766 ], [ 145.0350529, -37.7670299 ] ], [ [ 145.0377809, -37.7673278 ], [ 145.0363999, -37.7671786 ], [ 145.0358904, -37.767125 ], [ 145.0350529, -37.7670299 ] ] ] } },
{ "type": "Feature", "properties": { "project_id": "SCC_00573", "scc_feature": 921, "scc_source_id": "921", "scc_type": "C2", "status": "missing_or_unverified", "mean_lts": 4.0, "connects_existing": false, "length_km": 0.353, "high_stress_km": 0.353, "project_type": "New protected link" }, "geometry": { "type": "MultiLineString", "coordinates": [ [ [ 145.0391395, -37.7674675 ], [ 145.0412565, -37.767692 ] ], [ [ 145.0423305, -37.7678631 ], [ 145.0412565, -37.767692 ] ], [ [ 145.0423305, -37.7678631 ], [ 145.0427279, -37.7678606 ], [ 145.0429579, -37.7677473 ] ] ] } },
{ "type": "Feature", "properties": { "project_id": "SCC_00574", "scc_feature": 921, "scc_source_id": "921", "scc_type": "C2", "status": "missing_or_unverified", "mean_lts": 3.0, "connects_existing": false, "length_km": 0.093, "high_stress_km": 0.093, "project_type": "New protected link" }, "geometry": { "type": "LineString", "coordinates": [ [ 145.0429425, -37.7683328 ], [ 145.0438315, -37.7690595 ] ] } },
{ "type": "Feature", "properties": { "project_id": "SCC_00575", "scc_feature": 921, "scc_source_id": "921", "scc_type": "C2", "status": "missing_or_unverified", "mean_lts": 3.0, "connects_existing": false, "length_km": 0.383, "high_stress_km": 0.383, "project_type": "New protected link" }, "geometry": { "type": "LineString", "coordinates": [ [ 145.0477381, -37.7677185 ], [ 145.0481602, -37.7641838 ] ] } },
{ "type": "Feature", "properties": { "project_id": "SCC_00576", "scc_feature": 922, "scc_source_id": "922", "scc_type": "C2", "status": "missing_or_unverified", "mean_lts": 4.0, "connects_existing": false, "length_km": 0.911, "high_stress_km": 0.911, "project_type": "New protected link" }, "geometry": { "type": "MultiLineString", "coordinates": [ [ [ 145.0442619, -37.8534719 ], [ 145.0432082, -37.8533462 ], [ 145.0426416, -37.8532828 ], [ 145.0421432, -37.8532204 ] ], [ [ 145.0442619, -37.8534719 ], [ 145.044953, -37.8535555 ] ], [ [ 145.0487484, -37.854015 ], [ 145.0494963, -37.8540995 ], [ 145.0504366, -37.8542142 ] ], [ [ 145.0511277, -37.8542977 ], [ 145.0504366, -37.8542142 ] ], [ [ 145.0511277, -37.8542977 ], [ 145.0522323, -37.8546494 ] ], [ [ 145.0487484, -37.854015 ], [ 145.047219, -37.8538274 ], [ 145.045712, -37.8536492 ], [ 145.044953, -37.8535555 ] ] ] } },
{ "type": "Feature", "properties": { "project_id": "SCC_00577", "scc_feature": 922, "scc_source_id": "922", "scc_type": "C2", "status": "missing_or_unverified", "mean_lts": 4.0, "connects_existing": false, "length_km": 0.051, "high_stress_km": 0.051, "project_type": "New protected link" }, "geometry": { "type": "LineString", "coordinates": [ [ 145.0584228, -37.8664941 ], [ 145.057972, -37.8659099 ] ] } },
{ "type": "Feature", "properties": { "project_id": "SCC_00578", "scc_feature": 923, "scc_source_id": "923", "scc_type": "C2", "status": "missing_or_unverified", "mean_lts": 4.0, "connects_existing": true, "length_km": 0.327, "high_stress_km": 0.327, "project_type": "New protected link" }, "geometry": { "type": "MultiLineString", "coordinates": [ [ [ 145.0486233, -37.7258185 ], [ 145.0494642, -37.7262019 ] ], [ [ 145.0505619, -37.7267428 ], [ 145.0494642, -37.7262019 ] ], [ [ 145.0494642, -37.7262019 ], [ 145.0508431, -37.7268375 ] ] ] } },
{ "type": "Feature", "properties": { "project_id": "SCC_00579", "scc_feature": 923, "scc_source_id": "923", "scc_type": "C2", "status": "missing_or_unverified", "mean_lts": 4.0, "connects_existing": true, "length_km": 0.168, "high_stress_km": 0.168, "project_type": "New protected link" }, "geometry": { "type": "LineString", "coordinates": [ [ 145.0598307, -37.7293921 ], [ 145.0607754, -37.729714 ], [ 145.0591178, -37.7293172 ], [ 145.0527728, -37.7276715 ] ] } },
{ "type": "Feature", "properties": { "project_id": "SCC_00580", "scc_feature": 924, "scc_source_id": "924", "scc_type": "C2", "status": "missing_or_unverified", "mean_lts": 4.0, "connects_existing": false, "length_km": 0.41, "high_stress_km": 0.41, "project_type": "New protected link" }, "geometry": { "type": "MultiLineString", "coordinates": [ [ [ 145.0617144, -37.9065787 ], [ 145.0617556, -37.9063091 ], [ 145.0619964, -37.9053668 ], [ 145.0617144, -37.9065787 ] ], [ [ 145.0617144, -37.9065787 ], [ 145.0615723, -37.9076578 ] ], [ [ 145.0615763, -37.9070721 ], [ 145.0617144, -37.9065787 ] ] ] } },
{ "type": "Feature", "properties": { "project_id": "SCC_00581", "scc_feature": 925, "scc_source_id": "925", "scc_type": "C2", "status": "missing_or_unverified", "mean_lts": 3.0, "connects_existing": false, "length_km": 0.545, "high_stress_km": 0.545, "project_type": "New protected link" }, "geometry": { "type": "LineString", "coordinates": [ [ 145.0581168, -37.8997876 ], [ 145.0583771, -37.899837 ], [ 145.059012, -37.8999105 ], [ 145.0603269, -37.9000764 ], [ 145.0622659, -37.9002976 ], [ 145.0633314, -37.9004323 ], [ 145.064499, -37.9005777 ] ] } },
{ "type": "Feature", "properties": { "project_id": "SCC_00582", "scc_feature": 926, "scc_source_id": "926", "scc_type": "C2", "status": "missing_or_unverified", "mean_lts": 4.0, "connects_existing": false, "length_km": 0.056, "high_stress_km": 0.056, "project_type": "New protected link" }, "geometry": { "type": "LineString", "coordinates": [ [ 145.0598761, -37.8682934 ], [ 145.0603439, -37.868229 ] ] } },
{ "type": "Feature", "properties": { "project_id": "SCC_00583", "scc_feature": 927, "scc_source_id": "927", "scc_type": "C2", "status": "missing_or_unverified", "mean_lts": 4.0, "connects_existing": true, "length_km": 0.06, "high_stress_km": 0.06, "project_type": "New protected link" }, "geometry": { "type": "LineString", "coordinates": [ [ 145.066511, -37.8897516 ], [ 145.0664166, -37.8903178 ] ] } },
{ "type": "Feature", "properties": { "project_id": "SCC_00584", "scc_feature": 929, "scc_source_id": "929", "scc_type": "C2", "status": "missing_or_unverified", "mean_lts": 2.0, "connects_existing": false, "length_km": 0.145, "high_stress_km": 0.0, "project_type": "New protected link" }, "geometry": { "type": "LineString", "coordinates": [ [ 145.0566894, -37.7445165 ], [ 145.0583189, -37.7446966 ] ] } },
{ "type": "Feature", "properties": { "project_id": "SCC_00585", "scc_feature": 929, "scc_source_id": "929", "scc_type": "C2", "status": "missing_or_unverified", "mean_lts": 4.0, "connects_existing": false, "length_km": 0.531, "high_stress_km": 0.531, "project_type": "New protected link" }, "geometry": { "type": "MultiLineString", "coordinates": [ [ [ 145.0579339, -37.7468351 ], [ 145.0578985, -37.7473211 ], [ 145.0577643, -37.7476794 ], [ 145.0579339, -37.7468351 ] ], [ [ 145.0580277, -37.7462869 ], [ 145.0580197, -37.7465932 ], [ 145.0579339, -37.7468351 ] ], [ [ 145.0581727, -37.7455142 ], [ 145.0580277, -37.7462869 ] ], [ [ 145.0579339, -37.7468351 ], [ 145.0580277, -37.7462869 ] ], [ [ 145.0579339, -37.7468351 ], [ 145.0582666, -37.7466964 ], [ 145.058875, -37.746436 ], [ 145.0583905, -37.7467344 ], [ 145.0579339, -37.7468351 ] ] ] } },
{ "type": "Feature", "properties": { "project_id": "SCC_00586", "scc_feature": 929, "scc_source_id": "929", "scc_type": "C2", "status": "missing_or_unverified", "mean_lts": 2.0, "connects_existing": false, "length_km": 0.286, "high_stress_km": 0.0, "project_type": "New protected link" }, "geometry": { "type": "LineString", "coordinates": [ [ 145.0662853, -37.7455936 ], [ 145.0644933, -37.7464203 ], [ 145.0636612, -37.7469924 ] ] } },
{ "type": "Feature", "properties": { "project_id": "SCC_00587", "scc_feature": 932, "scc_source_id": "932", "scc_type": "C2", "status": "missing_or_unverified", "mean_lts": 3.95, "connects_existing": false, "length_km": 3.286, "high_stress_km": 3.286, "project_type": "New protected link" }, "geometry": { "type": "MultiLineString", "coordinates": [ [ [ 145.0404206, -37.8749192 ], [ 145.0414376, -37.8751524 ], [ 145.0420486, -37.8752617 ] ], [ [ 145.0405638, -37.8750928 ], [ 145.0414795, -37.8752883 ] ], [ [ 145.0414795, -37.8752883 ], [ 145.0418925, -37.8755745 ], [ 145.0400353, -37.8753003 ] ], [ [ 145.0414795, -37.8752883 ], [ 145.0420486, -37.8752617 ] ], [ [ 145.0420486, -37.8752617 ], [ 145.0429989, -37.8754397 ], [ 145.0442207, -37.8756673 ] ], [ [ 145.0442207, -37.8756673 ], [ 145.045122, -37.8759796 ] ], [ [ 145.0442207, -37.8756673 ], [ 145.0448832, -37.8755521 ] ], [ [ 145.0448832, -37.8755521 ], [ 145.0451883, -37.8756203 ], [ 145.0458233, -37.8756849 ] ], [ [ 145.0458233, -37.8756849 ], [ 145.0470473, -37.8758314 ] ], [ [ 145.050515, -37.8762583 ], [ 145.0488606, -37.8760507 ] ], [ [ 145.0481383, -37.8758495 ], [ 145.0488606, -37.8760507 ] ], [ [ 145.050515, -37.8762583 ], [ 145.0518976, -37.8764254 ] ], [ [ 145.0531782, -37.8765818 ], [ 145.0518976, -37.8764254 ] ], [ [ 145.0531782, -37.8765818 ], [ 145.0544363, -37.8767288 ], [ 145.0556149, -37.8768744 ], [ 145.056851, -37.876994 ] ], [ [ 145.0592759, -37.8773043 ], [ 145.060477, -37.8774593 ] ], [ [ 145.0616331, -37.8775955 ], [ 145.0608397, -37.8775013 ], [ 145.060477, -37.8774593 ] ], [ [ 145.0616331, -37.8775955 ], [ 145.0628344, -37.8777414 ], [ 145.0634462, -37.8778236 ], [ 145.0644664, -37.8779395 ] ], [ [ 145.0657019, -37.878086 ], [ 145.067666, -37.8781904 ] ], [ [ 145.0657019, -37.878086 ], [ 145.0644664, -37.8779395 ] ], [ [ 145.0458233, -37.8756849 ], [ 145.045122, -37.8759796 ] ], [ [ 145.0592759, -37.8773043 ], [ 145.056851, -37.876994 ] ], [ [ 145.0420486, -37.8752617 ], [ 145.0426047, -37.875298 ], [ 145.0436935, -37.8753972 ], [ 145.0448832, -37.8755521 ] ], [ [ 145.0481383, -37.8758495 ], [ 145.0478414, -37.8758986 ], [ 145.0470473, -37.8758314 ] ] ] } },
{ "type": "Feature", "properties": { "project_id": "SCC_00588", "scc_feature": 934, "scc_source_id": "934", "scc_type": "C2", "status": "missing_or_unverified", "mean_lts": 4.0, "connects_existing": false, "length_km": 0.245, "high_stress_km": 0.245, "project_type": "New protected link" }, "geometry": { "type": "MultiLineString", "coordinates": [ [ [ 144.9969425, -37.8838568 ], [ 144.997239, -37.8838258 ], [ 144.9981561, -37.8839675 ] ], [ [ 144.9996643, -37.8841194 ], [ 144.9981561, -37.8839675 ] ] ] } },
{ "type": "Feature", "properties": { "project_id": "SCC_00589", "scc_feature": 934, "scc_source_id": "934", "scc_type": "C2", "status": "missing_or_unverified", "mean_lts": 4.0, "connects_existing": false, "length_km": 0.109, "high_stress_km": 0.109, "project_type": "New protected link" }, "geometry": { "type": "MultiLineString", "coordinates": [ [ [ 145.0012278, -37.8843262 ], [ 145.0019416, -37.8844194 ] ], [ [ 145.0012278, -37.8843262 ], [ 145.0007181, -37.8842544 ] ] ] } },
{ "type": "Feature", "properties": { "project_id": "SCC_00590", "scc_feature": 935, "scc_source_id": "935", "scc_type": "C2", "status": "missing_or_unverified", "mean_lts": 3.0, "connects_existing": false, "length_km": 0.142, "high_stress_km": 0.142, "project_type": "New protected link" }, "geometry": { "type": "LineString", "coordinates": [ [ 145.0054478, -37.8264972 ], [ 145.0070558, -37.8266956 ] ] } },
{ "type": "Feature", "properties": { "project_id": "SCC_00591", "scc_feature": 936, "scc_source_id": "936", "scc_type": "C2", "status": "missing_or_unverified", "mean_lts": 3.01, "connects_existing": true, "length_km": 0.766, "high_stress_km": 0.385, "project_type": "New protected link" }, "geometry": { "type": "MultiLineString", "coordinates": [ [ [ 145.0067164, -37.8287536 ], [ 145.0067656, -37.8290338 ] ], [ [ 145.0067164, -37.8287536 ], [ 145.0070558, -37.8266956 ] ], [ [ 145.0067164, -37.8287536 ], [ 145.0065327, -37.8292461 ] ], [ [ 145.0065327, -37.8292461 ], [ 145.0067899, -37.8277095 ] ], [ [ 145.0067656, -37.8290338 ], [ 145.0065327, -37.8292461 ] ], [ [ 145.0071949, -37.8278605 ], [ 145.0067656, -37.8290338 ] ], [ [ 145.0063026, -37.8301975 ], [ 145.0064362, -37.8298753 ] ], [ [ 145.0065327, -37.8292461 ], [ 145.0064362, -37.8298753 ] ] ] } },
{ "type": "Feature", "properties": { "project_id": "SCC_00592", "scc_feature": 938, "scc_source_id": "938", "scc_type": "C2", "status": "missing_or_unverified", "mean_lts": 4.0, "connects_existing": false, "length_km": 0.302, "high_stress_km": 0.302, "project_type": "New protected link" }, "geometry": { "type": "MultiLineString", "coordinates": [ [ [ 144.9922458, -37.8763511 ], [ 144.9933036, -37.8763331 ] ], [ [ 144.9946288, -37.8765179 ], [ 144.9938923, -37.8764242 ], [ 144.9933036, -37.8763331 ] ], [ [ 144.9946288, -37.8765179 ], [ 144.9953428, -37.8766021 ] ], [ [ 144.9956501, -37.8765894 ], [ 144.9953428, -37.8766021 ] ] ] } },
{ "type": "Feature", "properties": { "project_id": "SCC_00593", "scc_feature": 939, "scc_source_id": "939", "scc_type": "C2", "status": "missing_or_unverified", "mean_lts": 2.69, "connects_existing": true, "length_km": 0.631, "high_stress_km": 0.438, "project_type": "New protected link" }, "geometry": { "type": "LineString", "coordinates": [ [ 144.9672001, -37.7052197 ], [ 144.9672088, -37.7057335 ], [ 144.966021, -37.7056139 ], [ 144.9650376, -37.7054888 ], [ 144.9638844, -37.7053517 ], [ 144.9607629, -37.7050184 ] ] } },
{ "type": "Feature", "properties": { "project_id": "SCC_00594", "scc_feature": 939, "scc_source_id": "939", "scc_type": "C2", "status": "missing_or_unverified", "mean_lts": 2.15, "connects_existing": true, "length_km": 0.345, "high_stress_km": 0.052, "project_type": "New protected link" }, "geometry": { "type": "MultiLineString", "coordinates": [ [ [ 144.9731474, -37.7059169 ], [ 144.9742674, -37.7060263 ] ], [ [ 144.9764383, -37.7062799 ], [ 144.9753415, -37.7061529 ], [ 144.9742674, -37.7060263 ] ], [ [ 144.9764383, -37.7062799 ], [ 144.9763576, -37.7067471 ] ] ] } },
{ "type": "Feature", "properties": { "project_id": "SCC_00595", "scc_feature": 939, "scc_source_id": "939", "scc_type": "C2", "status": "missing_or_unverified", "mean_lts": 2.0, "connects_existing": true, "length_km": 0.125, "high_stress_km": 0.0, "project_type": "New protected link" }, "geometry": { "type": "LineString", "coordinates": [ [ 144.9799438, -37.707097 ], [ 144.9785517, -37.706983 ] ] } },
{ "type": "Feature", "properties": { "project_id": "SCC_00596", "scc_feature": 939, "scc_source_id": "939", "scc_type": "C2", "status": "missing_or_unverified", "mean_lts": 4.0, "connects_existing": false, "length_km": 0.56, "high_stress_km": 0.56, "project_type": "New protected link" }, "geometry": { "type": "MultiLineString", "coordinates": [ [ [ 144.9975039, -37.7104337 ], [ 144.9974341, -37.7109191 ], [ 144.9973251, -37.7120167 ] ], [ [ 144.9966911, -37.7153404 ], [ 144.9973251, -37.7120167 ] ] ] } },
{ "type": "Feature", "properties": { "project_id": "SCC_00598", "scc_feature": 945, "scc_source_id": "945", "scc_type": "C2", "status": "missing_or_unverified", "mean_lts": 3.23, "connects_existing": true, "length_km": 0.561, "high_stress_km": 0.561, "project_type": "New protected link" }, "geometry": { "type": "MultiLineString", "coordinates": [ [ [ 145.0694762, -37.7302354 ], [ 145.0689443, -37.7301816 ] ], [ [ 145.0694762, -37.7302354 ], [ 145.0699854, -37.7302888 ] ], [ [ 145.0754278, -37.7308825 ], [ 145.0742397, -37.7307549 ], [ 145.0730405, -37.7306182 ], [ 145.0718297, -37.7304902 ], [ 145.070612, -37.7301909 ], [ 145.0699854, -37.7302888 ] ] ] } },
{ "type": "Feature", "properties": { "project_id": "SCC_00599", "scc_feature": 945, "scc_source_id": "945", "scc_type": "C2", "status": "missing_or_unverified", "mean_lts": 3.0, "connects_existing": true, "length_km": 0.227, "high_stress_km": 0.227, "project_type": "New protected link" }, "geometry": { "type": "MultiLineString", "coordinates": [ [ [ 145.0790499, -37.7321041 ], [ 145.0776806, -37.7319646 ] ], [ [ 145.0764922, -37.7318461 ], [ 145.0776806, -37.7319646 ] ] ] } },
{ "type": "Feature", "properties": { "project_id": "SCC_00601", "scc_feature": 947, "scc_source_id": "947", "scc_type": "C2", "status": "missing_or_unverified", "mean_lts": 2.0, "connects_existing": false, "length_km": 0.177, "high_stress_km": 0.0, "project_type": "New protected link" }, "geometry": { "type": "LineString", "coordinates": [ [ 145.0809639, -37.70719 ], [ 145.0807916, -37.7081514 ], [ 145.0804715, -37.708687 ] ] } },
{ "type": "Feature", "properties": { "project_id": "SCC_00602", "scc_feature": 948, "scc_source_id": "948", "scc_type": "C2", "status": "missing_or_unverified", "mean_lts": 3.0, "connects_existing": true, "length_km": 0.269, "high_stress_km": 0.269, "project_type": "New protected link" }, "geometry": { "type": "LineString", "coordinates": [ [ 145.0712739, -37.8252779 ], [ 145.0743118, -37.8255439 ] ] } },
{ "type": "Feature", "properties": { "project_id": "SCC_00603", "scc_feature": 948, "scc_source_id": "948", "scc_type": "C2", "status": "missing_or_unverified", "mean_lts": 2.0, "connects_existing": true, "length_km": 0.228, "high_stress_km": 0.0, "project_type": "New protected link" }, "geometry": { "type": "LineString", "coordinates": [ [ 145.0782667, -37.8255004 ], [ 145.0763794, -37.8264248 ] ] } },
{ "type": "Feature", "properties": { "project_id": "SCC_00604", "scc_feature": 948, "scc_source_id": "948", "scc_type": "C2", "status": "missing_or_unverified", "mean_lts": 2.0, "connects_existing": false, "length_km": 0.15, "high_stress_km": 0.0, "project_type": "New protected link" }, "geometry": { "type": "MultiLineString", "coordinates": [ [ [ 145.0813343, -37.8246222 ], [ 145.081679, -37.8244746 ], [ 145.0822324, -37.8246007 ] ], [ [ 145.0813343, -37.8246222 ], [ 145.081646, -37.8248706 ] ] ] } },
{ "type": "Feature", "properties": { "project_id": "SCC_00605", "scc_feature": 948, "scc_source_id": "948", "scc_type": "C2", "status": "missing_or_unverified", "mean_lts": 4.0, "connects_existing": false, "length_km": 0.117, "high_stress_km": 0.117, "project_type": "New protected link" }, "geometry": { "type": "MultiLineString", "coordinates": [ [ [ 145.0818818, -37.8240994 ], [ 145.0823233, -37.8241606 ], [ 145.0827764, -37.8242131 ] ], [ [ 145.0818818, -37.8240994 ], [ 145.0815617, -37.8241753 ] ] ] } },
{ "type": "Feature", "properties": { "project_id": "SCC_00606", "scc_feature": 949, "scc_source_id": "949", "scc_type": "C2", "status": "missing_or_unverified", "mean_lts": 4.0, "connects_existing": false, "length_km": 0.565, "high_stress_km": 0.565, "project_type": "New protected link" }, "geometry": { "type": "LineString", "coordinates": [ [ 145.0517886, -37.7076396 ], [ 145.0529441, -37.706397 ], [ 145.0539075, -37.7055567 ], [ 145.0545748, -37.7047657 ], [ 145.0553282, -37.7041473 ], [ 145.0555493, -37.7039346 ] ] } },
{ "type": "Feature", "properties": { "project_id": "SCC_00607", "scc_feature": 949, "scc_source_id": "949", "scc_type": "C2", "status": "missing_or_unverified", "mean_lts": 3.73, "connects_existing": true, "length_km": 3.11, "high_stress_km": 2.695, "project_type": "New protected link" }, "geometry": { "type": "MultiLineString", "coordinates": [ [ [ 145.0563049, -37.7036677 ], [ 145.0558176, -37.7040833 ], [ 145.0544886, -37.7054582 ] ], [ [ 145.0565278, -37.703383 ], [ 145.0577208, -37.7024384 ] ], [ [ 145.0565278, -37.703383 ], [ 145.0563049, -37.7036677 ] ], [ [ 145.056981, -37.7025343 ], [ 145.0575464, -37.7017326 ], [ 145.0577766, -37.7011686 ], [ 145.0582496, -37.6999958 ] ], [ [ 145.0582496, -37.6999958 ], [ 145.0582985, -37.700294 ], [ 145.057839, -37.7018185 ], [ 145.0575658, -37.7022916 ], [ 145.0565278, -37.703383 ] ], [ [ 145.0582496, -37.6999958 ], [ 145.0583475, -37.6992855 ], [ 145.0587049, -37.6981919 ], [ 145.0587264, -37.6978047 ], [ 145.0591108, -37.696982 ], [ 145.0592753, -37.6963268 ], [ 145.059339, -37.6960575 ], [ 145.0601104, -37.6947454 ] ], [ [ 145.0584755, -37.699594 ], [ 145.0587257, -37.7000037 ] ], [ [ 145.0584755, -37.699594 ], [ 145.0582496, -37.6999958 ] ], [ [ 145.0605067, -37.69477 ], [ 145.0595958, -37.6962149 ], [ 145.0591746, -37.6975778 ], [ 145.0590981, -37.697901 ], [ 145.0584755, -37.699594 ] ], [ [ 145.0563049, -37.7036677 ], [ 145.0544886, -37.7054582 ] ], [ [ 145.0544886, -37.7054582 ], [ 145.0523923, -37.7075414 ], [ 145.0520562, -37.7078152 ] ] ] } },
{ "type": "Feature", "properties": { "project_id": "SCC_00608", "scc_feature": 949, "scc_source_id": "949", "scc_type": "C2", "status": "missing_or_unverified", "mean_lts": 4.0, "connects_existing": true, "length_km": 0.294, "high_stress_km": 0.294, "project_type": "New protected link" }, "geometry": { "type": "LineString", "coordinates": [ [ 145.0616627, -37.6930587 ], [ 145.0626767, -37.6920119 ], [ 145.0637604, -37.6908942 ], [ 145.0647047, -37.6899094 ] ] } },
{ "type": "Feature", "properties": { "project_id": "SCC_00610", "scc_feature": 953, "scc_source_id": "953", "scc_type": "C2", "status": "missing_or_unverified", "mean_lts": 4.0, "connects_existing": true, "length_km": 0.243, "high_stress_km": 0.243, "project_type": "New protected link" }, "geometry": { "type": "LineString", "coordinates": [ [ 145.0708618, -37.829759 ], [ 145.0704756, -37.8319336 ] ] } },
{ "type": "Feature", "properties": { "project_id": "SCC_00617", "scc_feature": 958, "scc_source_id": "958", "scc_type": "C2", "status": "missing_or_unverified", "mean_lts": 3.0, "connects_existing": true, "length_km": 0.161, "high_stress_km": 0.161, "project_type": "New protected link" }, "geometry": { "type": "LineString", "coordinates": [ [ 145.0090587, -37.621077 ], [ 145.0088805, -37.621813 ], [ 145.0087258, -37.6225133 ] ] } },
{ "type": "Feature", "properties": { "project_id": "SCC_00618", "scc_feature": 958, "scc_source_id": "958", "scc_type": "C2", "status": "missing_or_unverified", "mean_lts": 2.0, "connects_existing": false, "length_km": 0.073, "high_stress_km": 0.0, "project_type": "New protected link" }, "geometry": { "type": "LineString", "coordinates": [ [ 145.0093778, -37.6116647 ], [ 145.0094743, -37.6110175 ] ] } },
{ "type": "Feature", "properties": { "project_id": "SCC_00619", "scc_feature": 958, "scc_source_id": "958", "scc_type": "C2", "status": "missing_or_unverified", "mean_lts": 2.0, "connects_existing": false, "length_km": 0.081, "high_stress_km": 0.0, "project_type": "New protected link" }, "geometry": { "type": "LineString", "coordinates": [ [ 145.0097484, -37.6096613 ], [ 145.0098921, -37.6089427 ] ] } },
{ "type": "Feature", "properties": { "project_id": "SCC_00620", "scc_feature": 959, "scc_source_id": "959", "scc_type": "C2", "status": "missing_or_unverified", "mean_lts": 3.27, "connects_existing": false, "length_km": 0.158, "high_stress_km": 0.1, "project_type": "New protected link" }, "geometry": { "type": "MultiLineString", "coordinates": [ [ [ 145.086202, -37.9035191 ], [ 145.0860303, -37.9031198 ] ], [ [ 145.086202, -37.9035191 ], [ 145.0862807, -37.9031148 ], [ 145.0863842, -37.9026299 ] ] ] } },
{ "type": "Feature", "properties": { "project_id": "SCC_00621", "scc_feature": 960, "scc_source_id": "960", "scc_type": "C2", "status": "missing_or_unverified", "mean_lts": 3.0, "connects_existing": false, "length_km": 0.605, "high_stress_km": 0.605, "project_type": "New protected link" }, "geometry": { "type": "MultiLineString", "coordinates": [ [ [ 145.0850511, -37.7937807 ], [ 145.0852108, -37.7928731 ], [ 145.0853816, -37.7919747 ], [ 145.0855636, -37.7910855 ], [ 145.0857661, -37.7902777 ], [ 145.0859381, -37.7893343 ] ], [ [ 145.0850511, -37.7937807 ], [ 145.0848576, -37.7946788 ] ] ] } },
{ "type": "Feature", "properties": { "project_id": "SCC_00622", "scc_feature": 960, "scc_source_id": "960", "scc_type": "C2", "status": "missing_or_unverified", "mean_lts": 3.0, "connects_existing": true, "length_km": 0.781, "high_stress_km": 0.781, "project_type": "New protected link" }, "geometry": { "type": "MultiLineString", "coordinates": [ [ [ 145.0861082, -37.7884629 ], [ 145.086187, -37.7880496 ], [ 145.0862781, -37.7876005 ] ], [ [ 145.0864607, -37.7866842 ], [ 145.0862781, -37.7876005 ] ], [ [ 145.0864607, -37.7866842 ], [ 145.0865782, -37.7860913 ] ], [ [ 145.0866709, -37.7855792 ], [ 145.086841, -37.7847078 ] ], [ [ 145.0866709, -37.7855792 ], [ 145.0865782, -37.7860913 ] ], [ [ 145.0870117, -37.7838093 ], [ 145.0871601, -37.7829015 ], [ 145.0873209, -37.7819489 ], [ 145.0874916, -37.781492 ] ], [ [ 145.0870117, -37.7838093 ], [ 145.086841, -37.7847078 ] ] ] } },
{ "type": "Feature", "properties": { "project_id": "SCC_00623", "scc_feature": 961, "scc_source_id": "961", "scc_type": "C2", "status": "missing_or_unverified", "mean_lts": 4.0, "connects_existing": true, "length_km": 2.296, "high_stress_km": 2.296, "project_type": "New protected link" }, "geometry": { "type": "MultiLineString", "coordinates": [ [ [ 145.0707647, -37.9376108 ], [ 145.0685605, -37.9374845 ], [ 145.0690766, -37.9373308 ] ], [ [ 145.0686451, -37.9372966 ], [ 145.0690766, -37.9373308 ] ], [ [ 145.0690766, -37.9373308 ], [ 145.0697813, -37.9373604 ], [ 145.0702813, -37.9373866 ] ], [ [ 145.0702813, -37.9373866 ], [ 145.0707647, -37.9376108 ] ], [ [ 145.0702813, -37.9373866 ], [ 145.0709177, -37.937415 ], [ 145.0735034, -37.9377458 ], [ 145.0738892, -37.9377882 ] ], [ [ 145.0736122, -37.9379368 ], [ 145.0707647, -37.9376108 ] ], [ [ 145.0736122, -37.9379368 ], [ 145.0738892, -37.9377882 ] ], [ [ 145.0757242, -37.9381066 ], [ 145.0736122, -37.9379368 ] ], [ [ 145.0738892, -37.9377882 ], [ 145.0747283, -37.937901 ], [ 145.0757242, -37.9381066 ] ], [ [ 145.0757242, -37.9381066 ], [ 145.0767586, -37.9381505 ], [ 145.0787879, -37.938436 ] ], [ [ 145.0796716, -37.9385856 ], [ 145.07875, -37.9385796 ], [ 145.0757242, -37.9381066 ] ], [ [ 145.0787879, -37.938436 ], [ 145.0796461, -37.9382518 ] ], [ [ 145.0787879, -37.938436 ], [ 145.0796716, -37.9385856 ] ], [ [ 145.0808252, -37.9388568 ], [ 145.0796716, -37.9385856 ] ] ] } },
{ "type": "Feature", "properties": { "project_id": "SCC_00624", "scc_feature": 963, "scc_source_id": "963", "scc_type": "C2", "status": "missing_or_unverified", "mean_lts": 2.0, "connects_existing": true, "length_km": 0.439, "high_stress_km": 0.0, "project_type": "New protected link" }, "geometry": { "type": "LineString", "coordinates": [ [ 145.0912968, -37.9030972 ], [ 145.0863842, -37.9026299 ] ] } },
{ "type": "Feature", "properties": { "project_id": "SCC_00625", "scc_feature": 963, "scc_source_id": "963", "scc_type": "C2", "status": "missing_or_unverified", "mean_lts": 3.51, "connects_existing": true, "length_km": 0.172, "high_stress_km": 0.172, "project_type": "New protected link" }, "geometry": { "type": "LineString", "coordinates": [ [ 145.0933571, -37.8937763 ], [ 145.0934009, -37.8933985 ], [ 145.0935058, -37.8928595 ], [ 145.0936689, -37.8935921 ] ] } },
{ "type": "Feature", "properties": { "project_id": "SCC_00626", "scc_feature": 965, "scc_source_id": "965", "scc_type": "C2", "status": "missing_or_unverified", "mean_lts": 3.26, "connects_existing": true, "length_km": 0.528, "high_stress_km": 0.528, "project_type": "New protected link" }, "geometry": { "type": "MultiLineString", "coordinates": [ [ [ 145.0926014, -37.8728205 ], [ 145.0921183, -37.873038 ] ], [ [ 145.0933503, -37.8728777 ], [ 145.0926014, -37.8728205 ] ], [ [ 145.0926014, -37.8728205 ], [ 145.0921144, -37.8727496 ], [ 145.0926256, -37.8727669 ] ], [ [ 145.0922601, -37.8723915 ], [ 145.0926256, -37.8727669 ] ], [ [ 145.0926256, -37.8727669 ], [ 145.0929331, -37.8727448 ], [ 145.0933503, -37.8728777 ] ], [ [ 145.0933503, -37.8728777 ], [ 145.0945978, -37.8729971 ], [ 145.095271, -37.8733414 ] ] ] } },
{ "type": "Feature", "properties": { "project_id": "SCC_00627", "scc_feature": 967, "scc_source_id": "967", "scc_type": "C2", "status": "missing_or_unverified", "mean_lts": 2.3, "connects_existing": true, "length_km": 0.434, "high_stress_km": 0.087, "project_type": "New protected link" }, "geometry": { "type": "MultiLineString", "coordinates": [ [ [ 144.992271, -37.7651641 ], [ 144.992735, -37.765217 ], [ 144.9966392, -37.765671 ] ], [ [ 144.992271, -37.7651641 ], [ 144.9920419, -37.7652413 ] ] ] } },
{ "type": "Feature", "properties": { "project_id": "SCC_00629", "scc_feature": 967, "scc_source_id": "967", "scc_type": "C2", "status": "missing_or_unverified", "mean_lts": 4.0, "connects_existing": false, "length_km": 0.336, "high_stress_km": 0.336, "project_type": "New protected link" }, "geometry": { "type": "LineString", "coordinates": [ [ 145.0050011, -37.7662635 ], [ 145.0084422, -37.7662136 ] ] } },
{ "type": "Feature", "properties": { "project_id": "SCC_00630", "scc_feature": 968, "scc_source_id": "968", "scc_type": "C2", "status": "missing_or_unverified", "mean_lts": 2.35, "connects_existing": false, "length_km": 0.283, "high_stress_km": 0.1, "project_type": "New protected link" }, "geometry": { "type": "LineString", "coordinates": [ [ 145.1372345, -37.7901657 ], [ 145.1370759, -37.7910554 ], [ 145.1367512, -37.7926814 ] ] } },
{ "type": "Feature", "properties": { "project_id": "SCC_00631", "scc_feature": 969, "scc_source_id": "969", "scc_type": "C2", "status": "missing_or_unverified", "mean_lts": 3.75, "connects_existing": true, "length_km": 2.738, "high_stress_km": 2.567, "project_type": "New protected link" }, "geometry": { "type": "MultiLineString", "coordinates": [ [ [ 145.1252544, -37.7896963 ], [ 145.1252058, -37.7893711 ] ], [ [ 145.1252058, -37.7893711 ], [ 145.1248466, -37.7874097 ] ], [ [ 145.1255013, -37.7911601 ], [ 145.1252544, -37.7896963 ] ], [ [ 145.1255013, -37.7911601 ], [ 145.1253922, -37.790086 ], [ 145.1252544, -37.7896963 ] ], [ [ 145.1255013, -37.7911601 ], [ 145.1255719, -37.7915127 ] ], [ [ 145.1248466, -37.7874097 ], [ 145.1262589, -37.787243 ], [ 145.1269268, -37.7873257 ] ], [ [ 145.1260187, -37.7949534 ], [ 145.1264487, -37.7959155 ] ], [ [ 145.1265647, -37.7962688 ], [ 145.1267181, -37.7969382 ] ], [ [ 145.1271297, -37.79863 ], [ 145.1267235, -37.7976232 ], [ 145.1267181, -37.7969382 ] ], [ [ 145.1276437, -37.787265 ], [ 145.128064, -37.7872626 ] ], [ [ 145.1259779, -37.7943219 ], [ 145.1260187, -37.7949534 ] ], [ [ 145.1269268, -37.7873257 ], [ 145.1248466, -37.7874097 ] ], [ [ 145.1248466, -37.7874097 ], [ 145.1251837, -37.7884515 ], [ 145.1252058, -37.7893711 ] ], [ [ 145.1261035, -37.7938463 ], [ 145.1259779, -37.7943219 ] ], [ [ 145.1259779, -37.7943219 ], [ 145.1255719, -37.7915127 ] ], [ [ 145.1281965, -37.7874089 ], [ 145.1276437, -37.787265 ] ], [ [ 145.1261035, -37.7938463 ], [ 145.1258284, -37.7921477 ] ], [ [ 145.1255719, -37.7915127 ], [ 145.1258284, -37.7921477 ] ], [ [ 145.1276437, -37.787265 ], [ 145.1269268, -37.7873257 ] ], [ [ 145.1267181, -37.7969382 ], [ 145.1263072, -37.7961206 ], [ 145.1260187, -37.7949534 ] ], [ [ 145.1267181, -37.7969382 ], [ 145.1269633, -37.7975729 ] ] ] } },
{ "type": "Feature", "properties": { "project_id": "SCC_00632", "scc_feature": 969, "scc_source_id": "969", "scc_type": "C2", "status": "missing_or_unverified", "mean_lts": 2.0, "connects_existing": true, "length_km": 0.801, "high_stress_km": 0.0, "project_type": "New protected link" }, "geometry": { "type": "MultiLineString", "coordinates": [ [ [ 145.127602, -37.7866695 ], [ 145.127745, -37.7864014 ] ], [ [ 145.127602, -37.7866695 ], [ 145.1275689, -37.7857317 ] ], [ [ 145.1276304, -37.7859941 ], [ 145.1277087, -37.7869416 ] ], [ [ 145.1275689, -37.7857317 ], [ 145.1276304, -37.7859941 ] ], [ [ 145.1276304, -37.7859941 ], [ 145.127782, -37.7867355 ] ], [ [ 145.127745, -37.7864014 ], [ 145.1277087, -37.7869416 ] ], [ [ 145.127745, -37.7864014 ], [ 145.127782, -37.7867355 ] ], [ [ 145.1276754, -37.784661 ], [ 145.1275689, -37.7857317 ] ], [ [ 145.1275689, -37.7857317 ], [ 145.127782, -37.7867355 ] ] ] } },
{ "type": "Feature", "properties": { "project_id": "SCC_00633", "scc_feature": 969, "scc_source_id": "969", "scc_type": "C2", "status": "missing_or_unverified", "mean_lts": 3.0, "connects_existing": true, "length_km": 0.375, "high_stress_km": 0.375, "project_type": "New protected link" }, "geometry": { "type": "LineString", "coordinates": [ [ 145.1334599, -37.7844734 ], [ 145.1320561, -37.784307 ], [ 145.130931, -37.7847938 ], [ 145.1298438, -37.7846774 ] ] } },
{ "type": "Feature", "properties": { "project_id": "SCC_00634", "scc_feature": 971, "scc_source_id": "971", "scc_type": "C2", "status": "missing_or_unverified", "mean_lts": 4.0, "connects_existing": true, "length_km": 0.095, "high_stress_km": 0.095, "project_type": "New protected link" }, "geometry": { "type": "LineString", "coordinates": [ [ 144.9723579, -37.6916014 ], [ 144.9697072, -37.6923218 ] ] } },
{ "type": "Feature", "properties": { "project_id": "SCC_00635", "scc_feature": 971, "scc_source_id": "971", "scc_type": "C2", "status": "missing_or_unverified", "mean_lts": 4.0, "connects_existing": true, "length_km": 0.071, "high_stress_km": 0.071, "project_type": "New protected link" }, "geometry": { "type": "LineString", "coordinates": [ [ 144.9683927, -37.6918666 ], [ 144.972809, -37.6912757 ] ] } },
{ "type": "Feature", "properties": { "project_id": "SCC_00636", "scc_feature": 973, "scc_source_id": "973", "scc_type": "C2", "status": "missing_or_unverified", "mean_lts": 4.0, "connects_existing": true, "length_km": 1.289, "high_stress_km": 1.289, "project_type": "New protected link" }, "geometry": { "type": "MultiLineString", "coordinates": [ [ [ 145.0300471, -37.8516308 ], [ 145.030232, -37.8506606 ] ], [ [ 145.0303901, -37.8498432 ], [ 145.030232, -37.8506606 ] ], [ [ 145.0303901, -37.8498432 ], [ 145.0304316, -37.8495645 ] ], [ [ 145.0306154, -37.8486393 ], [ 145.0307745, -37.8477859 ], [ 145.0309594, -37.8468157 ] ], [ [ 145.0306154, -37.8486393 ], [ 145.0304316, -37.8495645 ] ], [ [ 145.0311971, -37.845567 ], [ 145.0313685, -37.8446777 ], [ 145.0315399, -37.8437884 ], [ 145.0318467, -37.8420813 ], [ 145.0318867, -37.8418567 ], [ 145.0319529, -37.8415063 ], [ 145.0320991, -37.8407067 ], [ 145.0322338, -37.8399159 ] ], [ [ 145.0311971, -37.845567 ], [ 145.0309594, -37.8468157 ] ] ] } },
{ "type": "Feature", "properties": { "project_id": "SCC_00637", "scc_feature": 973, "scc_source_id": "973", "scc_type": "C2", "status": "missing_or_unverified", "mean_lts": 4.0, "connects_existing": true, "length_km": 0.061, "high_stress_km": 0.061, "project_type": "New protected link" }, "geometry": { "type": "LineString", "coordinates": [ [ 145.0325535, -37.838146 ], [ 145.0327462, -37.8373111 ] ] } },
{ "type": "Feature", "properties": { "project_id": "SCC_00638", "scc_feature": 974, "scc_source_id": "974", "scc_type": "C2", "status": "missing_or_unverified", "mean_lts": 2.0, "connects_existing": true, "length_km": 0.079, "high_stress_km": 0.0, "project_type": "New protected link" }, "geometry": { "type": "LineString", "coordinates": [ [ 145.0295948, -37.8669072 ], [ 145.0303038, -37.8676039 ] ] } },
{ "type": "Feature", "properties": { "project_id": "SCC_00639", "scc_feature": 978, "scc_source_id": "978", "scc_type": "C2", "status": "missing_or_unverified", "mean_lts": 3.0, "connects_existing": false, "length_km": 0.067, "high_stress_km": 0.067, "project_type": "New protected link" }, "geometry": { "type": "LineString", "coordinates": [ [ 145.0349919, -37.8096281 ], [ 145.0351098, -37.8090353 ] ] } },
{ "type": "Feature", "properties": { "project_id": "SCC_00640", "scc_feature": 979, "scc_source_id": "979", "scc_type": "C2", "status": "missing_or_unverified", "mean_lts": 4.0, "connects_existing": false, "length_km": 1.092, "high_stress_km": 1.092, "project_type": "New protected link" }, "geometry": { "type": "MultiLineString", "coordinates": [ [ [ 145.0351841, -37.800232 ], [ 145.0347216, -37.8026845 ], [ 145.0342254, -37.805551 ] ], [ [ 145.0351841, -37.800232 ], [ 145.0352268, -37.7999083 ] ], [ [ 145.0359479, -37.7958379 ], [ 145.0352268, -37.7999083 ] ] ] } },
{ "type": "Feature", "properties": { "project_id": "SCC_00641", "scc_feature": 983, "scc_source_id": "983", "scc_type": "C2", "status": "missing_or_unverified", "mean_lts": 4.0, "connects_existing": false, "length_km": 0.308, "high_stress_km": 0.308, "project_type": "New protected link" }, "geometry": { "type": "MultiLineString", "coordinates": [ [ [ 145.0365841, -37.9350176 ], [ 145.0372196, -37.93337 ] ], [ [ 145.0365841, -37.9350176 ], [ 145.0367708, -37.9356966 ] ] ] } },
{ "type": "Feature", "properties": { "project_id": "SCC_00642", "scc_feature": 984, "scc_source_id": "984", "scc_type": "C2", "status": "missing_or_unverified", "mean_lts": 3.0, "connects_existing": false, "length_km": 0.173, "high_stress_km": 0.173, "project_type": "New protected link" }, "geometry": { "type": "MultiLineString", "coordinates": [ [ [ 145.0352237, -37.925857 ], [ 145.0349799, -37.9256096 ] ], [ [ 145.0352079, -37.9268751 ], [ 145.0352237, -37.925857 ] ], [ [ 145.0352237, -37.925857 ], [ 145.0352522, -37.9256412 ] ] ] } },
{ "type": "Feature", "properties": { "project_id": "SCC_00643", "scc_feature": 984, "scc_source_id": "984", "scc_type": "C2", "status": "missing_or_unverified", "mean_lts": 3.0, "connects_existing": false, "length_km": 0.258, "high_stress_km": 0.258, "project_type": "New protected link" }, "geometry": { "type": "MultiLineString", "coordinates": [ [ [ 145.0356606, -37.9256841 ], [ 145.0356009, -37.9270709 ] ], [ [ 145.035884, -37.9279768 ], [ 145.0356009, -37.9270709 ] ] ] } },
{ "type": "Feature", "properties": { "project_id": "SCC_00644", "scc_feature": 984, "scc_source_id": "984", "scc_type": "C2", "status": "missing_or_unverified", "mean_lts": 3.06, "connects_existing": true, "length_km": 0.487, "high_stress_km": 0.487, "project_type": "New protected link" }, "geometry": { "type": "LineString", "coordinates": [ [ 145.0365002, -37.9176416 ], [ 145.0363513, -37.9181077 ], [ 145.0366334, -37.9181935 ], [ 145.0359069, -37.9219844 ] ] } },
{ "type": "Feature", "properties": { "project_id": "SCC_00645", "scc_feature": 984, "scc_source_id": "984", "scc_type": "C2", "status": "missing_or_unverified", "mean_lts": 3.0, "connects_existing": false, "length_km": 0.285, "high_stress_km": 0.285, "project_type": "New protected link" }, "geometry": { "type": "MultiLineString", "coordinates": [ [ [ 145.0373154, -37.9323353 ], [ 145.0373556, -37.930822 ] ], [ [ 145.0373154, -37.9323353 ], [ 145.0372196, -37.93337 ] ] ] } },
{ "type": "Feature", "properties": { "project_id": "SCC_00646", "scc_feature": 985, "scc_source_id": "985", "scc_type": "C2", "status": "missing_or_unverified", "mean_lts": 3.15, "connects_existing": true, "length_km": 0.208, "high_stress_km": 0.161, "project_type": "New protected link" }, "geometry": { "type": "MultiLineString", "coordinates": [ [ [ 145.0098783, -37.9076329 ], [ 145.010409, -37.9082006 ] ], [ [ 145.0098783, -37.9076329 ], [ 145.0101833, -37.9077101 ] ], [ [ 145.0101833, -37.9077101 ], [ 145.0105157, -37.9080402 ] ], [ [ 145.0101833, -37.9077101 ], [ 145.0108282, -37.9078382 ] ] ] } },
{ "type": "Feature", "properties": { "project_id": "SCC_00647", "scc_feature": 985, "scc_source_id": "985", "scc_type": "C2", "status": "missing_or_unverified", "mean_lts": 2.16, "connects_existing": true, "length_km": 0.388, "high_stress_km": 0.062, "project_type": "New protected link" }, "geometry": { "type": "MultiLineString", "coordinates": [ [ [ 145.0330184, -37.9138346 ], [ 145.0335148, -37.9139871 ] ], [ [ 145.0367352, -37.9143653 ], [ 145.0341939, -37.9141156 ], [ 145.0335148, -37.9139871 ] ], [ [ 145.0367352, -37.9143653 ], [ 145.0372096, -37.9144903 ] ] ] } },
{ "type": "Feature", "properties": { "project_id": "SCC_00648", "scc_feature": 986, "scc_source_id": "986", "scc_type": "C2", "status": "missing_or_unverified", "mean_lts": 4.0, "connects_existing": false, "length_km": 0.133, "high_stress_km": 0.133, "project_type": "New protected link" }, "geometry": { "type": "LineString", "coordinates": [ [ 145.0395468, -37.8757157 ], [ 145.0394014, -37.8769118 ] ] } },
{ "type": "Feature", "properties": { "project_id": "SCC_00650", "scc_feature": 989, "scc_source_id": "989", "scc_type": "C2", "status": "missing_or_unverified", "mean_lts": 4.0, "connects_existing": false, "length_km": 0.054, "high_stress_km": 0.054, "project_type": "New protected link" }, "geometry": { "type": "LineString", "coordinates": [ [ 145.0395468, -37.8757157 ], [ 145.0398071, -37.8753325 ] ] } },
{ "type": "Feature", "properties": { "project_id": "SCC_00651", "scc_feature": 989, "scc_source_id": "989", "scc_type": "C2", "status": "missing_or_unverified", "mean_lts": 4.0, "connects_existing": false, "length_km": 0.069, "high_stress_km": 0.069, "project_type": "New protected link" }, "geometry": { "type": "LineString", "coordinates": [ [ 145.0400353, -37.8753003 ], [ 145.0405638, -37.8750928 ] ] } },
{ "type": "Feature", "properties": { "project_id": "SCC_00652", "scc_feature": 992, "scc_source_id": "992", "scc_type": "C2", "status": "missing_or_unverified", "mean_lts": 4.0, "connects_existing": false, "length_km": 1.079, "high_stress_km": 1.079, "project_type": "New protected link" }, "geometry": { "type": "MultiLineString", "coordinates": [ [ [ 145.0322781, -37.8519294 ], [ 145.0300471, -37.8516308 ] ], [ [ 145.0322781, -37.8519294 ], [ 145.0336373, -37.8521053 ], [ 145.0348038, -37.85226 ] ], [ [ 145.0421432, -37.8532204 ], [ 145.0409766, -37.8530658 ] ], [ [ 145.0398437, -37.8529298 ], [ 145.0409766, -37.8530658 ] ], [ [ 145.0398437, -37.8529298 ], [ 145.0386882, -37.8527844 ], [ 145.0375785, -37.8526307 ], [ 145.0362872, -37.852465 ], [ 145.035755, -37.852393 ], [ 145.0348038, -37.85226 ] ] ] } },
{ "type": "Feature", "properties": { "project_id": "SCC_00653", "scc_feature": 993, "scc_source_id": "993", "scc_type": "C2", "status": "missing_or_unverified", "mean_lts": 3.37, "connects_existing": false, "length_km": 1.27, "high_stress_km": 0.916, "project_type": "New protected link" }, "geometry": { "type": "MultiLineString", "coordinates": [ [ [ 145.03818, -37.8736653 ], [ 145.0379772, -37.8735988 ] ], [ [ 145.038325, -37.8733432 ], [ 145.0383779, -37.8730648 ] ], [ [ 145.03818, -37.8736653 ], [ 145.0389375, -37.8742546 ], [ 145.0392163, -37.8744575 ] ], [ [ 145.0392163, -37.8744575 ], [ 145.0394175, -37.8745871 ] ], [ [ 145.0392163, -37.8744575 ], [ 145.0400353, -37.8753003 ], [ 145.0396916, -37.8749701 ], [ 145.0388314, -37.8743971 ], [ 145.03818, -37.8736653 ] ], [ [ 145.0394175, -37.8745871 ], [ 145.0404206, -37.8749192 ], [ 145.038325, -37.8733432 ] ], [ [ 145.0394175, -37.8745871 ], [ 145.0405638, -37.8750928 ] ], [ [ 145.038325, -37.8733432 ], [ 145.03818, -37.8736653 ] ], [ [ 145.0378392, -37.873227 ], [ 145.03818, -37.8736653 ] ] ] } },
{ "type": "Feature", "properties": { "project_id": "SCC_00654", "scc_feature": 993, "scc_source_id": "993", "scc_type": "C2", "status": "missing_or_unverified", "mean_lts": 3.35, "connects_existing": false, "length_km": 0.148, "high_stress_km": 0.148, "project_type": "New protected link" }, "geometry": { "type": "LineString", "coordinates": [ [ 145.0426416, -37.8532828 ], [ 145.0420626, -37.8536877 ], [ 145.0421432, -37.8532204 ] ] } },
{ "type": "Feature", "properties": { "project_id": "SCC_00655", "scc_feature": 994, "scc_source_id": "994", "scc_type": "C2", "status": "missing_or_unverified", "mean_lts": 4.0, "connects_existing": true, "length_km": 0.248, "high_stress_km": 0.248, "project_type": "New protected link" }, "geometry": { "type": "MultiLineString", "coordinates": [ [ [ 145.1145514, -37.6027762 ], [ 145.116065, -37.6029446 ], [ 145.1170701, -37.6030688 ] ], [ [ 145.1145514, -37.6027762 ], [ 145.1138963, -37.6027026 ] ] ] } },
{ "type": "Feature", "properties": { "project_id": "SCC_00656", "scc_feature": 994, "scc_source_id": "994", "scc_type": "C2", "status": "missing_or_unverified", "mean_lts": 4.0, "connects_existing": true, "length_km": 0.101, "high_stress_km": 0.101, "project_type": "New protected link" }, "geometry": { "type": "LineString", "coordinates": [ [ 145.1188994, -37.6032962 ], [ 145.1221624, -37.6037177 ] ] } },
{ "type": "Feature", "properties": { "project_id": "SCC_00657", "scc_feature": 994, "scc_source_id": "994", "scc_type": "C2", "status": "missing_or_unverified", "mean_lts": 3.65, "connects_existing": true, "length_km": 0.603, "high_stress_km": 0.497, "project_type": "New protected link" }, "geometry": { "type": "MultiLineString", "coordinates": [ [ [ 145.1359441, -37.605243 ], [ 145.132239, -37.6048239 ] ], [ [ 145.1371138, -37.6055769 ], [ 145.1359441, -37.605243 ] ], [ [ 145.1385639, -37.6055728 ], [ 145.1380573, -37.6054476 ], [ 145.1376048, -37.6054225 ], [ 145.1359441, -37.605243 ] ] ] } },
{ "type": "Feature", "properties": { "project_id": "SCC_00658", "scc_feature": 995, "scc_source_id": "995", "scc_type": "C2", "status": "missing_or_unverified", "mean_lts": 4.0, "connects_existing": true, "length_km": 0.053, "high_stress_km": 0.053, "project_type": "New protected link" }, "geometry": { "type": "LineString", "coordinates": [ [ 145.1390476, -37.7337067 ], [ 145.1389792, -37.7332641 ] ] } },
{ "type": "Feature", "properties": { "project_id": "SCC_00659", "scc_feature": 997, "scc_source_id": "997", "scc_type": "C2", "status": "missing_or_unverified", "mean_lts": 3.3, "connects_existing": true, "length_km": 0.539, "high_stress_km": 0.493, "project_type": "New protected link" }, "geometry": { "type": "MultiLineString", "coordinates": [ [ [ 145.0949897, -37.8882334 ], [ 145.0953469, -37.88805 ] ], [ [ 145.0955844, -37.8872157 ], [ 145.0954453, -37.88688 ] ], [ [ 145.0955204, -37.887494 ], [ 145.0955844, -37.8872157 ] ], [ [ 145.0955204, -37.887494 ], [ 145.0953469, -37.88805 ] ], [ [ 145.0955844, -37.8872157 ], [ 145.0956816, -37.886974 ], [ 145.0966338, -37.8853222 ], [ 145.0966429, -37.8840877 ] ] ] } },
{ "type": "Feature", "properties": { "project_id": "SCC_00660", "scc_feature": 998, "scc_source_id": "998", "scc_type": "C2", "status": "missing_or_unverified", "mean_lts": 2.69, "connects_existing": true, "length_km": 1.039, "high_stress_km": 0.631, "project_type": "New protected link" }, "geometry": { "type": "MultiLineString", "coordinates": [ [ [ 144.9790072, -37.737388 ], [ 144.978219, -37.7375817 ] ], [ [ 144.9790072, -37.737388 ], [ 144.9796984, -37.7374269 ] ], [ [ 144.9852043, -37.738179 ], [ 144.9846951, -37.7381252 ], [ 144.98422, -37.7380721 ], [ 144.9831673, -37.7379729 ], [ 144.9820138, -37.737827 ], [ 144.9805584, -37.7375137 ], [ 144.9796984, -37.7374269 ] ], [ [ 144.9852043, -37.738179 ], [ 144.9851489, -37.7385475 ] ], [ [ 144.9899364, -37.7390168 ], [ 144.9885896, -37.7388857 ], [ 144.9874691, -37.7387764 ], [ 144.9863375, -37.738658 ], [ 144.9851489, -37.7385475 ] ] ] } },
{ "type": "Feature", "properties": { "project_id": "SCC_00661", "scc_feature": 998, "scc_source_id": "998", "scc_type": "C2", "status": "missing_or_unverified", "mean_lts": 3.0, "connects_existing": false, "length_km": 0.198, "high_stress_km": 0.198, "project_type": "New protected link" }, "geometry": { "type": "MultiLineString", "coordinates": [ [ [ 145.0092313, -37.7410116 ], [ 145.0097633, -37.7410657 ] ], [ [ 145.0103401, -37.7411385 ], [ 145.0097633, -37.7410657 ] ], [ [ 145.0099863, -37.7407901 ], [ 145.0103401, -37.7411385 ] ], [ [ 145.011019, -37.741213 ], [ 145.0103401, -37.7411385 ] ] ] } },
{ "type": "Feature", "properties": { "project_id": "SCC_00662", "scc_feature": 998, "scc_source_id": "998", "scc_type": "C2", "status": "missing_or_unverified", "mean_lts": 2.0, "connects_existing": false, "length_km": 0.564, "high_stress_km": 0.0, "project_type": "New protected link" }, "geometry": { "type": "MultiLineString", "coordinates": [ [ [ 145.040535, -37.7429783 ], [ 145.0395621, -37.7428629 ], [ 145.037951, -37.7428451 ], [ 145.0367566, -37.7429514 ] ], [ [ 145.040535, -37.7429783 ], [ 145.0405877, -37.7426998 ], [ 145.0427634, -37.742826 ] ] ] } },
{ "type": "Feature", "properties": { "project_id": "SCC_00663", "scc_feature": 998, "scc_source_id": "998", "scc_type": "C2", "status": "missing_or_unverified", "mean_lts": 3.0, "connects_existing": true, "length_km": 0.13, "high_stress_km": 0.13, "project_type": "New protected link" }, "geometry": { "type": "LineString", "coordinates": [ [ 144.9767908, -37.7412701 ], [ 144.9779671, -37.7414165 ] ] } },
{ "type": "Feature", "properties": { "project_id": "SCC_00664", "scc_feature": 998, "scc_source_id": "998", "scc_type": "C2", "status": "missing_or_unverified", "mean_lts": 2.0, "connects_existing": false, "length_km": 0.191, "high_stress_km": 0.0, "project_type": "New protected link" }, "geometry": { "type": "LineString", "coordinates": [ [ 145.0327371, -37.7430286 ], [ 145.0304676, -37.7434503 ] ] } },
{ "type": "Feature", "properties": { "project_id": "SCC_00666", "scc_feature": 999, "scc_source_id": "999", "scc_type": "C2", "status": "missing_or_unverified", "mean_lts": 3.0, "connects_existing": true, "length_km": 0.174, "high_stress_km": 0.174, "project_type": "New protected link" }, "geometry": { "type": "LineString", "coordinates": [ [ 145.0425712, -37.8885898 ], [ 145.0431428, -37.8871844 ] ] } },
{ "type": "Feature", "properties": { "project_id": "SCC_00667", "scc_feature": 1000, "scc_source_id": "1000", "scc_type": "C2", "status": "missing_or_unverified", "mean_lts": 3.49, "connects_existing": false, "length_km": 0.083, "high_stress_km": 0.083, "project_type": "New protected link" }, "geometry": { "type": "LineString", "coordinates": [ [ 145.0348507, -37.8817293 ], [ 145.0346656, -37.8814198 ], [ 145.0345649, -37.8817876 ] ] } },
{ "type": "Feature", "properties": { "project_id": "SCC_00668", "scc_feature": 1002, "scc_source_id": "1002", "scc_type": "C2", "status": "missing_or_unverified", "mean_lts": 4.0, "connects_existing": true, "length_km": 0.326, "high_stress_km": 0.326, "project_type": "New protected link" }, "geometry": { "type": "MultiLineString", "coordinates": [ [ [ 145.021636, -37.7175281 ], [ 145.0212996, -37.7182344 ] ], [ [ 145.021636, -37.7175281 ], [ 145.0219091, -37.716217 ], [ 145.0220545, -37.7154444 ] ], [ [ 145.0221439, -37.7150674 ], [ 145.0220545, -37.7154444 ] ] ] } },
{ "type": "Feature", "properties": { "project_id": "SCC_00669", "scc_feature": 1002, "scc_source_id": "1002", "scc_type": "C2", "status": "missing_or_unverified", "mean_lts": 4.0, "connects_existing": false, "length_km": 0.072, "high_stress_km": 0.072, "project_type": "New protected link" }, "geometry": { "type": "LineString", "coordinates": [ [ 145.0422628, -37.7165929 ], [ 145.0427874, -37.716917 ] ] } },
{ "type": "Feature", "properties": { "project_id": "SCC_00673", "scc_feature": 1007, "scc_source_id": "1007", "scc_type": "C2", "status": "missing_or_unverified", "mean_lts": 3.38, "connects_existing": false, "length_km": 1.181, "high_stress_km": 1.181, "project_type": "New protected link" }, "geometry": { "type": "MultiLineString", "coordinates": [ [ [ 145.0419929, -38.2250529 ], [ 145.0411007, -38.2238215 ], [ 145.0408579, -38.2230785 ] ], [ [ 145.0419929, -38.2250529 ], [ 145.0423985, -38.2256905 ] ], [ [ 145.043023, -38.2266831 ], [ 145.0423985, -38.2256905 ] ], [ [ 145.043023, -38.2266831 ], [ 145.0432753, -38.2270748 ] ], [ [ 145.0435822, -38.2275576 ], [ 145.0444593, -38.2289329 ] ], [ [ 145.0435822, -38.2275576 ], [ 145.0432753, -38.2270748 ] ], [ [ 145.0444593, -38.2289329 ], [ 145.0446945, -38.229108 ], [ 145.044834, -38.2294438 ] ], [ [ 145.044834, -38.2294438 ], [ 145.0446005, -38.2292056 ], [ 145.0444593, -38.2289329 ] ], [ [ 145.0396376, -38.2208774 ], [ 145.0408579, -38.2230785 ] ], [ [ 145.044834, -38.2294438 ], [ 145.0449434, -38.2296258 ] ] ] } },
{ "type": "Feature", "properties": { "project_id": "SCC_00674", "scc_feature": 1008, "scc_source_id": "1008", "scc_type": "C2", "status": "missing_or_unverified", "mean_lts": 3.85, "connects_existing": false, "length_km": 2.894, "high_stress_km": 2.68, "project_type": "New protected link" }, "geometry": { "type": "MultiLineString", "coordinates": [ [ [ 145.0358605, -38.2368724 ], [ 145.0363753, -38.2359979 ], [ 145.0372743, -38.235283 ], [ 145.0381149, -38.2346122 ], [ 145.0392701, -38.2337124 ] ], [ [ 145.0364973, -38.2361351 ], [ 145.0358605, -38.2368724 ] ], [ [ 145.0364973, -38.2361351 ], [ 145.0360274, -38.2370374 ], [ 145.0359223, -38.2375493 ], [ 145.0365397, -38.2405063 ], [ 145.0362514, -38.2397535 ], [ 145.0358605, -38.2368724 ] ], [ [ 145.0392701, -38.2337124 ], [ 145.0394292, -38.2333185 ], [ 145.0400654, -38.2325993 ] ], [ [ 145.0392701, -38.2337124 ], [ 145.0397018, -38.2333772 ], [ 145.0403867, -38.2329741 ] ], [ [ 145.0403867, -38.2329741 ], [ 145.0401382, -38.2332943 ], [ 145.0392053, -38.2339997 ], [ 145.0386103, -38.2344583 ], [ 145.0374786, -38.2353315 ], [ 145.0364973, -38.2361351 ] ], [ [ 145.0434992, -38.2306561 ], [ 145.0419471, -38.2318737 ], [ 145.0403867, -38.2329741 ] ], [ [ 145.0403867, -38.2329741 ], [ 145.042945, -38.2308721 ], [ 145.0434992, -38.2306561 ] ], [ [ 145.0434992, -38.2306561 ], [ 145.0440178, -38.230061 ], [ 145.044309, -38.2298495 ] ], [ [ 145.0449434, -38.2296258 ], [ 145.0442447, -38.2301188 ], [ 145.0434992, -38.2306561 ] ], [ [ 145.044309, -38.2298495 ], [ 145.0446005, -38.2292056 ] ], [ [ 145.044309, -38.2298495 ], [ 145.044834, -38.2294438 ] ] ] } },
{ "type": "Feature", "properties": { "project_id": "SCC_00675", "scc_feature": 1009, "scc_source_id": "1009", "scc_type": "C2", "status": "missing_or_unverified", "mean_lts": 4.0, "connects_existing": true, "length_km": 0.691, "high_stress_km": 0.691, "project_type": "New protected link" }, "geometry": { "type": "LineString", "coordinates": [ [ 145.1312789, -37.7673701 ], [ 145.1324205, -37.765766 ], [ 145.1331102, -37.7645243 ], [ 145.1317535, -37.7670081 ], [ 145.1315182, -37.7673378 ] ] } },
{ "type": "Feature", "properties": { "project_id": "SCC_00676", "scc_feature": 1009, "scc_source_id": "1009", "scc_type": "C2", "status": "missing_or_unverified", "mean_lts": 4.0, "connects_existing": false, "length_km": 0.602, "high_stress_km": 0.602, "project_type": "New protected link" }, "geometry": { "type": "MultiLineString", "coordinates": [ [ [ 145.1337336, -37.7600461 ], [ 145.1334263, -37.7596267 ] ], [ [ 145.1334536, -37.7616999 ], [ 145.1337336, -37.7600461 ] ], [ [ 145.1338917, -37.7596251 ], [ 145.1335923, -37.7620536 ] ], [ [ 145.1337336, -37.7600461 ], [ 145.1338917, -37.7596251 ] ], [ [ 145.1338917, -37.7596251 ], [ 145.1338533, -37.7593451 ] ], [ [ 145.1340712, -37.7592584 ], [ 145.1342557, -37.7595948 ] ], [ [ 145.1340712, -37.7592584 ], [ 145.1338917, -37.7596251 ] ] ] } },
{ "type": "Feature", "properties": { "project_id": "SCC_00677", "scc_feature": 1009, "scc_source_id": "1009", "scc_type": "C2", "status": "missing_or_unverified", "mean_lts": 4.0, "connects_existing": true, "length_km": 0.635, "high_stress_km": 0.635, "project_type": "New protected link" }, "geometry": { "type": "LineString", "coordinates": [ [ 145.1342569, -37.7378577 ], [ 145.1342525, -37.7375782 ], [ 145.1359307, -37.7335584 ], [ 145.1371671, -37.7331273 ] ] } },
{ "type": "Feature", "properties": { "project_id": "SCC_00678", "scc_feature": 1009, "scc_source_id": "1009", "scc_type": "C2", "status": "missing_or_unverified", "mean_lts": 4.0, "connects_existing": true, "length_km": 0.255, "high_stress_km": 0.255, "project_type": "New protected link" }, "geometry": { "type": "LineString", "coordinates": [ [ 145.1347916, -37.735541 ], [ 145.1343503, -37.737751 ] ] } },
{ "type": "Feature", "properties": { "project_id": "SCC_00679", "scc_feature": 1009, "scc_source_id": "1009", "scc_type": "C2", "status": "missing_or_unverified", "mean_lts": 4.0, "connects_existing": true, "length_km": 0.063, "high_stress_km": 0.063, "project_type": "New protected link" }, "geometry": { "type": "LineString", "coordinates": [ [ 145.137526, -37.7332952 ], [ 145.1369223, -37.7333848 ] ] } },
{ "type": "Feature", "properties": { "project_id": "SCC_00680", "scc_feature": 1011, "scc_source_id": "1011", "scc_type": "C2", "status": "missing_or_unverified", "mean_lts": 3.0, "connects_existing": true, "length_km": 0.052, "high_stress_km": 0.052, "project_type": "New protected link" }, "geometry": { "type": "LineString", "coordinates": [ [ 145.1403358, -37.7733622 ], [ 145.1404435, -37.772688 ] ] } },
{ "type": "Feature", "properties": { "project_id": "SCC_00681", "scc_feature": 1013, "scc_source_id": "1013", "scc_type": "C2", "status": "missing_or_unverified", "mean_lts": 3.43, "connects_existing": true, "length_km": 3.249, "high_stress_km": 2.462, "project_type": "New protected link" }, "geometry": { "type": "MultiLineString", "coordinates": [ [ [ 145.1254272, -37.9143429 ], [ 145.1243029, -37.914271 ], [ 145.1218642, -37.9139977 ] ], [ [ 145.1268326, -37.9145456 ], [ 145.1254272, -37.9143429 ] ], [ [ 145.1274277, -37.9148524 ], [ 145.126433, -37.9146023 ], [ 145.1254272, -37.9143429 ] ], [ [ 145.1265998, -37.9143075 ], [ 145.1268602, -37.9143568 ] ], [ [ 145.1274277, -37.9148524 ], [ 145.1268326, -37.9145456 ] ], [ [ 145.1272065, -37.9146056 ], [ 145.1268326, -37.9145456 ] ], [ [ 145.1268602, -37.9143568 ], [ 145.1274262, -37.9144649 ] ], [ [ 145.1272065, -37.9146056 ], [ 145.1268602, -37.9143568 ] ], [ [ 145.1272022, -37.9143262 ], [ 145.1274262, -37.9144649 ] ], [ [ 145.1274262, -37.9144649 ], [ 145.1276866, -37.9145141 ], [ 145.1282414, -37.914613 ] ], [ [ 145.1274262, -37.9144649 ], [ 145.1278184, -37.9146964 ] ], [ [ 145.1278184, -37.9146964 ], [ 145.128178, -37.9148734 ] ], [ [ 145.1278184, -37.9146964 ], [ 145.1272065, -37.9146056 ] ], [ [ 145.1313738, -37.9153477 ], [ 145.1297055, -37.9151951 ] ], [ [ 145.1320756, -37.915485 ], [ 145.1318977, -37.91532 ] ], [ [ 145.1318977, -37.91532 ], [ 145.1313738, -37.9153477 ] ], [ [ 145.1320756, -37.915485 ], [ 145.1313738, -37.9153477 ] ], [ [ 145.1338674, -37.9157027 ], [ 145.1327671, -37.9155771 ], [ 145.1320756, -37.915485 ] ], [ [ 145.1342785, -37.9156372 ], [ 145.132839, -37.9154341 ], [ 145.1318977, -37.91532 ] ], [ [ 145.1356605, -37.9158663 ], [ 145.1342785, -37.9156372 ] ], [ [ 145.1342785, -37.9156372 ], [ 145.1338674, -37.9157027 ] ], [ [ 145.1356605, -37.9158663 ], [ 145.1350354, -37.9158474 ], [ 145.1338674, -37.9157027 ] ], [ [ 145.1394732, -37.9162421 ], [ 145.1365011, -37.9159157 ], [ 145.1356605, -37.9158663 ] ], [ [ 145.1399644, -37.9166103 ], [ 145.1394732, -37.9162421 ] ], [ [ 145.1394732, -37.9162421 ], [ 145.1356605, -37.9158663 ] ], [ [ 145.1313738, -37.9153477 ], [ 145.1294824, -37.9150203 ], [ 145.1280788, -37.9147456 ], [ 145.1278184, -37.9146964 ] ], [ [ 145.1400909, -37.9161077 ], [ 145.1394732, -37.9162421 ] ], [ [ 145.1382087, -37.9158616 ], [ 145.1394732, -37.9162421 ] ], [ [ 145.1274277, -37.9148524 ], [ 145.1272065, -37.9146056 ] ] ] } },
{ "type": "Feature", "properties": { "project_id": "SCC_00682", "scc_feature": 1013, "scc_source_id": "1013", "scc_type": "C2", "status": "missing_or_unverified", "mean_lts": 4.0, "connects_existing": true, "length_km": 0.335, "high_stress_km": 0.335, "project_type": "New protected link" }, "geometry": { "type": "MultiLineString", "coordinates": [ [ [ 145.1469663, -37.9172796 ], [ 145.1493199, -37.9173256 ] ], [ [ 145.1462586, -37.916926 ], [ 145.1469663, -37.9172796 ] ], [ [ 145.1469663, -37.9172796 ], [ 145.1464783, -37.9172358 ] ] ] } },
{ "type": "Feature", "properties": { "project_id": "SCC_00683", "scc_feature": 1016, "scc_source_id": "1016", "scc_type": "C2", "status": "missing_or_unverified", "mean_lts": 3.03, "connects_existing": true, "length_km": 0.103, "high_stress_km": 0.053, "project_type": "New protected link" }, "geometry": { "type": "MultiLineString", "coordinates": [ [ [ 145.1371563, -37.9562089 ], [ 145.1374491, -37.954979 ] ], [ [ 145.1372141, -37.9575256 ], [ 145.1374491, -37.954979 ] ] ] } },
{ "type": "Feature", "properties": { "project_id": "SCC_00684", "scc_feature": 1016, "scc_source_id": "1016", "scc_type": "C2", "status": "missing_or_unverified", "mean_lts": 2.99, "connects_existing": false, "length_km": 0.111, "high_stress_km": 0.055, "project_type": "New protected link" }, "geometry": { "type": "MultiLineString", "coordinates": [ [ [ 145.1378696, -37.9550036 ], [ 145.1377085, -37.9555238 ] ], [ [ 145.1376821, -37.9547664 ], [ 145.1377085, -37.9555238 ] ] ] } },
{ "type": "Feature", "properties": { "project_id": "SCC_00685", "scc_feature": 1016, "scc_source_id": "1016", "scc_type": "C2", "status": "missing_or_unverified", "mean_lts": 3.6, "connects_existing": false, "length_km": 0.552, "high_stress_km": 0.442, "project_type": "New protected link" }, "geometry": { "type": "MultiLineString", "coordinates": [ [ [ 145.1382571, -37.9509274 ], [ 145.1383656, -37.9497846 ] ], [ [ 145.1382571, -37.9509274 ], [ 145.1385863, -37.9505091 ], [ 145.1383039, -37.9522259 ] ], [ [ 145.1383039, -37.9522259 ], [ 145.1379834, -37.9527525 ], [ 145.1381797, -37.9512867 ] ], [ [ 145.1383039, -37.9522259 ], [ 145.1379724, -37.9540861 ] ] ] } },
{ "type": "Feature", "properties": { "project_id": "SCC_00686", "scc_feature": 1016, "scc_source_id": "1016", "scc_type": "C2", "status": "missing_or_unverified", "mean_lts": 3.03, "connects_existing": true, "length_km": 0.185, "high_stress_km": 0.096, "project_type": "New protected link" }, "geometry": { "type": "MultiLineString", "coordinates": [ [ [ 145.1386777, -37.9486901 ], [ 145.1388256, -37.9473407 ] ], [ [ 145.1386777, -37.9486901 ], [ 145.1391684, -37.9468325 ] ] ] } },
{ "type": "Feature", "properties": { "project_id": "SCC_00687", "scc_feature": 1016, "scc_source_id": "1016", "scc_type": "C2", "status": "missing_or_unverified", "mean_lts": 3.9, "connects_existing": true, "length_km": 0.551, "high_stress_km": 0.551, "project_type": "New protected link" }, "geometry": { "type": "MultiLineString", "coordinates": [ [ [ 145.140132, -37.9370519 ], [ 145.1406479, -37.9364472 ] ], [ [ 145.1405305, -37.9370401 ], [ 145.1406479, -37.9364472 ] ], [ [ 145.1406479, -37.9364472 ], [ 145.1410686, -37.9342009 ], [ 145.1415006, -37.9319548 ] ] ] } },
{ "type": "Feature", "properties": { "project_id": "SCC_00688", "scc_feature": 1016, "scc_source_id": "1016", "scc_type": "C2", "status": "missing_or_unverified", "mean_lts": 4.0, "connects_existing": true, "length_km": 0.499, "high_stress_km": 0.499, "project_type": "New protected link" }, "geometry": { "type": "LineString", "coordinates": [ [ 145.1416496, -37.9323626 ], [ 145.1408169, -37.936513 ], [ 145.1407246, -37.9370162 ] ] } },
{ "type": "Feature", "properties": { "project_id": "SCC_00689", "scc_feature": 1016, "scc_source_id": "1016", "scc_type": "C2", "status": "missing_or_unverified", "mean_lts": 4.0, "connects_existing": true, "length_km": 0.097, "high_stress_km": 0.097, "project_type": "New protected link" }, "geometry": { "type": "LineString", "coordinates": [ [ 145.142161, -37.9296762 ], [ 145.1419511, -37.9307813 ] ] } },
{ "type": "Feature", "properties": { "project_id": "SCC_00690", "scc_feature": 1016, "scc_source_id": "1016", "scc_type": "C2", "status": "missing_or_unverified", "mean_lts": 4.0, "connects_existing": true, "length_km": 0.108, "high_stress_km": 0.108, "project_type": "New protected link" }, "geometry": { "type": "LineString", "coordinates": [ [ 145.139165, -37.9478688 ], [ 145.1387253, -37.9490604 ] ] } },
{ "type": "Feature", "properties": { "project_id": "SCC_00691", "scc_feature": 1016, "scc_source_id": "1016", "scc_type": "C2", "status": "missing_or_unverified", "mean_lts": 2.0, "connects_existing": true, "length_km": 0.067, "high_stress_km": 0.0, "project_type": "New protected link" }, "geometry": { "type": "LineString", "coordinates": [ [ 145.1425495, -37.9296102 ], [ 145.1423951, -37.9303197 ] ] } },
{ "type": "Feature", "properties": { "project_id": "SCC_00692", "scc_feature": 1018, "scc_source_id": "1018", "scc_type": "C2", "status": "missing_or_unverified", "mean_lts": 4.0, "connects_existing": true, "length_km": 0.929, "high_stress_km": 0.929, "project_type": "New protected link" }, "geometry": { "type": "MultiLineString", "coordinates": [ [ [ 145.1134923, -37.6885643 ], [ 145.1143105, -37.6884963 ] ], [ [ 145.1134923, -37.6885643 ], [ 145.1156171, -37.6870572 ], [ 145.1174144, -37.6854908 ], [ 145.1143105, -37.6884963 ] ], [ [ 145.1127118, -37.689381 ], [ 145.1128524, -37.689203 ] ], [ [ 145.1130782, -37.688792 ], [ 145.1137724, -37.6891456 ] ], [ [ 145.1130782, -37.688792 ], [ 145.1128524, -37.689203 ] ], [ [ 145.1137724, -37.6891456 ], [ 145.1132404, -37.6895516 ], [ 145.110946, -37.6905873 ] ], [ [ 145.1143105, -37.6884963 ], [ 145.1139833, -37.6888786 ], [ 145.1137724, -37.6891456 ] ] ] } },
{ "type": "Feature", "properties": { "project_id": "SCC_00693", "scc_feature": 1018, "scc_source_id": "1018", "scc_type": "C2", "status": "missing_or_unverified", "mean_lts": 3.79, "connects_existing": true, "length_km": 3.224, "high_stress_km": 2.946, "project_type": "New protected link" }, "geometry": { "type": "MultiLineString", "coordinates": [ [ [ 145.1246629, -37.6781983 ], [ 145.1254128, -37.6776876 ] ], [ [ 145.1246629, -37.6781983 ], [ 145.1255658, -37.6779153 ] ], [ [ 145.1260992, -37.6778967 ], [ 145.1256155, -37.6781955 ] ], [ [ 145.1260691, -37.6777431 ], [ 145.126626, -37.6776888 ] ], [ [ 145.1255658, -37.6779153 ], [ 145.1260691, -37.6777431 ] ], [ [ 145.1260691, -37.6777431 ], [ 145.1265179, -37.6774798 ], [ 145.1276067, -37.6774701 ] ], [ [ 145.1272601, -37.6777259 ], [ 145.1260992, -37.6778967 ] ], [ [ 145.1260992, -37.6778967 ], [ 145.1255658, -37.6779153 ] ], [ [ 145.1281421, -37.6773704 ], [ 145.1272601, -37.6777259 ] ], [ [ 145.126626, -37.6776888 ], [ 145.1272601, -37.6777259 ] ], [ [ 145.1276067, -37.6774701 ], [ 145.1281421, -37.6773704 ] ], [ [ 145.1281421, -37.6773704 ], [ 145.1321678, -37.676452 ] ], [ [ 145.1340129, -37.6761207 ], [ 145.1332245, -37.6763605 ], [ 145.1321678, -37.676452 ] ], [ [ 145.1403513, -37.6743012 ], [ 145.145121, -37.6749081 ] ], [ [ 145.1403513, -37.6743012 ], [ 145.1368968, -37.6746072 ], [ 145.1340129, -37.6761207 ] ], [ [ 145.145121, -37.6749081 ], [ 145.1467742, -37.6749972 ] ], [ [ 145.1465743, -37.6752824 ], [ 145.1461892, -37.6752674 ], [ 145.145121, -37.6749081 ] ], [ [ 145.1465743, -37.6752824 ], [ 145.1469601, -37.6752705 ] ], [ [ 145.1345774, -37.6762197 ], [ 145.1340129, -37.6761207 ] ], [ [ 145.1255658, -37.6779153 ], [ 145.1252988, -37.6781634 ], [ 145.1226786, -37.6799962 ] ], [ [ 145.126626, -37.6776888 ], [ 145.1276067, -37.6774701 ] ], [ [ 145.1321678, -37.676452 ], [ 145.1340129, -37.6761207 ] ] ] } },
{ "type": "Feature", "properties": { "project_id": "SCC_00694", "scc_feature": 1019, "scc_source_id": "1019", "scc_type": "C2", "status": "missing_or_unverified", "mean_lts": 4.0, "connects_existing": false, "length_km": 0.755, "high_stress_km": 0.755, "project_type": "New protected link" }, "geometry": { "type": "MultiLineString", "coordinates": [ [ [ 145.0831188, -37.76264 ], [ 145.0829741, -37.7620879 ] ], [ [ 145.0831188, -37.76264 ], [ 145.0832871, -37.7622732 ], [ 145.0829318, -37.7637274 ] ], [ [ 145.0829318, -37.7637274 ], [ 145.0831188, -37.76264 ] ], [ [ 145.0811941, -37.7663937 ], [ 145.0821602, -37.7654722 ], [ 145.0825831, -37.7649203 ] ], [ [ 145.0827272, -37.7646163 ], [ 145.0829318, -37.7637274 ] ], [ [ 145.0827272, -37.7646163 ], [ 145.0825831, -37.7649203 ] ] ] } },
{ "type": "Feature", "properties": { "project_id": "SCC_00696", "scc_feature": 1022, "scc_source_id": "1022", "scc_type": "C2", "status": "missing_or_unverified", "mean_lts": 4.0, "connects_existing": true, "length_km": 0.086, "high_stress_km": 0.086, "project_type": "New protected link" }, "geometry": { "type": "LineString", "coordinates": [ [ 145.1526905, -37.7029737 ], [ 145.1533344, -37.7035335 ] ] } },
{ "type": "Feature", "properties": { "project_id": "SCC_00697", "scc_feature": 1023, "scc_source_id": "1023", "scc_type": "C2", "status": "missing_or_unverified", "mean_lts": 3.52, "connects_existing": false, "length_km": 0.396, "high_stress_km": 0.396, "project_type": "New protected link" }, "geometry": { "type": "MultiLineString", "coordinates": [ [ [ 145.1460936, -37.8473244 ], [ 145.1485864, -37.847625 ], [ 145.1495848, -37.8476947 ] ], [ [ 145.1497581, -37.8466701 ], [ 145.1495848, -37.8476947 ] ] ] } },
{ "type": "Feature", "properties": { "project_id": "SCC_00698", "scc_feature": 1025, "scc_source_id": "1025", "scc_type": "C2", "status": "missing_or_unverified", "mean_lts": 3.81, "connects_existing": false, "length_km": 1.273, "high_stress_km": 1.152, "project_type": "New protected link" }, "geometry": { "type": "MultiLineString", "coordinates": [ [ [ 145.1003892, -37.9855308 ], [ 145.1022393, -37.9857589 ], [ 145.1073584, -37.9863821 ] ], [ [ 145.1087878, -37.9865853 ], [ 145.1073584, -37.9863821 ] ], [ [ 145.1073584, -37.9863821 ], [ 145.1083251, -37.9864247 ] ], [ [ 145.1083251, -37.9864247 ], [ 145.1086626, -37.9861417 ] ], [ [ 145.1083251, -37.9864247 ], [ 145.1088375, -37.9864239 ], [ 145.1093007, -37.986125 ], [ 145.1089622, -37.9860024 ], [ 145.1086626, -37.9861417 ] ], [ [ 145.109094, -37.9870769 ], [ 145.1093232, -37.9865759 ] ], [ [ 145.1083251, -37.9864247 ], [ 145.1093232, -37.9865759 ] ], [ [ 145.1093232, -37.9865759 ], [ 145.1093586, -37.986973 ] ] ] } },
{ "type": "Feature", "properties": { "project_id": "SCC_00699", "scc_feature": 1025, "scc_source_id": "1025", "scc_type": "C2", "status": "missing_or_unverified", "mean_lts": 2.99, "connects_existing": true, "length_km": 0.825, "high_stress_km": 0.409, "project_type": "New protected link" }, "geometry": { "type": "MultiLineString", "coordinates": [ [ [ 145.1099155, -37.9865674 ], [ 145.1102702, -37.986501 ], [ 145.1145245, -37.98711 ] ], [ [ 145.1099155, -37.9865674 ], [ 145.1145245, -37.98711 ] ] ] } },
{ "type": "Feature", "properties": { "project_id": "SCC_00700", "scc_feature": 1025, "scc_source_id": "1025", "scc_type": "C2", "status": "missing_or_unverified", "mean_lts": 4.0, "connects_existing": true, "length_km": 0.389, "high_stress_km": 0.389, "project_type": "New protected link" }, "geometry": { "type": "LineString", "coordinates": [ [ 145.1148641, -37.9871876 ], [ 145.1104122, -37.9867376 ] ] } },
{ "type": "Feature", "properties": { "project_id": "SCC_00701", "scc_feature": 1025, "scc_source_id": "1025", "scc_type": "C2", "status": "missing_or_unverified", "mean_lts": 4.0, "connects_existing": true, "length_km": 0.214, "high_stress_km": 0.214, "project_type": "New protected link" }, "geometry": { "type": "LineString", "coordinates": [ [ 145.1405525, -37.9903182 ], [ 145.1409952, -37.9903702 ], [ 145.1417442, -37.9904722 ], [ 145.1401545, -37.9902939 ] ] } },
{ "type": "Feature", "properties": { "project_id": "SCC_00702", "scc_feature": 1026, "scc_source_id": "1026", "scc_type": "C2", "status": "missing_or_unverified", "mean_lts": 3.41, "connects_existing": true, "length_km": 0.648, "high_stress_km": 0.648, "project_type": "New protected link" }, "geometry": { "type": "MultiLineString", "coordinates": [ [ [ 145.0666769, -37.7327219 ], [ 145.0677325, -37.7300897 ] ], [ [ 145.0666769, -37.7327219 ], [ 145.0653328, -37.7359712 ] ] ] } },
{ "type": "Feature", "properties": { "project_id": "SCC_00704", "scc_feature": 1028, "scc_source_id": "1028", "scc_type": "C2", "status": "missing_or_unverified", "mean_lts": 4.0, "connects_existing": false, "length_km": 0.131, "high_stress_km": 0.131, "project_type": "New protected link" }, "geometry": { "type": "LineString", "coordinates": [ [ 145.067666, -37.8781904 ], [ 145.0685983, -37.8790618 ] ] } },
{ "type": "Feature", "properties": { "project_id": "SCC_00705", "scc_feature": 1029, "scc_source_id": "1029", "scc_type": "C2", "status": "missing_or_unverified", "mean_lts": 3.0, "connects_existing": false, "length_km": 0.255, "high_stress_km": 0.255, "project_type": "New protected link" }, "geometry": { "type": "LineString", "coordinates": [ [ 145.0685478, -37.7266604 ], [ 145.0679227, -37.7288852 ] ] } },
{ "type": "Feature", "properties": { "project_id": "SCC_00706", "scc_feature": 1029, "scc_source_id": "1029", "scc_type": "C2", "status": "missing_or_unverified", "mean_lts": 4.0, "connects_existing": true, "length_km": 0.126, "high_stress_km": 0.126, "project_type": "New protected link" }, "geometry": { "type": "MultiLineString", "coordinates": [ [ [ 145.0669636, -37.7299869 ], [ 145.0674388, -37.7300398 ], [ 145.0677325, -37.7300897 ] ], [ [ 145.068151, -37.7301416 ], [ 145.0677325, -37.7300897 ] ] ] } },
{ "type": "Feature", "properties": { "project_id": "SCC_00707", "scc_feature": 1030, "scc_source_id": "1030", "scc_type": "C2", "status": "missing_or_unverified", "mean_lts": 4.0, "connects_existing": false, "length_km": 2.258, "high_stress_km": 2.258, "project_type": "New protected link" }, "geometry": { "type": "MultiLineString", "coordinates": [ [ [ 145.0570779, -37.9358175 ], [ 145.0594144, -37.9360994 ], [ 145.0604352, -37.9362243 ], [ 145.0613766, -37.936339 ], [ 145.0624542, -37.9364649 ], [ 145.0639852, -37.9366613 ] ], [ [ 145.0645243, -37.9369315 ], [ 145.0623922, -37.9366621 ], [ 145.061224, -37.9365167 ], [ 145.0605208, -37.936433 ], [ 145.0602257, -37.9364011 ], [ 145.0588306, -37.9362339 ], [ 145.0577987, -37.9360997 ], [ 145.0568028, -37.935894 ] ], [ [ 145.0639852, -37.9366613 ], [ 145.0645243, -37.9369315 ] ], [ [ 145.0639852, -37.9366613 ], [ 145.0650171, -37.9367954 ] ], [ [ 145.0657038, -37.9370771 ], [ 145.0645243, -37.9369315 ] ], [ [ 145.0645243, -37.9369315 ], [ 145.0650171, -37.9367954 ] ], [ [ 145.0650171, -37.9367954 ], [ 145.0657038, -37.9370771 ] ], [ [ 145.0650171, -37.9367954 ], [ 145.0659128, -37.9369183 ], [ 145.0675565, -37.9371526 ], [ 145.0681686, -37.9372438 ] ], [ [ 145.0681686, -37.9372438 ], [ 145.0685605, -37.9374845 ], [ 145.0668374, -37.9372399 ], [ 145.0657038, -37.9370771 ] ], [ [ 145.0681686, -37.9372438 ], [ 145.0686451, -37.9372966 ] ] ] } },
{ "type": "Feature", "properties": { "project_id": "SCC_00708", "scc_feature": 1031, "scc_source_id": "1031", "scc_type": "C2", "status": "missing_or_unverified", "mean_lts": 2.84, "connects_existing": true, "length_km": 0.266, "high_stress_km": 0.111, "project_type": "New protected link" }, "geometry": { "type": "MultiLineString", "coordinates": [ [ [ 145.0701165, -37.8779602 ], [ 145.0696773, -37.8795391 ] ], [ [ 145.0685983, -37.8790618 ], [ 145.0696773, -37.8795391 ] ] ] } },
{ "type": "Feature", "properties": { "project_id": "SCC_00709", "scc_feature": 1032, "scc_source_id": "1032", "scc_type": "C2", "status": "missing_or_unverified", "mean_lts": 3.0, "connects_existing": false, "length_km": 0.201, "high_stress_km": 0.201, "project_type": "New protected link" }, "geometry": { "type": "LineString", "coordinates": [ [ 145.0486764, -37.8231122 ], [ 145.0464348, -37.8228137 ] ] } },
{ "type": "Feature", "properties": { "project_id": "SCC_00710", "scc_feature": 1032, "scc_source_id": "1032", "scc_type": "C2", "status": "missing_or_unverified", "mean_lts": 2.3, "connects_existing": false, "length_km": 0.906, "high_stress_km": 0.272, "project_type": "New protected link" }, "geometry": { "type": "MultiLineString", "coordinates": [ [ [ 145.0536984, -37.8248264 ], [ 145.0542288, -37.8253939 ], [ 145.0549414, -37.8259464 ] ], [ [ 145.0541172, -37.8248874 ], [ 145.0547373, -37.8255015 ], [ 145.0576417, -37.8265227 ] ], [ [ 145.0576417, -37.8265227 ], [ 145.0570694, -37.8266845 ], [ 145.0564585, -37.8265843 ], [ 145.0549414, -37.8259464 ] ], [ [ 145.0582278, -37.826271 ], [ 145.0576417, -37.8265227 ] ] ] } },
{ "type": "Feature", "properties": { "project_id": "SCC_00711", "scc_feature": 1032, "scc_source_id": "1032", "scc_type": "C2", "status": "missing_or_unverified", "mean_lts": 2.0, "connects_existing": true, "length_km": 0.109, "high_stress_km": 0.0, "project_type": "New protected link" }, "geometry": { "type": "LineString", "coordinates": [ [ 145.0666017, -37.825814 ], [ 145.0682789, -37.8255442 ] ] } },
{ "type": "Feature", "properties": { "project_id": "SCC_00713", "scc_feature": 1032, "scc_source_id": "1032", "scc_type": "C2", "status": "missing_or_unverified", "mean_lts": 2.0, "connects_existing": false, "length_km": 0.093, "high_stress_km": 0.0, "project_type": "New protected link" }, "geometry": { "type": "LineString", "coordinates": [ [ 145.06291, -37.826222 ], [ 145.0599764, -37.8263089 ] ] } },
{ "type": "Feature", "properties": { "project_id": "SCC_00714", "scc_feature": 1033, "scc_source_id": "1033", "scc_type": "C2", "status": "missing_or_unverified", "mean_lts": 2.0, "connects_existing": true, "length_km": 0.157, "high_stress_km": 0.0, "project_type": "New protected link" }, "geometry": { "type": "LineString", "coordinates": [ [ 145.0824467, -37.7592135 ], [ 145.0828058, -37.7593726 ], [ 145.0840347, -37.759699 ] ] } },
{ "type": "Feature", "properties": { "project_id": "SCC_00715", "scc_feature": 1034, "scc_source_id": "1034", "scc_type": "C2", "status": "missing_or_unverified", "mean_lts": 4.0, "connects_existing": true, "length_km": 0.288, "high_stress_km": 0.288, "project_type": "New protected link" }, "geometry": { "type": "LineString", "coordinates": [ [ 145.2462699, -38.1439982 ], [ 145.2467543, -38.1414011 ] ] } },
{ "type": "Feature", "properties": { "project_id": "SCC_00716", "scc_feature": 1034, "scc_source_id": "1034", "scc_type": "C2", "status": "missing_or_unverified", "mean_lts": 4.0, "connects_existing": true, "length_km": 0.297, "high_stress_km": 0.297, "project_type": "New protected link" }, "geometry": { "type": "LineString", "coordinates": [ [ 145.2472614, -38.1388043 ], [ 145.2477877, -38.1358833 ] ] } },
{ "type": "Feature", "properties": { "project_id": "SCC_00717", "scc_feature": 1034, "scc_source_id": "1034", "scc_type": "C2", "status": "missing_or_unverified", "mean_lts": 4.0, "connects_existing": true, "length_km": 0.064, "high_stress_km": 0.064, "project_type": "New protected link" }, "geometry": { "type": "LineString", "coordinates": [ [ 145.2498009, -38.1246848 ], [ 145.2498026, -38.1250903 ], [ 145.249325, -38.1240739 ] ] } },
{ "type": "Feature", "properties": { "project_id": "SCC_00718", "scc_feature": 1034, "scc_source_id": "1034", "scc_type": "C2", "status": "missing_or_unverified", "mean_lts": 4.0, "connects_existing": false, "length_km": 2.02, "high_stress_km": 2.02, "project_type": "New protected link" }, "geometry": { "type": "LineString", "coordinates": [ [ 145.2684793, -38.1505999 ], [ 145.2726894, -38.1511215 ], [ 145.2769565, -38.1516528 ], [ 145.2793347, -38.151949 ], [ 145.2841025, -38.1525415 ], [ 145.2888702, -38.1531428 ], [ 145.2912259, -38.1534294 ] ] } },
{ "type": "Feature", "properties": { "project_id": "SCC_00719", "scc_feature": 1034, "scc_source_id": "1034", "scc_type": "C2", "status": "missing_or_unverified", "mean_lts": 3.0, "connects_existing": true, "length_km": 0.468, "high_stress_km": 0.468, "project_type": "New protected link" }, "geometry": { "type": "LineString", "coordinates": [ [ 145.2939567, -38.1390864 ], [ 145.2931749, -38.1432565 ] ] } },
{ "type": "Feature", "properties": { "project_id": "SCC_00720", "scc_feature": 1039, "scc_source_id": "1039", "scc_type": "C2", "status": "missing_or_unverified", "mean_lts": 4.0, "connects_existing": false, "length_km": 0.172, "high_stress_km": 0.172, "project_type": "New protected link" }, "geometry": { "type": "LineString", "coordinates": [ [ 145.1606851, -38.1958929 ], [ 145.1602782, -38.1957243 ], [ 145.1607241, -38.1957043 ], [ 145.1610623, -38.1949706 ] ] } },
{ "type": "Feature", "properties": { "project_id": "SCC_00721", "scc_feature": 1040, "scc_source_id": "1040", "scc_type": "C2", "status": "missing_or_unverified", "mean_lts": 4.0, "connects_existing": false, "length_km": 0.292, "high_stress_km": 0.292, "project_type": "New protected link" }, "geometry": { "type": "MultiLineString", "coordinates": [ [ [ 145.0806245, -37.8239527 ], [ 145.0812792, -37.8241166 ], [ 145.0815617, -37.8241753 ] ], [ [ 145.0806245, -37.8239527 ], [ 145.0793095, -37.8238412 ] ], [ [ 145.0793217, -37.8233727 ], [ 145.0793095, -37.8238412 ] ] ] } },
{ "type": "Feature", "properties": { "project_id": "SCC_00722", "scc_feature": 1040, "scc_source_id": "1040", "scc_type": "C2", "status": "missing_or_unverified", "mean_lts": 4.0, "connects_existing": false, "length_km": 0.119, "high_stress_km": 0.119, "project_type": "New protected link" }, "geometry": { "type": "MultiLineString", "coordinates": [ [ [ 145.081436, -37.8123586 ], [ 145.0813442, -37.8128347 ] ], [ [ 145.0812382, -37.8134188 ], [ 145.0813442, -37.8128347 ] ] ] } },
{ "type": "Feature", "properties": { "project_id": "SCC_00723", "scc_feature": 1041, "scc_source_id": "1041", "scc_type": "C2", "status": "missing_or_unverified", "mean_lts": 3.8, "connects_existing": true, "length_km": 1.42, "high_stress_km": 1.323, "project_type": "New protected link" }, "geometry": { "type": "MultiLineString", "coordinates": [ [ [ 145.0815105, -37.7176619 ], [ 145.0816071, -37.7169965 ], [ 145.0824198, -37.714955 ] ], [ [ 145.0826147, -37.7148771 ], [ 145.0816846, -37.7170699 ], [ 145.0815105, -37.7176619 ] ], [ [ 145.0824198, -37.714955 ], [ 145.0825386, -37.7147497 ] ], [ [ 145.0824198, -37.714955 ], [ 145.0826147, -37.7148771 ] ], [ [ 145.0825386, -37.7147497 ], [ 145.0824682, -37.7143971 ] ], [ [ 145.0825386, -37.7147497 ], [ 145.0827489, -37.7145098 ] ], [ [ 145.0827489, -37.7145098 ], [ 145.0826147, -37.7148771 ] ], [ [ 145.0827489, -37.7145098 ], [ 145.0828253, -37.7141866 ], [ 145.0845318, -37.7113575 ] ], [ [ 145.0827489, -37.7145098 ], [ 145.083624, -37.7140103 ] ], [ [ 145.0815105, -37.7176619 ], [ 145.0812683, -37.7186943 ] ], [ [ 145.08503, -37.710951 ], [ 145.0827489, -37.7145098 ] ] ] } },
{ "type": "Feature", "properties": { "project_id": "SCC_00724", "scc_feature": 1042, "scc_source_id": "1042", "scc_type": "C2", "status": "missing_or_unverified", "mean_lts": 3.31, "connects_existing": false, "length_km": 1.777, "high_stress_km": 1.635, "project_type": "New protected link" }, "geometry": { "type": "MultiLineString", "coordinates": [ [ [ 145.0686451, -37.9372966 ], [ 145.0688409, -37.9363356 ] ], [ [ 145.0690368, -37.9353746 ], [ 145.0692063, -37.9345483 ], [ 145.069351, -37.9338027 ], [ 145.0694822, -37.9331379 ], [ 145.0695482, -37.9327876 ] ], [ [ 145.0690368, -37.9353746 ], [ 145.0688409, -37.9363356 ] ], [ [ 145.0695482, -37.9327876 ], [ 145.0699393, -37.9308835 ], [ 145.0699789, -37.9306769 ], [ 145.0701742, -37.9297339 ], [ 145.0702528, -37.9293386 ], [ 145.0703312, -37.9289524 ], [ 145.0703847, -37.9286469 ] ], [ [ 145.0695482, -37.9327876 ], [ 145.0697948, -37.9338009 ] ], [ [ 145.0712875, -37.9241378 ], [ 145.0715628, -37.9227455 ] ], [ [ 145.0712875, -37.9241378 ], [ 145.0710009, -37.9255299 ], [ 145.070699, -37.927066 ], [ 145.0706072, -37.9275331 ], [ 145.0705416, -37.9278654 ], [ 145.0703847, -37.9286469 ] ] ] } },
{ "type": "Feature", "properties": { "project_id": "SCC_00725", "scc_feature": 1042, "scc_source_id": "1042", "scc_type": "C2", "status": "missing_or_unverified", "mean_lts": 2.9, "connects_existing": false, "length_km": 2.044, "high_stress_km": 1.675, "project_type": "New protected link" }, "geometry": { "type": "MultiLineString", "coordinates": [ [ [ 145.0736027, -37.921301 ], [ 145.0737866, -37.9203578 ], [ 145.0740337, -37.9191722 ] ], [ [ 145.0736027, -37.921301 ], [ 145.0730485, -37.922923 ] ], [ [ 145.074179, -37.9183996 ], [ 145.0742192, -37.918166 ], [ 145.0743498, -37.9175193 ] ], [ [ 145.074179, -37.9183996 ], [ 145.0740337, -37.9191722 ] ], [ [ 145.0745325, -37.9166211 ], [ 145.074598, -37.9162887 ], [ 145.0746643, -37.9159293 ], [ 145.0748216, -37.9151298 ] ], [ [ 145.0745325, -37.9166211 ], [ 145.0743498, -37.9175193 ] ], [ [ 145.0749918, -37.9142765 ], [ 145.0751744, -37.9133783 ], [ 145.0753852, -37.9122733 ] ], [ [ 145.0749918, -37.9142765 ], [ 145.0748216, -37.9151298 ] ], [ [ 145.0754884, -37.9118064 ], [ 145.0753852, -37.9122733 ] ], [ [ 145.0754884, -37.9118064 ], [ 145.0755923, -37.9113124 ] ], [ [ 145.075818, -37.9083242 ], [ 145.0761695, -37.908366 ], [ 145.0755923, -37.9113124 ] ], [ [ 145.075818, -37.9083242 ], [ 145.076407, -37.90536 ] ] ] } },
{ "type": "Feature", "properties": { "project_id": "SCC_00726", "scc_feature": 1042, "scc_source_id": "1042", "scc_type": "C2", "status": "missing_or_unverified", "mean_lts": 2.06, "connects_existing": false, "length_km": 0.538, "high_stress_km": 0.032, "project_type": "New protected link" }, "geometry": { "type": "MultiLineString", "coordinates": [ [ [ 145.0798672, -37.9048217 ], [ 145.0804113, -37.9048937 ], [ 145.0807744, -37.9049266 ] ], [ [ 145.0813748, -37.9050175 ], [ 145.0819532, -37.905081 ], [ 145.0833138, -37.9052474 ], [ 145.083697, -37.9031899 ] ], [ [ 145.0813748, -37.9050175 ], [ 145.0807744, -37.9049266 ] ] ] } },
{ "type": "Feature", "properties": { "project_id": "SCC_00727", "scc_feature": 1042, "scc_source_id": "1042", "scc_type": "C2", "status": "missing_or_unverified", "mean_lts": 3.0, "connects_existing": false, "length_km": 0.116, "high_stress_km": 0.116, "project_type": "New protected link" }, "geometry": { "type": "MultiLineString", "coordinates": [ [ [ 145.0860303, -37.9031198 ], [ 145.0862807, -37.9031148 ] ], [ [ 145.0860303, -37.9031198 ], [ 145.0849963, -37.9030849 ] ] ] } },
{ "type": "Feature", "properties": { "project_id": "SCC_00729", "scc_feature": 1045, "scc_source_id": "1045", "scc_type": "C2", "status": "missing_or_unverified", "mean_lts": 2.0, "connects_existing": true, "length_km": 0.27, "high_stress_km": 0.0, "project_type": "New protected link" }, "geometry": { "type": "LineString", "coordinates": [ [ 145.1540479, -37.8915538 ], [ 145.1551484, -37.8893812 ] ] } },
{ "type": "Feature", "properties": { "project_id": "SCC_00730", "scc_feature": 1045, "scc_source_id": "1045", "scc_type": "C2", "status": "missing_or_unverified", "mean_lts": 3.0, "connects_existing": true, "length_km": 0.461, "high_stress_km": 0.461, "project_type": "New protected link" }, "geometry": { "type": "MultiLineString", "coordinates": [ [ [ 145.1579636, -37.8964185 ], [ 145.1581176, -37.8966282 ] ], [ [ 145.1579636, -37.8964185 ], [ 145.1595396, -37.8961548 ] ], [ [ 145.1617173, -37.8963871 ], [ 145.1595396, -37.8961548 ] ], [ [ 145.1617173, -37.8963871 ], [ 145.1627837, -37.8964939 ] ] ] } },
{ "type": "Feature", "properties": { "project_id": "SCC_00731", "scc_feature": 1046, "scc_source_id": "1046", "scc_type": "C2", "status": "missing_or_unverified", "mean_lts": 4.0, "connects_existing": true, "length_km": 0.83, "high_stress_km": 0.83, "project_type": "New protected link" }, "geometry": { "type": "MultiLineString", "coordinates": [ [ [ 145.1553958, -37.9181871 ], [ 145.1536587, -37.9180517 ] ], [ [ 145.1518255, -37.9176624 ], [ 145.1541842, -37.9179608 ], [ 145.1553958, -37.9181871 ] ], [ [ 145.1553958, -37.9181871 ], [ 145.1560783, -37.9181887 ], [ 145.1567365, -37.9182531 ], [ 145.1576098, -37.9183569 ], [ 145.1581202, -37.918419 ], [ 145.1587213, -37.9184915 ] ], [ [ 145.1582735, -37.9186557 ], [ 145.1577511, -37.9186205 ], [ 145.156709, -37.918442 ], [ 145.1553958, -37.9181871 ] ] ] } },
{ "type": "Feature", "properties": { "project_id": "SCC_00732", "scc_feature": 1046, "scc_source_id": "1046", "scc_type": "C2", "status": "missing_or_unverified", "mean_lts": 3.0, "connects_existing": true, "length_km": 0.21, "high_stress_km": 0.21, "project_type": "New protected link" }, "geometry": { "type": "LineString", "coordinates": [ [ 145.1667409, -37.9198784 ], [ 145.1694284, -37.9202266 ] ] } },
{ "type": "Feature", "properties": { "project_id": "SCC_00733", "scc_feature": 1046, "scc_source_id": "1046", "scc_type": "C2", "status": "missing_or_unverified", "mean_lts": 4.0, "connects_existing": true, "length_km": 0.199, "high_stress_km": 0.199, "project_type": "New protected link" }, "geometry": { "type": "LineString", "coordinates": [ [ 145.1693203, -37.9199997 ], [ 145.1670973, -37.9197307 ], [ 145.1667798, -37.9196897 ] ] } },
{ "type": "Feature", "properties": { "project_id": "SCC_00734", "scc_feature": 1050, "scc_source_id": "1050", "scc_type": "C2", "status": "missing_or_unverified", "mean_lts": 3.0, "connects_existing": true, "length_km": 0.485, "high_stress_km": 0.485, "project_type": "New protected link" }, "geometry": { "type": "MultiLineString", "coordinates": [ [ [ 145.1690428, -37.7492089 ], [ 145.1698544, -37.7462114 ] ], [ [ 145.1690428, -37.7492089 ], [ 145.1688987, -37.7504503 ] ] ] } },
{ "type": "Feature", "properties": { "project_id": "SCC_00735", "scc_feature": 1051, "scc_source_id": "1051", "scc_type": "C2", "status": "missing_or_unverified", "mean_lts": 2.54, "connects_existing": true, "length_km": 0.244, "high_stress_km": 0.133, "project_type": "New protected link" }, "geometry": { "type": "MultiLineString", "coordinates": [ [ [ 145.1627015, -37.956016 ], [ 145.1637043, -37.9568788 ] ], [ [ 145.1627015, -37.956016 ], [ 145.1639378, -37.9561885 ] ] ] } },
{ "type": "Feature", "properties": { "project_id": "SCC_00736", "scc_feature": 1051, "scc_source_id": "1051", "scc_type": "C2", "status": "missing_or_unverified", "mean_lts": 2.0, "connects_existing": false, "length_km": 0.541, "high_stress_km": 0.0, "project_type": "New protected link" }, "geometry": { "type": "LineString", "coordinates": [ [ 145.1639271, -37.9561613 ], [ 145.1662739, -37.9565313 ], [ 145.1699858, -37.9569316 ] ] } },
{ "type": "Feature", "properties": { "project_id": "SCC_00737", "scc_feature": 1052, "scc_source_id": "1052", "scc_type": "C2", "status": "missing_or_unverified", "mean_lts": 4.0, "connects_existing": true, "length_km": 0.121, "high_stress_km": 0.121, "project_type": "New protected link" }, "geometry": { "type": "MultiLineString", "coordinates": [ [ [ 145.147777, -37.8758737 ], [ 145.1477183, -37.8764045 ] ], [ [ 145.1471646, -37.8767202 ], [ 145.1477183, -37.8764045 ] ] ] } },
{ "type": "Feature", "properties": { "project_id": "SCC_00738", "scc_feature": 1052, "scc_source_id": "1052", "scc_type": "C2", "status": "missing_or_unverified", "mean_lts": 2.89, "connects_existing": true, "length_km": 0.53, "high_stress_km": 0.374, "project_type": "New protected link" }, "geometry": { "type": "MultiLineString", "coordinates": [ [ [ 145.1643101, -37.8803683 ], [ 145.1654423, -37.8810168 ] ], [ [ 145.1643101, -37.8803683 ], [ 145.1652139, -37.8805987 ] ], [ [ 145.1638024, -37.8802072 ], [ 145.1643101, -37.8803683 ] ], [ [ 145.1656697, -37.8805608 ], [ 145.1656728, -37.8808942 ] ], [ [ 145.1654423, -37.8810168 ], [ 145.1656697, -37.8805608 ] ], [ [ 145.1652139, -37.8805987 ], [ 145.1654423, -37.8810168 ] ], [ [ 145.1656697, -37.8805608 ], [ 145.1652139, -37.8805987 ] ], [ [ 145.1638024, -37.8802072 ], [ 145.1632968, -37.879965 ] ] ] } },
{ "type": "Feature", "properties": { "project_id": "SCC_00739", "scc_feature": 1052, "scc_source_id": "1052", "scc_type": "C2", "status": "missing_or_unverified", "mean_lts": 3.51, "connects_existing": true, "length_km": 0.203, "high_stress_km": 0.203, "project_type": "New protected link" }, "geometry": { "type": "LineString", "coordinates": [ [ 145.1692033, -37.8811204 ], [ 145.1681088, -37.880779 ], [ 145.1669861, -37.8806624 ] ] } },
{ "type": "Feature", "properties": { "project_id": "SCC_00740", "scc_feature": 1052, "scc_source_id": "1052", "scc_type": "C2", "status": "missing_or_unverified", "mean_lts": 3.0, "connects_existing": false, "length_km": 0.135, "high_stress_km": 0.135, "project_type": "New protected link" }, "geometry": { "type": "LineString", "coordinates": [ [ 145.1702754, -37.8814435 ], [ 145.1700978, -37.8826484 ] ] } },
{ "type": "Feature", "properties": { "project_id": "SCC_00741", "scc_feature": 1053, "scc_source_id": "1053", "scc_type": "C2", "status": "missing_or_unverified", "mean_lts": 3.62, "connects_existing": true, "length_km": 0.768, "high_stress_km": 0.622, "project_type": "New protected link" }, "geometry": { "type": "MultiLineString", "coordinates": [ [ [ 145.1636849, -37.7799919 ], [ 145.1640459, -37.7787088 ] ], [ [ 145.1636849, -37.7799919 ], [ 145.1635754, -37.7802876 ] ], [ [ 145.1635754, -37.7802876 ], [ 145.1633919, -37.7817357 ], [ 145.1631798, -37.7825074 ] ], [ [ 145.1635754, -37.7802876 ], [ 145.1638677, -37.7785708 ], [ 145.1636849, -37.7799919 ] ] ] } },
{ "type": "Feature", "properties": { "project_id": "SCC_00742", "scc_feature": 1053, "scc_source_id": "1053", "scc_type": "C2", "status": "missing_or_unverified", "mean_lts": 2.76, "connects_existing": false, "length_km": 0.66, "high_stress_km": 0.499, "project_type": "New protected link" }, "geometry": { "type": "MultiLineString", "coordinates": [ [ [ 145.1661841, -37.783158 ], [ 145.1706007, -37.7836412 ], [ 145.1705789, -37.7845241 ] ], [ [ 145.1703279, -37.7859531 ], [ 145.1704681, -37.7853335 ], [ 145.1705789, -37.7845241 ] ] ] } },
{ "type": "Feature", "properties": { "project_id": "SCC_00743", "scc_feature": 1054, "scc_source_id": "1054", "scc_type": "C2", "status": "missing_or_unverified", "mean_lts": 3.0, "connects_existing": false, "length_km": 0.467, "high_stress_km": 0.467, "project_type": "New protected link" }, "geometry": { "type": "MultiLineString", "coordinates": [ [ [ 145.1711295, -37.9374297 ], [ 145.1707811, -37.9390915 ] ], [ [ 145.1711295, -37.9374297 ], [ 145.1714659, -37.9357948 ] ], [ [ 145.1715772, -37.9349765 ], [ 145.1714659, -37.9357948 ] ] ] } },
{ "type": "Feature", "properties": { "project_id": "SCC_00744", "scc_feature": 1055, "scc_source_id": "1055", "scc_type": "C2", "status": "missing_or_unverified", "mean_lts": 3.0, "connects_existing": false, "length_km": 0.606, "high_stress_km": 0.606, "project_type": "New protected link" }, "geometry": { "type": "MultiLineString", "coordinates": [ [ [ 145.169521, -37.8857395 ], [ 145.1689533, -37.8857036 ] ], [ [ 145.1700978, -37.8826484 ], [ 145.1699393, -37.8835381 ] ], [ [ 145.169521, -37.8857395 ], [ 145.1699393, -37.8835381 ] ], [ [ 145.169521, -37.8857395 ], [ 145.1699061, -37.8857996 ] ], [ [ 145.171868, -37.8860103 ], [ 145.1711874, -37.8859456 ], [ 145.1706659, -37.8858835 ], [ 145.1699061, -37.8857996 ] ] ] } },
{ "type": "Feature", "properties": { "project_id": "SCC_00746", "scc_feature": 1055, "scc_source_id": "1055", "scc_type": "C2", "status": "missing_or_unverified", "mean_lts": 3.0, "connects_existing": false, "length_km": 0.354, "high_stress_km": 0.354, "project_type": "New protected link" }, "geometry": { "type": "LineString", "coordinates": [ [ 145.1717094, -37.8892071 ], [ 145.1719652, -37.8885171 ], [ 145.172242, -37.8869804 ], [ 145.1724123, -37.8860728 ] ] } },
{ "type": "Feature", "properties": { "project_id": "SCC_00747", "scc_feature": 1056, "scc_source_id": "1056", "scc_type": "C2", "status": "missing_or_unverified", "mean_lts": 4.0, "connects_existing": false, "length_km": 1.409, "high_stress_km": 1.409, "project_type": "New protected link" }, "geometry": { "type": "MultiLineString", "coordinates": [ [ [ 145.1699858, -37.9569316 ], [ 145.1704167, -37.9547034 ] ], [ [ 145.1714109, -37.9499516 ], [ 145.1725969, -37.9475548 ], [ 145.1720964, -37.9480067 ], [ 145.1714109, -37.9499516 ] ], [ [ 145.1714109, -37.9499516 ], [ 145.1708408, -37.9522858 ], [ 145.1704167, -37.9547034 ] ] ] } },
{ "type": "Feature", "properties": { "project_id": "SCC_00749", "scc_feature": 1057, "scc_source_id": "1057", "scc_type": "C2", "status": "missing_or_unverified", "mean_lts": 2.78, "connects_existing": false, "length_km": 0.752, "high_stress_km": 0.589, "project_type": "New protected link" }, "geometry": { "type": "MultiLineString", "coordinates": [ [ [ 145.1671173, -37.9070063 ], [ 145.1670478, -37.9075189 ], [ 145.1675157, -37.9079137 ], [ 145.1694113, -37.9080693 ] ], [ [ 145.1676193, -37.9041933 ], [ 145.1674585, -37.9051731 ] ], [ [ 145.1671173, -37.9070063 ], [ 145.1674585, -37.9051731 ] ], [ [ 145.1713743, -37.9078025 ], [ 145.1705467, -37.9081501 ], [ 145.1694113, -37.9080693 ] ] ] } },
{ "type": "Feature", "properties": { "project_id": "SCC_00752", "scc_feature": 1058, "scc_source_id": "1058", "scc_type": "C2", "status": "missing_or_unverified", "mean_lts": 4.0, "connects_existing": false, "length_km": 0.259, "high_stress_km": 0.259, "project_type": "New protected link" }, "geometry": { "type": "LineString", "coordinates": [ [ 145.1725969, -37.9475548 ], [ 145.1707501, -37.9458499 ] ] } },
{ "type": "Feature", "properties": { "project_id": "SCC_00753", "scc_feature": 1060, "scc_source_id": "1060", "scc_type": "C2", "status": "missing_or_unverified", "mean_lts": 4.0, "connects_existing": true, "length_km": 0.2, "high_stress_km": 0.2, "project_type": "New protected link" }, "geometry": { "type": "LineString", "coordinates": [ [ 145.1598775, -37.9966421 ], [ 145.1623224, -37.997239 ] ] } },
{ "type": "Feature", "properties": { "project_id": "SCC_00754", "scc_feature": 1061, "scc_source_id": "1061", "scc_type": "C2", "status": "missing_or_unverified", "mean_lts": 4.0, "connects_existing": true, "length_km": 0.131, "high_stress_km": 0.131, "project_type": "New protected link" }, "geometry": { "type": "MultiLineString", "coordinates": [ [ [ 145.1415005, -38.010952 ], [ 145.1408215, -38.0112297 ] ], [ [ 145.1415005, -38.010952 ], [ 145.140888, -38.0108522 ], [ 145.1412653, -38.0107951 ] ] ] } },
{ "type": "Feature", "properties": { "project_id": "SCC_00755", "scc_feature": 1061, "scc_source_id": "1061", "scc_type": "C2", "status": "missing_or_unverified", "mean_lts": 3.97, "connects_existing": true, "length_km": 1.848, "high_stress_km": 1.848, "project_type": "New protected link" }, "geometry": { "type": "MultiLineString", "coordinates": [ [ [ 145.1595319, -38.0127407 ], [ 145.1610208, -38.0128721 ], [ 145.1651916, -38.0132527 ] ], [ [ 145.1710423, -38.0115776 ], [ 145.1714485, -38.0112775 ] ], [ [ 145.1710423, -38.0115776 ], [ 145.1716476, -38.0115149 ] ], [ [ 145.1699966, -38.0119488 ], [ 145.1710423, -38.0115776 ] ], [ [ 145.1716476, -38.0115149 ], [ 145.1713355, -38.0116993 ], [ 145.1699966, -38.0119488 ] ], [ [ 145.1716476, -38.0115149 ], [ 145.1720376, -38.0114038 ] ], [ [ 145.1699966, -38.0119488 ], [ 145.1651916, -38.0132527 ] ], [ [ 145.1651916, -38.0132527 ], [ 145.16222, -38.0131973 ], [ 145.159212, -38.0127807 ] ] ] } },
{ "type": "Feature", "properties": { "project_id": "SCC_00756", "scc_feature": 1061, "scc_source_id": "1061", "scc_type": "C2", "status": "missing_or_unverified", "mean_lts": 4.0, "connects_existing": true, "length_km": 1.046, "high_stress_km": 1.046, "project_type": "New protected link" }, "geometry": { "type": "LineString", "coordinates": [ [ 145.1205286, -38.0092759 ], [ 145.1299755, -38.0104358 ], [ 145.1323382, -38.0106897 ] ] } },
{ "type": "Feature", "properties": { "project_id": "SCC_00757", "scc_feature": 1063, "scc_source_id": "1063", "scc_type": "C2", "status": "missing_or_unverified", "mean_lts": 4.0, "connects_existing": false, "length_km": 0.488, "high_stress_km": 0.488, "project_type": "New protected link" }, "geometry": { "type": "MultiLineString", "coordinates": [ [ [ 145.1737944, -37.9699678 ], [ 145.1741441, -37.9687206 ] ], [ [ 145.1737944, -37.9699678 ], [ 145.173669, -37.9708941 ], [ 145.1732444, -37.9728701 ] ] ] } },
{ "type": "Feature", "properties": { "project_id": "SCC_00758", "scc_feature": 1063, "scc_source_id": "1063", "scc_type": "C2", "status": "missing_or_unverified", "mean_lts": 3.0, "connects_existing": false, "length_km": 0.072, "high_stress_km": 0.072, "project_type": "New protected link" }, "geometry": { "type": "LineString", "coordinates": [ [ 145.1750187, -37.9687973 ], [ 145.1758008, -37.9689356 ] ] } },
{ "type": "Feature", "properties": { "project_id": "SCC_00759", "scc_feature": 1063, "scc_source_id": "1063", "scc_type": "C2", "status": "missing_or_unverified", "mean_lts": 4.0, "connects_existing": true, "length_km": 0.109, "high_stress_km": 0.109, "project_type": "New protected link" }, "geometry": { "type": "LineString", "coordinates": [ [ 145.1759058, -37.9683695 ], [ 145.1760745, -37.967534 ], [ 145.1761497, -37.9672558 ] ] } },
{ "type": "Feature", "properties": { "project_id": "SCC_00760", "scc_feature": 1063, "scc_source_id": "1063", "scc_type": "C2", "status": "missing_or_unverified", "mean_lts": 3.03, "connects_existing": true, "length_km": 2.466, "high_stress_km": 2.424, "project_type": "New protected link" }, "geometry": { "type": "MultiLineString", "coordinates": [ [ [ 145.1759438, -37.9879888 ], [ 145.1761694, -37.9866946 ], [ 145.1763285, -37.9857869 ], [ 145.1764803, -37.9847168 ] ], [ [ 145.1759438, -37.9879888 ], [ 145.1750691, -37.9920395 ] ], [ [ 145.1758918, -37.9942241 ], [ 145.1755675, -37.9939848 ] ], [ [ 145.176867, -37.9828934 ], [ 145.1769824, -37.9823725 ], [ 145.1771644, -37.9814561 ], [ 145.177322, -37.9806115 ] ], [ [ 145.176867, -37.9828934 ], [ 145.1767338, -37.9836754 ], [ 145.1764803, -37.9847168 ] ], [ [ 145.1777325, -37.9782838 ], [ 145.177865, -37.9775288 ], [ 145.1724483, -37.9769671 ] ], [ [ 145.1777325, -37.9782838 ], [ 145.1774545, -37.9798565 ], [ 145.177322, -37.9806115 ] ], [ [ 145.1755675, -37.9939848 ], [ 145.1756004, -37.9935798 ], [ 145.1750691, -37.9920395 ] ], [ [ 145.1755675, -37.9939848 ], [ 145.1755564, -37.9944352 ] ] ] } },
{ "type": "Feature", "properties": { "project_id": "SCC_00761", "scc_feature": 1064, "scc_source_id": "1064", "scc_type": "C2", "status": "missing_or_unverified", "mean_lts": 3.9, "connects_existing": true, "length_km": 2.708, "high_stress_km": 2.663, "project_type": "New protected link" }, "geometry": { "type": "MultiLineString", "coordinates": [ [ [ 145.1700579, -37.7899953 ], [ 145.1709591, -37.7902887 ] ], [ [ 145.1709591, -37.7902887 ], [ 145.1725502, -37.7902413 ], [ 145.1736597, -37.7903757 ] ], [ [ 145.173471, -37.7906611 ], [ 145.1738641, -37.7908385 ], [ 145.1769946, -37.7942304 ] ], [ [ 145.175743, -37.7929404 ], [ 145.1751853, -37.7925262 ], [ 145.1749779, -37.7921895 ] ], [ [ 145.175743, -37.7929404 ], [ 145.1749779, -37.7921895 ] ], [ [ 145.1769946, -37.7942304 ], [ 145.175743, -37.7929404 ] ], [ [ 145.1769946, -37.7942304 ], [ 145.1787809, -37.7959433 ], [ 145.1790334, -37.7962987 ] ], [ [ 145.1790334, -37.7962987 ], [ 145.1787868, -37.7961687 ], [ 145.1780454, -37.7953732 ], [ 145.1769946, -37.7942304 ] ], [ [ 145.1794064, -37.7968362 ], [ 145.179177, -37.7964631 ] ], [ [ 145.173471, -37.7906611 ], [ 145.1726439, -37.7905852 ] ], [ [ 145.1749779, -37.7921895 ], [ 145.173471, -37.7906611 ] ], [ [ 145.1726439, -37.7905852 ], [ 145.1709591, -37.7902887 ] ], [ [ 145.1726439, -37.7905852 ], [ 145.1736597, -37.7903757 ] ], [ [ 145.1709591, -37.7902887 ], [ 145.1703588, -37.7902253 ], [ 145.1697596, -37.7901169 ] ], [ [ 145.179177, -37.7964631 ], [ 145.1797214, -37.7969582 ] ], [ [ 145.1790334, -37.7962987 ], [ 145.179177, -37.7964631 ] ] ] } },
{ "type": "Feature", "properties": { "project_id": "SCC_00763", "scc_feature": 1068, "scc_source_id": "1068", "scc_type": "C2", "status": "missing_or_unverified", "mean_lts": 3.0, "connects_existing": true, "length_km": 0.073, "high_stress_km": 0.073, "project_type": "New protected link" }, "geometry": { "type": "LineString", "coordinates": [ [ 145.0922617, -37.6469922 ], [ 145.0926047, -37.6464299 ] ] } },
{ "type": "Feature", "properties": { "project_id": "SCC_00764", "scc_feature": 1069, "scc_source_id": "1069", "scc_type": "C2", "status": "missing_or_unverified", "mean_lts": 2.35, "connects_existing": false, "length_km": 0.462, "high_stress_km": 0.161, "project_type": "New protected link" }, "geometry": { "type": "LineString", "coordinates": [ [ 145.0666789, -37.9836476 ], [ 145.0684717, -37.9838843 ], [ 145.0709547, -37.9842855 ], [ 145.071456, -37.9847083 ] ] } },
{ "type": "Feature", "properties": { "project_id": "SCC_00765", "scc_feature": 1069, "scc_source_id": "1069", "scc_type": "C2", "status": "missing_or_unverified", "mean_lts": 2.0, "connects_existing": false, "length_km": 0.181, "high_stress_km": 0.0, "project_type": "New protected link" }, "geometry": { "type": "LineString", "coordinates": [ [ 145.0741584, -37.9828151 ], [ 145.0726157, -37.9838982 ] ] } },
{ "type": "Feature", "properties": { "project_id": "SCC_00766", "scc_feature": 1069, "scc_source_id": "1069", "scc_type": "C2", "status": "missing_or_unverified", "mean_lts": 3.7, "connects_existing": false, "length_km": 3.385, "high_stress_km": 2.871, "project_type": "New protected link" }, "geometry": { "type": "MultiLineString", "coordinates": [ [ [ 145.0744096, -37.9823506 ], [ 145.074807, -37.9823931 ], [ 145.0751923, -37.9824625 ] ], [ [ 145.0737379, -37.9823486 ], [ 145.0744096, -37.9823506 ] ], [ [ 145.0751923, -37.9824625 ], [ 145.0747944, -37.982438 ], [ 145.0742114, -37.9825276 ], [ 145.0744096, -37.9823506 ] ], [ [ 145.0751923, -37.9824625 ], [ 145.0759517, -37.9825921 ] ], [ [ 145.0775415, -37.9827533 ], [ 145.0783361, -37.9828474 ], [ 145.0795958, -37.9830031 ], [ 145.0799038, -37.9829811 ] ], [ [ 145.0775415, -37.9827533 ], [ 145.0759517, -37.9825921 ] ], [ [ 145.0799038, -37.9829811 ], [ 145.0789404, -37.9828122 ] ], [ [ 145.0759517, -37.9825921 ], [ 145.0789404, -37.9828122 ] ], [ [ 145.0809919, -37.9831701 ], [ 145.0799038, -37.9829811 ] ], [ [ 145.0809919, -37.9831701 ], [ 145.0844079, -37.9835953 ], [ 145.0853161, -37.9837002 ] ], [ [ 145.0873363, -37.9839494 ], [ 145.0895723, -37.98422 ], [ 145.0907301, -37.984356 ], [ 145.091377, -37.9844386 ], [ 145.0925915, -37.9845844 ] ], [ [ 145.0873363, -37.9839494 ], [ 145.0853161, -37.9837002 ] ], [ [ 145.0941799, -37.985241 ], [ 145.0952807, -37.9849435 ] ], [ [ 145.0952807, -37.9849435 ], [ 145.0942712, -37.9847919 ] ], [ [ 145.0942712, -37.9847919 ], [ 145.0960536, -37.984992 ] ], [ [ 145.0942712, -37.9847919 ], [ 145.0925915, -37.9845844 ] ], [ [ 145.0960536, -37.984992 ], [ 145.0952807, -37.9849435 ] ], [ [ 145.0982779, -37.9852803 ], [ 145.097165, -37.9851632 ], [ 145.0960536, -37.984992 ] ], [ [ 145.0982779, -37.9852803 ], [ 145.1003892, -37.9855308 ] ], [ [ 145.0960536, -37.984992 ], [ 145.0982779, -37.9852803 ] ] ] } },
{ "type": "Feature", "properties": { "project_id": "SCC_00767", "scc_feature": 1070, "scc_source_id": "1070", "scc_type": "C2", "status": "missing_or_unverified", "mean_lts": 3.87, "connects_existing": true, "length_km": 4.538, "high_stress_km": 4.249, "project_type": "New protected link" }, "geometry": { "type": "MultiLineString", "coordinates": [ [ [ 145.0386617, -37.5944374 ], [ 145.0381871, -37.5943934 ] ], [ [ 145.0381871, -37.5943934 ], [ 145.038452, -37.5942266 ] ], [ [ 145.0381871, -37.5943934 ], [ 145.0337354, -37.5939859 ] ], [ [ 145.0386617, -37.5944374 ], [ 145.0456233, -37.5950215 ] ], [ [ 145.046946, -37.5951155 ], [ 145.0456233, -37.5950215 ] ], [ [ 145.046946, -37.5951155 ], [ 145.0663159, -37.597219 ], [ 145.0607698, -37.5966323 ], [ 145.0551944, -37.5963062 ], [ 145.0497117, -37.5954677 ], [ 145.0690828, -37.5975347 ] ], [ [ 145.071613, -37.5978014 ], [ 145.0690828, -37.5975347 ] ], [ [ 145.071613, -37.5978014 ], [ 145.0748203, -37.5981692 ] ], [ [ 145.0782312, -37.5985492 ], [ 145.0767291, -37.5983805 ], [ 145.0748203, -37.5981692 ] ], [ [ 145.0782312, -37.5985492 ], [ 145.0794216, -37.5989471 ], [ 145.0807045, -37.5988328 ], [ 145.0782312, -37.5985492 ] ] ] } },
{ "type": "Feature", "properties": { "project_id": "SCC_00768", "scc_feature": 1070, "scc_source_id": "1070", "scc_type": "C2", "status": "missing_or_unverified", "mean_lts": 4.0, "connects_existing": true, "length_km": 0.301, "high_stress_km": 0.301, "project_type": "New protected link" }, "geometry": { "type": "LineString", "coordinates": [ [ 145.095701, -37.6006169 ], [ 145.0919971, -37.6001695 ] ] } },
{ "type": "Feature", "properties": { "project_id": "SCC_00771", "scc_feature": 1072, "scc_source_id": "1072", "scc_type": "C2", "status": "missing_or_unverified", "mean_lts": 4.0, "connects_existing": true, "length_km": 0.423, "high_stress_km": 0.423, "project_type": "New protected link" }, "geometry": { "type": "MultiLineString", "coordinates": [ [ [ 145.0989241, -37.9408089 ], [ 145.0979065, -37.9409997 ] ], [ [ 145.0989241, -37.9408089 ], [ 145.097926, -37.9406846 ] ], [ [ 145.1016466, -37.9411412 ], [ 145.100637, -37.9410168 ], [ 145.0989241, -37.9408089 ] ] ] } },
{ "type": "Feature", "properties": { "project_id": "SCC_00772", "scc_feature": 1074, "scc_source_id": "1074", "scc_type": "C2", "status": "missing_or_unverified", "mean_lts": 2.28, "connects_existing": false, "length_km": 0.501, "high_stress_km": 0.142, "project_type": "New protected link" }, "geometry": { "type": "MultiLineString", "coordinates": [ [ [ 145.0843117, -37.7075689 ], [ 145.085443, -37.7076864 ] ], [ [ 145.0865859, -37.707795 ], [ 145.0860313, -37.70775 ], [ 145.085443, -37.7076864 ] ], [ [ 145.0843117, -37.7075689 ], [ 145.0833165, -37.7074535 ] ], [ [ 145.0809639, -37.70719 ], [ 145.0833165, -37.7074535 ] ] ] } },
{ "type": "Feature", "properties": { "project_id": "SCC_00773", "scc_feature": 1074, "scc_source_id": "1074", "scc_type": "C2", "status": "missing_or_unverified", "mean_lts": 3.0, "connects_existing": true, "length_km": 0.08, "high_stress_km": 0.08, "project_type": "New protected link" }, "geometry": { "type": "LineString", "coordinates": [ [ 145.1068061, -37.703985 ], [ 145.1075747, -37.7036459 ] ] } },
{ "type": "Feature", "properties": { "project_id": "SCC_00774", "scc_feature": 1075, "scc_source_id": "1075", "scc_type": "C2", "status": "missing_or_unverified", "mean_lts": 4.0, "connects_existing": true, "length_km": 0.057, "high_stress_km": 0.057, "project_type": "New protected link" }, "geometry": { "type": "LineString", "coordinates": [ [ 145.1082557, -37.9589738 ], [ 145.1048814, -37.9574055 ] ] } },
{ "type": "Feature", "properties": { "project_id": "SCC_00775", "scc_feature": 1076, "scc_source_id": "1076", "scc_type": "C2", "status": "missing_or_unverified", "mean_lts": 2.63, "connects_existing": false, "length_km": 0.271, "high_stress_km": 0.17, "project_type": "New protected link" }, "geometry": { "type": "MultiLineString", "coordinates": [ [ [ 145.1016466, -37.9411412 ], [ 145.1020247, -37.9397144 ] ], [ [ 145.1022182, -37.9388254 ], [ 145.1020762, -37.939481 ], [ 145.1020247, -37.9397144 ] ] ] } },
{ "type": "Feature", "properties": { "project_id": "SCC_00776", "scc_feature": 1078, "scc_source_id": "1078", "scc_type": "C2", "status": "missing_or_unverified", "mean_lts": 3.0, "connects_existing": true, "length_km": 0.276, "high_stress_km": 0.276, "project_type": "New protected link" }, "geometry": { "type": "MultiLineString", "coordinates": [ [ [ 145.1007497, -37.6011849 ], [ 145.1009498, -37.6008908 ] ], [ [ 145.1009498, -37.6008908 ], [ 145.1010434, -37.6012167 ] ], [ [ 145.1009498, -37.6008908 ], [ 145.1012181, -37.5992458 ] ] ] } },
{ "type": "Feature", "properties": { "project_id": "SCC_00777", "scc_feature": 1079, "scc_source_id": "1079", "scc_type": "C2", "status": "missing_or_unverified", "mean_lts": 4.0, "connects_existing": true, "length_km": 0.762, "high_stress_km": 0.762, "project_type": "New protected link" }, "geometry": { "type": "MultiLineString", "coordinates": [ [ [ 145.268159, -38.0312974 ], [ 145.2682547, -38.0301363 ], [ 145.268681, -38.0284844 ], [ 145.2686621, -38.0292862 ], [ 145.268159, -38.0312974 ] ], [ [ 145.2679904, -38.0321691 ], [ 145.268159, -38.0312974 ] ] ] } },
{ "type": "Feature", "properties": { "project_id": "SCC_00778", "scc_feature": 1081, "scc_source_id": "1081", "scc_type": "C2", "status": "missing_or_unverified", "mean_lts": 3.5, "connects_existing": false, "length_km": 1.34, "high_stress_km": 1.34, "project_type": "New protected link" }, "geometry": { "type": "MultiLineString", "coordinates": [ [ [ 145.0394023, -37.9634063 ], [ 145.0420458, -37.9637297 ], [ 145.0443037, -37.9640016 ], [ 145.0448937, -37.9640745 ], [ 145.0461644, -37.9642308 ] ], [ [ 145.0394023, -37.9634063 ], [ 145.0374155, -37.963211 ] ], [ [ 145.0472194, -37.9643655 ], [ 145.0483084, -37.9645097 ] ], [ [ 145.0472194, -37.9643655 ], [ 145.0461644, -37.9642308 ] ], [ [ 145.0510418, -37.9648795 ], [ 145.0524392, -37.9649837 ] ], [ [ 145.0510418, -37.9648795 ], [ 145.0483084, -37.9645097 ] ] ] } },
{ "type": "Feature", "properties": { "project_id": "SCC_00779", "scc_feature": 1081, "scc_source_id": "1081", "scc_type": "C2", "status": "missing_or_unverified", "mean_lts": 3.64, "connects_existing": true, "length_km": 4.818, "high_stress_km": 4.121, "project_type": "New protected link" }, "geometry": { "type": "MultiLineString", "coordinates": [ [ [ 145.0607666, -37.9660315 ], [ 145.0577818, -37.9656939 ], [ 145.05615, -37.9654146 ] ], [ [ 145.0607666, -37.9660315 ], [ 145.0624788, -37.966285 ], [ 145.0636709, -37.9664038 ], [ 145.0647492, -37.9665207 ] ], [ [ 145.0692652, -37.9670725 ], [ 145.0702298, -37.9671875 ], [ 145.0707404, -37.9672499 ], [ 145.0728514, -37.9674918 ] ], [ [ 145.0692652, -37.9670725 ], [ 145.0682099, -37.966947 ], [ 145.0672228, -37.9668227 ], [ 145.0647492, -37.9665207 ] ], [ [ 145.0744435, -37.9679865 ], [ 145.0741602, -37.9679368 ] ], [ [ 145.0744435, -37.9679865 ], [ 145.0748924, -37.9677956 ] ], [ [ 145.0763117, -37.967936 ], [ 145.0748924, -37.9677956 ] ], [ [ 145.0748924, -37.9677956 ], [ 145.0742239, -37.9676765 ] ], [ [ 145.0827118, -37.9687074 ], [ 145.0835996, -37.9687128 ], [ 145.0838459, -37.96887 ] ], [ [ 145.0858783, -37.9690744 ], [ 145.0870486, -37.9691565 ] ], [ [ 145.0852294, -37.9690728 ], [ 145.0858783, -37.9690744 ] ], [ [ 145.0855511, -37.9689609 ], [ 145.0858783, -37.9690744 ] ], [ [ 145.0554799, -37.9653585 ], [ 145.05615, -37.9654146 ] ], [ [ 145.0554799, -37.9653585 ], [ 145.0540731, -37.965182 ] ], [ [ 145.0870486, -37.9691565 ], [ 145.0852294, -37.9690728 ] ], [ [ 145.0870486, -37.9691565 ], [ 145.0855511, -37.9689609 ] ], [ [ 145.0731121, -37.9675321 ], [ 145.0728514, -37.9674918 ] ], [ [ 145.0731121, -37.9675321 ], [ 145.0742239, -37.9676765 ] ], [ [ 145.0827118, -37.9687074 ], [ 145.0790113, -37.9683045 ] ], [ [ 145.0827118, -37.9687074 ], [ 145.0838459, -37.96887 ] ], [ [ 145.0827118, -37.9687074 ], [ 145.0808971, -37.9684525 ], [ 145.0799325, -37.9683376 ] ], [ [ 145.0790113, -37.9683045 ], [ 145.0799325, -37.9683376 ] ], [ [ 145.0790113, -37.9683045 ], [ 145.0776176, -37.9680565 ] ], [ [ 145.0786514, -37.9681364 ], [ 145.0790113, -37.9683045 ] ], [ [ 145.0790113, -37.9683045 ], [ 145.0771162, -37.9680753 ] ], [ [ 145.0852294, -37.9690728 ], [ 145.0838459, -37.96887 ] ], [ [ 145.0838459, -37.96887 ], [ 145.0844824, -37.9689074 ] ], [ [ 145.0852294, -37.9690728 ], [ 145.0844824, -37.9689074 ] ], [ [ 145.0844824, -37.9689074 ], [ 145.0855511, -37.9689609 ] ], [ [ 145.0786514, -37.9681364 ], [ 145.0799325, -37.9683376 ] ], [ [ 145.0776176, -37.9680565 ], [ 145.0786514, -37.9681364 ] ], [ [ 145.0776176, -37.9680565 ], [ 145.0771162, -37.9680753 ] ], [ [ 145.0742239, -37.9676765 ], [ 145.0763117, -37.967936 ] ], [ [ 145.0771162, -37.9680753 ], [ 145.0763117, -37.967936 ] ] ] } },
{ "type": "Feature", "properties": { "project_id": "SCC_00780", "scc_feature": 1083, "scc_source_id": "1083", "scc_type": "C2", "status": "missing_or_unverified", "mean_lts": 4.0, "connects_existing": false, "length_km": 0.431, "high_stress_km": 0.431, "project_type": "New protected link" }, "geometry": { "type": "MultiLineString", "coordinates": [ [ [ 145.085204, -37.8234776 ], [ 145.0841595, -37.8234515 ], [ 145.0818818, -37.8240994 ] ], [ [ 145.085204, -37.8234776 ], [ 145.0863105, -37.8233063 ] ] ] } },
{ "type": "Feature", "properties": { "project_id": "SCC_00781", "scc_feature": 1083, "scc_source_id": "1083", "scc_type": "C2", "status": "missing_or_unverified", "mean_lts": 3.1, "connects_existing": false, "length_km": 0.417, "high_stress_km": 0.417, "project_type": "New protected link" }, "geometry": { "type": "MultiLineString", "coordinates": [ [ [ 145.097554, -37.8243446 ], [ 145.0933606, -37.8248265 ] ], [ [ 145.097554, -37.8243446 ], [ 145.0974879, -37.824704 ] ] ] } },
{ "type": "Feature", "properties": { "project_id": "SCC_00782", "scc_feature": 1083, "scc_source_id": "1083", "scc_type": "C2", "status": "missing_or_unverified", "mean_lts": 4.0, "connects_existing": false, "length_km": 0.311, "high_stress_km": 0.311, "project_type": "New protected link" }, "geometry": { "type": "LineString", "coordinates": [ [ 145.1031264, -37.821028 ], [ 145.1018087, -37.821908 ], [ 145.1003791, -37.822723 ] ] } },
{ "type": "Feature", "properties": { "project_id": "SCC_00783", "scc_feature": 1083, "scc_source_id": "1083", "scc_type": "C2", "status": "missing_or_unverified", "mean_lts": 3.69, "connects_existing": false, "length_km": 0.661, "high_stress_km": 0.661, "project_type": "New protected link" }, "geometry": { "type": "MultiLineString", "coordinates": [ [ [ 145.1147318, -37.8185559 ], [ 145.1122806, -37.8184535 ], [ 145.1094614, -37.8185254 ] ], [ [ 145.1170216, -37.8187547 ], [ 145.1156514, -37.8185796 ] ], [ [ 145.1147318, -37.8185559 ], [ 145.1156514, -37.8185796 ] ] ] } },
{ "type": "Feature", "properties": { "project_id": "SCC_00785", "scc_feature": 1086, "scc_source_id": "1086", "scc_type": "C2", "status": "missing_or_unverified", "mean_lts": 2.0, "connects_existing": true, "length_km": 0.064, "high_stress_km": 0.0, "project_type": "New protected link" }, "geometry": { "type": "LineString", "coordinates": [ [ 145.1179448, -37.8879089 ], [ 145.1185588, -37.8879097 ] ] } },
{ "type": "Feature", "properties": { "project_id": "SCC_00786", "scc_feature": 1089, "scc_source_id": "1089", "scc_type": "C2", "status": "missing_or_unverified", "mean_lts": 4.0, "connects_existing": true, "length_km": 0.17, "high_stress_km": 0.17, "project_type": "New protected link" }, "geometry": { "type": "MultiLineString", "coordinates": [ [ [ 145.2357528, -37.8692046 ], [ 145.2351835, -37.8692411 ] ], [ [ 145.2357528, -37.8692046 ], [ 145.2349961, -37.868995 ], [ 145.2351835, -37.8692411 ] ] ] } },
{ "type": "Feature", "properties": { "project_id": "SCC_00788", "scc_feature": 1092, "scc_source_id": "1092", "scc_type": "C2", "status": "missing_or_unverified", "mean_lts": 3.46, "connects_existing": false, "length_km": 2.348, "high_stress_km": 1.709, "project_type": "New protected link" }, "geometry": { "type": "MultiLineString", "coordinates": [ [ [ 145.0875517, -37.7580078 ], [ 145.0881726, -37.7572608 ] ], [ [ 145.0881726, -37.7572608 ], [ 145.0875647, -37.7575033 ] ], [ [ 145.0998711, -37.7560983 ], [ 145.0951347, -37.7553369 ] ], [ [ 145.0937437, -37.7555758 ], [ 145.0951347, -37.7553369 ] ], [ [ 145.0937437, -37.7555758 ], [ 145.0987726, -37.7559995 ], [ 145.0998711, -37.7560983 ] ], [ [ 145.101784, -37.7563094 ], [ 145.0998711, -37.7560983 ] ], [ [ 145.101784, -37.7563094 ], [ 145.1041474, -37.7562123 ], [ 145.105743, -37.7559585 ] ], [ [ 145.0937437, -37.7555758 ], [ 145.0891472, -37.7568801 ] ], [ [ 145.0881726, -37.7572608 ], [ 145.0891472, -37.7568801 ] ] ] } },
{ "type": "Feature", "properties": { "project_id": "SCC_00789", "scc_feature": 1092, "scc_source_id": "1092", "scc_type": "C2", "status": "missing_or_unverified", "mean_lts": 3.88, "connects_existing": true, "length_km": 1.706, "high_stress_km": 1.603, "project_type": "New protected link" }, "geometry": { "type": "MultiLineString", "coordinates": [ [ [ 145.1107018, -37.7569123 ], [ 145.1123322, -37.7570736 ], [ 145.1127965, -37.7571171 ] ], [ [ 145.1091395, -37.7563015 ], [ 145.1107018, -37.7569123 ] ], [ [ 145.1114231, -37.7571132 ], [ 145.1107018, -37.7569123 ] ], [ [ 145.1127295, -37.7575216 ], [ 145.1114231, -37.7571132 ] ], [ [ 145.1127965, -37.7571171 ], [ 145.113293, -37.7572332 ] ], [ [ 145.1127965, -37.7571171 ], [ 145.1132762, -37.7569986 ], [ 145.1144069, -37.7562778 ] ], [ [ 145.113293, -37.7572332 ], [ 145.1128157, -37.7572526 ], [ 145.1114231, -37.7571132 ] ], [ [ 145.1138346, -37.7573591 ], [ 145.113293, -37.7572332 ] ], [ [ 145.1162636, -37.7564697 ], [ 145.1187532, -37.7567708 ] ], [ [ 145.1162636, -37.7564697 ], [ 145.1144069, -37.7562778 ] ], [ [ 145.1212437, -37.7570359 ], [ 145.1227294, -37.7570866 ] ], [ [ 145.1212437, -37.7570359 ], [ 145.1187532, -37.7567708 ] ], [ [ 145.1144069, -37.7562778 ], [ 145.113293, -37.7572332 ] ] ] } },
{ "type": "Feature", "properties": { "project_id": "SCC_00790", "scc_feature": 1092, "scc_source_id": "1092", "scc_type": "C2", "status": "missing_or_unverified", "mean_lts": 2.0, "connects_existing": true, "length_km": 0.15, "high_stress_km": 0.0, "project_type": "New protected link" }, "geometry": { "type": "LineString", "coordinates": [ [ 145.1272698, -37.7638368 ], [ 145.1273585, -37.7652711 ] ] } },
{ "type": "Feature", "properties": { "project_id": "SCC_00791", "scc_feature": 1093, "scc_source_id": "1093", "scc_type": "C2", "status": "missing_or_unverified", "mean_lts": 2.0, "connects_existing": true, "length_km": 0.464, "high_stress_km": 0.0, "project_type": "New protected link" }, "geometry": { "type": "MultiLineString", "coordinates": [ [ [ 145.1105931, -37.8734622 ], [ 145.111589, -37.8736404 ], [ 145.1122744, -37.8739578 ] ], [ [ 145.1133784, -37.874354 ], [ 145.1129159, -37.8742114 ] ], [ [ 145.1122744, -37.8739578 ], [ 145.1129159, -37.8742114 ] ], [ [ 145.1140102, -37.8745444 ], [ 145.1133784, -37.874354 ] ], [ [ 145.1122744, -37.8739578 ], [ 145.1133784, -37.874354 ] ] ] } },
{ "type": "Feature", "properties": { "project_id": "SCC_00792", "scc_feature": 1093, "scc_source_id": "1093", "scc_type": "C2", "status": "missing_or_unverified", "mean_lts": 2.0, "connects_existing": true, "length_km": 0.547, "high_stress_km": 0.0, "project_type": "New protected link" }, "geometry": { "type": "LineString", "coordinates": [ [ 145.1213974, -37.8755457 ], [ 145.1202741, -37.8754557 ], [ 145.1196275, -37.8754003 ], [ 145.1184926, -37.875319 ], [ 145.1173583, -37.8752198 ], [ 145.1162241, -37.8751115 ], [ 145.1151041, -37.8748953 ] ] } },
{ "type": "Feature", "properties": { "project_id": "SCC_00793", "scc_feature": 1093, "scc_source_id": "1093", "scc_type": "C2", "status": "missing_or_unverified", "mean_lts": 3.0, "connects_existing": true, "length_km": 0.132, "high_stress_km": 0.132, "project_type": "New protected link" }, "geometry": { "type": "LineString", "coordinates": [ [ 145.1246821, -37.8760306 ], [ 145.1236028, -37.8755538 ] ] } },
{ "type": "Feature", "properties": { "project_id": "SCC_00794", "scc_feature": 1093, "scc_source_id": "1093", "scc_type": "C2", "status": "missing_or_unverified", "mean_lts": 2.58, "connects_existing": true, "length_km": 0.257, "high_stress_km": 0.149, "project_type": "New protected link" }, "geometry": { "type": "MultiLineString", "coordinates": [ [ [ 145.1271649, -37.8758629 ], [ 145.1277542, -37.8759354 ], [ 145.1282302, -37.875997 ] ], [ [ 145.1289214, -37.8760891 ], [ 145.1282302, -37.875997 ] ], [ [ 145.1282302, -37.875997 ], [ 145.1276638, -37.8754653 ] ] ] } },
{ "type": "Feature", "properties": { "project_id": "SCC_00797", "scc_feature": 1096, "scc_source_id": "1096", "scc_type": "C2", "status": "missing_or_unverified", "mean_lts": 3.0, "connects_existing": false, "length_km": 0.583, "high_stress_km": 0.583, "project_type": "New protected link" }, "geometry": { "type": "MultiLineString", "coordinates": [ [ [ 145.1316457, -37.8136706 ], [ 145.1315001, -37.8144884 ] ], [ [ 145.1306845, -37.8189003 ], [ 145.1311033, -37.8167081 ], [ 145.1315001, -37.8144884 ] ] ] } },
{ "type": "Feature", "properties": { "project_id": "SCC_00798", "scc_feature": 1096, "scc_source_id": "1096", "scc_type": "C2", "status": "missing_or_unverified", "mean_lts": 3.0, "connects_existing": false, "length_km": 0.872, "high_stress_km": 0.872, "project_type": "New protected link" }, "geometry": { "type": "MultiLineString", "coordinates": [ [ [ 145.1325985, -37.807864 ], [ 145.1328267, -37.8073719 ] ], [ [ 145.1332431, -37.8052697 ], [ 145.1330472, -37.806285 ], [ 145.1328912, -37.8070666 ], [ 145.1328267, -37.8073719 ] ], [ [ 145.1332431, -37.8052697 ], [ 145.1335701, -37.8035626 ] ], [ [ 145.1338436, -37.8021701 ], [ 145.1337415, -37.8026191 ], [ 145.1335701, -37.8035626 ] ], [ [ 145.1338436, -37.8021701 ], [ 145.1340243, -37.8013078 ], [ 145.134092, -37.8008763 ], [ 145.1341953, -37.8003823 ] ], [ [ 145.1325985, -37.807864 ], [ 145.1326008, -37.8082245 ] ] ] } },
{ "type": "Feature", "properties": { "project_id": "SCC_00799", "scc_feature": 1097, "scc_source_id": "1097", "scc_type": "C2", "status": "missing_or_unverified", "mean_lts": 3.96, "connects_existing": false, "length_km": 4.836, "high_stress_km": 4.769, "project_type": "New protected link" }, "geometry": { "type": "MultiLineString", "coordinates": [ [ [ 145.0853728, -37.7315672 ], [ 145.0856603, -37.7314186 ], [ 145.0886331, -37.7305387 ], [ 145.0914411, -37.7298902 ] ], [ [ 145.0914411, -37.7298902 ], [ 145.0861709, -37.7314179 ], [ 145.0853728, -37.7315672 ] ], [ [ 145.0920212, -37.7298365 ], [ 145.091489, -37.7302335 ] ], [ [ 145.0955119, -37.729109 ], [ 145.0930246, -37.7296455 ], [ 145.0920212, -37.7298365 ] ], [ [ 145.0996212, -37.7290401 ], [ 145.0965931, -37.7289822 ], [ 145.0955119, -37.729109 ] ], [ [ 145.1027664, -37.7293972 ], [ 145.1030009, -37.7295452 ] ], [ [ 145.1027664, -37.7293972 ], [ 145.106792, -37.7299396 ], [ 145.1084778, -37.7296873 ] ], [ [ 145.1029607, -37.7297879 ], [ 145.1026954, -37.7295132 ] ], [ [ 145.1030009, -37.7295452 ], [ 145.1026954, -37.7295132 ] ], [ [ 145.1086697, -37.7297264 ], [ 145.1084778, -37.7296873 ] ], [ [ 145.1084778, -37.7296873 ], [ 145.1093265, -37.7293314 ] ], [ [ 145.1086697, -37.7297264 ], [ 145.1079473, -37.7300212 ], [ 145.1030009, -37.7295452 ] ], [ [ 145.1093265, -37.7293314 ], [ 145.1086697, -37.7297264 ] ], [ [ 145.0848806, -37.7317304 ], [ 145.0853728, -37.7315672 ] ], [ [ 145.0848806, -37.7317304 ], [ 145.0834001, -37.7323822 ] ], [ [ 145.1017584, -37.7293269 ], [ 145.1023046, -37.7292636 ], [ 145.1027664, -37.7293972 ] ], [ [ 145.0914411, -37.7298902 ], [ 145.0955119, -37.729109 ] ], [ [ 145.0955119, -37.729109 ], [ 145.0996212, -37.7290401 ] ], [ [ 145.0920212, -37.7298365 ], [ 145.0914411, -37.7298902 ] ], [ [ 145.0996212, -37.7290401 ], [ 145.1017584, -37.7293269 ] ], [ [ 145.1026954, -37.7295132 ], [ 145.1017584, -37.7293269 ] ], [ [ 145.1093265, -37.7293314 ], [ 145.1103962, -37.7287628 ] ] ] } },
{ "type": "Feature", "properties": { "project_id": "SCC_00800", "scc_feature": 1097, "scc_source_id": "1097", "scc_type": "C2", "status": "missing_or_unverified", "mean_lts": 4.0, "connects_existing": true, "length_km": 3.579, "high_stress_km": 3.579, "project_type": "New protected link" }, "geometry": { "type": "MultiLineString", "coordinates": [ [ [ 145.1148071, -37.7261929 ], [ 145.1157717, -37.7257397 ], [ 145.1186369, -37.7250555 ] ], [ [ 145.1186369, -37.7250555 ], [ 145.1157805, -37.725839 ], [ 145.1148071, -37.7261929 ] ], [ [ 145.1235033, -37.7255476 ], [ 145.1241037, -37.7255842 ] ], [ [ 145.1239379, -37.725861 ], [ 145.1247247, -37.7266035 ], [ 145.1254002, -37.7272631 ], [ 145.128478, -37.7294028 ] ], [ [ 145.128478, -37.7294028 ], [ 145.1265498, -37.728471 ], [ 145.1239379, -37.725861 ] ], [ [ 145.1348773, -37.7321268 ], [ 145.1351273, -37.7321127 ] ], [ [ 145.1360021, -37.7325231 ], [ 145.1348773, -37.7321268 ] ], [ [ 145.1215253, -37.7252458 ], [ 145.1235033, -37.7255476 ] ], [ [ 145.1239379, -37.725861 ], [ 145.1215253, -37.7252458 ] ], [ [ 145.1186369, -37.7250555 ], [ 145.1190357, -37.7249898 ], [ 145.1215253, -37.7252458 ] ], [ [ 145.1235033, -37.7255476 ], [ 145.1239379, -37.725861 ] ], [ [ 145.128478, -37.7294028 ], [ 145.13156, -37.7309297 ], [ 145.1348773, -37.7321268 ] ], [ [ 145.1148071, -37.7261929 ], [ 145.1134584, -37.7270275 ] ] ] } },
{ "type": "Feature", "properties": { "project_id": "SCC_00801", "scc_feature": 1097, "scc_source_id": "1097", "scc_type": "C2", "status": "missing_or_unverified", "mean_lts": 3.0, "connects_existing": true, "length_km": 0.11, "high_stress_km": 0.11, "project_type": "New protected link" }, "geometry": { "type": "LineString", "coordinates": [ [ 145.0791991, -37.7316019 ], [ 145.0804333, -37.7317031 ] ] } },
{ "type": "Feature", "properties": { "project_id": "SCC_00802", "scc_feature": 1104, "scc_source_id": "1104", "scc_type": "C2", "status": "missing_or_unverified", "mean_lts": 4.0, "connects_existing": true, "length_km": 0.239, "high_stress_km": 0.239, "project_type": "New protected link" }, "geometry": { "type": "MultiLineString", "coordinates": [ [ [ 145.2313989, -37.8154364 ], [ 145.231162, -37.8148921 ], [ 145.2310664, -37.8146113 ], [ 145.2313199, -37.8149395 ], [ 145.2314394, -37.8151666 ], [ 145.2313989, -37.8154364 ] ], [ [ 145.2313907, -37.8157787 ], [ 145.2313989, -37.8154364 ] ] ] } },
{ "type": "Feature", "properties": { "project_id": "SCC_00803", "scc_feature": 1105, "scc_source_id": "1105", "scc_type": "C2", "status": "missing_or_unverified", "mean_lts": 3.82, "connects_existing": false, "length_km": 0.808, "high_stress_km": 0.808, "project_type": "New protected link" }, "geometry": { "type": "MultiLineString", "coordinates": [ [ [ 145.2141817, -37.9846376 ], [ 145.2145106, -37.9846876 ] ], [ [ 145.2148802, -37.9830621 ], [ 145.214919, -37.9828734 ], [ 145.2150362, -37.9822624 ], [ 145.2152964, -37.9809236 ] ], [ [ 145.2148802, -37.9830621 ], [ 145.2146459, -37.9842752 ] ], [ [ 145.2149484, -37.9849466 ], [ 145.213882, -37.9847862 ], [ 145.2145106, -37.9846876 ] ], [ [ 145.2149484, -37.9849466 ], [ 145.2141788, -37.9852233 ] ], [ [ 145.2145106, -37.9846876 ], [ 145.2149786, -37.9846407 ] ], [ [ 145.2146459, -37.9842752 ], [ 145.2149786, -37.9846407 ] ], [ [ 145.2145106, -37.9846876 ], [ 145.2146459, -37.9842752 ] ] ] } },
{ "type": "Feature", "properties": { "project_id": "SCC_00804", "scc_feature": 1105, "scc_source_id": "1105", "scc_type": "C2", "status": "missing_or_unverified", "mean_lts": 2.82, "connects_existing": true, "length_km": 0.599, "high_stress_km": 0.491, "project_type": "New protected link" }, "geometry": { "type": "MultiLineString", "coordinates": [ [ [ 145.2275759, -37.9811544 ], [ 145.2263929, -37.9811095 ] ], [ [ 145.2275759, -37.9811544 ], [ 145.2317786, -37.9815691 ] ], [ [ 145.2261377, -37.9822502 ], [ 145.2263929, -37.9811095 ] ] ] } },
{ "type": "Feature", "properties": { "project_id": "SCC_00805", "scc_feature": 1109, "scc_source_id": "1109", "scc_type": "C2", "status": "missing_or_unverified", "mean_lts": 3.71, "connects_existing": true, "length_km": 4.163, "high_stress_km": 3.553, "project_type": "New protected link" }, "geometry": { "type": "MultiLineString", "coordinates": [ [ [ 145.2430113, -37.9731852 ], [ 145.2421511, -37.9734517 ] ], [ [ 145.2430113, -37.9731852 ], [ 145.2422318, -37.9729302 ], [ 145.2465399, -37.9736885 ] ], [ [ 145.2465399, -37.9736885 ], [ 145.2430113, -37.9731852 ] ], [ [ 145.2465399, -37.9736885 ], [ 145.2469538, -37.9735144 ], [ 145.2473399, -37.9735562 ], [ 145.2476577, -37.973597 ], [ 145.2526064, -37.9742294 ] ], [ [ 145.2488194, -37.9740559 ], [ 145.2515231, -37.9743034 ] ], [ [ 145.2488194, -37.9740559 ], [ 145.2469481, -37.9737576 ] ], [ [ 145.2526223, -37.974518 ], [ 145.2515231, -37.9743034 ] ], [ [ 145.2582147, -37.9748893 ], [ 145.2576788, -37.9749265 ], [ 145.2530573, -37.9744163 ] ], [ [ 145.2582147, -37.9748893 ], [ 145.2586925, -37.9749054 ], [ 145.2612691, -37.9752319 ] ], [ [ 145.2612691, -37.9752319 ], [ 145.262007, -37.9753239 ], [ 145.2623248, -37.9753647 ] ], [ [ 145.2612691, -37.9752319 ], [ 145.2623248, -37.9753647 ] ], [ [ 145.2628084, -37.9756152 ], [ 145.2618434, -37.9755018 ], [ 145.260969, -37.9754077 ], [ 145.259813, -37.9751834 ], [ 145.2582147, -37.9748893 ] ], [ [ 145.2526064, -37.9742294 ], [ 145.2582147, -37.9748893 ] ], [ [ 145.2465399, -37.9736885 ], [ 145.2469481, -37.9737576 ] ], [ [ 145.2526064, -37.9742294 ], [ 145.2515231, -37.9743034 ] ], [ [ 145.2515231, -37.9743034 ], [ 145.2469481, -37.9737576 ] ] ] } },
{ "type": "Feature", "properties": { "project_id": "SCC_00806", "scc_feature": 1109, "scc_source_id": "1109", "scc_type": "C2", "status": "missing_or_unverified", "mean_lts": 4.0, "connects_existing": true, "length_km": 0.438, "high_stress_km": 0.438, "project_type": "New protected link" }, "geometry": { "type": "LineString", "coordinates": [ [ 145.2336989, -37.9722346 ], [ 145.2286015, -37.9716443 ] ] } },
{ "type": "Feature", "properties": { "project_id": "SCC_00807", "scc_feature": 1109, "scc_source_id": "1109", "scc_type": "C2", "status": "missing_or_unverified", "mean_lts": 4.0, "connects_existing": true, "length_km": 0.444, "high_stress_km": 0.444, "project_type": "New protected link" }, "geometry": { "type": "LineString", "coordinates": [ [ 145.2285715, -37.9714726 ], [ 145.2338498, -37.9721107 ] ] } },
{ "type": "Feature", "properties": { "project_id": "SCC_00808", "scc_feature": 1110, "scc_source_id": "1110", "scc_type": "C2", "status": "missing_or_unverified", "mean_lts": 4.0, "connects_existing": false, "length_km": 0.132, "high_stress_km": 0.132, "project_type": "New protected link" }, "geometry": { "type": "LineString", "coordinates": [ [ 145.2788089, -37.883198 ], [ 145.2782107, -37.883009 ], [ 145.2774207, -37.8827541 ] ] } },
{ "type": "Feature", "properties": { "project_id": "SCC_00809", "scc_feature": 1110, "scc_source_id": "1110", "scc_type": "C2", "status": "missing_or_unverified", "mean_lts": 4.0, "connects_existing": false, "length_km": 0.141, "high_stress_km": 0.141, "project_type": "New protected link" }, "geometry": { "type": "LineString", "coordinates": [ [ 145.2776069, -37.8825676 ], [ 145.2783849, -37.8828494 ], [ 145.2790495, -37.8831204 ] ] } },
{ "type": "Feature", "properties": { "project_id": "SCC_00810", "scc_feature": 1111, "scc_source_id": "1111", "scc_type": "C2", "status": "missing_or_unverified", "mean_lts": 3.0, "connects_existing": false, "length_km": 0.31, "high_stress_km": 0.31, "project_type": "New protected link" }, "geometry": { "type": "LineString", "coordinates": [ [ 145.2753787, -37.8888885 ], [ 145.2726759, -37.8906783 ] ] } },
{ "type": "Feature", "properties": { "project_id": "SCC_00811", "scc_feature": 1111, "scc_source_id": "1111", "scc_type": "C2", "status": "missing_or_unverified", "mean_lts": 2.0, "connects_existing": false, "length_km": 0.359, "high_stress_km": 0.0, "project_type": "New protected link" }, "geometry": { "type": "LineString", "coordinates": [ [ 145.2805843, -37.8875317 ], [ 145.2792391, -37.8876743 ], [ 145.2765373, -37.8879682 ] ] } },
{ "type": "Feature", "properties": { "project_id": "SCC_00812", "scc_feature": 1111, "scc_source_id": "1111", "scc_type": "C2", "status": "missing_or_unverified", "mean_lts": 2.19, "connects_existing": false, "length_km": 0.427, "high_stress_km": 0.079, "project_type": "New protected link" }, "geometry": { "type": "MultiLineString", "coordinates": [ [ [ 145.2784579, -37.8841121 ], [ 145.2785315, -37.8838789 ], [ 145.2788089, -37.883198 ] ], [ [ 145.2784579, -37.8841121 ], [ 145.2788149, -37.8848924 ] ], [ [ 145.2794097, -37.8857212 ], [ 145.2788149, -37.8848924 ] ], [ [ 145.2794097, -37.8857212 ], [ 145.2799899, -37.8866849 ] ] ] } },
{ "type": "Feature", "properties": { "project_id": "SCC_00813", "scc_feature": 1112, "scc_source_id": "1112", "scc_type": "C2", "status": "missing_or_unverified", "mean_lts": 2.37, "connects_existing": true, "length_km": 0.243, "high_stress_km": 0.089, "project_type": "New protected link" }, "geometry": { "type": "MultiLineString", "coordinates": [ [ [ 145.1788925, -37.920725 ], [ 145.1795902, -37.9210332 ] ], [ [ 145.1788925, -37.920725 ], [ 145.1771931, -37.9204373 ] ] ] } },
{ "type": "Feature", "properties": { "project_id": "SCC_00814", "scc_feature": 1112, "scc_source_id": "1112", "scc_type": "C2", "status": "missing_or_unverified", "mean_lts": 3.0, "connects_existing": true, "length_km": 0.143, "high_stress_km": 0.143, "project_type": "New protected link" }, "geometry": { "type": "LineString", "coordinates": [ [ 145.1803613, -37.9211352 ], [ 145.1811055, -37.9209395 ], [ 145.1814842, -37.9212697 ] ] } },
{ "type": "Feature", "properties": { "project_id": "SCC_00815", "scc_feature": 1112, "scc_source_id": "1112", "scc_type": "C2", "status": "missing_or_unverified", "mean_lts": 2.0, "connects_existing": true, "length_km": 0.097, "high_stress_km": 0.0, "project_type": "New protected link" }, "geometry": { "type": "LineString", "coordinates": [ [ 145.1833715, -37.9213169 ], [ 145.1844064, -37.9213329 ] ] } },
{ "type": "Feature", "properties": { "project_id": "SCC_00816", "scc_feature": 1112, "scc_source_id": "1112", "scc_type": "C2", "status": "missing_or_unverified", "mean_lts": 4.0, "connects_existing": true, "length_km": 0.072, "high_stress_km": 0.072, "project_type": "New protected link" }, "geometry": { "type": "LineString", "coordinates": [ [ 145.1855216, -37.9217827 ], [ 145.1862881, -37.9216052 ] ] } },
{ "type": "Feature", "properties": { "project_id": "SCC_00817", "scc_feature": 1114, "scc_source_id": "1114", "scc_type": "C2", "status": "missing_or_unverified", "mean_lts": 2.0, "connects_existing": true, "length_km": 0.649, "high_stress_km": 0.0, "project_type": "New protected link" }, "geometry": { "type": "LineString", "coordinates": [ [ 145.2823308, -37.7941645 ], [ 145.2866391, -37.7915326 ], [ 145.2879548, -37.7901278 ] ] } },
{ "type": "Feature", "properties": { "project_id": "SCC_00818", "scc_feature": 1114, "scc_source_id": "1114", "scc_type": "C2", "status": "missing_or_unverified", "mean_lts": 3.23, "connects_existing": false, "length_km": 0.177, "high_stress_km": 0.177, "project_type": "New protected link" }, "geometry": { "type": "LineString", "coordinates": [ [ 145.2833414, -37.7941702 ], [ 145.2831104, -37.7943381 ], [ 145.2819838, -37.7949255 ] ] } },
{ "type": "Feature", "properties": { "project_id": "SCC_00819", "scc_feature": 1114, "scc_source_id": "1114", "scc_type": "C2", "status": "missing_or_unverified", "mean_lts": 2.0, "connects_existing": false, "length_km": 0.254, "high_stress_km": 0.0, "project_type": "New protected link" }, "geometry": { "type": "LineString", "coordinates": [ [ 145.2963537, -37.785392 ], [ 145.2990086, -37.7845021 ] ] } },
{ "type": "Feature", "properties": { "project_id": "SCC_00820", "scc_feature": 1114, "scc_source_id": "1114", "scc_type": "C2", "status": "missing_or_unverified", "mean_lts": 2.0, "connects_existing": false, "length_km": 0.325, "high_stress_km": 0.0, "project_type": "New protected link" }, "geometry": { "type": "LineString", "coordinates": [ [ 145.2991933, -37.7848653 ], [ 145.3026136, -37.78377 ] ] } },
{ "type": "Feature", "properties": { "project_id": "SCC_00821", "scc_feature": 1115, "scc_source_id": "1115", "scc_type": "C2", "status": "missing_or_unverified", "mean_lts": 4.0, "connects_existing": true, "length_km": 0.142, "high_stress_km": 0.142, "project_type": "New protected link" }, "geometry": { "type": "LineString", "coordinates": [ [ 145.2329416, -37.8993076 ], [ 145.2325894, -37.8992933 ], [ 145.2310777, -37.8992526 ] ] } },
{ "type": "Feature", "properties": { "project_id": "SCC_00822", "scc_feature": 1115, "scc_source_id": "1115", "scc_type": "C2", "status": "missing_or_unverified", "mean_lts": 4.0, "connects_existing": true, "length_km": 0.136, "high_stress_km": 0.136, "project_type": "New protected link" }, "geometry": { "type": "LineString", "coordinates": [ [ 145.2330991, -37.8717873 ], [ 145.2328747, -37.8730907 ] ] } },
{ "type": "Feature", "properties": { "project_id": "SCC_00823", "scc_feature": 1115, "scc_source_id": "1115", "scc_type": "C2", "status": "missing_or_unverified", "mean_lts": 3.2, "connects_existing": true, "length_km": 3.03, "high_stress_km": 1.902, "project_type": "New protected link" }, "geometry": { "type": "MultiLineString", "coordinates": [ [ [ 145.2327107, -37.8899407 ], [ 145.2327284, -37.8925274 ], [ 145.2328658, -37.8934397 ] ], [ [ 145.2327107, -37.8899407 ], [ 145.2328036, -37.8893834 ] ], [ [ 145.2329368, -37.8976043 ], [ 145.232876, -37.8968193 ], [ 145.2329786, -37.8963342 ] ], [ [ 145.2329993, -37.8907111 ], [ 145.233146, -37.8926599 ], [ 145.2329786, -37.8963342 ] ], [ [ 145.2330554, -37.8978764 ], [ 145.2331156, -37.8986884 ], [ 145.2332222, -37.8989874 ] ], [ [ 145.2329786, -37.8963342 ], [ 145.2330554, -37.8978764 ] ], [ [ 145.2329368, -37.8976043 ], [ 145.2330554, -37.8978764 ] ], [ [ 145.2328472, -37.8989728 ], [ 145.2329368, -37.8976043 ] ], [ [ 145.2320609, -37.8990421 ], [ 145.2328472, -37.8989728 ] ], [ [ 145.2328472, -37.8989728 ], [ 145.2332222, -37.8989874 ] ], [ [ 145.2328036, -37.8893834 ], [ 145.2329045, -37.8889703 ], [ 145.2329993, -37.8907111 ] ], [ [ 145.2329993, -37.8907111 ], [ 145.2328036, -37.8893834 ] ], [ [ 145.2329993, -37.8907111 ], [ 145.2328658, -37.8934397 ] ], [ [ 145.2329786, -37.8963342 ], [ 145.2328658, -37.8934397 ] ], [ [ 145.2329786, -37.8963342 ], [ 145.2329368, -37.8976043 ] ] ] } },
{ "type": "Feature", "properties": { "project_id": "SCC_00825", "scc_feature": 1116, "scc_source_id": "1116", "scc_type": "C2", "status": "missing_or_unverified", "mean_lts": 4.0, "connects_existing": true, "length_km": 0.11, "high_stress_km": 0.11, "project_type": "New protected link" }, "geometry": { "type": "MultiLineString", "coordinates": [ [ [ 145.2331792, -37.8998339 ], [ 145.2325894, -37.8992933 ] ], [ [ 145.2331792, -37.8998339 ], [ 145.2329416, -37.8993076 ] ], [ [ 145.2329416, -37.8993076 ], [ 145.2328472, -37.8989728 ] ], [ [ 145.2333605, -37.899386 ], [ 145.2329416, -37.8993076 ] ] ] } },
{ "type": "Feature", "properties": { "project_id": "SCC_00826", "scc_feature": 1119, "scc_source_id": "1119", "scc_type": "C2", "status": "missing_or_unverified", "mean_lts": 3.0, "connects_existing": true, "length_km": 0.254, "high_stress_km": 0.254, "project_type": "New protected link" }, "geometry": { "type": "MultiLineString", "coordinates": [ [ [ 145.1549369, -37.8221847 ], [ 145.1558391, -37.8229108 ] ], [ [ 145.1569341, -37.8236489 ], [ 145.156733, -37.8235106 ], [ 145.1558391, -37.8229108 ] ] ] } },
{ "type": "Feature", "properties": { "project_id": "SCC_00827", "scc_feature": 1119, "scc_source_id": "1119", "scc_type": "C2", "status": "missing_or_unverified", "mean_lts": 4.0, "connects_existing": true, "length_km": 0.059, "high_stress_km": 0.059, "project_type": "New protected link" }, "geometry": { "type": "LineString", "coordinates": [ [ 145.1529715, -37.8203605 ], [ 145.1528676, -37.8208816 ] ] } },
{ "type": "Feature", "properties": { "project_id": "SCC_00828", "scc_feature": 1122, "scc_source_id": "1122", "scc_type": "C2", "status": "missing_or_unverified", "mean_lts": 2.0, "connects_existing": false, "length_km": 0.072, "high_stress_km": 0.0, "project_type": "New protected link" }, "geometry": { "type": "LineString", "coordinates": [ [ 145.0670353, -38.2240984 ], [ 145.0666449, -38.2241731 ], [ 145.0663654, -38.2243757 ] ] } },
{ "type": "Feature", "properties": { "project_id": "SCC_00829", "scc_feature": 1122, "scc_source_id": "1122", "scc_type": "C2", "status": "missing_or_unverified", "mean_lts": 2.0, "connects_existing": false, "length_km": 0.092, "high_stress_km": 0.0, "project_type": "New protected link" }, "geometry": { "type": "LineString", "coordinates": [ [ 145.0724491, -38.2210966 ], [ 145.0734127, -38.2209412 ] ] } },
{ "type": "Feature", "properties": { "project_id": "SCC_00830", "scc_feature": 1122, "scc_source_id": "1122", "scc_type": "C2", "status": "missing_or_unverified", "mean_lts": 2.0, "connects_existing": true, "length_km": 0.111, "high_stress_km": 0.0, "project_type": "New protected link" }, "geometry": { "type": "LineString", "coordinates": [ [ 145.1069792, -38.2136386 ], [ 145.1078439, -38.2137697 ] ] } },
{ "type": "Feature", "properties": { "project_id": "SCC_00831", "scc_feature": 1123, "scc_source_id": "1123", "scc_type": "C2", "status": "missing_or_unverified", "mean_lts": 3.93, "connects_existing": false, "length_km": 2.328, "high_stress_km": 2.328, "project_type": "New protected link" }, "geometry": { "type": "MultiLineString", "coordinates": [ [ [ 145.0504269, -38.2253466 ], [ 145.0487324, -38.2263457 ] ], [ [ 145.0504269, -38.2253466 ], [ 145.0497852, -38.2258495 ], [ 145.0489086, -38.2265919 ] ], [ [ 145.0487253, -38.2261834 ], [ 145.050901, -38.2247056 ], [ 145.0523131, -38.2235846 ], [ 145.0527447, -38.2232494 ] ], [ [ 145.053215, -38.2231761 ], [ 145.051091, -38.224862 ], [ 145.0504269, -38.2253466 ] ], [ [ 145.0527447, -38.2232494 ], [ 145.0528147, -38.2227639 ] ], [ [ 145.053013, -38.2230375 ], [ 145.0533742, -38.2227732 ], [ 145.0565242, -38.2203022 ] ], [ [ 145.053997, -38.2225492 ], [ 145.053013, -38.2230375 ] ], [ [ 145.0527447, -38.2232494 ], [ 145.053013, -38.2230375 ] ], [ [ 145.053997, -38.2225492 ], [ 145.053215, -38.2231761 ] ], [ [ 145.0527447, -38.2232494 ], [ 145.053215, -38.2231761 ] ], [ [ 145.0567504, -38.2203871 ], [ 145.0564468, -38.2206344 ], [ 145.053997, -38.2225492 ] ] ] } },
{ "type": "Feature", "properties": { "project_id": "SCC_00832", "scc_feature": 1123, "scc_source_id": "1123", "scc_type": "C2", "status": "missing_or_unverified", "mean_lts": 3.07, "connects_existing": false, "length_km": 0.896, "high_stress_km": 0.478, "project_type": "New protected link" }, "geometry": { "type": "LineString", "coordinates": [ [ 145.104995, -38.1580059 ], [ 145.1060388, -38.1555987 ], [ 145.1086244, -38.1544689 ], [ 145.1081665, -38.1545246 ], [ 145.1073498, -38.1547728 ], [ 145.1058763, -38.1565873 ], [ 145.1053615, -38.1575162 ] ] } },
{ "type": "Feature", "properties": { "project_id": "SCC_00833", "scc_feature": 1123, "scc_source_id": "1123", "scc_type": "C2", "status": "missing_or_unverified", "mean_lts": 3.32, "connects_existing": true, "length_km": 1.468, "high_stress_km": 1.197, "project_type": "New protected link" }, "geometry": { "type": "MultiLineString", "coordinates": [ [ [ 145.1189026, -38.1461992 ], [ 145.1191514, -38.1458428 ], [ 145.1196022, -38.1451741 ] ], [ [ 145.1189026, -38.1461992 ], [ 145.1199984, -38.1452976 ] ], [ [ 145.1199984, -38.1452976 ], [ 145.1206991, -38.1442275 ], [ 145.1218514, -38.1446784 ] ], [ [ 145.1231369, -38.1452757 ], [ 145.1218514, -38.1446784 ] ], [ [ 145.1231369, -38.1452757 ], [ 145.123543, -38.1454625 ] ], [ [ 145.1251333, -38.1461908 ], [ 145.1264137, -38.1456525 ], [ 145.1256319, -38.1463249 ], [ 145.1251333, -38.1461908 ] ], [ [ 145.1251333, -38.1461908 ], [ 145.123543, -38.1454625 ] ], [ [ 145.1199984, -38.1452976 ], [ 145.1176997, -38.1472704 ] ], [ [ 145.1199984, -38.1452976 ], [ 145.1194336, -38.146406 ] ] ] } },
{ "type": "Feature", "properties": { "project_id": "SCC_00834", "scc_feature": 1123, "scc_source_id": "1123", "scc_type": "C2", "status": "missing_or_unverified", "mean_lts": 4.0, "connects_existing": false, "length_km": 0.236, "high_stress_km": 0.236, "project_type": "New protected link" }, "geometry": { "type": "LineString", "coordinates": [ [ 145.0960679, -38.1791466 ], [ 145.096606, -38.1768934 ] ] } },
{ "type": "Feature", "properties": { "project_id": "SCC_00835", "scc_feature": 1123, "scc_source_id": "1123", "scc_type": "C2", "status": "missing_or_unverified", "mean_lts": 4.0, "connects_existing": false, "length_km": 0.247, "high_stress_km": 0.247, "project_type": "New protected link" }, "geometry": { "type": "LineString", "coordinates": [ [ 145.1013329, -38.1689498 ], [ 145.1016188, -38.1667286 ] ] } },
{ "type": "Feature", "properties": { "project_id": "SCC_00836", "scc_feature": 1123, "scc_source_id": "1123", "scc_type": "C2", "status": "missing_or_unverified", "mean_lts": 4.0, "connects_existing": false, "length_km": 0.309, "high_stress_km": 0.309, "project_type": "New protected link" }, "geometry": { "type": "LineString", "coordinates": [ [ 145.0986738, -38.1728808 ], [ 145.1005231, -38.1702433 ] ] } },
{ "type": "Feature", "properties": { "project_id": "SCC_00837", "scc_feature": 1124, "scc_source_id": "1124", "scc_type": "C2", "status": "missing_or_unverified", "mean_lts": 4.0, "connects_existing": true, "length_km": 0.055, "high_stress_km": 0.055, "project_type": "New protected link" }, "geometry": { "type": "LineString", "coordinates": [ [ 145.1581202, -37.918419 ], [ 145.1586828, -37.9182115 ] ] } },
{ "type": "Feature", "properties": { "project_id": "SCC_00838", "scc_feature": 1124, "scc_source_id": "1124", "scc_type": "C2", "status": "missing_or_unverified", "mean_lts": 2.18, "connects_existing": true, "length_km": 0.504, "high_stress_km": 0.089, "project_type": "New protected link" }, "geometry": { "type": "LineString", "coordinates": [ [ 145.1594417, -37.9183405 ], [ 145.1598029, -37.9184543 ], [ 145.1605407, -37.9185199 ], [ 145.1639878, -37.9189703 ], [ 145.1649537, -37.9190124 ] ] } },
{ "type": "Feature", "properties": { "project_id": "SCC_00839", "scc_feature": 1125, "scc_source_id": "1125", "scc_type": "C2", "status": "missing_or_unverified", "mean_lts": 3.17, "connects_existing": false, "length_km": 0.614, "high_stress_km": 0.36, "project_type": "New protected link" }, "geometry": { "type": "MultiLineString", "coordinates": [ [ [ 145.1653493, -37.8338828 ], [ 145.1664684, -37.8341165 ] ], [ [ 145.1669205, -37.8342137 ], [ 145.1666449, -37.836165 ] ], [ [ 145.1662367, -37.8361316 ], [ 145.1666449, -37.836165 ] ], [ [ 145.1669205, -37.8342137 ], [ 145.1664684, -37.8341165 ] ], [ [ 145.1664684, -37.8341165 ], [ 145.1642711, -37.8338299 ] ] ] } },
{ "type": "Feature", "properties": { "project_id": "SCC_00840", "scc_feature": 1125, "scc_source_id": "1125", "scc_type": "C2", "status": "missing_or_unverified", "mean_lts": 2.11, "connects_existing": true, "length_km": 0.954, "high_stress_km": 0.103, "project_type": "New protected link" }, "geometry": { "type": "MultiLineString", "coordinates": [ [ [ 145.1664648, -37.8406862 ], [ 145.1662944, -37.8416028 ], [ 145.1661299, -37.8441145 ] ], [ [ 145.1664648, -37.8406862 ], [ 145.166909, -37.83835 ], [ 145.1662364, -37.8366002 ], [ 145.1665761, -37.8366505 ] ] ] } },
{ "type": "Feature", "properties": { "project_id": "SCC_00841", "scc_feature": 1126, "scc_source_id": "1126", "scc_type": "C2", "status": "missing_or_unverified", "mean_lts": 4.0, "connects_existing": false, "length_km": 0.088, "high_stress_km": 0.088, "project_type": "New protected link" }, "geometry": { "type": "LineString", "coordinates": [ [ 145.2313199, -37.8149395 ], [ 145.2317968, -37.8149467 ], [ 145.2314394, -37.8151666 ] ] } },
{ "type": "Feature", "properties": { "project_id": "SCC_00842", "scc_feature": 1126, "scc_source_id": "1126", "scc_type": "C2", "status": "missing_or_unverified", "mean_lts": 2.95, "connects_existing": true, "length_km": 0.565, "high_stress_km": 0.437, "project_type": "New protected link" }, "geometry": { "type": "LineString", "coordinates": [ [ 145.2475003, -37.8123786 ], [ 145.2464955, -37.812598 ], [ 145.2451341, -37.8130013 ], [ 145.2414337, -37.8138383 ] ] } },
{ "type": "Feature", "properties": { "project_id": "SCC_00843", "scc_feature": 1126, "scc_source_id": "1126", "scc_type": "C2", "status": "missing_or_unverified", "mean_lts": 2.37, "connects_existing": true, "length_km": 0.732, "high_stress_km": 0.268, "project_type": "New protected link" }, "geometry": { "type": "MultiLineString", "coordinates": [ [ [ 145.249713, -37.8115193 ], [ 145.2525676, -37.8108948 ] ], [ [ 145.256816, -37.8089661 ], [ 145.2558277, -37.8099338 ], [ 145.2546271, -37.8102675 ], [ 145.2536202, -37.810577 ], [ 145.2525676, -37.8108948 ] ] ] } },
{ "type": "Feature", "properties": { "project_id": "SCC_00844", "scc_feature": 1126, "scc_source_id": "1126", "scc_type": "C2", "status": "missing_or_unverified", "mean_lts": 1.3, "connects_existing": true, "length_km": 0.713, "high_stress_km": 0.0, "project_type": "New protected link" }, "geometry": { "type": "MultiLineString", "coordinates": [ [ [ 145.2579826, -37.8091096 ], [ 145.2605667, -37.8083907 ] ], [ [ 145.2628644, -37.8077668 ], [ 145.2605667, -37.8083907 ] ], [ [ 145.2628644, -37.8077668 ], [ 145.265617, -37.8071224 ] ] ] } },
{ "type": "Feature", "properties": { "project_id": "SCC_00845", "scc_feature": 1126, "scc_source_id": "1126", "scc_type": "C2", "status": "missing_or_unverified", "mean_lts": 2.0, "connects_existing": true, "length_km": 0.217, "high_stress_km": 0.0, "project_type": "New protected link" }, "geometry": { "type": "LineString", "coordinates": [ [ 145.2732334, -37.8010159 ], [ 145.2729691, -37.8011472 ], [ 145.2719914, -37.8026469 ] ] } },
{ "type": "Feature", "properties": { "project_id": "SCC_00846", "scc_feature": 1126, "scc_source_id": "1126", "scc_type": "C2", "status": "missing_or_unverified", "mean_lts": 4.0, "connects_existing": true, "length_km": 0.884, "high_stress_km": 0.884, "project_type": "New protected link" }, "geometry": { "type": "MultiLineString", "coordinates": [ [ [ 145.2722206, -37.8006135 ], [ 145.2726926, -37.8008277 ] ], [ [ 145.2726184, -37.8006014 ], [ 145.272837, -37.8004784 ] ], [ [ 145.272837, -37.8004784 ], [ 145.2730218, -37.8003459 ] ], [ [ 145.2726926, -37.8008277 ], [ 145.272837, -37.8004784 ] ], [ [ 145.2730218, -37.8003459 ], [ 145.2728913, -37.8005873 ], [ 145.2726926, -37.8008277 ] ], [ [ 145.2730218, -37.8003459 ], [ 145.2756293, -37.7981131 ], [ 145.2770011, -37.7972409 ] ], [ [ 145.2726926, -37.8008277 ], [ 145.2730328, -37.8008508 ] ], [ [ 145.2786134, -37.7962822 ], [ 145.2780371, -37.7966432 ], [ 145.2770011, -37.7972409 ] ] ] } },
{ "type": "Feature", "properties": { "project_id": "SCC_00847", "scc_feature": 1126, "scc_source_id": "1126", "scc_type": "C2", "status": "missing_or_unverified", "mean_lts": 2.0, "connects_existing": false, "length_km": 0.174, "high_stress_km": 0.0, "project_type": "New protected link" }, "geometry": { "type": "LineString", "coordinates": [ [ 145.2792747, -37.7966613 ], [ 145.2799967, -37.7958878 ], [ 145.2804189, -37.7958039 ] ] } },
{ "type": "Feature", "properties": { "project_id": "SCC_00848", "scc_feature": 1126, "scc_source_id": "1126", "scc_type": "C2", "status": "missing_or_unverified", "mean_lts": 4.0, "connects_existing": false, "length_km": 0.225, "high_stress_km": 0.225, "project_type": "New protected link" }, "geometry": { "type": "LineString", "coordinates": [ [ 145.2331901, -37.8136879 ], [ 145.2310664, -37.8146113 ] ] } },
{ "type": "Feature", "properties": { "project_id": "SCC_00849", "scc_feature": 1127, "scc_source_id": "1127", "scc_type": "C2", "status": "missing_or_unverified", "mean_lts": 4.0, "connects_existing": true, "length_km": 0.178, "high_stress_km": 0.178, "project_type": "New protected link" }, "geometry": { "type": "LineString", "coordinates": [ [ 145.2767767, -37.7888112 ], [ 145.2769886, -37.7904455 ] ] } },
{ "type": "Feature", "properties": { "project_id": "SCC_00850", "scc_feature": 1127, "scc_source_id": "1127", "scc_type": "C2", "status": "missing_or_unverified", "mean_lts": 4.0, "connects_existing": false, "length_km": 0.305, "high_stress_km": 0.305, "project_type": "New protected link" }, "geometry": { "type": "MultiLineString", "coordinates": [ [ [ 145.2817464, -37.7943903 ], [ 145.2813032, -37.7944019 ] ], [ [ 145.2791852, -37.7926856 ], [ 145.2813032, -37.7944019 ] ] ] } },
{ "type": "Feature", "properties": { "project_id": "SCC_00851", "scc_feature": 1128, "scc_source_id": "1128", "scc_type": "C2", "status": "missing_or_unverified", "mean_lts": 4.0, "connects_existing": false, "length_km": 0.142, "high_stress_km": 0.142, "project_type": "New protected link" }, "geometry": { "type": "LineString", "coordinates": [ [ 145.2819838, -37.7949255 ], [ 145.2812761, -37.7960597 ] ] } },
{ "type": "Feature", "properties": { "project_id": "SCC_00852", "scc_feature": 1131, "scc_source_id": "1131", "scc_type": "C2", "status": "missing_or_unverified", "mean_lts": 3.68, "connects_existing": true, "length_km": 0.114, "high_stress_km": 0.114, "project_type": "New protected link" }, "geometry": { "type": "MultiLineString", "coordinates": [ [ [ 145.2247198, -37.9957285 ], [ 145.2251347, -37.9959962 ] ], [ [ 145.2246569, -37.9955023 ], [ 145.2247198, -37.9957285 ] ], [ [ 145.2247198, -37.9957285 ], [ 145.2246916, -37.9959534 ] ] ] } },
{ "type": "Feature", "properties": { "project_id": "SCC_00853", "scc_feature": 1131, "scc_source_id": "1131", "scc_type": "C2", "status": "missing_or_unverified", "mean_lts": 3.0, "connects_existing": true, "length_km": 0.408, "high_stress_km": 0.408, "project_type": "New protected link" }, "geometry": { "type": "LineString", "coordinates": [ [ 145.2328189, -37.9975268 ], [ 145.2345448, -37.9977419 ], [ 145.2364184, -37.9979683 ], [ 145.237391, -37.9982533 ] ] } },
{ "type": "Feature", "properties": { "project_id": "SCC_00855", "scc_feature": 1131, "scc_source_id": "1131", "scc_type": "C2", "status": "missing_or_unverified", "mean_lts": 4.0, "connects_existing": false, "length_km": 0.19, "high_stress_km": 0.19, "project_type": "New protected link" }, "geometry": { "type": "LineString", "coordinates": [ [ 145.2282349, -37.9963583 ], [ 145.2303744, -37.9964176 ] ] } },
{ "type": "Feature", "properties": { "project_id": "SCC_00857", "scc_feature": 1135, "scc_source_id": "1135", "scc_type": "C2", "status": "missing_or_unverified", "mean_lts": 3.44, "connects_existing": true, "length_km": 0.148, "high_stress_km": 0.148, "project_type": "New protected link" }, "geometry": { "type": "MultiLineString", "coordinates": [ [ [ 145.2812761, -37.7960597 ], [ 145.2820017, -37.7961153 ] ], [ [ 145.2829298, -37.7962551 ], [ 145.2820017, -37.7961153 ] ] ] } },
{ "type": "Feature", "properties": { "project_id": "SCC_00858", "scc_feature": 1136, "scc_source_id": "1136", "scc_type": "C2", "status": "missing_or_unverified", "mean_lts": 3.31, "connects_existing": true, "length_km": 0.321, "high_stress_km": 0.321, "project_type": "New protected link" }, "geometry": { "type": "MultiLineString", "coordinates": [ [ [ 145.1689435, -37.9232651 ], [ 145.1691532, -37.9221509 ] ], [ [ 145.1694284, -37.9202266 ], [ 145.1694487, -37.9207857 ], [ 145.1691532, -37.9221509 ] ] ] } },
{ "type": "Feature", "properties": { "project_id": "SCC_00859", "scc_feature": 1139, "scc_source_id": "1139", "scc_type": "C2", "status": "missing_or_unverified", "mean_lts": 4.0, "connects_existing": true, "length_km": 0.081, "high_stress_km": 0.081, "project_type": "New protected link" }, "geometry": { "type": "LineString", "coordinates": [ [ 145.2646656, -38.0480079 ], [ 145.2648559, -38.0476683 ], [ 145.2648713, -38.0479839 ] ] } },
{ "type": "Feature", "properties": { "project_id": "SCC_00860", "scc_feature": 1139, "scc_source_id": "1139", "scc_type": "C2", "status": "missing_or_unverified", "mean_lts": 4.0, "connects_existing": true, "length_km": 0.382, "high_stress_km": 0.382, "project_type": "New protected link" }, "geometry": { "type": "LineString", "coordinates": [ [ 145.2675399, -38.0329104 ], [ 145.2679904, -38.0321691 ], [ 145.267801, -38.033437 ], [ 145.2675352, -38.0335953 ], [ 145.2675399, -38.0329104 ] ] } },
{ "type": "Feature", "properties": { "project_id": "SCC_00862", "scc_feature": 1141, "scc_source_id": "1141", "scc_type": "C2", "status": "missing_or_unverified", "mean_lts": 4.0, "connects_existing": true, "length_km": 0.758, "high_stress_km": 0.758, "project_type": "New protected link" }, "geometry": { "type": "MultiLineString", "coordinates": [ [ [ 145.2307376, -37.8122091 ], [ 145.2308825, -37.8137523 ], [ 145.2309184, -37.8141494 ], [ 145.2310664, -37.8146113 ], [ 145.2308466, -37.8143015 ], [ 145.2307376, -37.8122091 ] ], [ [ 145.2307064, -37.8106585 ], [ 145.2307376, -37.8122091 ] ] ] } },
{ "type": "Feature", "properties": { "project_id": "SCC_00863", "scc_feature": 1141, "scc_source_id": "1141", "scc_type": "C2", "status": "missing_or_unverified", "mean_lts": 2.55, "connects_existing": true, "length_km": 0.327, "high_stress_km": 0.18, "project_type": "New protected link" }, "geometry": { "type": "MultiLineString", "coordinates": [ [ [ 145.2651981, -37.7857033 ], [ 145.2668327, -37.7867007 ] ], [ [ 145.2681062, -37.787116 ], [ 145.2668327, -37.7867007 ] ] ] } },
{ "type": "Feature", "properties": { "project_id": "SCC_00864", "scc_feature": 1141, "scc_source_id": "1141", "scc_type": "C2", "status": "missing_or_unverified", "mean_lts": 3.32, "connects_existing": false, "length_km": 1.226, "high_stress_km": 0.811, "project_type": "New protected link" }, "geometry": { "type": "MultiLineString", "coordinates": [ [ [ 145.2694411, -37.7887938 ], [ 145.2733773, -37.7875178 ] ], [ [ 145.2754265, -37.7868088 ], [ 145.2733773, -37.7875178 ] ], [ [ 145.2754265, -37.7868088 ], [ 145.2712902, -37.7883884 ] ], [ [ 145.2733773, -37.7875178 ], [ 145.2712902, -37.7883884 ] ] ] } },
{ "type": "Feature", "properties": { "project_id": "SCC_00865", "scc_feature": 1142, "scc_source_id": "1142", "scc_type": "C2", "status": "missing_or_unverified", "mean_lts": 3.52, "connects_existing": true, "length_km": 1.01, "high_stress_km": 0.766, "project_type": "New protected link" }, "geometry": { "type": "MultiLineString", "coordinates": [ [ [ 145.2370618, -37.8696118 ], [ 145.2365202, -37.8694414 ], [ 145.2357528, -37.8692046 ] ], [ [ 145.2370618, -37.8696118 ], [ 145.236538, -37.869649 ] ], [ [ 145.2375603, -37.8696823 ], [ 145.2370618, -37.8696118 ] ], [ [ 145.2358158, -37.8689442 ], [ 145.2372241, -37.869479 ], [ 145.2375603, -37.8696823 ] ], [ [ 145.2389573, -37.8702169 ], [ 145.237897, -37.8698676 ] ], [ [ 145.237897, -37.8698676 ], [ 145.2375603, -37.8696823 ] ], [ [ 145.237897, -37.8698676 ], [ 145.2392335, -37.8705545 ], [ 145.2389573, -37.8702169 ] ], [ [ 145.2375603, -37.8696823 ], [ 145.2379574, -37.8697153 ], [ 145.2396173, -37.8701907 ], [ 145.2389573, -37.8702169 ] ] ] } },
{ "type": "Feature", "properties": { "project_id": "SCC_00866", "scc_feature": 1142, "scc_source_id": "1142", "scc_type": "C2", "status": "missing_or_unverified", "mean_lts": 3.46, "connects_existing": true, "length_km": 5.387, "high_stress_km": 4.031, "project_type": "New protected link" }, "geometry": { "type": "MultiLineString", "coordinates": [ [ [ 145.2526229, -37.8745211 ], [ 145.253704, -37.8749607 ], [ 145.2578742, -37.8760228 ] ], [ [ 145.2587517, -37.8769009 ], [ 145.2623284, -37.8780713 ], [ 145.264061, -37.8783672 ] ], [ [ 145.2605018, -37.8769358 ], [ 145.2622939, -37.8776022 ] ], [ [ 145.264061, -37.8783672 ], [ 145.2623673, -37.8778646 ], [ 145.2587793, -37.8766941 ], [ 145.2578742, -37.8760228 ] ], [ [ 145.2622939, -37.8776022 ], [ 145.2646312, -37.8782945 ] ], [ [ 145.264061, -37.8783672 ], [ 145.2646312, -37.8782945 ] ], [ [ 145.2646312, -37.8782945 ], [ 145.2653647, -37.8785306 ], [ 145.2681467, -37.8796531 ] ], [ [ 145.264061, -37.8783672 ], [ 145.2651691, -37.8786269 ], [ 145.2681467, -37.8796531 ] ], [ [ 145.2716235, -37.8807315 ], [ 145.272778, -37.8809558 ], [ 145.2735183, -37.8813902 ] ], [ [ 145.2735183, -37.8813902 ], [ 145.2730536, -37.8813293 ], [ 145.2716235, -37.8807315 ] ], [ [ 145.2768132, -37.8829615 ], [ 145.2774207, -37.8827541 ], [ 145.2769016, -37.8825843 ], [ 145.2756376, -37.8821783 ], [ 145.2751526, -37.882009 ] ], [ [ 145.2578742, -37.8760228 ], [ 145.2622939, -37.8776022 ] ], [ [ 145.2578742, -37.8760228 ], [ 145.2565871, -37.8761209 ] ], [ [ 145.2681467, -37.8796531 ], [ 145.2668344, -37.8793724 ], [ 145.2653438, -37.8789359 ], [ 145.264061, -37.8783672 ] ], [ [ 145.2751526, -37.882009 ], [ 145.2735183, -37.8813902 ] ], [ [ 145.2751526, -37.882009 ], [ 145.2776069, -37.8825676 ] ], [ [ 145.2681467, -37.8796531 ], [ 145.2716235, -37.8807315 ] ], [ [ 145.2622939, -37.8776022 ], [ 145.264061, -37.8783672 ] ], [ [ 145.2716235, -37.8807315 ], [ 145.2735183, -37.8813902 ] ] ] } },
{ "type": "Feature", "properties": { "project_id": "SCC_00869", "scc_feature": 1161, "scc_source_id": "1161", "scc_type": "C2", "status": "missing_or_unverified", "mean_lts": 4.0, "connects_existing": true, "length_km": 0.059, "high_stress_km": 0.059, "project_type": "New protected link" }, "geometry": { "type": "MultiLineString", "coordinates": [ [ [ 145.1535783, -37.7037627 ], [ 145.1542882, -37.703954 ] ], [ [ 145.1535783, -37.7037627 ], [ 145.154032, -37.7042204 ] ], [ [ 145.1536058, -37.7044841 ], [ 145.1535783, -37.7037627 ] ] ] } },
{ "type": "Feature", "properties": { "project_id": "SCC_00870", "scc_feature": 1161, "scc_source_id": "1161", "scc_type": "C2", "status": "missing_or_unverified", "mean_lts": 4.0, "connects_existing": true, "length_km": 0.615, "high_stress_km": 0.615, "project_type": "New protected link" }, "geometry": { "type": "MultiLineString", "coordinates": [ [ [ 145.1855754, -37.7019524 ], [ 145.1866053, -37.7015807 ] ], [ [ 145.1892785, -37.7003331 ], [ 145.1869265, -37.7014325 ], [ 145.1866053, -37.7015807 ] ], [ [ 145.1892785, -37.7003331 ], [ 145.1917307, -37.6993073 ] ] ] } },
{ "type": "Feature", "properties": { "project_id": "SCC_00871", "scc_feature": 1161, "scc_source_id": "1161", "scc_type": "C2", "status": "missing_or_unverified", "mean_lts": 2.0, "connects_existing": false, "length_km": 0.181, "high_stress_km": 0.0, "project_type": "New protected link" }, "geometry": { "type": "LineString", "coordinates": [ [ 145.1531766, -37.6989259 ], [ 145.1512298, -37.6987602 ] ] } },
{ "type": "Feature", "properties": { "project_id": "SCC_00872", "scc_feature": 1161, "scc_source_id": "1161", "scc_type": "C2", "status": "missing_or_unverified", "mean_lts": 1.0, "connects_existing": true, "length_km": 0.209, "high_stress_km": 0.0, "project_type": "New protected link" }, "geometry": { "type": "LineString", "coordinates": [ [ 145.1506956, -37.6951559 ], [ 145.1488771, -37.6957672 ] ] } },
{ "type": "Feature", "properties": { "project_id": "SCC_00873", "scc_feature": 1163, "scc_source_id": "1163", "scc_type": "C2", "status": "missing_or_unverified", "mean_lts": 4.0, "connects_existing": false, "length_km": 0.388, "high_stress_km": 0.388, "project_type": "New protected link" }, "geometry": { "type": "LineString", "coordinates": [ [ 145.2828151, -38.1130153 ], [ 145.2822108, -38.1130064 ], [ 145.2807338, -38.1127595 ], [ 145.2828151, -38.1130153 ] ] } },
{ "type": "Feature", "properties": { "project_id": "SCC_00874", "scc_feature": 1164, "scc_source_id": "1164", "scc_type": "C2", "status": "missing_or_unverified", "mean_lts": 3.24, "connects_existing": false, "length_km": 0.703, "high_stress_km": 0.474, "project_type": "New protected link" }, "geometry": { "type": "MultiLineString", "coordinates": [ [ [ 145.2818334, -38.1052598 ], [ 145.2817844, -38.10443 ], [ 145.2819535, -38.1035403 ], [ 145.282157, -38.1026421 ], [ 145.2825525, -38.1018278 ] ], [ [ 145.2825805, -38.1011163 ], [ 145.2823369, -38.101293 ], [ 145.2825525, -38.1018278 ] ], [ [ 145.2825525, -38.1018278 ], [ 145.2826268, -38.1035231 ] ] ] } },
{ "type": "Feature", "properties": { "project_id": "SCC_00875", "scc_feature": 1164, "scc_source_id": "1164", "scc_type": "C2", "status": "missing_or_unverified", "mean_lts": 2.0, "connects_existing": false, "length_km": 0.212, "high_stress_km": 0.0, "project_type": "New protected link" }, "geometry": { "type": "LineString", "coordinates": [ [ 145.2822362, -38.1036436 ], [ 145.2822979, -38.1044195 ], [ 145.2819774, -38.1054422 ] ] } },
{ "type": "Feature", "properties": { "project_id": "SCC_00876", "scc_feature": 1165, "scc_source_id": "1165", "scc_type": "C2", "status": "missing_or_unverified", "mean_lts": 2.82, "connects_existing": true, "length_km": 0.546, "high_stress_km": 0.445, "project_type": "New protected link" }, "geometry": { "type": "LineString", "coordinates": [ [ 145.1807079, -37.9006024 ], [ 145.1830442, -37.9004042 ], [ 145.1847996, -37.8988542 ], [ 145.1850557, -37.8986148 ], [ 145.1853236, -37.8983576 ], [ 145.1855888, -37.8982085 ] ] } },
{ "type": "Feature", "properties": { "project_id": "SCC_00877", "scc_feature": 1166, "scc_source_id": "1166", "scc_type": "C2", "status": "missing_or_unverified", "mean_lts": 4.0, "connects_existing": true, "length_km": 1.535, "high_stress_km": 1.535, "project_type": "New protected link" }, "geometry": { "type": "MultiLineString", "coordinates": [ [ [ 145.1587953, -37.8607443 ], [ 145.1583985, -37.860702 ], [ 145.1563134, -37.8604441 ], [ 145.1560755, -37.8604133 ], [ 145.1554408, -37.8603403 ], [ 145.1550215, -37.8602887 ] ], [ [ 145.1587953, -37.8607443 ], [ 145.1605743, -37.8609704 ] ], [ [ 145.1618438, -37.8611164 ], [ 145.1605743, -37.8609704 ] ], [ [ 145.1655152, -37.8615792 ], [ 145.1660025, -37.8616408 ], [ 145.1668752, -37.8617446 ], [ 145.1672831, -37.861796 ], [ 145.1677024, -37.8618476 ], [ 145.1681103, -37.861899 ] ], [ [ 145.1655152, -37.8615792 ], [ 145.1644046, -37.8614447 ] ], [ [ 145.1681103, -37.861899 ], [ 145.1686446, -37.8618983 ], [ 145.1690742, -37.8619951 ] ], [ [ 145.1690742, -37.8619951 ], [ 145.1687442, -37.862008 ], [ 145.1681103, -37.861899 ] ], [ [ 145.1691404, -37.8616176 ], [ 145.1695287, -37.8620021 ] ], [ [ 145.1695287, -37.8620021 ], [ 145.1698337, -37.862079 ], [ 145.169561, -37.8620747 ], [ 145.1690742, -37.8619951 ] ], [ [ 145.1690742, -37.8619951 ], [ 145.1695287, -37.8620021 ] ], [ [ 145.1618438, -37.8611164 ], [ 145.1644046, -37.8614447 ] ] ] } },
{ "type": "Feature", "properties": { "project_id": "SCC_00878", "scc_feature": 1166, "scc_source_id": "1166", "scc_type": "C2", "status": "missing_or_unverified", "mean_lts": 4.0, "connects_existing": true, "length_km": 0.507, "high_stress_km": 0.507, "project_type": "New protected link" }, "geometry": { "type": "LineString", "coordinates": [ [ 145.2012332, -37.8591384 ], [ 145.2046474, -37.8594339 ], [ 145.2072783, -37.8596903 ], [ 145.2044381, -37.859629 ] ] } },
{ "type": "Feature", "properties": { "project_id": "SCC_00879", "scc_feature": 1170, "scc_source_id": "1170", "scc_type": "C2", "status": "missing_or_unverified", "mean_lts": 3.0, "connects_existing": true, "length_km": 0.116, "high_stress_km": 0.116, "project_type": "New protected link" }, "geometry": { "type": "LineString", "coordinates": [ [ 145.3420371, -37.760494 ], [ 145.3425124, -37.7595454 ] ] } },
{ "type": "Feature", "properties": { "project_id": "SCC_00880", "scc_feature": 1170, "scc_source_id": "1170", "scc_type": "C2", "status": "missing_or_unverified", "mean_lts": 4.0, "connects_existing": true, "length_km": 0.187, "high_stress_km": 0.187, "project_type": "New protected link" }, "geometry": { "type": "MultiLineString", "coordinates": [ [ [ 145.3457869, -37.7567615 ], [ 145.3449143, -37.7577136 ] ], [ [ 145.3457869, -37.7567615 ], [ 145.3462765, -37.7566963 ] ] ] } },
{ "type": "Feature", "properties": { "project_id": "SCC_00881", "scc_feature": 1171, "scc_source_id": "1171", "scc_type": "C2", "status": "missing_or_unverified", "mean_lts": 4.0, "connects_existing": false, "length_km": 1.982, "high_stress_km": 1.982, "project_type": "New protected link" }, "geometry": { "type": "MultiLineString", "coordinates": [ [ [ 145.3259198, -38.1274706 ], [ 145.3254246, -38.1271752 ], [ 145.3257659, -38.1272161 ], [ 145.3259198, -38.1274706 ] ], [ [ 145.3259198, -38.1274706 ], [ 145.327978, -38.1292663 ], [ 145.3321295, -38.1328309 ], [ 145.3342695, -38.1345555 ], [ 145.3364289, -38.1349285 ], [ 145.3408087, -38.1354951 ], [ 145.3429932, -38.1357693 ] ] ] } },
{ "type": "Feature", "properties": { "project_id": "SCC_00882", "scc_feature": 1172, "scc_source_id": "1172", "scc_type": "C2", "status": "missing_or_unverified", "mean_lts": 3.4, "connects_existing": true, "length_km": 0.294, "high_stress_km": 0.206, "project_type": "New protected link" }, "geometry": { "type": "MultiLineString", "coordinates": [ [ [ 145.3483877, -37.7572126 ], [ 145.3469717, -37.7565709 ] ], [ [ 145.349707, -37.7576096 ], [ 145.3483877, -37.7572126 ] ], [ [ 145.3483877, -37.7572126 ], [ 145.349191, -37.757332 ] ] ] } },
{ "type": "Feature", "properties": { "project_id": "SCC_00883", "scc_feature": 1173, "scc_source_id": "1173", "scc_type": "C2", "status": "missing_or_unverified", "mean_lts": 3.8, "connects_existing": true, "length_km": 2.336, "high_stress_km": 2.104, "project_type": "New protected link" }, "geometry": { "type": "MultiLineString", "coordinates": [ [ [ 145.2790495, -37.8831204 ], [ 145.2816241, -37.883888 ], [ 145.2819833, -37.8840915 ], [ 145.2835729, -37.8851691 ], [ 145.2838491, -37.8855156 ], [ 145.2841399, -37.8857271 ], [ 145.2843632, -37.8859016 ], [ 145.2851449, -37.8865168 ], [ 145.2862932, -37.8875069 ] ], [ [ 145.2854627, -37.8870351 ], [ 145.2847483, -37.886457 ], [ 145.2839885, -37.8858781 ], [ 145.283374, -37.8854096 ], [ 145.2818545, -37.8842519 ], [ 145.2806718, -37.883766 ], [ 145.2788089, -37.883198 ] ], [ [ 145.2854627, -37.8870351 ], [ 145.28678, -37.8880907 ] ], [ [ 145.2862932, -37.8875069 ], [ 145.2854627, -37.8870351 ] ], [ [ 145.28678, -37.8880907 ], [ 145.2862932, -37.8875069 ] ], [ [ 145.2875413, -37.8886065 ], [ 145.28678, -37.8880907 ] ], [ [ 145.2875413, -37.8886065 ], [ 145.287826, -37.8890792 ] ], [ [ 145.2862932, -37.8875069 ], [ 145.2875413, -37.8886065 ] ] ] } },
{ "type": "Feature", "properties": { "project_id": "SCC_00884", "scc_feature": 1175, "scc_source_id": "1175", "scc_type": "C2", "status": "missing_or_unverified", "mean_lts": 3.2, "connects_existing": false, "length_km": 0.695, "high_stress_km": 0.695, "project_type": "New protected link" }, "geometry": { "type": "LineString", "coordinates": [ [ 145.1700978, -37.8826484 ], [ 145.1724216, -37.8829368 ], [ 145.1737367, -37.8830924 ], [ 145.1763783, -37.8834037 ], [ 145.1774327, -37.8835282 ], [ 145.1775316, -37.8832053 ] ] } },
{ "type": "Feature", "properties": { "project_id": "SCC_00885", "scc_feature": 1175, "scc_source_id": "1175", "scc_type": "C2", "status": "missing_or_unverified", "mean_lts": 2.39, "connects_existing": true, "length_km": 1.031, "high_stress_km": 0.397, "project_type": "New protected link" }, "geometry": { "type": "LineString", "coordinates": [ [ 145.1787106, -37.8833497 ], [ 145.1811936, -37.8836405 ], [ 145.1818965, -37.8837234 ], [ 145.1875093, -37.8843597 ], [ 145.1887904, -37.8845146 ], [ 145.1903097, -37.8846912 ] ] } },
{ "type": "Feature", "properties": { "project_id": "SCC_00887", "scc_feature": 1184, "scc_source_id": "1184", "scc_type": "C2", "status": "missing_or_unverified", "mean_lts": 4.0, "connects_existing": true, "length_km": 0.165, "high_stress_km": 0.165, "project_type": "New protected link" }, "geometry": { "type": "LineString", "coordinates": [ [ 145.2246916, -37.9959534 ], [ 145.2236846, -37.9947396 ] ] } },
{ "type": "Feature", "properties": { "project_id": "SCC_00888", "scc_feature": 1188, "scc_source_id": "1188", "scc_type": "C2", "status": "missing_or_unverified", "mean_lts": 2.0, "connects_existing": true, "length_km": 0.15, "high_stress_km": 0.0, "project_type": "New protected link" }, "geometry": { "type": "MultiLineString", "coordinates": [ [ [ 145.2600836, -38.0658466 ], [ 145.2592473, -38.0660235 ] ], [ [ 145.258219, -38.0661254 ], [ 145.2592473, -38.0660235 ] ] ] } },
{ "type": "Feature", "properties": { "project_id": "SCC_00890", "scc_feature": 1194, "scc_source_id": "1194", "scc_type": "C2", "status": "missing_or_unverified", "mean_lts": 4.0, "connects_existing": true, "length_km": 1.468, "high_stress_km": 1.468, "project_type": "New protected link" }, "geometry": { "type": "MultiLineString", "coordinates": [ [ [ 145.2778845, -37.8818777 ], [ 145.2778984, -37.8822564 ], [ 145.2776069, -37.8825676 ], [ 145.2778845, -37.8818777 ] ], [ [ 145.2778845, -37.8818777 ], [ 145.2779945, -37.8800859 ] ], [ [ 145.2780499, -37.8786809 ], [ 145.2781421, -37.8776548 ], [ 145.2781822, -37.8769074 ], [ 145.2783201, -37.8748907 ] ], [ [ 145.2780499, -37.8786809 ], [ 145.2781929, -37.8788902 ], [ 145.2779945, -37.8800859 ] ], [ [ 145.2802373, -37.8711607 ], [ 145.2794369, -37.8728253 ], [ 145.2787824, -37.8740774 ], [ 145.2783201, -37.8748907 ] ], [ [ 145.2802373, -37.8711607 ], [ 145.2804961, -37.870786 ] ] ] } },
{ "type": "Feature", "properties": { "project_id": "SCC_00891", "scc_feature": 1196, "scc_source_id": "1196", "scc_type": "C2", "status": "missing_or_unverified", "mean_lts": 4.0, "connects_existing": false, "length_km": 0.258, "high_stress_km": 0.258, "project_type": "New protected link" }, "geometry": { "type": "MultiLineString", "coordinates": [ [ [ 145.2851288, -38.1018745 ], [ 145.2833627, -38.1008304 ] ], [ [ 145.2828064, -38.1007231 ], [ 145.2833627, -38.1008304 ] ] ] } },
{ "type": "Feature", "properties": { "project_id": "SCC_00892", "scc_feature": 1198, "scc_source_id": "1198", "scc_type": "C2", "status": "missing_or_unverified", "mean_lts": 2.0, "connects_existing": false, "length_km": 0.26, "high_stress_km": 0.0, "project_type": "New protected link" }, "geometry": { "type": "LineString", "coordinates": [ [ 145.282658, -38.1007299 ], [ 145.2828148, -38.0989028 ], [ 145.2830261, -38.0986446 ] ] } },
{ "type": "Feature", "properties": { "project_id": "SCC_00893", "scc_feature": 1198, "scc_source_id": "1198", "scc_type": "C2", "status": "missing_or_unverified", "mean_lts": 2.84, "connects_existing": false, "length_km": 0.196, "high_stress_km": 0.165, "project_type": "New protected link" }, "geometry": { "type": "LineString", "coordinates": [ [ 145.2835053, -38.0981469 ], [ 145.2834306, -38.0984162 ], [ 145.2833257, -38.0990004 ], [ 145.2830445, -38.0998074 ] ] } },
{ "type": "Feature", "properties": { "project_id": "SCC_00894", "scc_feature": 1198, "scc_source_id": "1198", "scc_type": "C2", "status": "missing_or_unverified", "mean_lts": 4.0, "connects_existing": true, "length_km": 0.595, "high_stress_km": 0.595, "project_type": "New protected link" }, "geometry": { "type": "MultiLineString", "coordinates": [ [ [ 145.2867134, -38.0984821 ], [ 145.2880322, -38.0986546 ], [ 145.2893061, -38.0987993 ], [ 145.2903294, -38.0989313 ], [ 145.2918485, -38.0998096 ] ], [ [ 145.2924034, -38.1004665 ], [ 145.2918485, -38.0998096 ] ] ] } },
{ "type": "Feature", "properties": { "project_id": "SCC_00895", "scc_feature": 1199, "scc_source_id": "1199", "scc_type": "C2", "status": "missing_or_unverified", "mean_lts": 3.66, "connects_existing": true, "length_km": 0.139, "high_stress_km": 0.139, "project_type": "New protected link" }, "geometry": { "type": "MultiLineString", "coordinates": [ [ [ 145.2925745, -38.0999733 ], [ 145.2927562, -38.1004986 ] ], [ [ 145.2925745, -38.0999733 ], [ 145.2924034, -38.1004665 ], [ 145.2924139, -38.100016 ] ] ] } },
{ "type": "Feature", "properties": { "project_id": "SCC_00897", "scc_feature": 1202, "scc_source_id": "1202", "scc_type": "C2", "status": "missing_or_unverified", "mean_lts": 4.0, "connects_existing": true, "length_km": 0.326, "high_stress_km": 0.326, "project_type": "New protected link" }, "geometry": { "type": "MultiLineString", "coordinates": [ [ [ 145.2947254, -38.0879017 ], [ 145.2950959, -38.0861858 ] ], [ [ 145.2950959, -38.0861858 ], [ 145.2953077, -38.0854139 ], [ 145.2953333, -38.0848015 ] ], [ [ 145.2957892, -38.0848081 ], [ 145.2950959, -38.0861858 ] ] ] } },
{ "type": "Feature", "properties": { "project_id": "SCC_00898", "scc_feature": 1204, "scc_source_id": "1204", "scc_type": "C2", "status": "missing_or_unverified", "mean_lts": 4.0, "connects_existing": true, "length_km": 2.042, "high_stress_km": 2.042, "project_type": "New protected link" }, "geometry": { "type": "MultiLineString", "coordinates": [ [ [ 145.2880455, -38.0540824 ], [ 145.2884225, -38.0550251 ] ], [ [ 145.2880455, -38.0540824 ], [ 145.2873272, -38.05263 ], [ 145.2868551, -38.0518571 ], [ 145.2866025, -38.0514479 ] ], [ [ 145.2902173, -38.0577277 ], [ 145.2903897, -38.0581538 ], [ 145.2910595, -38.0597406 ] ], [ [ 145.2902173, -38.0577277 ], [ 145.2897414, -38.057117 ], [ 145.2884225, -38.0550251 ] ], [ [ 145.2934014, -38.0634334 ], [ 145.2935908, -38.0636254 ], [ 145.294398, -38.0642049 ] ], [ [ 145.2934014, -38.0634334 ], [ 145.2928039, -38.0626588 ], [ 145.2924356, -38.0618333 ], [ 145.2922996, -38.0613087 ], [ 145.2917183, -38.0603269 ], [ 145.2910595, -38.0597406 ] ], [ [ 145.2963192, -38.0649177 ], [ 145.2972623, -38.0650485 ], [ 145.2990361, -38.0652364 ] ], [ [ 145.2963192, -38.0649177 ], [ 145.294398, -38.0642049 ] ] ] } },
{ "type": "Feature", "properties": { "project_id": "SCC_00899", "scc_feature": 1207, "scc_source_id": "1207", "scc_type": "C2", "status": "missing_or_unverified", "mean_lts": 3.49, "connects_existing": true, "length_km": 0.959, "high_stress_km": 0.756, "project_type": "New protected link" }, "geometry": { "type": "MultiLineString", "coordinates": [ [ [ 145.2369382, -37.8647794 ], [ 145.2373788, -37.8648942 ] ], [ [ 145.2369382, -37.8647794 ], [ 145.2364869, -37.8646375 ] ], [ [ 145.2373788, -37.8648942 ], [ 145.2362583, -37.8670763 ] ], [ [ 145.2362583, -37.8670763 ], [ 145.2356799, -37.8684465 ] ], [ [ 145.2356799, -37.8684465 ], [ 145.2352071, -37.8687278 ], [ 145.2362583, -37.8670763 ] ], [ [ 145.2373788, -37.8648942 ], [ 145.2368093, -37.8663727 ] ], [ [ 145.2356799, -37.8684465 ], [ 145.2358158, -37.8689442 ] ] ] } },
{ "type": "Feature", "properties": { "project_id": "SCC_00900", "scc_feature": 1210, "scc_source_id": "1210", "scc_type": "C2", "status": "missing_or_unverified", "mean_lts": 3.36, "connects_existing": true, "length_km": 9.221, "high_stress_km": 6.769, "project_type": "New protected link" }, "geometry": { "type": "MultiLineString", "coordinates": [ [ [ 145.2754265, -37.7868088 ], [ 145.2764964, -37.7862116 ], [ 145.2775275, -37.7858212 ] ], [ [ 145.2780253, -37.7859005 ], [ 145.2776808, -37.7860667 ], [ 145.2754265, -37.7868088 ] ], [ [ 145.2782052, -37.7854886 ], [ 145.2780253, -37.7859005 ] ], [ [ 145.2792667, -37.7847651 ], [ 145.2780253, -37.7859005 ] ], [ [ 145.2782052, -37.7854886 ], [ 145.2775275, -37.7858212 ] ], [ [ 145.2775275, -37.7858212 ], [ 145.2783258, -37.7851839 ], [ 145.2797513, -37.7839431 ] ], [ [ 145.2797513, -37.7839431 ], [ 145.2831417, -37.7831724 ] ], [ [ 145.2797513, -37.7839431 ], [ 145.2827108, -37.7831481 ] ], [ [ 145.2827108, -37.7831481 ], [ 145.2831417, -37.7831724 ] ], [ [ 145.2831417, -37.7831724 ], [ 145.2836024, -37.7828907 ] ], [ [ 145.2854861, -37.7819629 ], [ 145.2852644, -37.782221 ] ], [ [ 145.2852644, -37.782221 ], [ 145.2873869, -37.7812786 ] ], [ [ 145.2840798, -37.7828707 ], [ 145.2852644, -37.782221 ] ], [ [ 145.2840798, -37.7828707 ], [ 145.2854861, -37.7819629 ] ], [ [ 145.2859831, -37.7820783 ], [ 145.2858526, -37.7823197 ], [ 145.2906617, -37.7800915 ] ], [ [ 145.2908822, -37.7798874 ], [ 145.2859831, -37.7820783 ] ], [ [ 145.2859831, -37.7820783 ], [ 145.2840798, -37.7828707 ] ], [ [ 145.2875285, -37.7810463 ], [ 145.2866911, -37.7814126 ], [ 145.2854861, -37.7819629 ] ], [ [ 145.2873869, -37.7812786 ], [ 145.2875285, -37.7810463 ] ], [ [ 145.2873869, -37.7812786 ], [ 145.2889373, -37.780517 ] ], [ [ 145.2889373, -37.780517 ], [ 145.2875285, -37.7810463 ] ], [ [ 145.2911319, -37.779891 ], [ 145.2908822, -37.7798874 ] ], [ [ 145.2923562, -37.7775115 ], [ 145.2908822, -37.7798874 ] ], [ [ 145.2908822, -37.7798874 ], [ 145.2906617, -37.7800915 ] ], [ [ 145.2911319, -37.779891 ], [ 145.2922221, -37.7788974 ], [ 145.2924756, -37.7777475 ] ], [ [ 145.2911319, -37.779891 ], [ 145.2906617, -37.7800915 ] ], [ [ 145.2920935, -37.7770841 ], [ 145.2925829, -37.7760458 ] ], [ [ 145.2923562, -37.7775115 ], [ 145.2924756, -37.7777475 ] ], [ [ 145.2925829, -37.7760458 ], [ 145.2923562, -37.7775115 ] ], [ [ 145.2924756, -37.7777475 ], [ 145.2925829, -37.7760458 ] ], [ [ 145.2925829, -37.7760458 ], [ 145.2925725, -37.7750182 ], [ 145.2936772, -37.771907 ], [ 145.2940784, -37.7717416 ] ], [ [ 145.2933009, -37.7739563 ], [ 145.2931605, -37.7741346 ] ], [ [ 145.2931605, -37.7741346 ], [ 145.2925829, -37.7760458 ] ], [ [ 145.2945382, -37.7714959 ], [ 145.2931605, -37.7741346 ] ], [ [ 145.2933009, -37.7739563 ], [ 145.2925829, -37.7760458 ] ], [ [ 145.2940784, -37.7717416 ], [ 145.294693, -37.770687 ] ], [ [ 145.2940784, -37.7717416 ], [ 145.2945382, -37.7714959 ] ], [ [ 145.2952241, -37.7712895 ], [ 145.2945382, -37.7714959 ] ], [ [ 145.2889373, -37.780517 ], [ 145.2918265, -37.7788196 ], [ 145.2925829, -37.7760458 ] ], [ [ 145.2775275, -37.7858212 ], [ 145.2754265, -37.7868088 ] ], [ [ 145.2840798, -37.7828707 ], [ 145.2836412, -37.7831797 ], [ 145.2813468, -37.783696 ] ], [ [ 145.2950752, -37.7708548 ], [ 145.2945382, -37.7714959 ] ], [ [ 145.2925829, -37.7760458 ], [ 145.2930425, -37.7738354 ], [ 145.2940784, -37.7717416 ] ], [ [ 145.2827108, -37.7831481 ], [ 145.2836024, -37.7828907 ] ], [ [ 145.2836024, -37.7828907 ], [ 145.2840798, -37.7828707 ] ], [ [ 145.2892036, -37.7802956 ], [ 145.2891118, -37.7803393 ], [ 145.2911681, -37.7793057 ], [ 145.2889373, -37.780517 ] ] ] } },
{ "type": "Feature", "properties": { "project_id": "SCC_00903", "scc_feature": 1214, "scc_source_id": "1214", "scc_type": "C2", "status": "missing_or_unverified", "mean_lts": 4.0, "connects_existing": true, "length_km": 0.325, "high_stress_km": 0.325, "project_type": "New protected link" }, "geometry": { "type": "MultiLineString", "coordinates": [ [ [ 145.3269244, -38.1194464 ], [ 145.3267435, -38.1188761 ] ], [ [ 145.327074, -38.1188898 ], [ 145.3269244, -38.1194464 ] ], [ [ 145.3259388, -38.1246412 ], [ 145.3269244, -38.1194464 ] ] ] } },
{ "type": "Feature", "properties": { "project_id": "SCC_00904", "scc_feature": 1214, "scc_source_id": "1214", "scc_type": "C2", "status": "missing_or_unverified", "mean_lts": 4.0, "connects_existing": true, "length_km": 0.669, "high_stress_km": 0.669, "project_type": "New protected link" }, "geometry": { "type": "MultiLineString", "coordinates": [ [ [ 145.3272799, -38.1178654 ], [ 145.3281165, -38.1141915 ], [ 145.3281551, -38.1140028 ], [ 145.3283982, -38.1128437 ] ], [ [ 145.3267845, -38.1185793 ], [ 145.3272799, -38.1178654 ] ], [ [ 145.3272799, -38.1178654 ], [ 145.3271032, -38.1186109 ] ] ] } },
{ "type": "Feature", "properties": { "project_id": "SCC_00905", "scc_feature": 1214, "scc_source_id": "1214", "scc_type": "C2", "status": "missing_or_unverified", "mean_lts": 4.0, "connects_existing": true, "length_km": 0.408, "high_stress_km": 0.408, "project_type": "New protected link" }, "geometry": { "type": "MultiLineString", "coordinates": [ [ [ 145.329493, -38.1073441 ], [ 145.3296252, -38.1070486 ] ], [ [ 145.3302121, -38.1038127 ], [ 145.3300854, -38.1043696 ], [ 145.3296252, -38.1070486 ] ] ] } },
{ "type": "Feature", "properties": { "project_id": "SCC_00906", "scc_feature": 1215, "scc_source_id": "1215", "scc_type": "C2", "status": "missing_or_unverified", "mean_lts": 3.99, "connects_existing": true, "length_km": 0.213, "high_stress_km": 0.212, "project_type": "New protected link" }, "geometry": { "type": "MultiLineString", "coordinates": [ [ [ 145.2953181, -38.0987065 ], [ 145.2954854, -38.0988711 ] ], [ [ 145.2953181, -38.0987065 ], [ 145.2966222, -38.0990228 ], [ 145.2954854, -38.0988711 ] ] ] } },
{ "type": "Feature", "properties": { "project_id": "SCC_00907", "scc_feature": 1215, "scc_source_id": "1215", "scc_type": "C2", "status": "missing_or_unverified", "mean_lts": 4.0, "connects_existing": true, "length_km": 0.31, "high_stress_km": 0.31, "project_type": "New protected link" }, "geometry": { "type": "LineString", "coordinates": [ [ 145.3103603, -38.1011677 ], [ 145.3111422, -38.1013862 ], [ 145.3146596, -38.1016711 ] ] } },
{ "type": "Feature", "properties": { "project_id": "SCC_00908", "scc_feature": 1215, "scc_source_id": "1215", "scc_type": "C2", "status": "missing_or_unverified", "mean_lts": 3.45, "connects_existing": true, "length_km": 0.843, "high_stress_km": 0.807, "project_type": "New protected link" }, "geometry": { "type": "MultiLineString", "coordinates": [ [ [ 145.3150462, -38.1017217 ], [ 145.3181053, -38.1020989 ], [ 145.3194019, -38.1022527 ] ], [ [ 145.3150462, -38.1017217 ], [ 145.3194019, -38.1022527 ] ], [ [ 145.3215051, -38.1025441 ], [ 145.3219605, -38.1025776 ] ], [ [ 145.3194019, -38.1022527 ], [ 145.3219605, -38.1025776 ] ] ] } },
{ "type": "Feature", "properties": { "project_id": "SCC_00909", "scc_feature": 1215, "scc_source_id": "1215", "scc_type": "C2", "status": "missing_or_unverified", "mean_lts": 4.0, "connects_existing": true, "length_km": 0.241, "high_stress_km": 0.241, "project_type": "New protected link" }, "geometry": { "type": "LineString", "coordinates": [ [ 145.3275827, -38.1030904 ], [ 145.3302567, -38.102858 ] ] } },
{ "type": "Feature", "properties": { "project_id": "SCC_00910", "scc_feature": 1216, "scc_source_id": "1216", "scc_type": "C2", "status": "missing_or_unverified", "mean_lts": 4.0, "connects_existing": true, "length_km": 0.285, "high_stress_km": 0.285, "project_type": "New protected link" }, "geometry": { "type": "LineString", "coordinates": [ [ 145.3300854, -38.1043696 ], [ 145.3302567, -38.102858 ], [ 145.3302121, -38.1038127 ] ] } },
{ "type": "Feature", "properties": { "project_id": "SCC_00911", "scc_feature": 1219, "scc_source_id": "1219", "scc_type": "C2", "status": "missing_or_unverified", "mean_lts": 2.0, "connects_existing": false, "length_km": 0.242, "high_stress_km": 0.0, "project_type": "New protected link" }, "geometry": { "type": "LineString", "coordinates": [ [ 145.3304422, -38.1012205 ], [ 145.330527, -38.1005008 ], [ 145.33068, -38.099791 ], [ 145.3307536, -38.0990621 ] ] } },
{ "type": "Feature", "properties": { "project_id": "SCC_00912", "scc_feature": 1219, "scc_source_id": "1219", "scc_type": "C2", "status": "missing_or_unverified", "mean_lts": 4.0, "connects_existing": true, "length_km": 2.396, "high_stress_km": 2.396, "project_type": "New protected link" }, "geometry": { "type": "MultiLineString", "coordinates": [ [ [ 145.3307043, -38.1007286 ], [ 145.3302567, -38.102858 ] ], [ [ 145.3307043, -38.1007286 ], [ 145.3311797, -38.0978786 ], [ 145.3316418, -38.0951095 ] ], [ [ 145.3316418, -38.0951095 ], [ 145.3323108, -38.091262 ] ], [ [ 145.3316418, -38.0951095 ], [ 145.3314747, -38.0979459 ], [ 145.3307043, -38.1007286 ] ], [ [ 145.3323108, -38.091262 ], [ 145.3325541, -38.0895892 ] ], [ [ 145.3329714, -38.0892887 ], [ 145.3329872, -38.0895954 ], [ 145.3323108, -38.091262 ] ], [ [ 145.332561, -38.0892829 ], [ 145.3325541, -38.0895892 ] ] ] } },
{ "type": "Feature", "properties": { "project_id": "SCC_00913", "scc_feature": 1220, "scc_source_id": "1220", "scc_type": "C2", "status": "missing_or_unverified", "mean_lts": 3.73, "connects_existing": true, "length_km": 3.805, "high_stress_km": 3.485, "project_type": "New protected link" }, "geometry": { "type": "MultiLineString", "coordinates": [ [ [ 145.3169338, -37.7586871 ], [ 145.3161355, -37.7588469 ] ], [ [ 145.3169338, -37.7586871 ], [ 145.3161757, -37.7585771 ] ], [ [ 145.3162258, -37.7583706 ], [ 145.3166108, -37.7584121 ], [ 145.320808, -37.7590398 ] ], [ [ 145.320808, -37.7590398 ], [ 145.3169338, -37.7586871 ] ], [ [ 145.3282806, -37.7604078 ], [ 145.3233329, -37.7593281 ], [ 145.320808, -37.7590398 ] ], [ [ 145.320808, -37.7590398 ], [ 145.3233712, -37.7591394 ], [ 145.3282806, -37.7604078 ] ], [ [ 145.3308115, -37.7604346 ], [ 145.3341949, -37.7609151 ] ], [ [ 145.3337385, -37.7610168 ], [ 145.3341949, -37.7609151 ] ], [ [ 145.3337385, -37.7610168 ], [ 145.3342786, -37.7612317 ], [ 145.33122, -37.7609451 ], [ 145.3282806, -37.7604078 ] ], [ [ 145.3282806, -37.7604078 ], [ 145.3337385, -37.7610168 ] ] ] } },
{ "type": "Feature", "properties": { "project_id": "SCC_00914", "scc_feature": 1220, "scc_source_id": "1220", "scc_type": "C2", "status": "missing_or_unverified", "mean_lts": 2.0, "connects_existing": false, "length_km": 0.401, "high_stress_km": 0.0, "project_type": "New protected link" }, "geometry": { "type": "LineString", "coordinates": [ [ 145.3240898, -37.7589874 ], [ 145.3283333, -37.7600841 ] ] } },
{ "type": "Feature", "properties": { "project_id": "SCC_00915", "scc_feature": 1233, "scc_source_id": "1233", "scc_type": "C2", "status": "missing_or_unverified", "mean_lts": 2.0, "connects_existing": true, "length_km": 0.058, "high_stress_km": 0.0, "project_type": "New protected link" }, "geometry": { "type": "LineString", "coordinates": [ [ 145.2484869, -37.8432057 ], [ 145.2476544, -37.8433285 ] ] } },
{ "type": "Feature", "properties": { "project_id": "SCC_00916", "scc_feature": 1237, "scc_source_id": "1237", "scc_type": "C2", "status": "missing_or_unverified", "mean_lts": 3.01, "connects_existing": true, "length_km": 3.335, "high_stress_km": 3.28, "project_type": "New protected link" }, "geometry": { "type": "MultiLineString", "coordinates": [ [ [ 145.2238944, -38.060583 ], [ 145.226065, -38.0608501 ], [ 145.2303947, -38.061384 ], [ 145.2325539, -38.0616508 ], [ 145.2347929, -38.0619188 ], [ 145.2392817, -38.0624818 ], [ 145.2415205, -38.0627586 ] ], [ [ 145.2238944, -38.060583 ], [ 145.2090647, -38.0587539 ], [ 145.2209281, -38.0602318 ], [ 145.2061349, -38.0583127 ] ], [ [ 145.2415205, -38.0627586 ], [ 145.2421481, -38.062732 ] ], [ [ 145.2421315, -38.062948 ], [ 145.2415205, -38.0627586 ] ], [ [ 145.2421315, -38.062948 ], [ 145.2426565, -38.0629198 ] ], [ [ 145.2425015, -38.0627282 ], [ 145.2421481, -38.062732 ] ] ] } },
{ "type": "Feature", "properties": { "project_id": "SCC_00917", "scc_feature": 1239, "scc_source_id": "1239", "scc_type": "C2", "status": "missing_or_unverified", "mean_lts": 4.0, "connects_existing": true, "length_km": 7.024, "high_stress_km": 7.024, "project_type": "New protected link" }, "geometry": { "type": "MultiLineString", "coordinates": [ [ [ 145.1733408, -38.0996847 ], [ 145.1726092, -38.0997544 ] ], [ [ 145.1727858, -38.0995319 ], [ 145.1731508, -38.0995285 ], [ 145.1753087, -38.0998865 ] ], [ [ 145.1779008, -38.1002061 ], [ 145.1786076, -38.1002171 ], [ 145.1826409, -38.1008292 ] ], [ [ 145.1843907, -38.1010906 ], [ 145.1832073, -38.1009822 ], [ 145.1826409, -38.1008292 ] ], [ [ 145.1877, -38.1014661 ], [ 145.188339, -38.101449 ], [ 145.1917271, -38.1018706 ], [ 145.1925777, -38.102064 ] ], [ [ 145.1980947, -38.1026353 ], [ 145.1968378, -38.1027332 ], [ 145.1925777, -38.102064 ] ], [ [ 145.2012104, -38.1030075 ], [ 145.1998797, -38.102861 ], [ 145.1980947, -38.1026353 ] ], [ [ 145.2012104, -38.1030075 ], [ 145.2047236, -38.1034488 ], [ 145.2117503, -38.1043219 ], [ 145.2152637, -38.1047629 ], [ 145.2181068, -38.1050944 ], [ 145.223793, -38.1057663 ], [ 145.2294674, -38.1064558 ] ], [ [ 145.1753087, -38.0998865 ], [ 145.1733408, -38.0996847 ] ], [ [ 145.1753087, -38.0998865 ], [ 145.1779008, -38.1002061 ] ], [ [ 145.1925777, -38.102064 ], [ 145.1877, -38.1014661 ] ], [ [ 145.1925777, -38.102064 ], [ 145.1968662, -38.1025084 ], [ 145.1980947, -38.1026353 ] ], [ [ 145.1733408, -38.0996847 ], [ 145.1727858, -38.0995319 ] ], [ [ 145.1843907, -38.1010906 ], [ 145.1865502, -38.1013853 ], [ 145.1877, -38.1014661 ] ], [ [ 145.1826409, -38.1008292 ], [ 145.1843907, -38.1010906 ] ], [ [ 145.1826409, -38.1008292 ], [ 145.1779008, -38.1002061 ] ], [ [ 145.1725131, -38.0994916 ], [ 145.1727858, -38.0995319 ] ] ] } },
{ "type": "Feature", "properties": { "project_id": "SCC_00918", "scc_feature": 1239, "scc_source_id": "1239", "scc_type": "C2", "status": "missing_or_unverified", "mean_lts": 4.0, "connects_existing": true, "length_km": 0.41, "high_stress_km": 0.41, "project_type": "New protected link" }, "geometry": { "type": "LineString", "coordinates": [ [ 145.2476816, -38.1088286 ], [ 145.2429183, -38.1081807 ] ] } },
{ "type": "Feature", "properties": { "project_id": "SCC_00920", "scc_feature": 1281, "scc_source_id": "1281", "scc_type": "C2", "status": "missing_or_unverified", "mean_lts": 4.0, "connects_existing": true, "length_km": 0.278, "high_stress_km": 0.278, "project_type": "New protected link" }, "geometry": { "type": "MultiLineString", "coordinates": [ [ [ 145.3020688, -38.0657038 ], [ 145.3001936, -38.0654604 ] ], [ [ 145.2990361, -38.0652364 ], [ 145.3001936, -38.0654604 ] ] ] } },
{ "type": "Feature", "properties": { "project_id": "SCC_00922", "scc_feature": 1282, "scc_source_id": "1282", "scc_type": "C2", "status": "missing_or_unverified", "mean_lts": 4.0, "connects_existing": true, "length_km": 2.323, "high_stress_km": 2.323, "project_type": "New protected link" }, "geometry": { "type": "MultiLineString", "coordinates": [ [ [ 145.2957887, -37.8884739 ], [ 145.2951926, -37.8886815 ], [ 145.2946126, -37.8886821 ] ], [ [ 145.2973274, -37.8888115 ], [ 145.2983812, -37.8894666 ] ], [ [ 145.2973274, -37.8888115 ], [ 145.3002054, -37.89025 ] ], [ [ 145.2957887, -37.8884739 ], [ 145.2973274, -37.8888115 ] ], [ [ 145.2983812, -37.8894666 ], [ 145.3002054, -37.89025 ] ], [ [ 145.2983812, -37.8894666 ], [ 145.2957887, -37.8884739 ] ], [ [ 145.3002054, -37.89025 ], [ 145.3013647, -37.8912671 ], [ 145.2983812, -37.8894666 ] ], [ [ 145.2946126, -37.8886821 ], [ 145.2957887, -37.8884739 ] ], [ [ 145.2946126, -37.8886821 ], [ 145.2940301, -37.8887908 ] ], [ [ 145.2940301, -37.8887908 ], [ 145.2926951, -37.8889878 ], [ 145.2912564, -37.8887506 ], [ 145.2940301, -37.8887908 ] ] ] } },
{ "type": "Feature", "properties": { "project_id": "SCC_00923", "scc_feature": 1305, "scc_source_id": "1305", "scc_type": "C2", "status": "missing_or_unverified", "mean_lts": 4.0, "connects_existing": true, "length_km": 0.302, "high_stress_km": 0.302, "project_type": "New protected link" }, "geometry": { "type": "MultiLineString", "coordinates": [ [ [ 145.3413334, -38.0436898 ], [ 145.3420601, -38.0402665 ] ], [ [ 145.3420601, -38.0402665 ], [ 145.3420725, -38.039717 ], [ 145.3425471, -38.0393902 ] ], [ [ 145.3420601, -38.0402665 ], [ 145.3421215, -38.0405738 ] ], [ [ 145.3425471, -38.0393902 ], [ 145.3425381, -38.0402913 ] ], [ [ 145.3425471, -38.0393902 ], [ 145.3420601, -38.0402665 ] ] ] } },
{ "type": "Feature", "properties": { "project_id": "SCC_00924", "scc_feature": 1309, "scc_source_id": "1309", "scc_type": "C2", "status": "missing_or_unverified", "mean_lts": 3.0, "connects_existing": true, "length_km": 0.438, "high_stress_km": 0.438, "project_type": "New protected link" }, "geometry": { "type": "LineString", "coordinates": [ [ 145.3359046, -37.9052517 ], [ 145.33548, -37.9054169 ], [ 145.3343263, -37.9056349 ], [ 145.331495, -37.9040898 ] ] } },
{ "type": "Feature", "properties": { "project_id": "SCC_00925", "scc_feature": 1309, "scc_source_id": "1309", "scc_type": "C2", "status": "missing_or_unverified", "mean_lts": 2.8, "connects_existing": true, "length_km": 0.439, "high_stress_km": 0.176, "project_type": "New protected link" }, "geometry": { "type": "MultiLineString", "coordinates": [ [ [ 145.352623, -37.9104166 ], [ 145.3545553, -37.9094613 ] ], [ [ 145.3545186, -37.9090643 ], [ 145.3551709, -37.9083794 ] ], [ [ 145.3545186, -37.9090643 ], [ 145.3545553, -37.9094613 ] ], [ [ 145.3559473, -37.9087598 ], [ 145.3551709, -37.9083794 ] ] ] } },
{ "type": "Feature", "properties": { "project_id": "SCC_00926", "scc_feature": 1311, "scc_source_id": "1311", "scc_type": "C2", "status": "missing_or_unverified", "mean_lts": 3.53, "connects_existing": true, "length_km": 2.738, "high_stress_km": 2.229, "project_type": "New protected link" }, "geometry": { "type": "MultiLineString", "coordinates": [ [ [ 145.349707, -37.7576096 ], [ 145.3509696, -37.7574921 ], [ 145.3533656, -37.7574535 ] ], [ [ 145.3533656, -37.7574535 ], [ 145.3520817, -37.7575076 ], [ 145.3506841, -37.7575692 ], [ 145.349707, -37.7576096 ] ], [ [ 145.3541561, -37.7576358 ], [ 145.3531211, -37.7577294 ], [ 145.3522809, -37.7577357 ], [ 145.350791, -37.7578681 ] ], [ [ 145.3560787, -37.7574463 ], [ 145.3548454, -37.7577806 ] ], [ [ 145.3533656, -37.7574535 ], [ 145.3548577, -37.757222 ] ], [ [ 145.3552163, -37.7574343 ], [ 145.3564056, -37.7570363 ], [ 145.3574192, -37.7568882 ] ], [ [ 145.357756, -37.7570551 ], [ 145.3598321, -37.7565974 ] ], [ [ 145.3574192, -37.7568882 ], [ 145.357756, -37.7570551 ] ], [ [ 145.35732, -37.7572653 ], [ 145.357756, -37.7570551 ] ], [ [ 145.3587526, -37.7566454 ], [ 145.3574192, -37.7568882 ] ], [ [ 145.3589264, -37.7569993 ], [ 145.35732, -37.7572653 ] ], [ [ 145.35732, -37.7572653 ], [ 145.3566925, -37.7574098 ] ], [ [ 145.3566925, -37.7574098 ], [ 145.3560787, -37.7574463 ] ], [ [ 145.3552163, -37.7574343 ], [ 145.3566925, -37.7574098 ] ], [ [ 145.349707, -37.7576096 ], [ 145.350791, -37.7578681 ] ], [ [ 145.3533656, -37.7574535 ], [ 145.3548639, -37.7574564 ] ], [ [ 145.3560787, -37.7574463 ], [ 145.3548639, -37.7574564 ] ], [ [ 145.3548639, -37.7574564 ], [ 145.3541561, -37.7576358 ] ], [ [ 145.3548639, -37.7574564 ], [ 145.3552163, -37.7574343 ] ], [ [ 145.3541561, -37.7576358 ], [ 145.3533656, -37.7574535 ] ] ] } },
{ "type": "Feature", "properties": { "project_id": "SCC_00927", "scc_feature": 1312, "scc_source_id": "1312", "scc_type": "C2", "status": "missing_or_unverified", "mean_lts": 3.74, "connects_existing": true, "length_km": 2.596, "high_stress_km": 2.261, "project_type": "New protected link" }, "geometry": { "type": "MultiLineString", "coordinates": [ [ [ 145.2875674, -37.8260808 ], [ 145.2869821, -37.8263336 ] ], [ [ 145.2875674, -37.8260808 ], [ 145.2880612, -37.8258537 ] ], [ [ 145.2904923, -37.8253753 ], [ 145.2886865, -37.8258357 ], [ 145.2875674, -37.8260808 ] ], [ [ 145.293937, -37.8242987 ], [ 145.294552, -37.8237399 ] ], [ [ 145.292791, -37.8247237 ], [ 145.293937, -37.8242987 ] ], [ [ 145.293937, -37.8242987 ], [ 145.2946213, -37.8241825 ] ], [ [ 145.2951801, -37.8240914 ], [ 145.292791, -37.8247237 ] ], [ [ 145.2965324, -37.8235883 ], [ 145.2951801, -37.8240914 ] ], [ [ 145.2951801, -37.8240914 ], [ 145.2946213, -37.8241825 ] ], [ [ 145.2887817, -37.8256478 ], [ 145.2904923, -37.8253753 ] ], [ [ 145.2904923, -37.8253753 ], [ 145.292791, -37.8247237 ] ], [ [ 145.2946213, -37.8241825 ], [ 145.292791, -37.8247237 ] ], [ [ 145.3012762, -37.822332 ], [ 145.3025201, -37.8220886 ] ], [ [ 145.3012762, -37.822332 ], [ 145.2985439, -37.8230676 ] ], [ [ 145.2965324, -37.8235883 ], [ 145.2985439, -37.8230676 ] ], [ [ 145.2946213, -37.8241825 ], [ 145.2965324, -37.8235883 ] ], [ [ 145.2985439, -37.8230676 ], [ 145.3001006, -37.8225674 ], [ 145.3012762, -37.822332 ] ] ] } },
{ "type": "Feature", "properties": { "project_id": "SCC_00928", "scc_feature": 1312, "scc_source_id": "1312", "scc_type": "C2", "status": "missing_or_unverified", "mean_lts": 4.0, "connects_existing": true, "length_km": 0.122, "high_stress_km": 0.122, "project_type": "New protected link" }, "geometry": { "type": "LineString", "coordinates": [ [ 145.2872473, -37.8325559 ], [ 145.2873488, -37.8320977 ], [ 145.287344, -37.8332873 ] ] } },
{ "type": "Feature", "properties": { "project_id": "SCC_00929", "scc_feature": 1312, "scc_source_id": "1312", "scc_type": "C2", "status": "missing_or_unverified", "mean_lts": 4.0, "connects_existing": false, "length_km": 0.076, "high_stress_km": 0.076, "project_type": "New protected link" }, "geometry": { "type": "LineString", "coordinates": [ [ 145.2873891, -37.827403 ], [ 145.287432, -37.8265294 ] ] } },
{ "type": "Feature", "properties": { "project_id": "SCC_00930", "scc_feature": 1312, "scc_source_id": "1312", "scc_type": "C2", "status": "missing_or_unverified", "mean_lts": 4.0, "connects_existing": true, "length_km": 0.137, "high_stress_km": 0.137, "project_type": "New protected link" }, "geometry": { "type": "LineString", "coordinates": [ [ 145.2881243, -37.8260709 ], [ 145.2876638, -37.8263345 ], [ 145.2874554, -37.8284674 ] ] } },
{ "type": "Feature", "properties": { "project_id": "SCC_00931", "scc_feature": 1312, "scc_source_id": "1312", "scc_type": "C2", "status": "missing_or_unverified", "mean_lts": 4.0, "connects_existing": true, "length_km": 0.313, "high_stress_km": 0.313, "project_type": "New protected link" }, "geometry": { "type": "LineString", "coordinates": [ [ 145.3047181, -37.8213632 ], [ 145.3065458, -37.8209299 ], [ 145.3053095, -37.8213357 ], [ 145.3041907, -37.8215719 ] ] } },
{ "type": "Feature", "properties": { "project_id": "SCC_00932", "scc_feature": 1312, "scc_source_id": "1312", "scc_type": "C2", "status": "missing_or_unverified", "mean_lts": 4.0, "connects_existing": true, "length_km": 5.574, "high_stress_km": 5.574, "project_type": "New protected link" }, "geometry": { "type": "MultiLineString", "coordinates": [ [ [ 145.3130731, -37.8191671 ], [ 145.3111053, -37.8197697 ] ], [ [ 145.3141573, -37.8189483 ], [ 145.3144904, -37.8187909 ] ], [ [ 145.3141573, -37.8189483 ], [ 145.3130731, -37.8191671 ] ], [ [ 145.316481, -37.8181795 ], [ 145.3168175, -37.8178689 ] ], [ [ 145.3144904, -37.8187909 ], [ 145.316481, -37.8181795 ] ], [ [ 145.316481, -37.8181795 ], [ 145.316845, -37.8181576 ] ], [ [ 145.316845, -37.8181576 ], [ 145.3165007, -37.8183149 ], [ 145.3158835, -37.8184773 ], [ 145.3144904, -37.8187909 ] ], [ [ 145.3208463, -37.8170522 ], [ 145.3179408, -37.81793 ], [ 145.316845, -37.8181576 ] ], [ [ 145.3253265, -37.8158633 ], [ 145.3275449, -37.8152189 ], [ 145.3314867, -37.8142204 ] ], [ [ 145.3348445, -37.8129161 ], [ 145.3339253, -37.8133807 ], [ 145.3327677, -37.813833 ], [ 145.3314867, -37.8142204 ] ], [ [ 145.3348445, -37.8129161 ], [ 145.3365534, -37.8121922 ], [ 145.3368963, -37.8120979 ] ], [ [ 145.3368963, -37.8120979 ], [ 145.3372755, -37.811905 ], [ 145.3403682, -37.810759 ] ], [ [ 145.3403682, -37.810759 ], [ 145.3377307, -37.8118664 ], [ 145.3368963, -37.8120979 ] ], [ [ 145.3253265, -37.8158633 ], [ 145.3236347, -37.8163259 ], [ 145.3208463, -37.8170522 ] ], [ [ 145.3368963, -37.8120979 ], [ 145.3348445, -37.8129161 ] ], [ [ 145.3130731, -37.8191671 ], [ 145.3144904, -37.8187909 ] ], [ [ 145.316845, -37.8181576 ], [ 145.3208463, -37.8170522 ] ], [ [ 145.3314867, -37.8142204 ], [ 145.3348445, -37.8129161 ] ], [ [ 145.3403682, -37.810759 ], [ 145.3421131, -37.8099454 ] ], [ [ 145.3314867, -37.8142204 ], [ 145.3284338, -37.8150963 ], [ 145.3253265, -37.8158633 ] ], [ [ 145.342343, -37.8098225 ], [ 145.3442197, -37.809209 ], [ 145.3453177, -37.808873 ] ], [ [ 145.342343, -37.8098225 ], [ 145.3421131, -37.8099454 ] ] ] } },
{ "type": "Feature", "properties": { "project_id": "SCC_00933", "scc_feature": 1312, "scc_source_id": "1312", "scc_type": "C2", "status": "missing_or_unverified", "mean_lts": 4.0, "connects_existing": true, "length_km": 0.433, "high_stress_km": 0.433, "project_type": "New protected link" }, "geometry": { "type": "LineString", "coordinates": [ [ 145.347047, -37.8082394 ], [ 145.3439295, -37.8094843 ], [ 145.3434952, -37.8096044 ], [ 145.3427371, -37.8099813 ] ] } },
{ "type": "Feature", "properties": { "project_id": "SCC_00934", "scc_feature": 1312, "scc_source_id": "1312", "scc_type": "C2", "status": "missing_or_unverified", "mean_lts": 4.0, "connects_existing": true, "length_km": 0.139, "high_stress_km": 0.139, "project_type": "New protected link" }, "geometry": { "type": "LineString", "coordinates": [ [ 145.3607979, -37.7781503 ], [ 145.3590819, -37.7782165 ] ] } },
{ "type": "Feature", "properties": { "project_id": "SCC_00935", "scc_feature": 1312, "scc_source_id": "1312", "scc_type": "C2", "status": "missing_or_unverified", "mean_lts": 4.0, "connects_existing": true, "length_km": 0.287, "high_stress_km": 0.287, "project_type": "New protected link" }, "geometry": { "type": "LineString", "coordinates": [ [ 145.3601223, -37.794336 ], [ 145.3607915, -37.7918038 ] ] } },
{ "type": "Feature", "properties": { "project_id": "SCC_00936", "scc_feature": 1312, "scc_source_id": "1312", "scc_type": "C2", "status": "missing_or_unverified", "mean_lts": 4.0, "connects_existing": true, "length_km": 0.565, "high_stress_km": 0.565, "project_type": "New protected link" }, "geometry": { "type": "MultiLineString", "coordinates": [ [ [ 145.3609132, -37.7919497 ], [ 145.3602579, -37.7943649 ], [ 145.3596595, -37.7967719 ] ], [ [ 145.3595731, -37.7970861 ], [ 145.3596595, -37.7967719 ] ] ] } },
{ "type": "Feature", "properties": { "project_id": "SCC_00937", "scc_feature": 1312, "scc_source_id": "1312", "scc_type": "C2", "status": "missing_or_unverified", "mean_lts": 2.91, "connects_existing": true, "length_km": 0.414, "high_stress_km": 0.264, "project_type": "New protected link" }, "geometry": { "type": "MultiLineString", "coordinates": [ [ [ 145.3537981, -37.8055131 ], [ 145.3527229, -37.8058496 ] ], [ [ 145.3527229, -37.8058496 ], [ 145.350279, -37.8069509 ] ], [ [ 145.3513905, -37.8065158 ], [ 145.3527229, -37.8058496 ] ] ] } },
{ "type": "Feature", "properties": { "project_id": "SCC_00938", "scc_feature": 1312, "scc_source_id": "1312", "scc_type": "C2", "status": "missing_or_unverified", "mean_lts": 4.0, "connects_existing": true, "length_km": 0.118, "high_stress_km": 0.118, "project_type": "New protected link" }, "geometry": { "type": "LineString", "coordinates": [ [ 145.3628094, -37.7827024 ], [ 145.361896, -37.7855016 ] ] } },
{ "type": "Feature", "properties": { "project_id": "SCC_00939", "scc_feature": 1313, "scc_source_id": "1313", "scc_type": "C2", "status": "missing_or_unverified", "mean_lts": 3.94, "connects_existing": true, "length_km": 2.601, "high_stress_km": 2.517, "project_type": "New protected link" }, "geometry": { "type": "MultiLineString", "coordinates": [ [ [ 145.3655379, -37.7531619 ], [ 145.364676, -37.7536456 ], [ 145.3633772, -37.7543756 ] ], [ [ 145.3657459, -37.7529935 ], [ 145.3663762, -37.7527229 ] ], [ [ 145.3655379, -37.7531619 ], [ 145.3657459, -37.7529935 ] ], [ [ 145.3657459, -37.7529935 ], [ 145.365854, -37.7527246 ] ], [ [ 145.3663762, -37.7527229 ], [ 145.369252, -37.751501 ], [ 145.371701, -37.7505885 ] ], [ [ 145.3663762, -37.7527229 ], [ 145.365854, -37.7527246 ] ], [ [ 145.371701, -37.7505885 ], [ 145.3703713, -37.751183 ], [ 145.3655379, -37.7531619 ] ], [ [ 145.371701, -37.7505885 ], [ 145.3718405, -37.7504373 ], [ 145.373262, -37.749799 ], [ 145.371701, -37.7505885 ] ], [ [ 145.3612712, -37.7556801 ], [ 145.3598321, -37.7565974 ] ], [ [ 145.3612712, -37.7556801 ], [ 145.3633772, -37.7543756 ] ], [ [ 145.3633772, -37.7543756 ], [ 145.3655379, -37.7531619 ] ] ] } },
{ "type": "Feature", "properties": { "project_id": "SCC_00940", "scc_feature": 1315, "scc_source_id": "1315", "scc_type": "C2", "status": "missing_or_unverified", "mean_lts": 4.0, "connects_existing": false, "length_km": 0.078, "high_stress_km": 0.078, "project_type": "New protected link" }, "geometry": { "type": "LineString", "coordinates": [ [ 145.3619071, -37.7603033 ], [ 145.3614091, -37.7597196 ] ] } },
{ "type": "Feature", "properties": { "project_id": "SCC_00941", "scc_feature": 1315, "scc_source_id": "1315", "scc_type": "C2", "status": "missing_or_unverified", "mean_lts": 4.0, "connects_existing": false, "length_km": 0.122, "high_stress_km": 0.122, "project_type": "New protected link" }, "geometry": { "type": "LineString", "coordinates": [ [ 145.3634317, -37.7627218 ], [ 145.3645783, -37.7632334 ] ] } },
{ "type": "Feature", "properties": { "project_id": "SCC_00942", "scc_feature": 1335, "scc_source_id": "1335", "scc_type": "C2", "status": "missing_or_unverified", "mean_lts": 3.27, "connects_existing": true, "length_km": 1.511, "high_stress_km": 1.511, "project_type": "New protected link" }, "geometry": { "type": "MultiLineString", "coordinates": [ [ [ 145.3481817, -38.076148 ], [ 145.3495933, -38.0762399 ], [ 145.3522965, -38.0766924 ] ], [ [ 145.3481817, -38.076148 ], [ 145.3493381, -38.0764346 ], [ 145.347819, -38.0760528 ] ], [ [ 145.3522965, -38.0766924 ], [ 145.3541451, -38.0771238 ] ], [ [ 145.3522965, -38.0766924 ], [ 145.3496552, -38.0765292 ] ], [ [ 145.34327, -38.0755561 ], [ 145.347819, -38.0760528 ] ], [ [ 145.3569695, -38.0772535 ], [ 145.3541451, -38.0771238 ] ] ] } },
{ "type": "Feature", "properties": { "project_id": "SCC_00943", "scc_feature": 1338, "scc_source_id": "1338", "scc_type": "C2", "status": "missing_or_unverified", "mean_lts": 2.0, "connects_existing": false, "length_km": 0.185, "high_stress_km": 0.0, "project_type": "New protected link" }, "geometry": { "type": "LineString", "coordinates": [ [ 145.4158888, -38.074602 ], [ 145.4167274, -38.075893 ] ] } },
{ "type": "Feature", "properties": { "project_id": "SCC_00944", "scc_feature": 1338, "scc_source_id": "1338", "scc_type": "C2", "status": "missing_or_unverified", "mean_lts": 2.0, "connects_existing": false, "length_km": 0.257, "high_stress_km": 0.0, "project_type": "New protected link" }, "geometry": { "type": "LineString", "coordinates": [ [ 145.4173821, -38.0703775 ], [ 145.4197679, -38.069166 ] ] } },
{ "type": "Feature", "properties": { "project_id": "SCC_00945", "scc_feature": 1339, "scc_source_id": "1339", "scc_type": "C2", "status": "missing_or_unverified", "mean_lts": 4.0, "connects_existing": true, "length_km": 0.56, "high_stress_km": 0.56, "project_type": "New protected link" }, "geometry": { "type": "MultiLineString", "coordinates": [ [ [ 145.3458832, -38.0313986 ], [ 145.3446834, -38.0310482 ] ], [ [ 145.3446834, -38.0310482 ], [ 145.3438403, -38.0310454 ] ], [ [ 145.3477016, -38.0316044 ], [ 145.3477078, -38.0313251 ] ], [ [ 145.3446834, -38.0310482 ], [ 145.346232, -38.0310881 ], [ 145.3477078, -38.0313251 ] ] ] } },
{ "type": "Feature", "properties": { "project_id": "SCC_00946", "scc_feature": 1339, "scc_source_id": "1339", "scc_type": "C2", "status": "missing_or_unverified", "mean_lts": 3.19, "connects_existing": true, "length_km": 1.096, "high_stress_km": 0.653, "project_type": "New protected link" }, "geometry": { "type": "MultiLineString", "coordinates": [ [ [ 145.3498268, -38.0328599 ], [ 145.3485337, -38.0320937 ] ], [ [ 145.3498268, -38.0328599 ], [ 145.3519393, -38.0341782 ] ], [ [ 145.3488664, -38.0319902 ], [ 145.3498268, -38.0328599 ] ], [ [ 145.3519393, -38.0341782 ], [ 145.3537036, -38.0352754 ] ], [ [ 145.3539143, -38.0355306 ], [ 145.3519393, -38.0341782 ] ], [ [ 145.3488664, -38.0319902 ], [ 145.35209, -38.0340632 ], [ 145.3544749, -38.0354303 ] ] ] } },
{ "type": "Feature", "properties": { "project_id": "SCC_00947", "scc_feature": 1339, "scc_source_id": "1339", "scc_type": "C2", "status": "missing_or_unverified", "mean_lts": 3.69, "connects_existing": true, "length_km": 2.367, "high_stress_km": 2.129, "project_type": "New protected link" }, "geometry": { "type": "MultiLineString", "coordinates": [ [ [ 145.3675838, -38.0459589 ], [ 145.3674645, -38.0451732 ] ], [ [ 145.3677522, -38.0455557 ], [ 145.3674645, -38.0451732 ] ], [ [ 145.3674645, -38.0451732 ], [ 145.3666918, -38.0440449 ], [ 145.3673963, -38.0446495 ] ], [ [ 145.3680323, -38.0457758 ], [ 145.3677522, -38.0455557 ] ], [ [ 145.3677522, -38.0455557 ], [ 145.3673963, -38.0446495 ] ], [ [ 145.3684566, -38.0461692 ], [ 145.3693518, -38.0469116 ] ], [ [ 145.3712627, -38.0486143 ], [ 145.370528, -38.0478291 ], [ 145.3693518, -38.0469116 ] ], [ [ 145.3680323, -38.0457758 ], [ 145.3684566, -38.0461692 ] ], [ [ 145.3673963, -38.0446495 ], [ 145.3680323, -38.0457758 ] ], [ [ 145.3712627, -38.0486143 ], [ 145.3747903, -38.0514298 ], [ 145.3743272, -38.0512432 ], [ 145.3716503, -38.0491244 ], [ 145.3712627, -38.0486143 ] ], [ [ 145.3712627, -38.0486143 ], [ 145.369961, -38.0477041 ] ], [ [ 145.3684566, -38.0461692 ], [ 145.369961, -38.0477041 ] ] ] } },
{ "type": "Feature", "properties": { "project_id": "SCC_00948", "scc_feature": 1339, "scc_source_id": "1339", "scc_type": "C2", "status": "missing_or_unverified", "mean_lts": 4.0, "connects_existing": true, "length_km": 0.661, "high_stress_km": 0.661, "project_type": "New protected link" }, "geometry": { "type": "MultiLineString", "coordinates": [ [ [ 145.3803892, -38.054391 ], [ 145.3818467, -38.0549698 ] ], [ [ 145.3803892, -38.054391 ], [ 145.381692, -38.055265 ], [ 145.3811873, -38.0548976 ], [ 145.378931, -38.0538482 ], [ 145.3803892, -38.054391 ] ] ] } },
{ "type": "Feature", "properties": { "project_id": "SCC_00950", "scc_feature": 1339, "scc_source_id": "1339", "scc_type": "C2", "status": "missing_or_unverified", "mean_lts": 4.0, "connects_existing": true, "length_km": 0.098, "high_stress_km": 0.098, "project_type": "New protected link" }, "geometry": { "type": "LineString", "coordinates": [ [ 145.4003487, -38.0584404 ], [ 145.3996678, -38.0583049 ], [ 145.3988388, -38.0581675 ] ] } },
{ "type": "Feature", "properties": { "project_id": "SCC_00952", "scc_feature": 1339, "scc_source_id": "1339", "scc_type": "C2", "status": "missing_or_unverified", "mean_lts": 4.0, "connects_existing": true, "length_km": 0.489, "high_stress_km": 0.489, "project_type": "New protected link" }, "geometry": { "type": "MultiLineString", "coordinates": [ [ [ 145.4111218, -38.060452 ], [ 145.4100613, -38.0604737 ] ], [ [ 145.4121548, -38.0606462 ], [ 145.4111218, -38.060452 ] ], [ [ 145.4111218, -38.060452 ], [ 145.409999, -38.0601935 ], [ 145.4138034, -38.0608397 ] ] ] } },
{ "type": "Feature", "properties": { "project_id": "SCC_00953", "scc_feature": 1339, "scc_source_id": "1339", "scc_type": "C2", "status": "missing_or_unverified", "mean_lts": 3.96, "connects_existing": true, "length_km": 0.74, "high_stress_km": 0.74, "project_type": "New protected link" }, "geometry": { "type": "MultiLineString", "coordinates": [ [ [ 145.4157183, -38.0613702 ], [ 145.4151114, -38.0614972 ] ], [ [ 145.4157183, -38.0613702 ], [ 145.415142, -38.0611371 ], [ 145.4195585, -38.0624763 ], [ 145.4223, -38.0637928 ] ] ] } },
{ "type": "Feature", "properties": { "project_id": "SCC_00954", "scc_feature": 1339, "scc_source_id": "1339", "scc_type": "C2", "status": "missing_or_unverified", "mean_lts": 4.0, "connects_existing": true, "length_km": 0.052, "high_stress_km": 0.052, "project_type": "New protected link" }, "geometry": { "type": "LineString", "coordinates": [ [ 145.3950604, -38.0573859 ], [ 145.3922659, -38.0569602 ] ] } },
{ "type": "Feature", "properties": { "project_id": "SCC_00955", "scc_feature": 1339, "scc_source_id": "1339", "scc_type": "C2", "status": "missing_or_unverified", "mean_lts": 4.0, "connects_existing": true, "length_km": 0.471, "high_stress_km": 0.471, "project_type": "New protected link" }, "geometry": { "type": "LineString", "coordinates": [ [ 145.3979325, -38.0579118 ], [ 145.4007214, -38.0585986 ], [ 145.4051064, -38.059271 ] ] } },
{ "type": "Feature", "properties": { "project_id": "SCC_00956", "scc_feature": 1341, "scc_source_id": "1341", "scc_type": "C2", "status": "missing_or_unverified", "mean_lts": 3.87, "connects_existing": true, "length_km": 1.621, "high_stress_km": 1.514, "project_type": "New protected link" }, "geometry": { "type": "MultiLineString", "coordinates": [ [ [ 145.4308789, -38.0639978 ], [ 145.4318573, -38.0635513 ] ], [ [ 145.4308789, -38.0639978 ], [ 145.4321729, -38.0637177 ], [ 145.43499, -38.0631064 ] ], [ [ 145.43499, -38.0631064 ], [ 145.4361353, -38.0628513 ], [ 145.4374168, -38.062625 ] ], [ [ 145.43499, -38.0631064 ], [ 145.4373404, -38.0630025 ] ], [ [ 145.4391954, -38.0626036 ], [ 145.4374168, -38.062625 ] ], [ [ 145.4223, -38.0637928 ], [ 145.4252667, -38.0647158 ], [ 145.4278556, -38.0646513 ], [ 145.4308789, -38.0639978 ] ] ] } },
{ "type": "Feature", "properties": { "project_id": "SCC_00957", "scc_feature": 1341, "scc_source_id": "1341", "scc_type": "C2", "status": "missing_or_unverified", "mean_lts": 4.0, "connects_existing": false, "length_km": 0.478, "high_stress_km": 0.478, "project_type": "New protected link" }, "geometry": { "type": "LineString", "coordinates": [ [ 145.4279402, -38.0649589 ], [ 145.425136, -38.0649664 ], [ 145.4226656, -38.0642844 ] ] } },
{ "type": "Feature", "properties": { "project_id": "SCC_00958", "scc_feature": 1341, "scc_source_id": "1341", "scc_type": "C2", "status": "missing_or_unverified", "mean_lts": 3.92, "connects_existing": true, "length_km": 1.421, "high_stress_km": 1.421, "project_type": "New protected link" }, "geometry": { "type": "MultiLineString", "coordinates": [ [ [ 145.4377843, -38.0624947 ], [ 145.4416666, -38.061636 ] ], [ [ 145.4416666, -38.061636 ], [ 145.4422277, -38.0615173 ], [ 145.4440033, -38.0610992 ] ], [ [ 145.4416666, -38.061636 ], [ 145.4426772, -38.0618206 ] ], [ [ 145.4440033, -38.0610992 ], [ 145.444358, -38.0610318 ] ], [ [ 145.4461701, -38.0610468 ], [ 145.4440033, -38.0610992 ] ], [ [ 145.444358, -38.0610318 ], [ 145.4485917, -38.0602587 ], [ 145.4527342, -38.0611064 ] ], [ [ 145.4439849, -38.0608917 ], [ 145.444358, -38.0610318 ] ] ] } },
{ "type": "Feature", "properties": { "project_id": "SCC_00959", "scc_feature": 1341, "scc_source_id": "1341", "scc_type": "C2", "status": "missing_or_unverified", "mean_lts": 3.78, "connects_existing": true, "length_km": 2.043, "high_stress_km": 1.821, "project_type": "New protected link" }, "geometry": { "type": "MultiLineString", "coordinates": [ [ [ 145.4556478, -38.0618566 ], [ 145.4577325, -38.0624608 ] ], [ [ 145.4577325, -38.0624608 ], [ 145.4562341, -38.0621617 ] ], [ [ 145.4594916, -38.0628263 ], [ 145.4603154, -38.0626749 ] ], [ [ 145.4594916, -38.0628263 ], [ 145.4601351, -38.0631231 ] ], [ [ 145.4577325, -38.0624608 ], [ 145.4594916, -38.0628263 ] ], [ [ 145.4641708, -38.0641853 ], [ 145.4625147, -38.0637941 ], [ 145.4601351, -38.0631231 ] ], [ [ 145.4601351, -38.0631231 ], [ 145.4625869, -38.0636148 ], [ 145.4641708, -38.0641853 ] ], [ [ 145.4657707, -38.0650804 ], [ 145.4641708, -38.0641853 ] ], [ [ 145.4641708, -38.0641853 ], [ 145.4658338, -38.0653335 ] ], [ [ 145.4649736, -38.0650429 ], [ 145.4641708, -38.0641853 ] ], [ [ 145.4601351, -38.0631231 ], [ 145.4577325, -38.0624608 ] ] ] } },
{ "type": "Feature", "properties": { "project_id": "SCC_00960", "scc_feature": 1343, "scc_source_id": "1343", "scc_type": "C2", "status": "missing_or_unverified", "mean_lts": 2.0, "connects_existing": false, "length_km": 0.753, "high_stress_km": 0.0, "project_type": "New protected link" }, "geometry": { "type": "LineString", "coordinates": [ [ 145.4360308, -38.08328 ], [ 145.4417548, -38.0832659 ], [ 145.4446166, -38.0832678 ] ] } },
{ "type": "Feature", "properties": { "project_id": "SCC_00961", "scc_feature": 1343, "scc_source_id": "1343", "scc_type": "C2", "status": "missing_or_unverified", "mean_lts": 3.86, "connects_existing": false, "length_km": 2.18, "high_stress_km": 2.028, "project_type": "New protected link" }, "geometry": { "type": "MultiLineString", "coordinates": [ [ [ 145.4704284, -38.086094 ], [ 145.4716451, -38.086254 ] ], [ [ 145.4716451, -38.086254 ], [ 145.4720696, -38.0861244 ] ], [ [ 145.4716451, -38.086254 ], [ 145.4721793, -38.0863331 ] ], [ [ 145.4742941, -38.0866219 ], [ 145.4762855, -38.086819 ], [ 145.4771729, -38.0869116 ] ], [ [ 145.4742941, -38.0866219 ], [ 145.4721793, -38.0863331 ] ], [ [ 145.4781505, -38.0870594 ], [ 145.4771729, -38.0869116 ] ], [ [ 145.4781505, -38.0870594 ], [ 145.4805383, -38.0873787 ], [ 145.4833239, -38.0877662 ] ], [ [ 145.4863577, -38.0866247 ], [ 145.486597, -38.0855283 ] ], [ [ 145.4863577, -38.0866247 ], [ 145.4862053, -38.08683 ] ], [ [ 145.4881253, -38.0821865 ], [ 145.486597, -38.0855283 ] ], [ [ 145.4854272, -38.0875139 ], [ 145.4862053, -38.08683 ] ], [ [ 145.4854272, -38.0875139 ], [ 145.4833239, -38.0877662 ] ], [ [ 145.4862053, -38.08683 ], [ 145.486597, -38.0855283 ] ] ] } },
{ "type": "Feature", "properties": { "project_id": "SCC_00962", "scc_feature": 1344, "scc_source_id": "1344", "scc_type": "C2", "status": "missing_or_unverified", "mean_lts": 3.82, "connects_existing": true, "length_km": 1.181, "high_stress_km": 1.181, "project_type": "New protected link" }, "geometry": { "type": "MultiLineString", "coordinates": [ [ [ 145.475249, -38.071395 ], [ 145.4751862, -38.0716735 ] ], [ [ 145.4764439, -38.072591 ], [ 145.4772935, -38.0734041 ], [ 145.4795517, -38.0755602 ] ], [ [ 145.4764439, -38.072591 ], [ 145.4751862, -38.0716735 ] ], [ [ 145.4751862, -38.0716735 ], [ 145.4750829, -38.0711585 ] ], [ [ 145.4833416, -38.079187 ], [ 145.4818214, -38.0777164 ], [ 145.4795517, -38.0755602 ] ] ] } },
{ "type": "Feature", "properties": { "project_id": "SCC_00963", "scc_feature": 1346, "scc_source_id": "1346", "scc_type": "C2", "status": "missing_or_unverified", "mean_lts": 3.86, "connects_existing": true, "length_km": 1.276, "high_stress_km": 1.189, "project_type": "New protected link" }, "geometry": { "type": "MultiLineString", "coordinates": [ [ [ 145.4888445, -38.0982011 ], [ 145.4882556, -38.1013207 ], [ 145.48854, -38.0991434 ] ], [ [ 145.48854, -38.0991434 ], [ 145.4884683, -38.0981963 ] ], [ [ 145.48854, -38.0991434 ], [ 145.4888445, -38.0982011 ] ], [ [ 145.4888174, -38.0978583 ], [ 145.4894813, -38.0955237 ] ], [ [ 145.4894813, -38.0955237 ], [ 145.4895933, -38.0950655 ] ], [ [ 145.4894813, -38.0955237 ], [ 145.4888445, -38.0982011 ] ] ] } },
{ "type": "Feature", "properties": { "project_id": "SCC_00964", "scc_feature": 1346, "scc_source_id": "1346", "scc_type": "C2", "status": "missing_or_unverified", "mean_lts": 4.0, "connects_existing": true, "length_km": 1.347, "high_stress_km": 1.347, "project_type": "New protected link" }, "geometry": { "type": "MultiLineString", "coordinates": [ [ [ 145.4900352, -38.0929894 ], [ 145.4899466, -38.0939706 ] ], [ [ 145.4900352, -38.0929894 ], [ 145.4905142, -38.0907696 ] ], [ [ 145.4903032, -38.0899378 ], [ 145.4903791, -38.090128 ] ], [ [ 145.4905142, -38.0907696 ], [ 145.4903791, -38.090128 ] ], [ [ 145.4904092, -38.089777 ], [ 145.490894, -38.0889361 ] ], [ [ 145.490894, -38.0889361 ], [ 145.4917171, -38.0849453 ] ], [ [ 145.490894, -38.0889361 ], [ 145.4908734, -38.0899361 ], [ 145.4905142, -38.0907696 ] ], [ [ 145.4920328, -38.0840121 ], [ 145.4917171, -38.0849453 ] ], [ [ 145.4920328, -38.0840121 ], [ 145.4920828, -38.0837965 ] ], [ [ 145.4917171, -38.0849453 ], [ 145.4917607, -38.0839365 ] ], [ [ 145.4918445, -38.0837393 ], [ 145.4917607, -38.0839365 ] ] ] } },
{ "type": "Feature", "properties": { "project_id": "SCC_00965", "scc_feature": 1347, "scc_source_id": "1347", "scc_type": "C2", "status": "missing_or_unverified", "mean_lts": 4.0, "connects_existing": true, "length_km": 0.051, "high_stress_km": 0.051, "project_type": "New protected link" }, "geometry": { "type": "LineString", "coordinates": [ [ 145.476242, -38.0713358 ], [ 145.4750829, -38.0711585 ] ] } },
{ "type": "Feature", "properties": { "project_id": "SCC_00966", "scc_feature": 1347, "scc_source_id": "1347", "scc_type": "C2", "status": "missing_or_unverified", "mean_lts": 3.66, "connects_existing": true, "length_km": 1.346, "high_stress_km": 1.117, "project_type": "New protected link" }, "geometry": { "type": "MultiLineString", "coordinates": [ [ [ 145.4800228, -38.0715289 ], [ 145.4809351, -38.0715137 ], [ 145.4826883, -38.0716264 ] ], [ [ 145.4826883, -38.0716264 ], [ 145.4809853, -38.071289 ] ], [ [ 145.4821504, -38.0717276 ], [ 145.4815197, -38.0719088 ] ], [ [ 145.4821504, -38.0717276 ], [ 145.4800228, -38.0715289 ] ], [ [ 145.4833587, -38.0717342 ], [ 145.4821504, -38.0717276 ] ], [ [ 145.4826883, -38.0716264 ], [ 145.4833587, -38.0717342 ] ], [ [ 145.4850774, -38.0718646 ], [ 145.4863649, -38.0718992 ] ], [ [ 145.4864075, -38.0720439 ], [ 145.4850774, -38.0718646 ] ], [ [ 145.4800228, -38.0715289 ], [ 145.4777918, -38.0713649 ] ], [ [ 145.4833587, -38.0717342 ], [ 145.4850774, -38.0718646 ] ] ] } },
{ "type": "Feature", "properties": { "project_id": "SCC_00967", "scc_feature": 1348, "scc_source_id": "1348", "scc_type": "C2", "status": "missing_or_unverified", "mean_lts": 4.0, "connects_existing": true, "length_km": 1.899, "high_stress_km": 1.899, "project_type": "New protected link" }, "geometry": { "type": "MultiLineString", "coordinates": [ [ [ 145.4921156, -38.0833102 ], [ 145.4920828, -38.0837965 ] ], [ [ 145.4921156, -38.0833102 ], [ 145.4924854, -38.0814044 ] ], [ [ 145.4918445, -38.0837393 ], [ 145.4921156, -38.0833102 ] ], [ [ 145.4930989, -38.0709583 ], [ 145.4941964, -38.0719187 ] ], [ [ 145.493376, -38.0774506 ], [ 145.4932563, -38.0782871 ], [ 145.4929353, -38.0794816 ] ], [ [ 145.4938169, -38.0754105 ], [ 145.4941633, -38.0735314 ], [ 145.4943519, -38.0732274 ], [ 145.4942784, -38.0729201 ], [ 145.4941964, -38.0719187 ] ], [ [ 145.4938169, -38.0754105 ], [ 145.493376, -38.0774506 ] ], [ [ 145.4929353, -38.0794816 ], [ 145.4924854, -38.0814044 ] ], [ [ 145.4929353, -38.0794816 ], [ 145.493376, -38.0774506 ] ] ] } },
{ "type": "Feature", "properties": { "project_id": "SCC_00968", "scc_feature": 1349, "scc_source_id": "1349", "scc_type": "C2", "status": "missing_or_unverified", "mean_lts": 4.0, "connects_existing": true, "length_km": 1.633, "high_stress_km": 1.633, "project_type": "New protected link" }, "geometry": { "type": "MultiLineString", "coordinates": [ [ [ 145.4968505, -38.0681225 ], [ 145.4932914, -38.0704651 ] ], [ [ 145.4926695, -38.0707726 ], [ 145.4968505, -38.0681225 ] ], [ [ 145.4993958, -38.0668483 ], [ 145.4968505, -38.0681225 ] ], [ [ 145.4968505, -38.0681225 ], [ 145.4987096, -38.0669567 ], [ 145.5030678, -38.0656605 ], [ 145.5054508, -38.0656278 ], [ 145.5066491, -38.0655619 ] ] ] } },
{ "type": "Feature", "properties": { "project_id": "SCC_00969", "scc_feature": 1350, "scc_source_id": "1350", "scc_type": "C2", "status": "missing_or_unverified", "mean_lts": 4.0, "connects_existing": true, "length_km": 0.808, "high_stress_km": 0.808, "project_type": "New protected link" }, "geometry": { "type": "LineString", "coordinates": [ [ 145.5071615, -38.0655864 ], [ 145.5111079, -38.0654743 ], [ 145.5113476, -38.0654593 ], [ 145.5163648, -38.0653785 ] ] } },
{ "type": "Feature", "properties": { "project_id": "SCC_00970", "scc_feature": 1351, "scc_source_id": "1351", "scc_type": "C2", "status": "missing_or_unverified", "mean_lts": 4.0, "connects_existing": true, "length_km": 0.062, "high_stress_km": 0.062, "project_type": "New protected link" }, "geometry": { "type": "LineString", "coordinates": [ [ 145.4932914, -38.0704651 ], [ 145.4930989, -38.0709583 ] ] } },
{ "type": "Feature", "properties": { "project_id": "SCC_00971", "scc_feature": 1351, "scc_source_id": "1351", "scc_type": "C2", "status": "missing_or_unverified", "mean_lts": 4.0, "connects_existing": true, "length_km": 1.511, "high_stress_km": 1.511, "project_type": "New protected link" }, "geometry": { "type": "LineString", "coordinates": [ [ 145.5164377, -38.0657219 ], [ 145.514054, -38.0657819 ], [ 145.5092864, -38.0659198 ], [ 145.5069026, -38.0659887 ], [ 145.5062754, -38.0659987 ], [ 145.5022949, -38.0661103 ], [ 145.4993958, -38.0668483 ] ] } },
{ "type": "Feature", "properties": { "project_id": "SCC_00972", "scc_feature": 15, "scc_source_id": "15", "scc_type": "C1", "status": "partial_existing", "mean_lts": 4.0, "connects_existing": true, "length_km": 0.166, "high_stress_km": 0.166, "project_type": "New protected link" }, "geometry": { "type": "LineString", "coordinates": [ [ 144.9115363, -37.8268514 ], [ 144.9116857, -37.8296116 ] ] } },
{ "type": "Feature", "properties": { "project_id": "SCC_00973", "scc_feature": 80, "scc_source_id": "80", "scc_type": "C1", "status": "partial_existing", "mean_lts": 3.0, "connects_existing": true, "length_km": 0.253, "high_stress_km": 0.253, "project_type": "New protected link" }, "geometry": { "type": "LineString", "coordinates": [ [ 144.984846, -37.8283002 ], [ 144.9797364, -37.826933 ] ] } },
{ "type": "Feature", "properties": { "project_id": "SCC_00974", "scc_feature": 85, "scc_source_id": "85", "scc_type": "C1", "status": "partial_existing", "mean_lts": 2.0, "connects_existing": true, "length_km": 0.499, "high_stress_km": 0.0, "project_type": "New protected link" }, "geometry": { "type": "LineString", "coordinates": [ [ 145.0308985, -37.7781353 ], [ 145.026023, -37.7791622 ] ] } },
{ "type": "Feature", "properties": { "project_id": "SCC_00975", "scc_feature": 103, "scc_source_id": "103", "scc_type": "C1", "status": "partial_existing", "mean_lts": 4.0, "connects_existing": false, "length_km": 0.153, "high_stress_km": 0.153, "project_type": "New protected link" }, "geometry": { "type": "LineString", "coordinates": [ [ 145.0917184, -37.6969736 ], [ 145.0948907, -37.6971061 ] ] } },
{ "type": "Feature", "properties": { "project_id": "SCC_00976", "scc_feature": 104, "scc_source_id": "104", "scc_type": "C1", "status": "partial_existing", "mean_lts": 2.0, "connects_existing": true, "length_km": 0.303, "high_stress_km": 0.0, "project_type": "New protected link" }, "geometry": { "type": "LineString", "coordinates": [ [ 144.6752594, -37.8962972 ], [ 144.6764909, -37.8954654 ] ] } },
{ "type": "Feature", "properties": { "project_id": "SCC_00978", "scc_feature": 133, "scc_source_id": "133", "scc_type": "C1", "status": "partial_existing", "mean_lts": 3.0, "connects_existing": true, "length_km": 0.139, "high_stress_km": 0.139, "project_type": "New protected link" }, "geometry": { "type": "LineString", "coordinates": [ [ 145.1471457, -37.820269 ], [ 145.1501023, -37.8206129 ] ] } },
{ "type": "Feature", "properties": { "project_id": "SCC_00979", "scc_feature": 155, "scc_source_id": "155", "scc_type": "C1", "status": "partial_existing", "mean_lts": 4.0, "connects_existing": true, "length_km": 0.163, "high_stress_km": 0.163, "project_type": "New protected link" }, "geometry": { "type": "LineString", "coordinates": [ [ 145.1592144, -38.1113775 ], [ 145.1572527, -38.1127346 ] ] } },
{ "type": "Feature", "properties": { "project_id": "SCC_00980", "scc_feature": 187, "scc_source_id": "187", "scc_type": "C1", "status": "partial_existing", "mean_lts": 4.0, "connects_existing": true, "length_km": 0.066, "high_stress_km": 0.066, "project_type": "New protected link" }, "geometry": { "type": "LineString", "coordinates": [ [ 145.0603496, -37.8159604 ], [ 145.0596357, -37.8158945 ] ] } },
{ "type": "Feature", "properties": { "project_id": "SCC_00983", "scc_feature": 907, "scc_source_id": "907", "scc_type": "C2", "status": "partial_existing", "mean_lts": 4.0, "connects_existing": false, "length_km": 0.1, "high_stress_km": 0.1, "project_type": "New protected link" }, "geometry": { "type": "LineString", "coordinates": [ [ 145.0481592, -37.9490792 ], [ 145.0460078, -37.9490976 ] ] } },
{ "type": "Feature", "properties": { "project_id": "SCC_00984", "scc_feature": 918, "scc_source_id": "918", "scc_type": "C2", "status": "partial_existing", "mean_lts": 4.0, "connects_existing": false, "length_km": 0.195, "high_stress_km": 0.195, "project_type": "New protected link" }, "geometry": { "type": "LineString", "coordinates": [ [ 145.0515003, -37.9462419 ], [ 145.0511472, -37.9479753 ] ] } },
{ "type": "Feature", "properties": { "project_id": "SCC_00986", "scc_feature": 1041, "scc_source_id": "1041", "scc_type": "C2", "status": "partial_existing", "mean_lts": 2.0, "connects_existing": true, "length_km": 0.097, "high_stress_km": 0.0, "project_type": "New protected link" }, "geometry": { "type": "LineString", "coordinates": [ [ 145.0839969, -37.7131873 ], [ 145.0846914, -37.7117656 ] ] } },
{ "type": "Feature", "properties": { "project_id": "SCC_00987", "scc_feature": 1041, "scc_source_id": "1041", "scc_type": "C2", "status": "partial_existing", "mean_lts": 4.0, "connects_existing": true, "length_km": 0.06, "high_stress_km": 0.06, "project_type": "New protected link" }, "geometry": { "type": "LineString", "coordinates": [ [ 145.0812904, -37.7195959 ], [ 145.0812683, -37.7186943 ] ] } },
{ "type": "Feature", "properties": { "project_id": "SCC_00988", "scc_feature": 1092, "scc_source_id": "1092", "scc_type": "C2", "status": "partial_existing", "mean_lts": 2.0, "connects_existing": false, "length_km": 0.075, "high_stress_km": 0.0, "project_type": "New protected link" }, "geometry": { "type": "LineString", "coordinates": [ [ 145.1271719, -37.7663676 ], [ 145.1273585, -37.7652711 ] ] } },
{ "type": "Feature", "properties": { "project_id": "SCC_00989", "scc_feature": 1108, "scc_source_id": "1108", "scc_type": "C2", "status": "partial_existing", "mean_lts": 4.0, "connects_existing": true, "length_km": 0.19, "high_stress_km": 0.19, "project_type": "New protected link" }, "geometry": { "type": "LineString", "coordinates": [ [ 145.232774, -37.9296034 ], [ 145.2329948, -37.9279845 ] ] } },
{ "type": "Feature", "properties": { "project_id": "SCC_00990", "scc_feature": 1114, "scc_source_id": "1114", "scc_type": "C2", "status": "partial_existing", "mean_lts": 3.0, "connects_existing": false, "length_km": 0.219, "high_stress_km": 0.219, "project_type": "New protected link" }, "geometry": { "type": "LineString", "coordinates": [ [ 145.3109756, -37.7850708 ], [ 145.3066358, -37.7836657 ] ] } },
{ "type": "Feature", "properties": { "project_id": "SCC_00991", "scc_feature": 1142, "scc_source_id": "1142", "scc_type": "C2", "status": "partial_existing", "mean_lts": 2.0, "connects_existing": false, "length_km": 0.084, "high_stress_km": 0.0, "project_type": "New protected link" }, "geometry": { "type": "LineString", "coordinates": [ [ 145.2587517, -37.8769009 ], [ 145.2578742, -37.8760228 ] ] } },
{ "type": "Feature", "properties": { "project_id": "SCC_00992", "scc_feature": 1142, "scc_source_id": "1142", "scc_type": "C2", "status": "partial_existing", "mean_lts": 4.0, "connects_existing": true, "length_km": 0.095, "high_stress_km": 0.095, "project_type": "New protected link" }, "geometry": { "type": "LineString", "coordinates": [ [ 145.2414298, -37.8709388 ], [ 145.2396173, -37.8701907 ] ] } },
{ "type": "Feature", "properties": { "project_id": "SCC_00993", "scc_feature": 1161, "scc_source_id": "1161", "scc_type": "C2", "status": "partial_existing", "mean_lts": 2.0, "connects_existing": true, "length_km": 0.109, "high_stress_km": 0.0, "project_type": "New protected link" }, "geometry": { "type": "LineString", "coordinates": [ [ 145.1536701, -37.703719 ], [ 145.1555921, -37.7035148 ] ] } },
{ "type": "Feature", "properties": { "project_id": "SCC_00994", "scc_feature": 1, "scc_source_id": "1", "scc_type": "C1", "status": "upgrade_candidate", "mean_lts": 3.0, "connects_existing": true, "length_km": 0.151, "high_stress_km": 0.151, "project_type": "Upgrade existing facility" }, "geometry": { "type": "LineString", "coordinates": [ [ 144.9171325, -37.702408 ], [ 144.9176001, -37.7039392 ] ] } },
{ "type": "Feature", "properties": { "project_id": "SCC_00995", "scc_feature": 2, "scc_source_id": "2", "scc_type": "C1", "status": "upgrade_candidate", "mean_lts": 2.0, "connects_existing": true, "length_km": 0.523, "high_stress_km": 0.0, "project_type": "Upgrade existing facility" }, "geometry": { "type": "LineString", "coordinates": [ [ 144.9282035, -37.7434988 ], [ 144.9288034, -37.7435544 ], [ 144.9316869, -37.7439295 ], [ 144.9337649, -37.7451104 ] ] } },
{ "type": "Feature", "properties": { "project_id": "SCC_00996", "scc_feature": 2, "scc_source_id": "2", "scc_type": "C1", "status": "upgrade_candidate", "mean_lts": 2.16, "connects_existing": true, "length_km": 0.646, "high_stress_km": 0.103, "project_type": "Upgrade existing facility" }, "geometry": { "type": "MultiLineString", "coordinates": [ [ [ 144.9221622, -37.7428247 ], [ 144.9199451, -37.7425693 ] ], [ [ 144.9221622, -37.7428247 ], [ 144.9233726, -37.7429632 ] ], [ [ 144.9254658, -37.7431893 ], [ 144.9233726, -37.7429632 ] ], [ [ 144.9254658, -37.7431893 ], [ 144.9271622, -37.7433994 ] ] ] } },
{ "type": "Feature", "properties": { "project_id": "SCC_00997", "scc_feature": 10, "scc_source_id": "10", "scc_type": "C1", "status": "upgrade_candidate", "mean_lts": 2.0, "connects_existing": false, "length_km": 0.302, "high_stress_km": 0.0, "project_type": "Upgrade existing facility" }, "geometry": { "type": "LineString", "coordinates": [ [ 144.8925187, -37.8020458 ], [ 144.8917712, -37.8019694 ], [ 144.8906167, -37.8018315 ], [ 144.8891224, -37.8016606 ] ] } },
{ "type": "Feature", "properties": { "project_id": "SCC_00998", "scc_feature": 10, "scc_source_id": "10", "scc_type": "C1", "status": "upgrade_candidate", "mean_lts": 3.72, "connects_existing": true, "length_km": 0.189, "high_stress_km": 0.189, "project_type": "Upgrade existing facility" }, "geometry": { "type": "MultiLineString", "coordinates": [ [ [ 144.8872499, -37.801609 ], [ 144.8882845, -37.80197 ] ], [ [ 144.8885719, -37.8018489 ], [ 144.888676, -37.8013822 ] ], [ [ 144.8885719, -37.8018489 ], [ 144.8882845, -37.80197 ] ] ] } },
{ "type": "Feature", "properties": { "project_id": "SCC_00999", "scc_feature": 10, "scc_source_id": "10", "scc_type": "C1", "status": "upgrade_candidate", "mean_lts": 3.45, "connects_existing": true, "length_km": 0.712, "high_stress_km": 0.712, "project_type": "Upgrade existing facility" }, "geometry": { "type": "MultiLineString", "coordinates": [ [ [ 144.8932287, -37.8034373 ], [ 144.8922387, -37.8031042 ] ], [ [ 144.8932287, -37.8034373 ], [ 144.8937607, -37.8035009 ] ], [ [ 144.8925582, -37.8022538 ], [ 144.8922387, -37.8031042 ] ], [ [ 144.8974146, -37.8040168 ], [ 144.8956733, -37.8037424 ], [ 144.8950845, -37.8036778 ], [ 144.8943944, -37.8035843 ], [ 144.8937607, -37.8035009 ] ], [ [ 144.8930959, -37.8037143 ], [ 144.8923374, -37.8036286 ], [ 144.8922387, -37.8031042 ] ] ] } },
{ "type": "Feature", "properties": { "project_id": "SCC_01000", "scc_feature": 10, "scc_source_id": "10", "scc_type": "C1", "status": "upgrade_candidate", "mean_lts": 2.0, "connects_existing": false, "length_km": 0.057, "high_stress_km": 0.0, "project_type": "Upgrade existing facility" }, "geometry": { "type": "LineString", "coordinates": [ [ 144.8943519, -37.8038809 ], [ 144.8940689, -37.8038488 ], [ 144.8937066, -37.8038063 ] ] } },
{ "type": "Feature", "properties": { "project_id": "SCC_01001", "scc_feature": 15, "scc_source_id": "15", "scc_type": "C1", "status": "upgrade_candidate", "mean_lts": 2.41, "connects_existing": true, "length_km": 1.189, "high_stress_km": 0.242, "project_type": "Upgrade existing facility" }, "geometry": { "type": "MultiLineString", "coordinates": [ [ [ 144.9266638, -37.8238114 ], [ 144.9306593, -37.8239358 ], [ 144.9334058, -37.8240381 ] ], [ [ 144.9344634, -37.8240026 ], [ 144.9348456, -37.823739 ] ], [ [ 144.9344634, -37.8240026 ], [ 144.9357426, -37.8245748 ], [ 144.9334058, -37.8240381 ] ], [ [ 144.9344634, -37.8240026 ], [ 144.9334058, -37.8240381 ] ] ] } },
{ "type": "Feature", "properties": { "project_id": "SCC_01002", "scc_feature": 15, "scc_source_id": "15", "scc_type": "C1", "status": "upgrade_candidate", "mean_lts": 2.97, "connects_existing": false, "length_km": 0.087, "high_stress_km": 0.042, "project_type": "Upgrade existing facility" }, "geometry": { "type": "MultiLineString", "coordinates": [ [ [ 144.9353703, -37.8240726 ], [ 144.9350008, -37.8238769 ] ], [ [ 144.9353703, -37.8240726 ], [ 144.9353115, -37.8237381 ] ] ] } },
{ "type": "Feature", "properties": { "project_id": "SCC_01003", "scc_feature": 17, "scc_source_id": "17", "scc_type": "C1", "status": "upgrade_candidate", "mean_lts": 3.64, "connects_existing": false, "length_km": 0.724, "high_stress_km": 0.724, "project_type": "Upgrade existing facility" }, "geometry": { "type": "MultiLineString", "coordinates": [ [ [ 144.8302775, -37.795923 ], [ 144.8304263, -37.7951057 ], [ 144.8305754, -37.7942794 ], [ 144.8307242, -37.7934621 ], [ 144.8308612, -37.7926626 ], [ 144.8309828, -37.7919979 ], [ 144.8312675, -37.7904171 ] ], [ [ 144.831443, -37.7894651 ], [ 144.8312675, -37.7904171 ] ] ] } },
{ "type": "Feature", "properties": { "project_id": "SCC_01004", "scc_feature": 19, "scc_source_id": "19", "scc_type": "C1", "status": "upgrade_candidate", "mean_lts": 3.0, "connects_existing": true, "length_km": 0.155, "high_stress_km": 0.155, "project_type": "Upgrade existing facility" }, "geometry": { "type": "LineString", "coordinates": [ [ 144.968067, -37.8186937 ], [ 144.9676439, -37.8179654 ], [ 144.9673852, -37.8174563 ] ] } },
{ "type": "Feature", "properties": { "project_id": "SCC_01005", "scc_feature": 23, "scc_source_id": "23", "scc_type": "C1", "status": "upgrade_candidate", "mean_lts": 2.9, "connects_existing": true, "length_km": 0.29, "high_stress_km": 0.13, "project_type": "Upgrade existing facility" }, "geometry": { "type": "MultiLineString", "coordinates": [ [ [ 144.9473505, -37.8209928 ], [ 144.9463786, -37.8212191 ], [ 144.9455879, -37.8214667 ] ], [ [ 144.9444201, -37.8213832 ], [ 144.9450757, -37.8215028 ], [ 144.9455879, -37.8214667 ] ] ] } },
{ "type": "Feature", "properties": { "project_id": "SCC_01006", "scc_feature": 25, "scc_source_id": "25", "scc_type": "C1", "status": "upgrade_candidate", "mean_lts": 3.83, "connects_existing": true, "length_km": 5.027, "high_stress_km": 4.798, "project_type": "Upgrade existing facility" }, "geometry": { "type": "MultiLineString", "coordinates": [ [ [ 144.9407797, -37.7884448 ], [ 144.9402722, -37.7883188 ] ], [ [ 144.9411573, -37.7887488 ], [ 144.9411595, -37.7882622 ] ], [ [ 144.9411573, -37.7887488 ], [ 144.9407797, -37.7884448 ] ], [ [ 144.9419331, -37.7894382 ], [ 144.9418463, -37.7892925 ], [ 144.9411573, -37.7887488 ] ], [ [ 144.9455606, -37.792124 ], [ 144.9428354, -37.7900668 ] ], [ [ 144.9525075, -37.7975799 ], [ 144.9519558, -37.7974081 ], [ 144.951735, -37.797179 ] ], [ [ 144.9551291, -37.7997072 ], [ 144.9543782, -37.7993427 ], [ 144.9541278, -37.7989508 ] ], [ [ 144.9553563, -37.8001167 ], [ 144.9551291, -37.7997072 ] ], [ [ 144.9473469, -37.7936421 ], [ 144.9454023, -37.7925087 ] ], [ [ 144.9437027, -37.7903252 ], [ 144.9455606, -37.792124 ] ], [ [ 144.9525075, -37.7975799 ], [ 144.9541278, -37.7989508 ] ], [ [ 144.9551291, -37.7997072 ], [ 144.9541278, -37.7989508 ] ], [ [ 144.9541278, -37.7989508 ], [ 144.9527781, -37.7980623 ], [ 144.9525075, -37.7975799 ] ], [ [ 144.9407797, -37.7884448 ], [ 144.9404275, -37.7880421 ] ], [ [ 144.9404275, -37.7880421 ], [ 144.9401391, -37.7877938 ] ], [ [ 144.9404831, -37.7876736 ], [ 144.9404275, -37.7880421 ] ], [ [ 144.9411595, -37.7882622 ], [ 144.9414337, -37.7886094 ], [ 144.9424572, -37.7893753 ], [ 144.9455606, -37.792124 ] ], [ [ 144.9404831, -37.7876736 ], [ 144.9411595, -37.7882622 ] ], [ [ 144.9511727, -37.7965654 ], [ 144.9525075, -37.7975799 ] ], [ [ 144.9511727, -37.7965654 ], [ 144.9517593, -37.7967108 ], [ 144.9522559, -37.7972331 ], [ 144.9525075, -37.7975799 ] ], [ [ 144.9491761, -37.7948455 ], [ 144.9511727, -37.7965654 ] ], [ [ 144.951735, -37.797179 ], [ 144.9511727, -37.7965654 ] ], [ [ 144.9525075, -37.7975799 ], [ 144.951735, -37.797179 ] ], [ [ 144.9455606, -37.792124 ], [ 144.9473469, -37.7936421 ] ], [ [ 144.9473469, -37.7936421 ], [ 144.9488556, -37.7945245 ] ], [ [ 144.9506884, -37.7964218 ], [ 144.9496201, -37.7956282 ], [ 144.9494126, -37.7953272 ] ], [ [ 144.9556916, -37.8003117 ], [ 144.9551291, -37.7997072 ] ], [ [ 144.9455606, -37.792124 ], [ 144.9474818, -37.7932839 ] ], [ [ 144.9455606, -37.792124 ], [ 144.9431786, -37.7903882 ] ], [ [ 144.9506884, -37.7964218 ], [ 144.9494126, -37.7953272 ] ], [ [ 144.9491761, -37.7948455 ], [ 144.9500029, -37.7953375 ], [ 144.9501447, -37.7955472 ], [ 144.9511727, -37.7965654 ] ], [ [ 144.9494126, -37.7953272 ], [ 144.9488556, -37.7945245 ] ], [ [ 144.9488556, -37.7945245 ], [ 144.9491761, -37.7948455 ] ] ] } },
{ "type": "Feature", "properties": { "project_id": "SCC_01007", "scc_feature": 33, "scc_source_id": "33", "scc_type": "C1", "status": "upgrade_candidate", "mean_lts": 3.4, "connects_existing": true, "length_km": 4.408, "high_stress_km": 3.091, "project_type": "Upgrade existing facility" }, "geometry": { "type": "MultiLineString", "coordinates": [ [ [ 144.68795, -37.8901222 ], [ 144.6911461, -37.8886351 ], [ 144.6938808, -37.887355 ], [ 144.6984963, -37.8851926 ], [ 144.6991643, -37.8849173 ] ], [ [ 144.68795, -37.8901222 ], [ 144.6867286, -37.8909993 ] ], [ [ 144.691563, -37.8891208 ], [ 144.6940229, -37.887538 ], [ 144.6971235, -37.886193 ] ], [ [ 144.6979082, -37.8858209 ], [ 144.6988571, -37.8852897 ], [ 144.6994109, -37.8850302 ] ], [ [ 144.6979082, -37.8858209 ], [ 144.6971235, -37.886193 ] ], [ [ 144.7001562, -37.8848285 ], [ 144.6979082, -37.8858209 ] ], [ [ 144.6971235, -37.886193 ], [ 144.6940747, -37.8877012 ], [ 144.691563, -37.8891208 ] ], [ [ 144.691563, -37.8891208 ], [ 144.6891718, -37.889957 ], [ 144.6867286, -37.8909993 ] ], [ [ 144.6831195, -37.8925954 ], [ 144.6805089, -37.8938956 ], [ 144.6807884, -37.8936849 ], [ 144.6831195, -37.8925954 ] ], [ [ 144.6831195, -37.8925954 ], [ 144.6867286, -37.8909993 ] ] ] } },
{ "type": "Feature", "properties": { "project_id": "SCC_01008", "scc_feature": 42, "scc_source_id": "42", "scc_type": "C1", "status": "upgrade_candidate", "mean_lts": 3.27, "connects_existing": false, "length_km": 1.242, "high_stress_km": 1.242, "project_type": "Upgrade existing facility" }, "geometry": { "type": "MultiLineString", "coordinates": [ [ [ 144.8839901, -37.7837073 ], [ 144.8841365, -37.782953 ], [ 144.8842978, -37.7820727 ] ], [ [ 144.8852431, -37.7775929 ], [ 144.8849546, -37.7785519 ] ], [ [ 144.8844595, -37.7811835 ], [ 144.8846484, -37.7801325 ], [ 144.8849152, -37.779137 ], [ 144.8849546, -37.7785519 ] ], [ [ 144.8839901, -37.7837073 ], [ 144.8838138, -37.7847135 ] ], [ [ 144.8844595, -37.7811835 ], [ 144.8842978, -37.7820727 ] ], [ [ 144.8830783, -37.7886023 ], [ 144.8833302, -37.7873362 ], [ 144.8834634, -37.7866447 ], [ 144.8835168, -37.7863663 ], [ 144.883639, -37.7856655 ], [ 144.8838138, -37.7847135 ] ] ] } },
{ "type": "Feature", "properties": { "project_id": "SCC_01009", "scc_feature": 42, "scc_source_id": "42", "scc_type": "C1", "status": "upgrade_candidate", "mean_lts": 3.1, "connects_existing": false, "length_km": 0.69, "high_stress_km": 0.69, "project_type": "Upgrade existing facility" }, "geometry": { "type": "MultiLineString", "coordinates": [ [ [ 144.8863814, -37.7707103 ], [ 144.8864682, -37.7696575 ], [ 144.8864373, -37.7703418 ] ], [ [ 144.8864373, -37.7703418 ], [ 144.8863814, -37.7707103 ] ], [ [ 144.8863814, -37.7707103 ], [ 144.8864421, -37.7709728 ], [ 144.8862153, -37.7717617 ] ], [ [ 144.8862153, -37.7717617 ], [ 144.8861545, -37.7723013 ], [ 144.8864702, -37.7727756 ] ], [ [ 144.8862153, -37.7717617 ], [ 144.8863059, -37.7709703 ], [ 144.8863814, -37.7707103 ] ], [ [ 144.8864373, -37.7703418 ], [ 144.8867587, -37.770618 ] ] ] } },
{ "type": "Feature", "properties": { "project_id": "SCC_01010", "scc_feature": 42, "scc_source_id": "42", "scc_type": "C1", "status": "upgrade_candidate", "mean_lts": 3.44, "connects_existing": false, "length_km": 0.077, "high_stress_km": 0.077, "project_type": "Upgrade existing facility" }, "geometry": { "type": "MultiLineString", "coordinates": [ [ [ 144.8816523, -37.7979758 ], [ 144.8813946, -37.797854 ] ], [ [ 144.8816523, -37.7979758 ], [ 144.88204, -37.7979197 ] ] ] } },
{ "type": "Feature", "properties": { "project_id": "SCC_01011", "scc_feature": 43, "scc_source_id": "43", "scc_type": "C1", "status": "upgrade_candidate", "mean_lts": 3.22, "connects_existing": true, "length_km": 5.516, "high_stress_km": 3.662, "project_type": "Upgrade existing facility" }, "geometry": { "type": "MultiLineString", "coordinates": [ [ [ 144.8746235, -37.8082396 ], [ 144.8765573, -37.8073463 ] ], [ [ 144.8735792, -37.8090048 ], [ 144.8746235, -37.8082396 ] ], [ [ 144.8746235, -37.8082396 ], [ 144.8767962, -37.8069361 ], [ 144.8792075, -37.8056278 ] ], [ [ 144.8746235, -37.8082396 ], [ 144.8741337, -37.8086813 ] ], [ [ 144.8827861, -37.804007 ], [ 144.8826071, -37.8043102 ] ], [ [ 144.8832786, -37.8038626 ], [ 144.8827861, -37.804007 ] ], [ [ 144.8822358, -37.8041863 ], [ 144.8827861, -37.804007 ] ], [ [ 144.8827861, -37.804007 ], [ 144.8830655, -37.8037687 ], [ 144.8846386, -37.8027696 ] ], [ [ 144.8826071, -37.8043102 ], [ 144.8808014, -37.8050977 ] ], [ [ 144.8826071, -37.8043102 ], [ 144.8822371, -37.8045378 ], [ 144.8813251, -37.8050531 ] ], [ [ 144.8791218, -37.8058425 ], [ 144.8801045, -37.8052384 ] ], [ [ 144.8801045, -37.8052384 ], [ 144.8822358, -37.8041863 ] ], [ [ 144.8801045, -37.8052384 ], [ 144.8808014, -37.8050977 ] ], [ [ 144.8792075, -37.8056278 ], [ 144.8801045, -37.8052384 ] ], [ [ 144.8765573, -37.8073463 ], [ 144.8791218, -37.8058425 ] ], [ [ 144.8765573, -37.8073463 ], [ 144.8750414, -37.8083192 ], [ 144.8739095, -37.8089747 ] ], [ [ 144.8790478, -37.8060484 ], [ 144.8765573, -37.8073463 ] ], [ [ 144.8800625, -37.805517 ], [ 144.8791218, -37.8058425 ] ], [ [ 144.8792075, -37.8056278 ], [ 144.8791218, -37.8058425 ] ], [ [ 144.8808014, -37.8050977 ], [ 144.8822358, -37.8041863 ] ], [ [ 144.8822358, -37.8041863 ], [ 144.882542, -37.8038043 ] ], [ [ 144.8739095, -37.8089747 ], [ 144.8735792, -37.8090048 ] ], [ [ 144.8741337, -37.8086813 ], [ 144.8739095, -37.8089747 ] ], [ [ 144.8808014, -37.8050977 ], [ 144.8800625, -37.805517 ] ], [ [ 144.8808014, -37.8050977 ], [ 144.8803914, -37.8055319 ] ], [ [ 144.8800625, -37.805517 ], [ 144.8790478, -37.8060484 ] ], [ [ 144.8803914, -37.8055319 ], [ 144.8800625, -37.805517 ] ], [ [ 144.8735792, -37.8090048 ], [ 144.8703425, -37.8109649 ] ], [ [ 144.8712052, -37.8101965 ], [ 144.8735792, -37.8090048 ] ], [ [ 144.8741337, -37.8086813 ], [ 144.8735792, -37.8090048 ] ], [ [ 144.8712052, -37.8101965 ], [ 144.8720512, -37.809608 ], [ 144.8746235, -37.8082396 ] ], [ [ 144.8789265, -37.8063166 ], [ 144.878546, -37.806517 ], [ 144.8765573, -37.8073463 ] ], [ [ 144.8790478, -37.8060484 ], [ 144.8789265, -37.8063166 ] ], [ [ 144.8803914, -37.8055319 ], [ 144.8789265, -37.8063166 ] ], [ [ 144.8847868, -37.8031508 ], [ 144.8841289, -37.8035175 ], [ 144.8832786, -37.8038626 ] ], [ [ 144.8847868, -37.8031508 ], [ 144.8844916, -37.8031455 ], [ 144.8832786, -37.8038626 ] ], [ [ 144.8855359, -37.8027677 ], [ 144.8850409, -37.8030022 ], [ 144.8847868, -37.8031508 ] ] ] } },
{ "type": "Feature", "properties": { "project_id": "SCC_01013", "scc_feature": 45, "scc_source_id": "45", "scc_type": "C1", "status": "upgrade_candidate", "mean_lts": 3.0, "connects_existing": false, "length_km": 0.104, "high_stress_km": 0.104, "project_type": "Upgrade existing facility" }, "geometry": { "type": "LineString", "coordinates": [ [ 144.8900127, -37.751193 ], [ 144.8888807, -37.7510916 ] ] } },
{ "type": "Feature", "properties": { "project_id": "SCC_01014", "scc_feature": 47, "scc_source_id": "47", "scc_type": "C1", "status": "upgrade_candidate", "mean_lts": 2.0, "connects_existing": true, "length_km": 0.06, "high_stress_km": 0.0, "project_type": "Upgrade existing facility" }, "geometry": { "type": "LineString", "coordinates": [ [ 144.8870662, -37.7091273 ], [ 144.8870865, -37.7088123 ] ] } },
{ "type": "Feature", "properties": { "project_id": "SCC_01015", "scc_feature": 47, "scc_source_id": "47", "scc_type": "C1", "status": "upgrade_candidate", "mean_lts": 1.75, "connects_existing": true, "length_km": 0.27, "high_stress_km": 0.067, "project_type": "Upgrade existing facility" }, "geometry": { "type": "LineString", "coordinates": [ [ 144.8203807, -37.7713729 ], [ 144.8161136, -37.7655354 ], [ 144.8217865, -37.7733725 ] ] } },
{ "type": "Feature", "properties": { "project_id": "SCC_01016", "scc_feature": 48, "scc_source_id": "48", "scc_type": "C1", "status": "upgrade_candidate", "mean_lts": 3.48, "connects_existing": true, "length_km": 0.576, "high_stress_km": 0.576, "project_type": "Upgrade existing facility" }, "geometry": { "type": "MultiLineString", "coordinates": [ [ [ 144.9098357, -37.7537902 ], [ 144.911228, -37.7539231 ], [ 144.912246, -37.7540493 ] ], [ [ 144.9124837, -37.7540715 ], [ 144.912246, -37.7540493 ] ], [ [ 144.9124837, -37.7540715 ], [ 144.9131646, -37.7540746 ] ], [ [ 144.9155781, -37.7530088 ], [ 144.9145091, -37.7534856 ], [ 144.9131646, -37.7540746 ] ], [ [ 144.9155781, -37.7530088 ], [ 144.9158196, -37.7528959 ] ] ] } },
{ "type": "Feature", "properties": { "project_id": "SCC_01017", "scc_feature": 48, "scc_source_id": "48", "scc_type": "C1", "status": "upgrade_candidate", "mean_lts": 3.0, "connects_existing": false, "length_km": 0.108, "high_stress_km": 0.108, "project_type": "Upgrade existing facility" }, "geometry": { "type": "LineString", "coordinates": [ [ 144.8900127, -37.751193 ], [ 144.8911789, -37.7512949 ] ] } },
{ "type": "Feature", "properties": { "project_id": "SCC_01018", "scc_feature": 50, "scc_source_id": "50", "scc_type": "C1", "status": "upgrade_candidate", "mean_lts": 3.7, "connects_existing": false, "length_km": 3.025, "high_stress_km": 2.576, "project_type": "Upgrade existing facility" }, "geometry": { "type": "MultiLineString", "coordinates": [ [ [ 144.9222962, -37.6779238 ], [ 144.9223214, -37.6774286 ], [ 144.9224682, -37.6766381 ] ], [ [ 144.9228199, -37.6750041 ], [ 144.9231443, -37.6723153 ], [ 144.9234625, -37.6710682 ] ], [ [ 144.9228199, -37.6750041 ], [ 144.9234625, -37.6710682 ] ], [ [ 144.9236641, -37.6703418 ], [ 144.9237145, -37.6701625 ] ], [ [ 144.9234625, -37.6710682 ], [ 144.9236641, -37.6703418 ] ], [ [ 144.9241256, -37.668836 ], [ 144.9236641, -37.6703418 ] ], [ [ 144.9236641, -37.6703418 ], [ 144.9232819, -37.6734802 ], [ 144.9224682, -37.6766381 ] ], [ [ 144.9224682, -37.6766381 ], [ 144.9222962, -37.6779238 ] ], [ [ 144.9222962, -37.6779238 ], [ 144.9212197, -37.680338 ], [ 144.9193928, -37.6824145 ] ], [ [ 144.9224682, -37.6766381 ], [ 144.9225067, -37.676071 ], [ 144.9228199, -37.6750041 ] ] ] } },
{ "type": "Feature", "properties": { "project_id": "SCC_01019", "scc_feature": 52, "scc_source_id": "52", "scc_type": "C1", "status": "upgrade_candidate", "mean_lts": 3.0, "connects_existing": true, "length_km": 0.076, "high_stress_km": 0.076, "project_type": "Upgrade existing facility" }, "geometry": { "type": "LineString", "coordinates": [ [ 144.9570869, -37.8007865 ], [ 144.9568871, -37.8014409 ] ] } },
{ "type": "Feature", "properties": { "project_id": "SCC_01020", "scc_feature": 52, "scc_source_id": "52", "scc_type": "C1", "status": "upgrade_candidate", "mean_lts": 3.0, "connects_existing": true, "length_km": 0.095, "high_stress_km": 0.095, "project_type": "Upgrade existing facility" }, "geometry": { "type": "LineString", "coordinates": [ [ 144.9565994, -37.8011656 ], [ 144.9564181, -37.8019735 ] ] } },
{ "type": "Feature", "properties": { "project_id": "SCC_01021", "scc_feature": 53, "scc_source_id": "53", "scc_type": "C1", "status": "upgrade_candidate", "mean_lts": 3.17, "connects_existing": true, "length_km": 0.147, "high_stress_km": 0.147, "project_type": "Upgrade existing facility" }, "geometry": { "type": "LineString", "coordinates": [ [ 144.953845, -37.8215384 ], [ 144.9535811, -37.8216329 ], [ 144.9520957, -37.8219405 ] ] } },
{ "type": "Feature", "properties": { "project_id": "SCC_01022", "scc_feature": 53, "scc_source_id": "53", "scc_type": "C1", "status": "upgrade_candidate", "mean_lts": 3.0, "connects_existing": true, "length_km": 0.132, "high_stress_km": 0.132, "project_type": "Upgrade existing facility" }, "geometry": { "type": "LineString", "coordinates": [ [ 144.9522711, -37.8217633 ], [ 144.9525564, -37.8217142 ], [ 144.9536908, -37.8213645 ] ] } },
{ "type": "Feature", "properties": { "project_id": "SCC_01023", "scc_feature": 56, "scc_source_id": "56", "scc_type": "C1", "status": "upgrade_candidate", "mean_lts": 3.59, "connects_existing": true, "length_km": 0.071, "high_stress_km": 0.071, "project_type": "Upgrade existing facility" }, "geometry": { "type": "LineString", "coordinates": [ [ 144.9572607, -37.801898 ], [ 144.9568871, -37.8014409 ], [ 144.9565994, -37.8011656 ] ] } },
{ "type": "Feature", "properties": { "project_id": "SCC_01024", "scc_feature": 56, "scc_source_id": "56", "scc_type": "C1", "status": "upgrade_candidate", "mean_lts": 2.15, "connects_existing": true, "length_km": 0.383, "high_stress_km": 0.22, "project_type": "Upgrade existing facility" }, "geometry": { "type": "MultiLineString", "coordinates": [ [ [ 144.958092, -37.7956312 ], [ 144.958452, -37.7941055 ], [ 144.9581561, -37.7945419 ] ], [ [ 144.958092, -37.7956312 ], [ 144.9581561, -37.7945419 ] ], [ [ 144.9581561, -37.7945419 ], [ 144.9582356, -37.7937142 ] ] ] } },
{ "type": "Feature", "properties": { "project_id": "SCC_01025", "scc_feature": 56, "scc_source_id": "56", "scc_type": "C1", "status": "upgrade_candidate", "mean_lts": 3.0, "connects_existing": true, "length_km": 0.262, "high_stress_km": 0.262, "project_type": "Upgrade existing facility" }, "geometry": { "type": "MultiLineString", "coordinates": [ [ [ 144.9588066, -37.7898851 ], [ 144.9584414, -37.7920145 ] ], [ [ 144.9584618, -37.7925105 ], [ 144.9584414, -37.7920145 ] ] ] } },
{ "type": "Feature", "properties": { "project_id": "SCC_01026", "scc_feature": 56, "scc_source_id": "56", "scc_type": "C1", "status": "upgrade_candidate", "mean_lts": 3.0, "connects_existing": true, "length_km": 0.677, "high_stress_km": 0.677, "project_type": "Upgrade existing facility" }, "geometry": { "type": "MultiLineString", "coordinates": [ [ [ 144.959801, -37.7834589 ], [ 144.9594599, -37.7847146 ] ], [ [ 144.9590366, -37.7877172 ], [ 144.9594599, -37.7847146 ] ], [ [ 144.9594599, -37.7847146 ], [ 144.9594255, -37.7834884 ] ], [ [ 144.9594599, -37.7847146 ], [ 144.9592966, -37.7865232 ] ], [ [ 144.9594599, -37.7847146 ], [ 144.9594518, -37.7841828 ] ], [ [ 144.9600039, -37.7797946 ], [ 144.9598698, -37.7817839 ] ], [ [ 144.9594255, -37.7834884 ], [ 144.9598028, -37.7825667 ], [ 144.9598698, -37.7817839 ] ], [ [ 144.959801, -37.7834589 ], [ 144.9594518, -37.7841828 ] ], [ [ 144.9594518, -37.7841828 ], [ 144.9594255, -37.7834884 ] ] ] } },
{ "type": "Feature", "properties": { "project_id": "SCC_01027", "scc_feature": 60, "scc_source_id": "60", "scc_type": "C1", "status": "upgrade_candidate", "mean_lts": 3.51, "connects_existing": false, "length_km": 2.952, "high_stress_km": 2.264, "project_type": "Upgrade existing facility" }, "geometry": { "type": "MultiLineString", "coordinates": [ [ [ 144.9257497, -37.659366 ], [ 144.9263813, -37.6582596 ] ], [ [ 144.9265464, -37.6580282 ], [ 144.9264711, -37.6574772 ] ], [ [ 144.9265464, -37.6580282 ], [ 144.9268545, -37.657547 ] ], [ [ 144.9263813, -37.6582596 ], [ 144.9265464, -37.6580282 ] ], [ [ 144.9289362, -37.6544294 ], [ 144.9282609, -37.6554809 ], [ 144.9268545, -37.657547 ] ], [ [ 144.928582, -37.6545313 ], [ 144.9289362, -37.6544294 ] ], [ [ 144.928582, -37.6545313 ], [ 144.9289837, -37.6539436 ], [ 144.9300501, -37.6522771 ] ], [ [ 144.9300501, -37.6522771 ], [ 144.9301218, -37.6517376 ] ], [ [ 144.9300501, -37.6522771 ], [ 144.9304375, -37.6517972 ], [ 144.9289362, -37.6544294 ] ], [ [ 144.928582, -37.6545313 ], [ 144.9286889, -37.6539474 ] ], [ [ 144.9268545, -37.657547 ], [ 144.9254416, -37.6602528 ], [ 144.9263813, -37.6582596 ] ], [ [ 144.9268545, -37.657547 ], [ 144.9275348, -37.6559098 ], [ 144.9278616, -37.6555731 ] ], [ [ 144.9268545, -37.657547 ], [ 144.9278616, -37.6555731 ] ], [ [ 144.9278616, -37.6555731 ], [ 144.9279854, -37.6551967 ], [ 144.928582, -37.6545313 ] ], [ [ 144.9278616, -37.6555731 ], [ 144.928582, -37.6545313 ] ] ] } },
{ "type": "Feature", "properties": { "project_id": "SCC_01028", "scc_feature": 63, "scc_source_id": "63", "scc_type": "C1", "status": "upgrade_candidate", "mean_lts": 3.0, "connects_existing": true, "length_km": 0.303, "high_stress_km": 0.303, "project_type": "Upgrade existing facility" }, "geometry": { "type": "LineString", "coordinates": [ [ 144.9686358, -37.809133 ], [ 144.9692151, -37.8091339 ], [ 144.9700984, -37.8088157 ], [ 144.9704513, -37.8087858 ], [ 144.9708418, -37.8086303 ], [ 144.9715973, -37.808418 ] ] } },
{ "type": "Feature", "properties": { "project_id": "SCC_01029", "scc_feature": 64, "scc_source_id": "64", "scc_type": "C1", "status": "upgrade_candidate", "mean_lts": 3.02, "connects_existing": true, "length_km": 0.096, "high_stress_km": 0.085, "project_type": "Upgrade existing facility" }, "geometry": { "type": "MultiLineString", "coordinates": [ [ [ 144.9712715, -37.8078717 ], [ 144.9699076, -37.8079023 ] ], [ [ 144.9712715, -37.8078717 ], [ 144.9715973, -37.808418 ] ], [ [ 144.9712715, -37.8078717 ], [ 144.9705431, -37.8075077 ] ] ] } },
{ "type": "Feature", "properties": { "project_id": "SCC_01030", "scc_feature": 65, "scc_source_id": "65", "scc_type": "C1", "status": "upgrade_candidate", "mean_lts": 3.14, "connects_existing": false, "length_km": 1.443, "high_stress_km": 1.135, "project_type": "Upgrade existing facility" }, "geometry": { "type": "MultiLineString", "coordinates": [ [ [ 144.9531392, -37.8351609 ], [ 144.9524742, -37.8353746 ], [ 144.9518214, -37.8355615 ], [ 144.9506754, -37.835911 ], [ 144.9494724, -37.8362686 ], [ 144.9487733, -37.8360762 ], [ 144.9498302, -37.8360675 ], [ 144.9506216, -37.8358019 ], [ 144.9518019, -37.835444 ], [ 144.952454, -37.8352841 ], [ 144.9531392, -37.8351609 ] ], [ [ 144.9556135, -37.8344379 ], [ 144.9544211, -37.8348227 ], [ 144.9531392, -37.8351609 ] ], [ [ 144.9531392, -37.8351609 ], [ 144.9545614, -37.8346809 ], [ 144.9549394, -37.8345703 ], [ 144.9556135, -37.8344379 ] ], [ [ 144.9570226, -37.8340207 ], [ 144.9556135, -37.8344379 ] ] ] } },
{ "type": "Feature", "properties": { "project_id": "SCC_01031", "scc_feature": 65, "scc_source_id": "65", "scc_type": "C1", "status": "upgrade_candidate", "mean_lts": 2.54, "connects_existing": true, "length_km": 1.251, "high_stress_km": 0.608, "project_type": "Upgrade existing facility" }, "geometry": { "type": "MultiLineString", "coordinates": [ [ [ 144.958626, -37.8335619 ], [ 144.9591642, -37.833409 ] ], [ [ 144.958626, -37.8335619 ], [ 144.9581107, -37.8337062 ] ], [ [ 144.9595768, -37.833281 ], [ 144.9600923, -37.8331277 ] ], [ [ 144.9595768, -37.833281 ], [ 144.9591642, -37.833409 ] ], [ [ 144.9605846, -37.8329921 ], [ 144.9611345, -37.8328304 ], [ 144.9616957, -37.8326689 ], [ 144.9630701, -37.8322691 ] ], [ [ 144.9605846, -37.8329921 ], [ 144.9600923, -37.8331277 ] ], [ [ 144.9640881, -37.8345036 ], [ 144.9635386, -37.8334127 ], [ 144.9630701, -37.8322691 ] ], [ [ 144.9630701, -37.8322691 ], [ 144.9636189, -37.8333871 ], [ 144.9640881, -37.8345036 ] ], [ [ 144.9640082, -37.8332766 ], [ 144.9630701, -37.8322691 ] ], [ [ 144.9648335, -37.8342552 ], [ 144.9640881, -37.8345036 ] ] ] } },
{ "type": "Feature", "properties": { "project_id": "SCC_01032", "scc_feature": 69, "scc_source_id": "69", "scc_type": "C1", "status": "upgrade_candidate", "mean_lts": 2.15, "connects_existing": true, "length_km": 4.158, "high_stress_km": 0.702, "project_type": "Upgrade existing facility" }, "geometry": { "type": "MultiLineString", "coordinates": [ [ [ 144.9726329, -37.7992078 ], [ 144.971837, -37.7992391 ] ], [ [ 144.9726329, -37.7992078 ], [ 144.9726472, -37.7986853 ], [ 144.9727145, -37.798299 ], [ 144.9728475, -37.7980039 ] ], [ [ 144.973328, -37.7982915 ], [ 144.9728049, -37.7987331 ] ], [ [ 144.9728049, -37.7987331 ], [ 144.9726329, -37.7992078 ] ], [ [ 144.9728475, -37.7980039 ], [ 144.9728049, -37.7987331 ] ], [ [ 144.9731028, -37.7965574 ], [ 144.9730897, -37.7962057 ], [ 144.9732124, -37.7958744 ] ], [ [ 144.9734117, -37.795229 ], [ 144.9733204, -37.7948309 ], [ 144.9735712, -37.7935465 ] ], [ [ 144.9734117, -37.795229 ], [ 144.9733461, -37.7955523 ], [ 144.9732124, -37.7958744 ] ], [ [ 144.9735712, -37.7935465 ], [ 144.973482, -37.7947345 ], [ 144.9734117, -37.795229 ] ], [ [ 144.9736164, -37.7931418 ], [ 144.9737262, -37.7928643 ] ], [ [ 144.9736164, -37.7931418 ], [ 144.9735712, -37.7935465 ] ], [ [ 144.9737262, -37.7928643 ], [ 144.973702, -37.7925034 ], [ 144.9738596, -37.7921366 ] ], [ [ 144.9738596, -37.7921366 ], [ 144.9738954, -37.7924887 ], [ 144.9737262, -37.7928643 ] ], [ [ 144.9742128, -37.7900159 ], [ 144.9742389, -37.7894756 ], [ 144.974347, -37.7892612 ] ], [ [ 144.9752702, -37.7837258 ], [ 144.9752772, -37.7843027 ], [ 144.9750794, -37.7848941 ] ], [ [ 144.9754771, -37.7823866 ], [ 144.9754271, -37.7833861 ], [ 144.9752702, -37.7837258 ] ], [ [ 144.9700079, -37.8009199 ], [ 144.970614, -37.8003536 ], [ 144.9717781, -37.7997338 ] ], [ [ 144.9700079, -37.8009199 ], [ 144.969981, -37.8002435 ] ], [ [ 144.9697481, -37.802114 ], [ 144.9700079, -37.8009199 ] ], [ [ 144.9756803, -37.7811825 ], [ 144.9759885, -37.7798721 ] ], [ [ 144.9756803, -37.7811825 ], [ 144.9754771, -37.7823866 ] ], [ [ 144.9744775, -37.7890562 ], [ 144.974347, -37.7892612 ] ], [ [ 144.9744775, -37.7890562 ], [ 144.9745899, -37.7878505 ] ], [ [ 144.9726329, -37.7992078 ], [ 144.9717781, -37.7997338 ] ], [ [ 144.9725717, -37.7997835 ], [ 144.9717781, -37.7997338 ] ], [ [ 144.9748826, -37.7862785 ], [ 144.9745899, -37.7878505 ] ], [ [ 144.9748826, -37.7862785 ], [ 144.9750794, -37.7848941 ] ], [ [ 144.974347, -37.7892612 ], [ 144.9742128, -37.7900159 ] ], [ [ 144.9742128, -37.7900159 ], [ 144.9741028, -37.7907169 ], [ 144.9739689, -37.7914626 ] ], [ [ 144.9731028, -37.7965574 ], [ 144.9728892, -37.7977253 ], [ 144.9728475, -37.7980039 ] ], [ [ 144.9732124, -37.7958744 ], [ 144.9731028, -37.7965574 ] ], [ [ 144.9732124, -37.7958744 ], [ 144.9734117, -37.795229 ] ], [ [ 144.9738596, -37.7921366 ], [ 144.9739689, -37.7914626 ] ], [ [ 144.9752702, -37.7837258 ], [ 144.9754771, -37.7823866 ] ], [ [ 144.9750794, -37.7848941 ], [ 144.9752702, -37.7837258 ] ] ] } },
{ "type": "Feature", "properties": { "project_id": "SCC_01033", "scc_feature": 75, "scc_source_id": "75", "scc_type": "C1", "status": "upgrade_candidate", "mean_lts": 3.3, "connects_existing": true, "length_km": 0.223, "high_stress_km": 0.223, "project_type": "Upgrade existing facility" }, "geometry": { "type": "MultiLineString", "coordinates": [ [ [ 144.9736374, -37.8094084 ], [ 144.9729266, -37.8092339 ] ], [ [ 144.9720235, -37.8090292 ], [ 144.9729266, -37.8092339 ] ], [ [ 144.9729266, -37.8092339 ], [ 144.9721943, -37.8094286 ] ] ] } },
{ "type": "Feature", "properties": { "project_id": "SCC_01034", "scc_feature": 76, "scc_source_id": "76", "scc_type": "C1", "status": "upgrade_candidate", "mean_lts": 3.56, "connects_existing": true, "length_km": 0.571, "high_stress_km": 0.445, "project_type": "Upgrade existing facility" }, "geometry": { "type": "MultiLineString", "coordinates": [ [ [ 144.9860241, -37.7807651 ], [ 144.9862469, -37.7805075 ], [ 144.9863763, -37.7803385 ], [ 144.9866807, -37.7800013 ] ], [ [ 144.9860241, -37.7807651 ], [ 144.9857886, -37.7810765 ] ], [ [ 144.987524, -37.7790514 ], [ 144.9866807, -37.7800013 ] ], [ [ 144.987524, -37.7790514 ], [ 144.9872129, -37.7800554 ] ], [ [ 144.987524, -37.7790514 ], [ 144.9881813, -37.7782606 ] ], [ [ 144.9886397, -37.7776827 ], [ 144.9884042, -37.777994 ], [ 144.9881813, -37.7782606 ] ] ] } },
{ "type": "Feature", "properties": { "project_id": "SCC_01036", "scc_feature": 85, "scc_source_id": "85", "scc_type": "C1", "status": "upgrade_candidate", "mean_lts": 3.0, "connects_existing": true, "length_km": 0.298, "high_stress_km": 0.298, "project_type": "Upgrade existing facility" }, "geometry": { "type": "MultiLineString", "coordinates": [ [ [ 144.9976633, -37.7811528 ], [ 144.9968372, -37.7810486 ] ], [ [ 144.9976633, -37.7811528 ], [ 144.9985915, -37.7812586 ] ], [ [ 144.9987384, -37.7808646 ], [ 144.9994211, -37.7803896 ] ], [ [ 144.9987384, -37.7808646 ], [ 144.9985915, -37.7812586 ] ] ] } },
{ "type": "Feature", "properties": { "project_id": "SCC_01037", "scc_feature": 85, "scc_source_id": "85", "scc_type": "C1", "status": "upgrade_candidate", "mean_lts": 3.0, "connects_existing": true, "length_km": 0.227, "high_stress_km": 0.227, "project_type": "Upgrade existing facility" }, "geometry": { "type": "MultiLineString", "coordinates": [ [ [ 145.0019446, -37.7790176 ], [ 145.0022969, -37.7790055 ] ], [ [ 145.0032404, -37.7789674 ], [ 145.0045119, -37.778971 ] ], [ [ 145.0032404, -37.7789674 ], [ 145.0022969, -37.7790055 ] ] ] } },
{ "type": "Feature", "properties": { "project_id": "SCC_01038", "scc_feature": 85, "scc_source_id": "85", "scc_type": "C1", "status": "upgrade_candidate", "mean_lts": 4.0, "connects_existing": true, "length_km": 0.283, "high_stress_km": 0.283, "project_type": "Upgrade existing facility" }, "geometry": { "type": "LineString", "coordinates": [ [ 145.0232694, -37.7789538 ], [ 145.0198483, -37.778662 ] ] } },
{ "type": "Feature", "properties": { "project_id": "SCC_01039", "scc_feature": 85, "scc_source_id": "85", "scc_type": "C1", "status": "upgrade_candidate", "mean_lts": 2.0, "connects_existing": true, "length_km": 0.06, "high_stress_km": 0.0, "project_type": "Upgrade existing facility" }, "geometry": { "type": "LineString", "coordinates": [ [ 145.0315284, -37.7779296 ], [ 145.0308985, -37.7781353 ] ] } },
{ "type": "Feature", "properties": { "project_id": "SCC_01040", "scc_feature": 85, "scc_source_id": "85", "scc_type": "C1", "status": "upgrade_candidate", "mean_lts": 3.0, "connects_existing": false, "length_km": 0.123, "high_stress_km": 0.123, "project_type": "Upgrade existing facility" }, "geometry": { "type": "LineString", "coordinates": [ [ 145.0330788, -37.7691238 ], [ 145.0344599, -37.769273 ] ] } },
{ "type": "Feature", "properties": { "project_id": "SCC_01041", "scc_feature": 85, "scc_source_id": "85", "scc_type": "C1", "status": "upgrade_candidate", "mean_lts": 3.59, "connects_existing": true, "length_km": 1.226, "high_stress_km": 1.226, "project_type": "Upgrade existing facility" }, "geometry": { "type": "MultiLineString", "coordinates": [ [ [ 145.0361007, -37.7630371 ], [ 145.035741, -37.7637611 ], [ 145.0355453, -37.7647221 ], [ 145.0351191, -37.7666706 ] ], [ [ 145.0361007, -37.7630371 ], [ 145.0365056, -37.7623229 ] ], [ [ 145.0373903, -37.7589131 ], [ 145.0375503, -37.7580146 ], [ 145.0378425, -37.7564063 ] ], [ [ 145.0373903, -37.7589131 ], [ 145.0372422, -37.7597938 ] ], [ [ 145.0367904, -37.7614265 ], [ 145.0365056, -37.7623229 ] ], [ [ 145.0367904, -37.7614265 ], [ 145.0372422, -37.7597938 ] ] ] } },
{ "type": "Feature", "properties": { "project_id": "SCC_01042", "scc_feature": 85, "scc_source_id": "85", "scc_type": "C1", "status": "upgrade_candidate", "mean_lts": 4.0, "connects_existing": false, "length_km": 0.34, "high_stress_km": 0.34, "project_type": "Upgrade existing facility" }, "geometry": { "type": "MultiLineString", "coordinates": [ [ [ 145.0169084, -37.7790542 ], [ 145.0158575, -37.7788652 ] ], [ [ 145.0169084, -37.7790542 ], [ 145.0181619, -37.778886 ] ], [ [ 145.0187296, -37.7788865 ], [ 145.0181619, -37.778886 ] ], [ [ 145.0187296, -37.7788865 ], [ 145.0192335, -37.7791474 ] ] ] } },
{ "type": "Feature", "properties": { "project_id": "SCC_01043", "scc_feature": 85, "scc_source_id": "85", "scc_type": "C1", "status": "upgrade_candidate", "mean_lts": 3.0, "connects_existing": true, "length_km": 0.086, "high_stress_km": 0.086, "project_type": "Upgrade existing facility" }, "geometry": { "type": "LineString", "coordinates": [ [ 144.9929431, -37.7806128 ], [ 144.99395, -37.7807471 ] ] } },
{ "type": "Feature", "properties": { "project_id": "SCC_01044", "scc_feature": 88, "scc_source_id": "88", "scc_type": "C1", "status": "upgrade_candidate", "mean_lts": 4.0, "connects_existing": false, "length_km": 0.191, "high_stress_km": 0.191, "project_type": "Upgrade existing facility" }, "geometry": { "type": "LineString", "coordinates": [ [ 145.0121044, -37.6968024 ], [ 145.0122404, -37.6959576 ], [ 145.0124108, -37.6950953 ] ] } },
{ "type": "Feature", "properties": { "project_id": "SCC_01045", "scc_feature": 88, "scc_source_id": "88", "scc_type": "C1", "status": "upgrade_candidate", "mean_lts": 4.0, "connects_existing": false, "length_km": 0.436, "high_stress_km": 0.436, "project_type": "Upgrade existing facility" }, "geometry": { "type": "MultiLineString", "coordinates": [ [ [ 145.0176792, -37.662921 ], [ 145.0165675, -37.6655068 ] ], [ [ 145.0176792, -37.662921 ], [ 145.0179925, -37.6617998 ] ] ] } },
{ "type": "Feature", "properties": { "project_id": "SCC_01046", "scc_feature": 89, "scc_source_id": "89", "scc_type": "C1", "status": "upgrade_candidate", "mean_lts": 3.6, "connects_existing": true, "length_km": 0.895, "high_stress_km": 0.776, "project_type": "Upgrade existing facility" }, "geometry": { "type": "MultiLineString", "coordinates": [ [ [ 145.0214114, -37.6551432 ], [ 145.0213572, -37.6554757 ], [ 145.0210658, -37.6557773 ] ], [ [ 145.02274, -37.6533451 ], [ 145.0224452, -37.6537727 ], [ 145.0214114, -37.6551432 ] ], [ [ 145.0210658, -37.6557773 ], [ 145.0204818, -37.6564253 ], [ 145.0207218, -37.6559247 ] ], [ [ 145.0207218, -37.6559247 ], [ 145.0210658, -37.6557773 ] ], [ [ 145.0210658, -37.6557773 ], [ 145.0214114, -37.6551432 ] ], [ [ 145.0214114, -37.6551432 ], [ 145.0227695, -37.6530842 ] ], [ [ 145.0207218, -37.6559247 ], [ 145.0214114, -37.6551432 ] ] ] } },
{ "type": "Feature", "properties": { "project_id": "SCC_01047", "scc_feature": 89, "scc_source_id": "89", "scc_type": "C1", "status": "upgrade_candidate", "mean_lts": 4.0, "connects_existing": true, "length_km": 0.519, "high_stress_km": 0.519, "project_type": "Upgrade existing facility" }, "geometry": { "type": "MultiLineString", "coordinates": [ [ [ 145.0197691, -37.6580806 ], [ 145.0189753, -37.6597976 ], [ 145.0191969, -37.6591344 ], [ 145.0197691, -37.6580806 ] ], [ [ 145.0201064, -37.6573293 ], [ 145.0197691, -37.6580806 ] ] ] } },
{ "type": "Feature", "properties": { "project_id": "SCC_01048", "scc_feature": 90, "scc_source_id": "90", "scc_type": "C1", "status": "upgrade_candidate", "mean_lts": 3.08, "connects_existing": true, "length_km": 2.1, "high_stress_km": 1.618, "project_type": "Upgrade existing facility" }, "geometry": { "type": "MultiLineString", "coordinates": [ [ [ 145.0265658, -37.6407021 ], [ 145.0268212, -37.6404721 ], [ 145.0266183, -37.6430011 ], [ 145.0263163, -37.6445641 ] ], [ [ 145.0265658, -37.6407021 ], [ 145.026349, -37.6420413 ], [ 145.0262961, -37.6431849 ] ], [ [ 145.024418, -37.6507597 ], [ 145.0235587, -37.6519619 ], [ 145.0237949, -37.6516054 ], [ 145.024418, -37.6507597 ] ], [ [ 145.0263163, -37.6445641 ], [ 145.0262961, -37.6431849 ] ], [ [ 145.0263163, -37.6445641 ], [ 145.0262116, -37.6459502 ], [ 145.0260842, -37.647336 ] ], [ [ 145.0258155, -37.648494 ], [ 145.0260842, -37.647336 ] ], [ [ 145.0258155, -37.648494 ], [ 145.0251734, -37.6496278 ], [ 145.024418, -37.6507597 ] ] ] } },
{ "type": "Feature", "properties": { "project_id": "SCC_01049", "scc_feature": 90, "scc_source_id": "90", "scc_type": "C1", "status": "upgrade_candidate", "mean_lts": 2.0, "connects_existing": true, "length_km": 0.203, "high_stress_km": 0.0, "project_type": "Upgrade existing facility" }, "geometry": { "type": "MultiLineString", "coordinates": [ [ [ 145.0273597, -37.6303966 ], [ 145.0271104, -37.6316811 ] ], [ [ 145.0273597, -37.6303966 ], [ 145.0274526, -37.6298844 ] ] ] } },
{ "type": "Feature", "properties": { "project_id": "SCC_01050", "scc_feature": 90, "scc_source_id": "90", "scc_type": "C1", "status": "upgrade_candidate", "mean_lts": 2.88, "connects_existing": true, "length_km": 0.747, "high_stress_km": 0.656, "project_type": "Upgrade existing facility" }, "geometry": { "type": "MultiLineString", "coordinates": [ [ [ 145.0275395, -37.6304536 ], [ 145.0277531, -37.6292316 ] ], [ [ 145.0275395, -37.6304536 ], [ 145.0274586, -37.6313715 ] ], [ [ 145.02782, -37.6288452 ], [ 145.0276509, -37.6283827 ] ], [ [ 145.0277531, -37.6292316 ], [ 145.02782, -37.6288452 ] ], [ [ 145.0280979, -37.6299042 ], [ 145.0277531, -37.6292316 ] ], [ [ 145.02782, -37.6288452 ], [ 145.0279003, -37.6283779 ] ], [ [ 145.0288812, -37.622987 ], [ 145.0283349, -37.6256545 ], [ 145.0279003, -37.6283779 ] ] ] } },
{ "type": "Feature", "properties": { "project_id": "SCC_01052", "scc_feature": 90, "scc_source_id": "90", "scc_type": "C1", "status": "upgrade_candidate", "mean_lts": 3.24, "connects_existing": true, "length_km": 0.523, "high_stress_km": 0.325, "project_type": "Upgrade existing facility" }, "geometry": { "type": "MultiLineString", "coordinates": [ [ [ 145.0295489, -37.6187264 ], [ 145.0301768, -37.6159702 ] ], [ [ 145.0295489, -37.6187264 ], [ 145.0302681, -37.6172334 ] ], [ [ 145.0307563, -37.6120416 ], [ 145.0301768, -37.6159702 ] ] ] } },
{ "type": "Feature", "properties": { "project_id": "SCC_01053", "scc_feature": 91, "scc_source_id": "91", "scc_type": "C1", "status": "upgrade_candidate", "mean_lts": 2.0, "connects_existing": false, "length_km": 0.143, "high_stress_km": 0.0, "project_type": "Upgrade existing facility" }, "geometry": { "type": "LineString", "coordinates": [ [ 145.0018956, -37.7508907 ], [ 145.0017594, -37.752159 ] ] } },
{ "type": "Feature", "properties": { "project_id": "SCC_01054", "scc_feature": 91, "scc_source_id": "91", "scc_type": "C1", "status": "upgrade_candidate", "mean_lts": 2.0, "connects_existing": true, "length_km": 0.195, "high_stress_km": 0.0, "project_type": "Upgrade existing facility" }, "geometry": { "type": "MultiLineString", "coordinates": [ [ [ 145.0020567, -37.7499652 ], [ 145.0013671, -37.7498633 ] ], [ [ 144.999769, -37.7497822 ], [ 145.0013671, -37.7498633 ] ] ] } },
{ "type": "Feature", "properties": { "project_id": "SCC_01055", "scc_feature": 91, "scc_source_id": "91", "scc_type": "C1", "status": "upgrade_candidate", "mean_lts": 2.86, "connects_existing": false, "length_km": 2.332, "high_stress_km": 1.732, "project_type": "Upgrade existing facility" }, "geometry": { "type": "MultiLineString", "coordinates": [ [ [ 145.0021856, -37.7523465 ], [ 145.0041881, -37.7525877 ], [ 145.0053424, -37.7527154 ] ], [ [ 145.0063709, -37.752877 ], [ 145.0053424, -37.7527154 ] ], [ [ 145.0063709, -37.752877 ], [ 145.0072773, -37.7529374 ] ], [ [ 145.0087032, -37.7530967 ], [ 145.0072773, -37.7529374 ] ], [ [ 145.0141121, -37.7537107 ], [ 145.0156626, -37.753881 ] ], [ [ 145.0141121, -37.7537107 ], [ 145.0109208, -37.7533594 ] ], [ [ 145.0188653, -37.7542323 ], [ 145.016364, -37.7539649 ], [ 145.0156626, -37.753881 ] ], [ [ 145.0188653, -37.7542323 ], [ 145.0206306, -37.7544332 ] ], [ [ 145.0230301, -37.7546897 ], [ 145.0247843, -37.7548814 ] ], [ [ 145.0230301, -37.7546897 ], [ 145.0206306, -37.7544332 ] ], [ [ 145.0267539, -37.7550856 ], [ 145.0258713, -37.7549807 ], [ 145.0247843, -37.7548814 ] ], [ [ 145.0267539, -37.7550856 ], [ 145.0283372, -37.7553014 ] ], [ [ 145.0087032, -37.7530967 ], [ 145.0103779, -37.7532872 ], [ 145.0109208, -37.7533594 ] ] ] } },
{ "type": "Feature", "properties": { "project_id": "SCC_01057", "scc_feature": 91, "scc_source_id": "91", "scc_type": "C1", "status": "upgrade_candidate", "mean_lts": 2.54, "connects_existing": true, "length_km": 0.182, "high_stress_km": 0.099, "project_type": "Upgrade existing facility" }, "geometry": { "type": "MultiLineString", "coordinates": [ [ [ 145.0354427, -37.756159 ], [ 145.0343337, -37.7560324 ] ], [ [ 145.0334156, -37.755981 ], [ 145.0343337, -37.7560324 ] ] ] } },
{ "type": "Feature", "properties": { "project_id": "SCC_01058", "scc_feature": 92, "scc_source_id": "92", "scc_type": "C1", "status": "upgrade_candidate", "mean_lts": 2.17, "connects_existing": true, "length_km": 0.714, "high_stress_km": 0.123, "project_type": "Upgrade existing facility" }, "geometry": { "type": "MultiLineString", "coordinates": [ [ [ 144.9821933, -37.8168188 ], [ 144.982521, -37.8160494 ] ], [ [ 144.9831809, -37.8126723 ], [ 144.982956, -37.81384 ] ], [ [ 144.9827777, -37.8149634 ], [ 144.982956, -37.81384 ] ], [ [ 144.9827777, -37.8149634 ], [ 144.982521, -37.8160494 ] ], [ [ 144.9831809, -37.8126723 ], [ 144.983267, -37.8115924 ], [ 144.9834796, -37.8104605 ] ] ] } },
{ "type": "Feature", "properties": { "project_id": "SCC_01059", "scc_feature": 94, "scc_source_id": "94", "scc_type": "C1", "status": "upgrade_candidate", "mean_lts": 2.58, "connects_existing": true, "length_km": 0.206, "high_stress_km": 0.121, "project_type": "Upgrade existing facility" }, "geometry": { "type": "MultiLineString", "coordinates": [ [ [ 144.9858488, -37.782204 ], [ 144.9863066, -37.7816531 ] ], [ [ 144.9863066, -37.7816531 ], [ 144.9863748, -37.7812307 ] ], [ [ 144.9863066, -37.7816531 ], [ 144.9855601, -37.7819647 ] ] ] } },
{ "type": "Feature", "properties": { "project_id": "SCC_01060", "scc_feature": 95, "scc_source_id": "95", "scc_type": "C1", "status": "upgrade_candidate", "mean_lts": 2.0, "connects_existing": true, "length_km": 0.29, "high_stress_km": 0.0, "project_type": "Upgrade existing facility" }, "geometry": { "type": "LineString", "coordinates": [ [ 144.9837397, -37.8092484 ], [ 144.9836952, -37.8100497 ], [ 144.9834796, -37.8104605 ], [ 144.9837397, -37.8092484 ] ] } },
{ "type": "Feature", "properties": { "project_id": "SCC_01061", "scc_feature": 95, "scc_source_id": "95", "scc_type": "C1", "status": "upgrade_candidate", "mean_lts": 4.0, "connects_existing": true, "length_km": 0.142, "high_stress_km": 0.142, "project_type": "Upgrade existing facility" }, "geometry": { "type": "LineString", "coordinates": [ [ 144.9838189, -37.8088442 ], [ 144.9848153, -37.8089604 ], [ 144.9852344, -37.8090036 ], [ 144.9856648, -37.809047 ] ] } },
{ "type": "Feature", "properties": { "project_id": "SCC_01062", "scc_feature": 95, "scc_source_id": "95", "scc_type": "C1", "status": "upgrade_candidate", "mean_lts": 2.63, "connects_existing": true, "length_km": 0.418, "high_stress_km": 0.265, "project_type": "Upgrade existing facility" }, "geometry": { "type": "MultiLineString", "coordinates": [ [ [ 144.9874605, -37.7985519 ], [ 144.9875812, -37.7978691 ] ], [ [ 144.9881208, -37.7947242 ], [ 144.987959, -37.7956676 ], [ 144.987823, -37.7964944 ] ], [ [ 144.987702, -37.7971863 ], [ 144.9875812, -37.7978691 ] ], [ [ 144.987702, -37.7971863 ], [ 144.987823, -37.7964944 ] ] ] } },
{ "type": "Feature", "properties": { "project_id": "SCC_01063", "scc_feature": 95, "scc_source_id": "95", "scc_type": "C1", "status": "upgrade_candidate", "mean_lts": 4.0, "connects_existing": true, "length_km": 0.27, "high_stress_km": 0.27, "project_type": "Upgrade existing facility" }, "geometry": { "type": "MultiLineString", "coordinates": [ [ [ 144.9882181, -37.794068 ], [ 144.9883455, -37.7931419 ], [ 144.9884253, -37.7927107 ], [ 144.9885347, -37.7920277 ] ], [ [ 144.9885751, -37.7917941 ], [ 144.9885347, -37.7920277 ] ] ] } },
{ "type": "Feature", "properties": { "project_id": "SCC_01064", "scc_feature": 98, "scc_source_id": "98", "scc_type": "C1", "status": "upgrade_candidate", "mean_lts": 2.57, "connects_existing": true, "length_km": 0.64, "high_stress_km": 0.378, "project_type": "Upgrade existing facility" }, "geometry": { "type": "MultiLineString", "coordinates": [ [ [ 145.0295503, -37.6521343 ], [ 145.0258206, -37.652153 ] ], [ [ 145.0295503, -37.6521343 ], [ 145.0309013, -37.6524813 ] ], [ [ 145.0295503, -37.6521343 ], [ 145.0267962, -37.6521243 ] ] ] } },
{ "type": "Feature", "properties": { "project_id": "SCC_01066", "scc_feature": 101, "scc_source_id": "101", "scc_type": "C1", "status": "upgrade_candidate", "mean_lts": 3.68, "connects_existing": true, "length_km": 2.138, "high_stress_km": 2.138, "project_type": "Upgrade existing facility" }, "geometry": { "type": "MultiLineString", "coordinates": [ [ [ 145.0424706, -37.7569519 ], [ 145.042732, -37.7569382 ], [ 145.0449662, -37.7570114 ] ], [ [ 145.0449662, -37.7570114 ], [ 145.0447017, -37.7571422 ], [ 145.0437493, -37.7570993 ], [ 145.0424706, -37.7569519 ] ], [ [ 145.0449662, -37.7570114 ], [ 145.0460731, -37.757219 ] ], [ [ 145.0494126, -37.7575627 ], [ 145.0488016, -37.7574895 ], [ 145.047749, -37.757373 ], [ 145.0472058, -37.7573099 ], [ 145.0466737, -37.757256 ], [ 145.0460731, -37.757219 ] ], [ [ 145.0494126, -37.7575627 ], [ 145.0498541, -37.7576061 ], [ 145.0502163, -37.7576481 ], [ 145.051631, -37.7578067 ], [ 145.0524573, -37.7578925 ], [ 145.0526949, -37.7579234 ], [ 145.0536345, -37.7580201 ] ], [ [ 145.0558747, -37.7583004 ], [ 145.0549355, -37.7581857 ], [ 145.0536345, -37.7580201 ] ], [ [ 145.0587278, -37.7585817 ], [ 145.0573797, -37.7584784 ] ], [ [ 145.0558747, -37.7583004 ], [ 145.0573797, -37.7584784 ] ], [ [ 145.0378425, -37.7564063 ], [ 145.038713, -37.756538 ] ], [ [ 145.0400258, -37.756686 ], [ 145.0424706, -37.7569519 ] ], [ [ 145.0400258, -37.756686 ], [ 145.038713, -37.756538 ] ] ] } },
{ "type": "Feature", "properties": { "project_id": "SCC_01067", "scc_feature": 102, "scc_source_id": "102", "scc_type": "C1", "status": "upgrade_candidate", "mean_lts": 2.84, "connects_existing": true, "length_km": 0.158, "high_stress_km": 0.132, "project_type": "Upgrade existing facility" }, "geometry": { "type": "MultiLineString", "coordinates": [ [ [ 145.061458, -37.7587889 ], [ 145.0616331, -37.7586025 ] ], [ [ 145.0616331, -37.7586025 ], [ 145.0617812, -37.7577128 ] ], [ [ 145.0616331, -37.7586025 ], [ 145.0617738, -37.7588662 ] ] ] } },
{ "type": "Feature", "properties": { "project_id": "SCC_01068", "scc_feature": 104, "scc_source_id": "104", "scc_type": "C1", "status": "upgrade_candidate", "mean_lts": 3.35, "connects_existing": true, "length_km": 2.656, "high_stress_km": 2.296, "project_type": "Upgrade existing facility" }, "geometry": { "type": "MultiLineString", "coordinates": [ [ [ 144.6659438, -37.90033 ], [ 144.6665586, -37.9003061 ] ], [ [ 144.6665586, -37.9003061 ], [ 144.6670988, -37.9001276 ] ], [ [ 144.6764909, -37.8954654 ], [ 144.6789535, -37.8945408 ] ], [ [ 144.6789535, -37.8945408 ], [ 144.6794614, -37.8942985 ] ], [ [ 144.6752594, -37.8962972 ], [ 144.6789535, -37.8945408 ] ], [ [ 144.6794614, -37.8942985 ], [ 144.6802426, -37.8936831 ] ], [ [ 144.6794614, -37.8942985 ], [ 144.6805089, -37.8938956 ], [ 144.6762478, -37.8959652 ] ], [ [ 144.6752594, -37.8962972 ], [ 144.6717961, -37.8979408 ] ], [ [ 144.6752594, -37.8962972 ], [ 144.6717021, -37.8976776 ] ], [ [ 144.6701468, -37.8986741 ], [ 144.6717961, -37.8979408 ] ], [ [ 144.6701468, -37.8986741 ], [ 144.6670988, -37.9001276 ] ], [ [ 144.6670988, -37.9001276 ], [ 144.6660838, -37.900576 ], [ 144.6665586, -37.9003061 ] ] ] } },
{ "type": "Feature", "properties": { "project_id": "SCC_01069", "scc_feature": 107, "scc_source_id": "107", "scc_type": "C1", "status": "upgrade_candidate", "mean_lts": 3.36, "connects_existing": false, "length_km": 0.481, "high_stress_km": 0.373, "project_type": "Upgrade existing facility" }, "geometry": { "type": "MultiLineString", "coordinates": [ [ [ 144.9886234, -37.7908487 ], [ 144.9886508, -37.7906779 ], [ 144.9888942, -37.7904928 ] ], [ [ 144.9886234, -37.7908487 ], [ 144.9887855, -37.7907343 ] ], [ [ 144.9887855, -37.7907343 ], [ 144.9885751, -37.7917941 ], [ 144.9886234, -37.7908487 ] ], [ [ 144.9887855, -37.7907343 ], [ 144.9888942, -37.7904928 ] ], [ [ 144.9888939, -37.7892492 ], [ 144.989008, -37.7896476 ] ], [ [ 144.9888942, -37.7904928 ], [ 144.989008, -37.7896476 ] ] ] } },
{ "type": "Feature", "properties": { "project_id": "SCC_01070", "scc_feature": 107, "scc_source_id": "107", "scc_type": "C1", "status": "upgrade_candidate", "mean_lts": 2.62, "connects_existing": true, "length_km": 1.066, "high_stress_km": 0.66, "project_type": "Upgrade existing facility" }, "geometry": { "type": "MultiLineString", "coordinates": [ [ [ 144.9894046, -37.7863291 ], [ 144.9902362, -37.7874877 ] ], [ [ 144.9906521, -37.7880626 ], [ 144.9902362, -37.7874877 ] ], [ [ 144.9862886, -37.7835723 ], [ 144.9856303, -37.783561 ] ], [ [ 144.9887447, -37.7851192 ], [ 144.9881064, -37.7843693 ], [ 144.9877017, -37.7838037 ] ], [ [ 144.9894046, -37.7863291 ], [ 144.9891779, -37.7858926 ] ], [ [ 144.9891779, -37.7858926 ], [ 144.9887447, -37.7851192 ] ], [ [ 144.9877017, -37.7838037 ], [ 144.9867734, -37.7836977 ], [ 144.9862886, -37.7835723 ] ], [ [ 144.9862886, -37.7835723 ], [ 144.9877017, -37.7838037 ] ], [ [ 144.9887447, -37.7851192 ], [ 144.9890081, -37.7854571 ], [ 144.9891779, -37.7858926 ] ], [ [ 144.9906521, -37.7880626 ], [ 144.9908124, -37.7884348 ] ] ] } },
{ "type": "Feature", "properties": { "project_id": "SCC_01071", "scc_feature": 109, "scc_source_id": "109", "scc_type": "C1", "status": "upgrade_candidate", "mean_lts": 2.39, "connects_existing": true, "length_km": 1.479, "high_stress_km": 0.532, "project_type": "Upgrade existing facility" }, "geometry": { "type": "MultiLineString", "coordinates": [ [ [ 144.9619691, -37.7446104 ], [ 144.9624902, -37.7446464 ] ], [ [ 144.9636785, -37.7447661 ], [ 144.9641315, -37.744801 ] ], [ [ 144.9636785, -37.7447661 ], [ 144.9632485, -37.7447226 ], [ 144.9624902, -37.7446464 ] ], [ [ 144.9641088, -37.7452151 ], [ 144.9647433, -37.7448386 ] ], [ [ 144.9659534, -37.7449947 ], [ 144.9653862, -37.7449849 ] ], [ [ 144.9659534, -37.7449947 ], [ 144.9667474, -37.7450084 ] ], [ [ 144.9671869, -37.7451241 ], [ 144.9667474, -37.7450084 ] ], [ [ 144.9671869, -37.7451241 ], [ 144.9681824, -37.7452404 ] ], [ [ 144.9689631, -37.7453259 ], [ 144.9681824, -37.7452404 ] ], [ [ 144.9689631, -37.7453259 ], [ 144.9693932, -37.7453694 ] ], [ [ 144.975854, -37.7460844 ], [ 144.976397, -37.7461478 ] ], [ [ 144.975854, -37.7460844 ], [ 144.9753223, -37.7460212 ] ], [ [ 144.9723349, -37.7456994 ], [ 144.9711922, -37.7455716 ], [ 144.9701853, -37.7454552 ], [ 144.9693932, -37.7453694 ] ], [ [ 144.9723349, -37.7456994 ], [ 144.9734328, -37.7458084 ] ], [ [ 144.9744394, -37.7459339 ], [ 144.9753223, -37.7460212 ] ], [ [ 144.9744394, -37.7459339 ], [ 144.9734328, -37.7458084 ] ], [ [ 144.9647433, -37.7448386 ], [ 144.9653862, -37.7449849 ] ], [ [ 144.9647433, -37.7448386 ], [ 144.9641315, -37.744801 ] ], [ [ 144.9620246, -37.7442419 ], [ 144.9624902, -37.7446464 ] ] ] } },
{ "type": "Feature", "properties": { "project_id": "SCC_01072", "scc_feature": 109, "scc_source_id": "109", "scc_type": "C1", "status": "upgrade_candidate", "mean_lts": 3.0, "connects_existing": false, "length_km": 0.117, "high_stress_km": 0.117, "project_type": "Upgrade existing facility" }, "geometry": { "type": "LineString", "coordinates": [ [ 144.9914723, -37.7489471 ], [ 144.9917781, -37.7489703 ], [ 144.9927853, -37.7490776 ] ] } },
{ "type": "Feature", "properties": { "project_id": "SCC_01073", "scc_feature": 120, "scc_source_id": "120", "scc_type": "C1", "status": "upgrade_candidate", "mean_lts": 3.89, "connects_existing": false, "length_km": 0.908, "high_stress_km": 0.908, "project_type": "Upgrade existing facility" }, "geometry": { "type": "MultiLineString", "coordinates": [ [ [ 144.9998751, -37.6720108 ], [ 144.9983698, -37.6719132 ], [ 144.9965178, -37.6716384 ] ], [ [ 144.9954417, -37.6716021 ], [ 144.9965178, -37.6716384 ] ], [ [ 145.0017336, -37.6724659 ], [ 144.9998751, -37.6720108 ] ], [ [ 144.9965178, -37.6716384 ], [ 144.998814, -37.6718396 ], [ 144.9998751, -37.6720108 ] ] ] } },
{ "type": "Feature", "properties": { "project_id": "SCC_01074", "scc_feature": 120, "scc_source_id": "120", "scc_type": "C1", "status": "upgrade_candidate", "mean_lts": 3.89, "connects_existing": true, "length_km": 1.668, "high_stress_km": 1.668, "project_type": "Upgrade existing facility" }, "geometry": { "type": "MultiLineString", "coordinates": [ [ [ 145.0065381, -37.661129 ], [ 145.0062971, -37.6620892 ] ], [ [ 145.0062508, -37.6617009 ], [ 145.0062971, -37.6620892 ] ], [ [ 145.0062971, -37.6620892 ], [ 145.0053194, -37.6643077 ] ], [ [ 145.0065381, -37.661129 ], [ 145.0062508, -37.6617009 ] ], [ [ 145.0066307, -37.6602114 ], [ 145.0065381, -37.661129 ] ], [ [ 145.0066307, -37.6602114 ], [ 145.0071442, -37.6588142 ], [ 145.0071244, -37.6582821 ] ], [ [ 145.0053194, -37.6643077 ], [ 145.0049382, -37.6654187 ] ], [ [ 145.0053194, -37.6643077 ], [ 145.0062508, -37.6617009 ] ], [ [ 145.0062508, -37.6617009 ], [ 145.0066307, -37.6602114 ] ], [ [ 145.0074402, -37.6583415 ], [ 145.0066307, -37.6602114 ] ] ] } },
{ "type": "Feature", "properties": { "project_id": "SCC_01075", "scc_feature": 125, "scc_source_id": "125", "scc_type": "C1", "status": "upgrade_candidate", "mean_lts": 4.0, "connects_existing": false, "length_km": 0.437, "high_stress_km": 0.437, "project_type": "Upgrade existing facility" }, "geometry": { "type": "MultiLineString", "coordinates": [ [ [ 145.1252479, -37.9258842 ], [ 145.1255901, -37.9240603 ] ], [ [ 145.1258571, -37.9220549 ], [ 145.1257747, -37.9230629 ], [ 145.1255901, -37.9240603 ] ] ] } },
{ "type": "Feature", "properties": { "project_id": "SCC_01076", "scc_feature": 125, "scc_source_id": "125", "scc_type": "C1", "status": "upgrade_candidate", "mean_lts": 2.0, "connects_existing": true, "length_km": 0.061, "high_stress_km": 0.0, "project_type": "Upgrade existing facility" }, "geometry": { "type": "MultiLineString", "coordinates": [ [ [ 145.1295483, -37.9074784 ], [ 145.1292695, -37.9072577 ], [ 145.1296108, -37.9072541 ] ], [ [ 145.1295483, -37.9074784 ], [ 145.1296108, -37.9072541 ] ] ] } },
{ "type": "Feature", "properties": { "project_id": "SCC_01077", "scc_feature": 125, "scc_source_id": "125", "scc_type": "C1", "status": "upgrade_candidate", "mean_lts": 3.0, "connects_existing": true, "length_km": 0.165, "high_stress_km": 0.165, "project_type": "Upgrade existing facility" }, "geometry": { "type": "LineString", "coordinates": [ [ 145.1300142, -37.8949143 ], [ 145.1301161, -37.8940327 ], [ 145.1302996, -37.893522 ], [ 145.1302229, -37.8943048 ] ] } },
{ "type": "Feature", "properties": { "project_id": "SCC_01078", "scc_feature": 125, "scc_source_id": "125", "scc_type": "C1", "status": "upgrade_candidate", "mean_lts": 2.21, "connects_existing": true, "length_km": 0.353, "high_stress_km": 0.073, "project_type": "Upgrade existing facility" }, "geometry": { "type": "MultiLineString", "coordinates": [ [ [ 145.1405732, -37.8811312 ], [ 145.1406253, -37.8817719 ], [ 145.1406554, -37.8832863 ] ], [ [ 145.1405732, -37.8811312 ], [ 145.1406658, -37.8801594 ] ] ] } },
{ "type": "Feature", "properties": { "project_id": "SCC_01079", "scc_feature": 125, "scc_source_id": "125", "scc_type": "C1", "status": "upgrade_candidate", "mean_lts": 4.0, "connects_existing": true, "length_km": 0.053, "high_stress_km": 0.053, "project_type": "Upgrade existing facility" }, "geometry": { "type": "LineString", "coordinates": [ [ 145.1313738, -37.9153477 ], [ 145.1313856, -37.9148793 ] ] } },
{ "type": "Feature", "properties": { "project_id": "SCC_01080", "scc_feature": 126, "scc_source_id": "126", "scc_type": "C1", "status": "upgrade_candidate", "mean_lts": 4.0, "connects_existing": false, "length_km": 0.158, "high_stress_km": 0.158, "project_type": "Upgrade existing facility" }, "geometry": { "type": "LineString", "coordinates": [ [ 145.1348952, -37.8519959 ], [ 145.1365028, -37.8517961 ] ] } },
{ "type": "Feature", "properties": { "project_id": "SCC_01081", "scc_feature": 126, "scc_source_id": "126", "scc_type": "C1", "status": "upgrade_candidate", "mean_lts": 4.0, "connects_existing": false, "length_km": 0.068, "high_stress_km": 0.068, "project_type": "Upgrade existing facility" }, "geometry": { "type": "LineString", "coordinates": [ [ 145.1377782, -37.8516991 ], [ 145.1371206, -37.8516346 ] ] } },
{ "type": "Feature", "properties": { "project_id": "SCC_01082", "scc_feature": 126, "scc_source_id": "126", "scc_type": "C1", "status": "upgrade_candidate", "mean_lts": 4.0, "connects_existing": false, "length_km": 0.197, "high_stress_km": 0.197, "project_type": "Upgrade existing facility" }, "geometry": { "type": "LineString", "coordinates": [ [ 145.1370458, -37.8518948 ], [ 145.1348864, -37.8523473 ] ] } },
{ "type": "Feature", "properties": { "project_id": "SCC_01083", "scc_feature": 127, "scc_source_id": "127", "scc_type": "C1", "status": "upgrade_candidate", "mean_lts": 2.0, "connects_existing": false, "length_km": 0.134, "high_stress_km": 0.0, "project_type": "Upgrade existing facility" }, "geometry": { "type": "LineString", "coordinates": [ [ 145.1406658, -37.8801594 ], [ 145.1421745, -37.8803003 ] ] } },
{ "type": "Feature", "properties": { "project_id": "SCC_01084", "scc_feature": 127, "scc_source_id": "127", "scc_type": "C1", "status": "upgrade_candidate", "mean_lts": 2.0, "connects_existing": true, "length_km": 0.13, "high_stress_km": 0.0, "project_type": "Upgrade existing facility" }, "geometry": { "type": "LineString", "coordinates": [ [ 145.1441387, -37.8758795 ], [ 145.1439164, -37.8770385 ] ] } },
{ "type": "Feature", "properties": { "project_id": "SCC_01085", "scc_feature": 133, "scc_source_id": "133", "scc_type": "C1", "status": "upgrade_candidate", "mean_lts": 2.0, "connects_existing": true, "length_km": 0.083, "high_stress_km": 0.0, "project_type": "Upgrade existing facility" }, "geometry": { "type": "LineString", "coordinates": [ [ 145.1786715, -37.8198146 ], [ 145.1795371, -37.8197288 ] ] } },
{ "type": "Feature", "properties": { "project_id": "SCC_01086", "scc_feature": 133, "scc_source_id": "133", "scc_type": "C1", "status": "upgrade_candidate", "mean_lts": 4.0, "connects_existing": true, "length_km": 0.099, "high_stress_km": 0.099, "project_type": "Upgrade existing facility" }, "geometry": { "type": "MultiLineString", "coordinates": [ [ [ 145.1412287, -37.8206443 ], [ 145.141007, -37.8204246 ] ], [ [ 145.1412287, -37.8206443 ], [ 145.1417722, -37.820716 ] ] ] } },
{ "type": "Feature", "properties": { "project_id": "SCC_01087", "scc_feature": 137, "scc_source_id": "137", "scc_type": "C1", "status": "upgrade_candidate", "mean_lts": 4.0, "connects_existing": true, "length_km": 0.373, "high_stress_km": 0.373, "project_type": "Upgrade existing facility" }, "geometry": { "type": "LineString", "coordinates": [ [ 145.2074346, -37.9076364 ], [ 145.2034772, -37.9085403 ] ] } },
{ "type": "Feature", "properties": { "project_id": "SCC_01088", "scc_feature": 137, "scc_source_id": "137", "scc_type": "C1", "status": "upgrade_candidate", "mean_lts": 4.0, "connects_existing": true, "length_km": 0.318, "high_stress_km": 0.318, "project_type": "Upgrade existing facility" }, "geometry": { "type": "LineString", "coordinates": [ [ 145.2068281, -37.9077894 ], [ 145.2099513, -37.9061066 ] ] } },
{ "type": "Feature", "properties": { "project_id": "SCC_01089", "scc_feature": 146, "scc_source_id": "146", "scc_type": "C1", "status": "upgrade_candidate", "mean_lts": 4.0, "connects_existing": true, "length_km": 0.095, "high_stress_km": 0.095, "project_type": "Upgrade existing facility" }, "geometry": { "type": "LineString", "coordinates": [ [ 145.2171315, -37.8323982 ], [ 145.2182103, -37.8324236 ] ] } },
{ "type": "Feature", "properties": { "project_id": "SCC_01090", "scc_feature": 148, "scc_source_id": "148", "scc_type": "C1", "status": "upgrade_candidate", "mean_lts": 3.38, "connects_existing": false, "length_km": 1.043, "high_stress_km": 0.826, "project_type": "Upgrade existing facility" }, "geometry": { "type": "MultiLineString", "coordinates": [ [ [ 145.2017789, -37.984773 ], [ 145.2026977, -37.9853818 ], [ 145.2036049, -37.9859995 ], [ 145.2070551, -37.9883321 ], [ 145.2090019, -37.989281 ] ], [ [ 145.2113938, -37.989723 ], [ 145.2090019, -37.989281 ] ] ] } },
{ "type": "Feature", "properties": { "project_id": "SCC_01091", "scc_feature": 155, "scc_source_id": "155", "scc_type": "C1", "status": "upgrade_candidate", "mean_lts": 4.0, "connects_existing": true, "length_km": 0.05, "high_stress_km": 0.05, "project_type": "Upgrade existing facility" }, "geometry": { "type": "LineString", "coordinates": [ [ 145.1817328, -38.0877753 ], [ 145.1823107, -38.0870002 ] ] } },
{ "type": "Feature", "properties": { "project_id": "SCC_01092", "scc_feature": 155, "scc_source_id": "155", "scc_type": "C1", "status": "upgrade_candidate", "mean_lts": 4.0, "connects_existing": true, "length_km": 0.275, "high_stress_km": 0.275, "project_type": "Upgrade existing facility" }, "geometry": { "type": "LineString", "coordinates": [ [ 145.1858286, -38.0830625 ], [ 145.1839398, -38.0852141 ] ] } },
{ "type": "Feature", "properties": { "project_id": "SCC_01093", "scc_feature": 155, "scc_source_id": "155", "scc_type": "C1", "status": "upgrade_candidate", "mean_lts": 4.0, "connects_existing": true, "length_km": 0.363, "high_stress_km": 0.363, "project_type": "Upgrade existing facility" }, "geometry": { "type": "LineString", "coordinates": [ [ 145.1833085, -38.0858442 ], [ 145.1844745, -38.0843392 ], [ 145.1862225, -38.0823476 ] ] } },
{ "type": "Feature", "properties": { "project_id": "SCC_01094", "scc_feature": 164, "scc_source_id": "164", "scc_type": "C1", "status": "upgrade_candidate", "mean_lts": 2.33, "connects_existing": true, "length_km": 0.831, "high_stress_km": 0.277, "project_type": "Upgrade existing facility" }, "geometry": { "type": "MultiLineString", "coordinates": [ [ [ 144.9954601, -37.7925153 ], [ 144.995811, -37.7925573 ], [ 144.9963544, -37.7926206 ], [ 144.9966034, -37.7926519 ], [ 144.9971806, -37.7927248 ], [ 144.9982557, -37.7928602 ], [ 144.9984934, -37.7928913 ], [ 144.9999535, -37.7930693 ], [ 145.0007119, -37.7931633 ] ], [ [ 145.0012415, -37.7933164 ], [ 145.0007119, -37.7931633 ] ], [ [ 145.0012985, -37.7928848 ], [ 145.0017871, -37.7932987 ] ], [ [ 145.0017871, -37.7932987 ], [ 145.0023087, -37.7933255 ], [ 145.0012415, -37.7933164 ] ], [ [ 145.0012415, -37.7933164 ], [ 145.0017871, -37.7932987 ] ] ] } },
{ "type": "Feature", "properties": { "project_id": "SCC_01095", "scc_feature": 164, "scc_source_id": "164", "scc_type": "C1", "status": "upgrade_candidate", "mean_lts": 3.0, "connects_existing": true, "length_km": 0.146, "high_stress_km": 0.146, "project_type": "Upgrade existing facility" }, "geometry": { "type": "LineString", "coordinates": [ [ 145.0627232, -37.7838179 ], [ 145.0628023, -37.7833956 ], [ 145.0628287, -37.784126 ] ] } },
{ "type": "Feature", "properties": { "project_id": "SCC_01096", "scc_feature": 164, "scc_source_id": "164", "scc_type": "C1", "status": "upgrade_candidate", "mean_lts": 4.0, "connects_existing": true, "length_km": 0.472, "high_stress_km": 0.472, "project_type": "Upgrade existing facility" }, "geometry": { "type": "MultiLineString", "coordinates": [ [ [ 144.9929591, -37.7921933 ], [ 144.9941919, -37.7923765 ] ], [ [ 144.9929591, -37.7921933 ], [ 144.9922797, -37.7921186 ], [ 144.9903774, -37.791915 ], [ 144.9885751, -37.7917941 ] ] ] } },
{ "type": "Feature", "properties": { "project_id": "SCC_01097", "scc_feature": 170, "scc_source_id": "170", "scc_type": "C1", "status": "upgrade_candidate", "mean_lts": 3.06, "connects_existing": true, "length_km": 2.979, "high_stress_km": 2.979, "project_type": "Upgrade existing facility" }, "geometry": { "type": "MultiLineString", "coordinates": [ [ [ 145.0917466, -38.0123538 ], [ 145.0923513, -38.0131926 ] ], [ [ 145.0931841, -38.0144588 ], [ 145.0940509, -38.0157345 ], [ 145.0945921, -38.0163921 ], [ 145.0952357, -38.0170513 ], [ 145.0957891, -38.0176731 ], [ 145.0963289, -38.0183848 ], [ 145.097394, -38.019925 ] ], [ [ 145.0931841, -38.0144588 ], [ 145.0923513, -38.0131926 ] ], [ [ 145.0977255, -38.0203178 ], [ 145.098309, -38.0211023 ], [ 145.0988704, -38.0218593 ] ], [ [ 145.0977255, -38.0203178 ], [ 145.097394, -38.019925 ] ], [ [ 145.099608, -38.0228535 ], [ 145.1004666, -38.0240119 ], [ 145.1013502, -38.0255311 ], [ 145.1019181, -38.0264775 ], [ 145.1024315, -38.0273329 ], [ 145.1025942, -38.0276509 ], [ 145.103238, -38.0287517 ], [ 145.1034346, -38.0290793 ], [ 145.1037518, -38.0295891 ], [ 145.1042427, -38.0304351 ], [ 145.1046788, -38.0311991 ] ], [ [ 145.099608, -38.0228535 ], [ 145.0988704, -38.0218593 ] ], [ [ 145.1050825, -38.0318905 ], [ 145.1055085, -38.0326003 ], [ 145.1059341, -38.0333281 ], [ 145.1066747, -38.0342141 ] ], [ [ 145.1050825, -38.0318905 ], [ 145.1046788, -38.0311991 ] ], [ [ 145.1074739, -38.0359212 ], [ 145.1066747, -38.0342141 ] ] ] } },
{ "type": "Feature", "properties": { "project_id": "SCC_01098", "scc_feature": 171, "scc_source_id": "171", "scc_type": "C1", "status": "upgrade_candidate", "mean_lts": 3.34, "connects_existing": true, "length_km": 2.059, "high_stress_km": 2.059, "project_type": "Upgrade existing facility" }, "geometry": { "type": "MultiLineString", "coordinates": [ [ [ 144.9765985, -37.839072 ], [ 144.9756403, -37.837127 ] ], [ [ 144.9774007, -37.8413207 ], [ 144.9780831, -37.8429635 ] ], [ [ 144.9780826, -37.8433961 ], [ 144.9774007, -37.8413207 ] ], [ [ 144.9780826, -37.8433961 ], [ 144.9787021, -37.8448486 ] ], [ [ 144.9797825, -37.8477329 ], [ 144.9790343, -37.8459988 ] ], [ [ 144.9790343, -37.8459988 ], [ 144.9793779, -37.8463201 ] ], [ [ 144.9790343, -37.8459988 ], [ 144.9787021, -37.8448486 ] ], [ [ 144.9797825, -37.8477329 ], [ 144.9806918, -37.8502267 ] ], [ [ 144.9774007, -37.8413207 ], [ 144.9765985, -37.839072 ] ], [ [ 144.9759739, -37.8369795 ], [ 144.9765985, -37.839072 ] ], [ [ 144.9765985, -37.839072 ], [ 144.9756808, -37.8368934 ] ], [ [ 144.9787021, -37.8448486 ], [ 144.9793779, -37.8463201 ] ] ] } },
{ "type": "Feature", "properties": { "project_id": "SCC_01099", "scc_feature": 171, "scc_source_id": "171", "scc_type": "C1", "status": "upgrade_candidate", "mean_lts": 3.68, "connects_existing": true, "length_km": 10.07, "high_stress_km": 9.963, "project_type": "Upgrade existing facility" }, "geometry": { "type": "MultiLineString", "coordinates": [ [ [ 144.9835528, -37.8578456 ], [ 144.9837317, -37.8583713 ], [ 144.9838152, -37.8586431 ], [ 144.9842788, -37.8599848 ], [ 144.9844932, -37.8604571 ], [ 144.9844301, -37.8606903 ], [ 144.984881, -37.8616623 ], [ 144.9850033, -37.862178 ], [ 144.9851516, -37.8625771 ], [ 144.985545, -37.8635751 ], [ 144.9856321, -37.8645499 ] ], [ [ 144.9856321, -37.8645499 ], [ 144.9851273, -37.8634688 ], [ 144.9848384, -37.8623915 ], [ 144.9840388, -37.8604493 ], [ 144.9833805, -37.8583293 ] ], [ [ 144.9859696, -37.8659344 ], [ 144.9857339, -37.8658223 ] ], [ [ 144.9859696, -37.8659344 ], [ 144.985885, -37.8656987 ], [ 144.9856321, -37.8645499 ] ], [ [ 144.9865398, -37.8679538 ], [ 144.9861688, -37.8665506 ], [ 144.9859696, -37.8659344 ] ], [ [ 144.9856321, -37.8645499 ], [ 144.9861925, -37.8656769 ], [ 144.9862875, -37.8659489 ], [ 144.9865937, -37.8668102 ], [ 144.9868736, -37.8673828 ] ], [ [ 144.9868736, -37.8673828 ], [ 144.9870903, -37.867774 ], [ 144.9874461, -37.8680684 ] ], [ [ 144.9868736, -37.8673828 ], [ 144.9874461, -37.8680684 ] ], [ [ 144.9874927, -37.8688623 ], [ 144.9865398, -37.8679538 ] ], [ [ 144.9880497, -37.8697009 ], [ 144.9874927, -37.8688623 ] ], [ [ 144.9875748, -37.8691881 ], [ 144.9874927, -37.8688623 ] ], [ [ 144.989068, -37.8715477 ], [ 144.9890623, -37.8713403 ] ], [ [ 144.9890623, -37.8713403 ], [ 144.9888631, -37.8707241 ] ], [ [ 144.9892961, -37.8719391 ], [ 144.9890623, -37.8713403 ] ], [ [ 144.989068, -37.8715477 ], [ 144.9888631, -37.8707241 ] ], [ [ 144.9892961, -37.8719391 ], [ 144.989068, -37.8715477 ] ], [ [ 144.9901241, -37.8728454 ], [ 144.989518, -37.8721411 ], [ 144.9892961, -37.8719391 ] ], [ [ 144.9901241, -37.8728454 ], [ 144.9896779, -37.8725313 ], [ 144.9892961, -37.8719391 ] ], [ [ 144.9901241, -37.8728454 ], [ 144.990601, -37.8732861 ], [ 144.9910041, -37.8739328 ], [ 144.9915925, -37.874871 ], [ 144.9917341, -37.8750987 ] ], [ [ 144.9911003, -37.8745743 ], [ 144.990899, -37.8744537 ] ], [ [ 144.990899, -37.8744537 ], [ 144.9904087, -37.8736703 ] ], [ [ 144.9911507, -37.8743949 ], [ 144.9911003, -37.8745743 ] ], [ [ 144.9911003, -37.8745743 ], [ 144.9903834, -37.8733454 ] ], [ [ 144.9913432, -37.8748397 ], [ 144.9911003, -37.8745743 ] ], [ [ 144.9903834, -37.8733454 ], [ 144.9911507, -37.8743949 ] ], [ [ 144.9911507, -37.8743949 ], [ 144.9913432, -37.8748397 ] ], [ [ 144.9922458, -37.8763511 ], [ 144.9916725, -37.8756925 ], [ 144.9911167, -37.8748088 ], [ 144.990899, -37.8744537 ] ], [ [ 144.9917341, -37.8750987 ], [ 144.9917391, -37.8753331 ] ], [ [ 144.9917341, -37.8750987 ], [ 144.991876, -37.8753174 ], [ 144.9922458, -37.8763511 ] ], [ [ 144.9917391, -37.8753331 ], [ 144.9922458, -37.8763511 ] ], [ [ 144.9913432, -37.8748397 ], [ 144.9917391, -37.8753331 ] ], [ [ 144.9922458, -37.8763511 ], [ 144.992998, -37.8771209 ], [ 144.9937501, -37.8783143 ], [ 144.9939131, -37.8790109 ] ], [ [ 144.994655, -37.8797445 ], [ 144.9948618, -37.8800815 ], [ 144.9952737, -37.8808275 ] ], [ [ 144.994655, -37.8797445 ], [ 144.9943404, -37.879604 ] ], [ [ 144.9939131, -37.8790109 ], [ 144.994655, -37.8797445 ] ], [ [ 144.9973963, -37.8843151 ], [ 144.997039, -37.8840747 ], [ 144.9969425, -37.8838568 ] ], [ [ 144.997239, -37.8838258 ], [ 144.9974251, -37.8840903 ], [ 144.99789, -37.8845578 ], [ 144.9990956, -37.8862274 ] ], [ [ 144.9967648, -37.8828625 ], [ 144.997239, -37.8838258 ] ], [ [ 144.9973963, -37.8843151 ], [ 144.997239, -37.8838258 ] ], [ [ 144.9990956, -37.8862274 ], [ 144.9982049, -37.8855274 ], [ 144.9977038, -37.8847168 ] ], [ [ 144.9874461, -37.8680684 ], [ 144.9883904, -37.8701302 ] ], [ [ 144.9874461, -37.8680684 ], [ 144.9880497, -37.8697009 ] ], [ [ 144.9896612, -37.8718912 ], [ 144.9899846, -37.872122 ], [ 144.9901241, -37.8728454 ] ], [ [ 144.9933379, -37.8780008 ], [ 144.9922458, -37.8763511 ] ], [ [ 144.9922458, -37.8763511 ], [ 144.9913432, -37.8748397 ] ], [ [ 144.9896612, -37.8718912 ], [ 144.9901241, -37.8728454 ] ], [ [ 144.9901241, -37.8728454 ], [ 144.9903834, -37.8733454 ] ], [ [ 144.9904087, -37.8736703 ], [ 144.9901241, -37.8728454 ] ], [ [ 144.9990956, -37.8862274 ], [ 144.9977038, -37.8847168 ] ], [ [ 144.9977038, -37.8847168 ], [ 144.9973963, -37.8843151 ] ], [ [ 144.9969425, -37.8838568 ], [ 144.9967648, -37.8828625 ] ], [ [ 144.9952737, -37.8808275 ], [ 144.9967648, -37.8828625 ] ], [ [ 144.9955938, -37.8815989 ], [ 144.9967648, -37.8828625 ] ], [ [ 144.9875748, -37.8691881 ], [ 144.9865398, -37.8679538 ] ], [ [ 144.9969425, -37.8838568 ], [ 144.9963565, -37.883243 ], [ 144.9955938, -37.8815989 ] ], [ [ 144.9973963, -37.8843151 ], [ 144.9969425, -37.8838568 ] ], [ [ 144.9888631, -37.8707241 ], [ 144.9883904, -37.8701302 ] ], [ [ 144.9888631, -37.8707241 ], [ 144.989656, -37.8716658 ] ], [ [ 144.9933379, -37.8780008 ], [ 144.9939131, -37.8790109 ] ], [ [ 144.9880497, -37.8697009 ], [ 144.9883904, -37.8701302 ] ], [ [ 144.9896612, -37.8718912 ], [ 144.989656, -37.8716658 ] ], [ [ 144.9880497, -37.8697009 ], [ 144.9875748, -37.8691881 ] ], [ [ 144.9904087, -37.8736703 ], [ 144.9903834, -37.8733454 ] ], [ [ 144.9952737, -37.8808275 ], [ 144.9943404, -37.879604 ] ], [ [ 144.9952737, -37.8808275 ], [ 144.9955938, -37.8815989 ] ], [ [ 144.9943404, -37.879604 ], [ 144.9939131, -37.8790109 ] ] ] } },
{ "type": "Feature", "properties": { "project_id": "SCC_01100", "scc_feature": 171, "scc_source_id": "171", "scc_type": "C1", "status": "upgrade_candidate", "mean_lts": 3.0, "connects_existing": false, "length_km": 0.056, "high_stress_km": 0.056, "project_type": "Upgrade existing facility" }, "geometry": { "type": "LineString", "coordinates": [ [ 145.0010725, -37.8892259 ], [ 145.0008217, -37.8896722 ] ] } },
{ "type": "Feature", "properties": { "project_id": "SCC_01101", "scc_feature": 171, "scc_source_id": "171", "scc_type": "C1", "status": "upgrade_candidate", "mean_lts": 4.0, "connects_existing": true, "length_km": 0.063, "high_stress_km": 0.063, "project_type": "Upgrade existing facility" }, "geometry": { "type": "LineString", "coordinates": [ [ 145.0552842, -37.9675991 ], [ 145.0553914, -37.9669881 ] ] } },
{ "type": "Feature", "properties": { "project_id": "SCC_01102", "scc_feature": 180, "scc_source_id": "180", "scc_type": "C1", "status": "upgrade_candidate", "mean_lts": 3.09, "connects_existing": false, "length_km": 3.19, "high_stress_km": 2.532, "project_type": "Upgrade existing facility" }, "geometry": { "type": "MultiLineString", "coordinates": [ [ [ 145.0420859, -37.7457076 ], [ 145.0418244, -37.747019 ], [ 145.041678, -37.7478367 ], [ 145.0414058, -37.7491209 ], [ 145.0412871, -37.7497497 ] ], [ [ 145.042483, -37.7435604 ], [ 145.0423865, -37.7442076 ] ], [ [ 145.0420859, -37.7457076 ], [ 145.0423865, -37.7442076 ] ], [ [ 145.0431058, -37.7401642 ], [ 145.0434153, -37.739187 ] ], [ [ 145.0431058, -37.7401642 ], [ 145.0428285, -37.7416466 ] ], [ [ 145.0449567, -37.7340848 ], [ 145.044673, -37.7353778 ], [ 145.0445505, -37.7361508 ], [ 145.044416, -37.7369506 ], [ 145.0438154, -37.7386439 ], [ 145.0434153, -37.739187 ] ], [ [ 145.0449567, -37.7340848 ], [ 145.0456372, -37.7340961 ] ], [ [ 145.0480137, -37.7343428 ], [ 145.0475836, -37.7342996 ], [ 145.0468029, -37.7342145 ], [ 145.0456372, -37.7340961 ] ], [ [ 145.0480137, -37.7343428 ], [ 145.049111, -37.7344691 ] ], [ [ 145.0538867, -37.7349626 ], [ 145.0527319, -37.7348624 ], [ 145.0521884, -37.7348174 ], [ 145.0510116, -37.7346898 ], [ 145.0501404, -37.7345943 ], [ 145.049111, -37.7344691 ] ], [ [ 145.0538867, -37.7349626 ], [ 145.0566035, -37.7352147 ] ], [ [ 145.0598629, -37.7355478 ], [ 145.0582442, -37.735395 ], [ 145.0566035, -37.7352147 ] ], [ [ 145.042483, -37.7435604 ], [ 145.0427634, -37.742826 ], [ 145.0428383, -37.7421334 ], [ 145.0428285, -37.7416466 ] ] ] } },
{ "type": "Feature", "properties": { "project_id": "SCC_01103", "scc_feature": 180, "scc_source_id": "180", "scc_type": "C1", "status": "upgrade_candidate", "mean_lts": 3.57, "connects_existing": true, "length_km": 0.302, "high_stress_km": 0.302, "project_type": "Upgrade existing facility" }, "geometry": { "type": "LineString", "coordinates": [ [ 145.0611216, -37.7264484 ], [ 145.0608945, -37.7277604 ], [ 145.0607066, -37.7293073 ] ] } },
{ "type": "Feature", "properties": { "project_id": "SCC_01104", "scc_feature": 180, "scc_source_id": "180", "scc_type": "C1", "status": "upgrade_candidate", "mean_lts": 2.62, "connects_existing": true, "length_km": 0.625, "high_stress_km": 0.39, "project_type": "Upgrade existing facility" }, "geometry": { "type": "LineString", "coordinates": [ [ 145.0679974, -37.7260115 ], [ 145.0653959, -37.7256985 ], [ 145.0636968, -37.7255895 ], [ 145.0625711, -37.7261207 ], [ 145.0612021, -37.725972 ] ] } },
{ "type": "Feature", "properties": { "project_id": "SCC_01105", "scc_feature": 180, "scc_source_id": "180", "scc_type": "C1", "status": "upgrade_candidate", "mean_lts": 3.0, "connects_existing": true, "length_km": 0.24, "high_stress_km": 0.24, "project_type": "Upgrade existing facility" }, "geometry": { "type": "LineString", "coordinates": [ [ 145.0694104, -37.7253408 ], [ 145.0699246, -37.7230151 ] ] } },
{ "type": "Feature", "properties": { "project_id": "SCC_01106", "scc_feature": 180, "scc_source_id": "180", "scc_type": "C1", "status": "upgrade_candidate", "mean_lts": 2.0, "connects_existing": false, "length_km": 0.3, "high_stress_km": 0.0, "project_type": "Upgrade existing facility" }, "geometry": { "type": "LineString", "coordinates": [ [ 145.0776667, -37.7175812 ], [ 145.0750505, -37.7191607 ] ] } },
{ "type": "Feature", "properties": { "project_id": "SCC_01107", "scc_feature": 180, "scc_source_id": "180", "scc_type": "C1", "status": "upgrade_candidate", "mean_lts": 3.0, "connects_existing": false, "length_km": 0.085, "high_stress_km": 0.085, "project_type": "Upgrade existing facility" }, "geometry": { "type": "LineString", "coordinates": [ [ 145.0780105, -37.7165684 ], [ 145.0777422, -37.717294 ] ] } },
{ "type": "Feature", "properties": { "project_id": "SCC_01108", "scc_feature": 180, "scc_source_id": "180", "scc_type": "C1", "status": "upgrade_candidate", "mean_lts": 4.0, "connects_existing": true, "length_km": 0.156, "high_stress_km": 0.156, "project_type": "Upgrade existing facility" }, "geometry": { "type": "LineString", "coordinates": [ [ 145.0861422, -37.7100499 ], [ 145.08503, -37.710951 ] ] } },
{ "type": "Feature", "properties": { "project_id": "SCC_01109", "scc_feature": 180, "scc_source_id": "180", "scc_type": "C1", "status": "upgrade_candidate", "mean_lts": 2.0, "connects_existing": false, "length_km": 0.052, "high_stress_km": 0.0, "project_type": "Upgrade existing facility" }, "geometry": { "type": "LineString", "coordinates": [ [ 145.0875518, -37.7081712 ], [ 145.0873252, -37.7086001 ] ] } },
{ "type": "Feature", "properties": { "project_id": "SCC_01110", "scc_feature": 180, "scc_source_id": "180", "scc_type": "C1", "status": "upgrade_candidate", "mean_lts": 4.0, "connects_existing": true, "length_km": 0.47, "high_stress_km": 0.47, "project_type": "Upgrade existing facility" }, "geometry": { "type": "MultiLineString", "coordinates": [ [ [ 145.0398481, -37.7505189 ], [ 145.0397402, -37.7511659 ] ], [ [ 145.0393271, -37.7534841 ], [ 145.0394187, -37.753026 ], [ 145.0395793, -37.7521005 ], [ 145.0397402, -37.7511659 ] ], [ [ 145.0398481, -37.7505189 ], [ 145.0399843, -37.749656 ] ] ] } },
{ "type": "Feature", "properties": { "project_id": "SCC_01111", "scc_feature": 180, "scc_source_id": "180", "scc_type": "C1", "status": "upgrade_candidate", "mean_lts": 4.0, "connects_existing": true, "length_km": 0.197, "high_stress_km": 0.197, "project_type": "Upgrade existing facility" }, "geometry": { "type": "LineString", "coordinates": [ [ 145.0378425, -37.7564063 ], [ 145.0387003, -37.7548705 ] ] } },
{ "type": "Feature", "properties": { "project_id": "SCC_01113", "scc_feature": 187, "scc_source_id": "187", "scc_type": "C1", "status": "upgrade_candidate", "mean_lts": 2.91, "connects_existing": true, "length_km": 0.894, "high_stress_km": 0.656, "project_type": "Upgrade existing facility" }, "geometry": { "type": "MultiLineString", "coordinates": [ [ [ 145.0020046, -37.8117766 ], [ 145.0027866, -37.8118439 ], [ 145.0034328, -37.8118909 ] ], [ [ 145.0020046, -37.8117766 ], [ 145.0009729, -37.811705 ], [ 145.000425, -37.8118039 ] ], [ [ 145.0034328, -37.8118909 ], [ 145.0039766, -37.8119452 ], [ 145.0049967, -37.8120256 ] ], [ [ 145.0034328, -37.8118909 ], [ 145.00403, -37.8116487 ] ], [ [ 145.0050934, -37.8113874 ], [ 145.0051604, -37.81101 ], [ 145.0054889, -37.8110426 ], [ 145.0063953, -37.8111301 ] ], [ [ 145.0070978, -37.811196 ], [ 145.0073584, -37.8112185 ], [ 145.0085366, -37.8113375 ] ], [ [ 145.0070978, -37.811196 ], [ 145.0063953, -37.8111301 ] ], [ [ 145.0050934, -37.8113874 ], [ 145.0050386, -37.8117379 ], [ 145.0049967, -37.8120256 ] ] ] } },
{ "type": "Feature", "properties": { "project_id": "SCC_01114", "scc_feature": 187, "scc_source_id": "187", "scc_type": "C1", "status": "upgrade_candidate", "mean_lts": 2.0, "connects_existing": false, "length_km": 0.192, "high_stress_km": 0.0, "project_type": "Upgrade existing facility" }, "geometry": { "type": "LineString", "coordinates": [ [ 145.0284163, -37.8104374 ], [ 145.0274205, -37.8102946 ], [ 145.0268767, -37.8102404 ], [ 145.0262773, -37.8101403 ] ] } },
{ "type": "Feature", "properties": { "project_id": "SCC_01115", "scc_feature": 187, "scc_source_id": "187", "scc_type": "C1", "status": "upgrade_candidate", "mean_lts": 3.0, "connects_existing": false, "length_km": 0.829, "high_stress_km": 0.829, "project_type": "Upgrade existing facility" }, "geometry": { "type": "MultiLineString", "coordinates": [ [ [ 145.0296023, -37.8089793 ], [ 145.0302929, -37.809063 ] ], [ [ 145.032263, -37.8093032 ], [ 145.0313349, -37.8091796 ], [ 145.0302929, -37.809063 ] ], [ [ 145.032263, -37.8093032 ], [ 145.0349919, -37.8096281 ], [ 145.036373, -37.8098044 ], [ 145.0367354, -37.8098465 ], [ 145.0377203, -37.809971 ], [ 145.0389089, -37.810126 ] ] ] } },
{ "type": "Feature", "properties": { "project_id": "SCC_01116", "scc_feature": 187, "scc_source_id": "187", "scc_type": "C1", "status": "upgrade_candidate", "mean_lts": 3.43, "connects_existing": true, "length_km": 4.779, "high_stress_km": 4.409, "project_type": "Upgrade existing facility" }, "geometry": { "type": "MultiLineString", "coordinates": [ [ [ 145.0603496, -37.8159604 ], [ 145.0615386, -37.8161061 ], [ 145.0622521, -37.8161899 ], [ 145.0627051, -37.8162425 ], [ 145.0644153, -37.8164418 ], [ 145.0652078, -37.816545 ], [ 145.0672463, -37.8167857 ] ], [ [ 145.0802934, -37.8183149 ], [ 145.0773828, -37.81797 ], [ 145.077145, -37.8179391 ], [ 145.0762955, -37.8178441 ], [ 145.0746759, -37.8176554 ], [ 145.0729205, -37.8174465 ], [ 145.0723768, -37.8173835 ], [ 145.071788, -37.8173108 ], [ 145.0706439, -37.8171839 ], [ 145.0700437, -37.817111 ], [ 145.0697265, -37.8170787 ], [ 145.0683787, -37.8169214 ], [ 145.0672463, -37.8167857 ] ], [ [ 145.0802934, -37.8183149 ], [ 145.0821057, -37.8185246 ] ], [ [ 145.0823548, -37.8185557 ], [ 145.0821057, -37.8185246 ] ], [ [ 145.0823548, -37.8185557 ], [ 145.084348, -37.8187955 ], [ 145.085084, -37.8188885 ] ], [ [ 145.0863299, -37.819035 ], [ 145.0871565, -37.8191385 ], [ 145.0874738, -37.8191707 ], [ 145.0886063, -37.8193062 ], [ 145.0894784, -37.8194105 ], [ 145.0897389, -37.8194418 ], [ 145.0908714, -37.8195773 ], [ 145.0915396, -37.8196602 ], [ 145.0961039, -37.8202027 ], [ 145.0965908, -37.8202647 ], [ 145.0972024, -37.8203376 ], [ 145.0983239, -37.8204639 ], [ 145.0995017, -37.8206091 ] ], [ [ 145.0863299, -37.819035 ], [ 145.085084, -37.8188885 ] ], [ [ 145.1019711, -37.8208922 ], [ 145.1031264, -37.821028 ], [ 145.1036249, -37.8210811 ], [ 145.1040214, -37.8211235 ] ], [ [ 145.1019711, -37.8208922 ], [ 145.1006797, -37.8207453 ], [ 145.0995017, -37.8206091 ] ], [ [ 145.1054375, -37.8212815 ], [ 145.1049958, -37.8212293 ], [ 145.1040214, -37.8211235 ] ], [ [ 145.1054375, -37.8212815 ], [ 145.106117, -37.8213645 ] ], [ [ 145.1102862, -37.821819 ], [ 145.1093457, -37.8217228 ], [ 145.1090171, -37.8216905 ], [ 145.10836, -37.8216169 ], [ 145.1078615, -37.8215638 ], [ 145.1072612, -37.8214911 ], [ 145.1066607, -37.8214274 ], [ 145.106117, -37.8213645 ] ], [ [ 145.1102862, -37.821819 ], [ 145.1116228, -37.8219757 ], [ 145.1140005, -37.8222931 ] ] ] } },
{ "type": "Feature", "properties": { "project_id": "SCC_01117", "scc_feature": 188, "scc_source_id": "188", "scc_type": "C1", "status": "upgrade_candidate", "mean_lts": 2.18, "connects_existing": true, "length_km": 0.751, "high_stress_km": 0.135, "project_type": "Upgrade existing facility" }, "geometry": { "type": "LineString", "coordinates": [ [ 145.1162123, -37.8349453 ], [ 145.1163196, -37.8342981 ], [ 145.1164585, -37.8337506 ], [ 145.1169714, -37.8310102 ], [ 145.1174503, -37.8282602 ] ] } },
{ "type": "Feature", "properties": { "project_id": "SCC_01118", "scc_feature": 189, "scc_source_id": "189", "scc_type": "C1", "status": "upgrade_candidate", "mean_lts": 3.0, "connects_existing": true, "length_km": 0.126, "high_stress_km": 0.126, "project_type": "Upgrade existing facility" }, "geometry": { "type": "LineString", "coordinates": [ [ 145.1191012, -37.8205183 ], [ 145.1189591, -37.8216425 ] ] } },
{ "type": "Feature", "properties": { "project_id": "SCC_01119", "scc_feature": 202, "scc_source_id": "202", "scc_type": "C1", "status": "upgrade_candidate", "mean_lts": 2.99, "connects_existing": false, "length_km": 1.006, "high_stress_km": 0.663, "project_type": "Upgrade existing facility" }, "geometry": { "type": "MultiLineString", "coordinates": [ [ [ 145.1231392, -37.8028291 ], [ 145.122361, -37.80306 ], [ 145.1217447, -37.8049697 ], [ 145.12123, -37.8078003 ] ], [ [ 145.1231392, -37.8028291 ], [ 145.1232446, -37.802254 ], [ 145.1234593, -37.8014013 ], [ 145.1235486, -37.8005646 ], [ 145.1236831, -37.7997376 ] ] ] } },
{ "type": "Feature", "properties": { "project_id": "SCC_01120", "scc_feature": 204, "scc_source_id": "204", "scc_type": "C1", "status": "upgrade_candidate", "mean_lts": 2.79, "connects_existing": true, "length_km": 0.345, "high_stress_km": 0.274, "project_type": "Upgrade existing facility" }, "geometry": { "type": "MultiLineString", "coordinates": [ [ [ 145.1174871, -37.8415624 ], [ 145.1175385, -37.8413289 ] ], [ [ 145.1176325, -37.8407627 ], [ 145.118081, -37.8383186 ] ], [ [ 145.1176325, -37.8407627 ], [ 145.1175385, -37.8413289 ] ] ] } },
{ "type": "Feature", "properties": { "project_id": "SCC_01121", "scc_feature": 204, "scc_source_id": "204", "scc_type": "C1", "status": "upgrade_candidate", "mean_lts": 3.0, "connects_existing": false, "length_km": 0.137, "high_stress_km": 0.137, "project_type": "Upgrade existing facility" }, "geometry": { "type": "MultiLineString", "coordinates": [ [ [ 145.1246318, -37.8448306 ], [ 145.1252886, -37.8449222 ] ], [ [ 145.1261061, -37.8449532 ], [ 145.1252886, -37.8449222 ] ] ] } },
{ "type": "Feature", "properties": { "project_id": "SCC_01122", "scc_feature": 204, "scc_source_id": "204", "scc_type": "C1", "status": "upgrade_candidate", "mean_lts": 3.0, "connects_existing": false, "length_km": 0.861, "high_stress_km": 0.861, "project_type": "Upgrade existing facility" }, "geometry": { "type": "MultiLineString", "coordinates": [ [ [ 145.1264446, -37.8450487 ], [ 145.1288361, -37.845303 ] ], [ [ 145.1329152, -37.8457824 ], [ 145.133493, -37.8458546 ], [ 145.1346031, -37.8459984 ] ], [ [ 145.1329152, -37.8457824 ], [ 145.1323372, -37.8457191 ], [ 145.1313173, -37.8456038 ] ], [ [ 145.1359404, -37.8461457 ], [ 145.1346031, -37.8459984 ] ], [ [ 145.1303749, -37.8455708 ], [ 145.1288361, -37.845303 ] ], [ [ 145.1303749, -37.8455708 ], [ 145.1313173, -37.8456038 ] ] ] } },
{ "type": "Feature", "properties": { "project_id": "SCC_01123", "scc_feature": 481, "scc_source_id": "481", "scc_type": "C2", "status": "upgrade_candidate", "mean_lts": 2.0, "connects_existing": true, "length_km": 0.067, "high_stress_km": 0.0, "project_type": "Upgrade existing facility" }, "geometry": { "type": "LineString", "coordinates": [ [ 144.4255863, -37.6572912 ], [ 144.4245632, -37.657377 ] ] } },
{ "type": "Feature", "properties": { "project_id": "SCC_01124", "scc_feature": 481, "scc_source_id": "481", "scc_type": "C2", "status": "upgrade_candidate", "mean_lts": 3.0, "connects_existing": true, "length_km": 0.42, "high_stress_km": 0.42, "project_type": "Upgrade existing facility" }, "geometry": { "type": "MultiLineString", "coordinates": [ [ [ 144.4369911, -37.6585399 ], [ 144.4366157, -37.6585768 ] ], [ [ 144.4369911, -37.6585399 ], [ 144.4374526, -37.658631 ] ], [ [ 144.4338159, -37.6582546 ], [ 144.4328223, -37.6581428 ] ], [ [ 144.4338159, -37.6582546 ], [ 144.4348, -37.658312 ] ], [ [ 144.4356675, -37.6584661 ], [ 144.4366157, -37.6585768 ] ], [ [ 144.4356675, -37.6584661 ], [ 144.4348, -37.658312 ] ] ] } },
{ "type": "Feature", "properties": { "project_id": "SCC_01125", "scc_feature": 486, "scc_source_id": "486", "scc_type": "C2", "status": "upgrade_candidate", "mean_lts": 3.0, "connects_existing": true, "length_km": 0.386, "high_stress_km": 0.386, "project_type": "Upgrade existing facility" }, "geometry": { "type": "LineString", "coordinates": [ [ 144.4415829, -37.6591623 ], [ 144.4395767, -37.6588304 ], [ 144.4374526, -37.658631 ] ] } },
{ "type": "Feature", "properties": { "project_id": "SCC_01126", "scc_feature": 489, "scc_source_id": "489", "scc_type": "C2", "status": "upgrade_candidate", "mean_lts": 4.0, "connects_existing": true, "length_km": 0.067, "high_stress_km": 0.067, "project_type": "Upgrade existing facility" }, "geometry": { "type": "LineString", "coordinates": [ [ 144.6074409, -37.8762484 ], [ 144.6081779, -37.8763085 ] ] } },
{ "type": "Feature", "properties": { "project_id": "SCC_01127", "scc_feature": 497, "scc_source_id": "497", "scc_type": "C2", "status": "upgrade_candidate", "mean_lts": 3.0, "connects_existing": true, "length_km": 0.378, "high_stress_km": 0.378, "project_type": "Upgrade existing facility" }, "geometry": { "type": "LineString", "coordinates": [ [ 144.6542756, -37.7202053 ], [ 144.6537889, -37.7208895 ], [ 144.6530876, -37.7215424 ], [ 144.6542756, -37.7202053 ] ] } },
{ "type": "Feature", "properties": { "project_id": "SCC_01128", "scc_feature": 498, "scc_source_id": "498", "scc_type": "C2", "status": "upgrade_candidate", "mean_lts": 3.84, "connects_existing": true, "length_km": 0.462, "high_stress_km": 0.424, "project_type": "Upgrade existing facility" }, "geometry": { "type": "LineString", "coordinates": [ [ 144.6693896, -37.8462317 ], [ 144.6690571, -37.8463242 ], [ 144.6668369, -37.8461 ], [ 144.6675307, -37.8460777 ], [ 144.6693896, -37.8462317 ] ] } },
{ "type": "Feature", "properties": { "project_id": "SCC_01129", "scc_feature": 498, "scc_source_id": "498", "scc_type": "C2", "status": "upgrade_candidate", "mean_lts": 2.0, "connects_existing": false, "length_km": 0.085, "high_stress_km": 0.0, "project_type": "Upgrade existing facility" }, "geometry": { "type": "LineString", "coordinates": [ [ 144.6681872, -37.8465233 ], [ 144.667236, -37.8464143 ] ] } },
{ "type": "Feature", "properties": { "project_id": "SCC_01130", "scc_feature": 501, "scc_source_id": "501", "scc_type": "C2", "status": "upgrade_candidate", "mean_lts": 3.0, "connects_existing": true, "length_km": 0.981, "high_stress_km": 0.981, "project_type": "Upgrade existing facility" }, "geometry": { "type": "MultiLineString", "coordinates": [ [ [ 144.5630725, -37.6847152 ], [ 144.5620399, -37.6847389 ] ], [ [ 144.5589472, -37.6849993 ], [ 144.5607213, -37.6848378 ] ], [ [ 144.5589472, -37.6849993 ], [ 144.5545848, -37.6852513 ] ], [ [ 144.5620399, -37.6847389 ], [ 144.5634264, -37.6846414 ], [ 144.5658772, -37.684593 ] ], [ [ 144.5620399, -37.6847389 ], [ 144.5607213, -37.6848378 ] ] ] } },
{ "type": "Feature", "properties": { "project_id": "SCC_01132", "scc_feature": 502, "scc_source_id": "502", "scc_type": "C2", "status": "upgrade_candidate", "mean_lts": 3.74, "connects_existing": true, "length_km": 0.648, "high_stress_km": 0.588, "project_type": "Upgrade existing facility" }, "geometry": { "type": "MultiLineString", "coordinates": [ [ [ 144.5676549, -37.6864049 ], [ 144.5672602, -37.6866851 ] ], [ [ 144.5676549, -37.6864049 ], [ 144.5681699, -37.6845231 ] ], [ [ 144.5676549, -37.6864049 ], [ 144.5675495, -37.6875472 ], [ 144.5675036, -37.6868704 ], [ 144.5676549, -37.6864049 ] ], [ [ 144.5680443, -37.6842052 ], [ 144.5681699, -37.6845231 ] ], [ [ 144.5681699, -37.6845231 ], [ 144.5683389, -37.6842112 ] ] ] } },
{ "type": "Feature", "properties": { "project_id": "SCC_01133", "scc_feature": 502, "scc_source_id": "502", "scc_type": "C2", "status": "upgrade_candidate", "mean_lts": 3.0, "connects_existing": true, "length_km": 0.514, "high_stress_km": 0.514, "project_type": "Upgrade existing facility" }, "geometry": { "type": "MultiLineString", "coordinates": [ [ [ 144.5661329, -37.6951505 ], [ 144.5662743, -37.6942973 ] ], [ [ 144.5661329, -37.6951505 ], [ 144.5657808, -37.6969004 ] ], [ [ 144.5653809, -37.6990729 ], [ 144.5657808, -37.6969004 ] ] ] } },
{ "type": "Feature", "properties": { "project_id": "SCC_01134", "scc_feature": 502, "scc_source_id": "502", "scc_type": "C2", "status": "upgrade_candidate", "mean_lts": 3.0, "connects_existing": true, "length_km": 0.239, "high_stress_km": 0.239, "project_type": "Upgrade existing facility" }, "geometry": { "type": "LineString", "coordinates": [ [ 144.5652466, -37.6997099 ], [ 144.5648731, -37.7017658 ] ] } },
{ "type": "Feature", "properties": { "project_id": "SCC_01135", "scc_feature": 503, "scc_source_id": "503", "scc_type": "C2", "status": "upgrade_candidate", "mean_lts": 3.29, "connects_existing": true, "length_km": 2.879, "high_stress_km": 2.374, "project_type": "Upgrade existing facility" }, "geometry": { "type": "MultiLineString", "coordinates": [ [ [ 144.5686693, -37.6803432 ], [ 144.5689036, -37.6801137 ] ], [ [ 144.5686693, -37.6803432 ], [ 144.5684354, -37.6819514 ], [ 144.56875, -37.6813451 ] ], [ [ 144.56875, -37.6813451 ], [ 144.5686793, -37.6821186 ] ], [ [ 144.5709326, -37.6703963 ], [ 144.5707247, -37.6701667 ], [ 144.571361, -37.6680351 ] ], [ [ 144.5708054, -37.6711686 ], [ 144.5709326, -37.6703963 ] ], [ [ 144.5708054, -37.6711686 ], [ 144.5702386, -37.6729051 ], [ 144.5698066, -37.6753744 ], [ 144.5693977, -37.677826 ] ], [ [ 144.5709326, -37.6703963 ], [ 144.5711519, -37.6695808 ], [ 144.571361, -37.6680351 ] ], [ [ 144.5689036, -37.6801137 ], [ 144.5693977, -37.677826 ] ], [ [ 144.56875, -37.6813451 ], [ 144.5689036, -37.6801137 ] ], [ [ 144.571408, -37.6676396 ], [ 144.571361, -37.6680351 ] ], [ [ 144.5693977, -37.677826 ], [ 144.56875, -37.6813451 ] ], [ [ 144.5701901, -37.6750849 ], [ 144.56875, -37.6813451 ] ] ] } },
{ "type": "Feature", "properties": { "project_id": "SCC_01136", "scc_feature": 503, "scc_source_id": "503", "scc_type": "C2", "status": "upgrade_candidate", "mean_lts": 3.0, "connects_existing": false, "length_km": 0.209, "high_stress_km": 0.209, "project_type": "Upgrade existing facility" }, "geometry": { "type": "LineString", "coordinates": [ [ 144.571574, -37.6670663 ], [ 144.5718071, -37.6658275 ], [ 144.5718843, -37.6651983 ] ] } },
{ "type": "Feature", "properties": { "project_id": "SCC_01137", "scc_feature": 503, "scc_source_id": "503", "scc_type": "C2", "status": "upgrade_candidate", "mean_lts": 2.0, "connects_existing": true, "length_km": 0.481, "high_stress_km": 0.0, "project_type": "Upgrade existing facility" }, "geometry": { "type": "LineString", "coordinates": [ [ 144.5720266, -37.6643091 ], [ 144.5727084, -37.6614756 ], [ 144.5730221, -37.659851 ] ] } },
{ "type": "Feature", "properties": { "project_id": "SCC_01138", "scc_feature": 503, "scc_source_id": "503", "scc_type": "C2", "status": "upgrade_candidate", "mean_lts": 4.0, "connects_existing": true, "length_km": 0.497, "high_stress_km": 0.497, "project_type": "Upgrade existing facility" }, "geometry": { "type": "LineString", "coordinates": [ [ 144.5745467, -37.651664 ], [ 144.5741098, -37.6539439 ], [ 144.5735841, -37.6561679 ] ] } },
{ "type": "Feature", "properties": { "project_id": "SCC_01139", "scc_feature": 504, "scc_source_id": "504", "scc_type": "C2", "status": "upgrade_candidate", "mean_lts": 4.0, "connects_existing": true, "length_km": 2.68, "high_stress_km": 2.68, "project_type": "Upgrade existing facility" }, "geometry": { "type": "MultiLineString", "coordinates": [ [ [ 144.6872822, -37.878034 ], [ 144.6853765, -37.8778974 ], [ 144.6849484, -37.8777719 ] ], [ [ 144.6897636, -37.878299 ], [ 144.6901854, -37.8782623 ], [ 144.6941946, -37.8787554 ] ], [ [ 144.6993517, -37.8792619 ], [ 144.6970026, -37.8791258 ], [ 144.6951811, -37.8788378 ] ], [ [ 144.6951811, -37.8788378 ], [ 144.6984364, -37.8790818 ], [ 144.6993517, -37.8792619 ] ], [ [ 144.7009479, -37.8794823 ], [ 144.6993517, -37.8792619 ] ], [ [ 144.6849484, -37.8777719 ], [ 144.6872822, -37.878034 ] ], [ [ 144.6849484, -37.8777719 ], [ 144.6843792, -37.8777967 ] ], [ [ 144.6872822, -37.878034 ], [ 144.6897636, -37.878299 ] ], [ [ 144.6941946, -37.8787554 ], [ 144.6897636, -37.878299 ] ], [ [ 144.6951811, -37.8788378 ], [ 144.6941946, -37.8787554 ] ], [ [ 144.6993517, -37.8792619 ], [ 144.701237, -37.8793257 ] ] ] } },
{ "type": "Feature", "properties": { "project_id": "SCC_01140", "scc_feature": 517, "scc_source_id": "517", "scc_type": "C2", "status": "upgrade_candidate", "mean_lts": 3.0, "connects_existing": true, "length_km": 0.469, "high_stress_km": 0.469, "project_type": "Upgrade existing facility" }, "geometry": { "type": "MultiLineString", "coordinates": [ [ [ 144.5702908, -37.6841614 ], [ 144.5681699, -37.6845231 ] ], [ [ 144.5702908, -37.6841614 ], [ 144.5711886, -37.6840988 ] ], [ [ 144.5683389, -37.6842112 ], [ 144.5702908, -37.6841614 ] ] ] } },
{ "type": "Feature", "properties": { "project_id": "SCC_01141", "scc_feature": 541, "scc_source_id": "541", "scc_type": "C2", "status": "upgrade_candidate", "mean_lts": 4.0, "connects_existing": true, "length_km": 0.156, "high_stress_km": 0.156, "project_type": "Upgrade existing facility" }, "geometry": { "type": "LineString", "coordinates": [ [ 144.7328525, -37.884571 ], [ 144.7331539, -37.8829007 ] ] } },
{ "type": "Feature", "properties": { "project_id": "SCC_01142", "scc_feature": 569, "scc_source_id": "569", "scc_type": "C2", "status": "upgrade_candidate", "mean_lts": 3.13, "connects_existing": true, "length_km": 1.703, "high_stress_km": 1.516, "project_type": "Upgrade existing facility" }, "geometry": { "type": "MultiLineString", "coordinates": [ [ [ 144.8754369, -37.6941209 ], [ 144.8751293, -37.6937729 ] ], [ [ 144.8751293, -37.6937729 ], [ 144.8748207, -37.6934609 ] ], [ [ 144.8751275, -37.6942325 ], [ 144.8751293, -37.6937729 ] ], [ [ 144.8754369, -37.6941209 ], [ 144.8759205, -37.6946613 ] ], [ [ 144.8693287, -37.6880178 ], [ 144.8690665, -37.6876706 ] ], [ [ 144.8693287, -37.6880178 ], [ 144.8689472, -37.6878757 ] ], [ [ 144.8693287, -37.6880178 ], [ 144.8725503, -37.691158 ], [ 144.8742152, -37.6928192 ], [ 144.8748207, -37.6934609 ] ], [ [ 144.8759205, -37.6946613 ], [ 144.8751479, -37.6943139 ] ], [ [ 144.8759205, -37.6946613 ], [ 144.8766022, -37.6954126 ], [ 144.8772625, -37.6961184 ], [ 144.8782416, -37.6971814 ], [ 144.8793861, -37.6984095 ], [ 144.8789801, -37.6983301 ] ] ] } },
{ "type": "Feature", "properties": { "project_id": "SCC_01143", "scc_feature": 575, "scc_source_id": "575", "scc_type": "C2", "status": "upgrade_candidate", "mean_lts": 4.0, "connects_existing": false, "length_km": 0.999, "high_stress_km": 0.999, "project_type": "Upgrade existing facility" }, "geometry": { "type": "MultiLineString", "coordinates": [ [ [ 144.7776675, -37.8715033 ], [ 144.7779224, -37.8686966 ], [ 144.7780928, -37.8668074 ], [ 144.7783252, -37.8655051 ] ], [ [ 144.778682, -37.8627093 ], [ 144.7783252, -37.8655051 ] ] ] } },
{ "type": "Feature", "properties": { "project_id": "SCC_01144", "scc_feature": 576, "scc_source_id": "576", "scc_type": "C2", "status": "upgrade_candidate", "mean_lts": 4.0, "connects_existing": true, "length_km": 0.44, "high_stress_km": 0.44, "project_type": "Upgrade existing facility" }, "geometry": { "type": "LineString", "coordinates": [ [ 144.7821325, -37.7280882 ], [ 144.7816926, -37.7299003 ], [ 144.7820376, -37.7274646 ] ] } },
{ "type": "Feature", "properties": { "project_id": "SCC_01145", "scc_feature": 584, "scc_source_id": "584", "scc_type": "C2", "status": "upgrade_candidate", "mean_lts": 2.32, "connects_existing": true, "length_km": 0.704, "high_stress_km": 0.395, "project_type": "Upgrade existing facility" }, "geometry": { "type": "MultiLineString", "coordinates": [ [ [ 144.7912456, -37.8747688 ], [ 144.7959751, -37.8755243 ] ], [ [ 144.7959751, -37.8755243 ], [ 144.7949937, -37.8756501 ] ], [ [ 144.7959751, -37.8755243 ], [ 144.7970984, -37.8755994 ] ], [ [ 144.7977888, -37.8757024 ], [ 144.7970568, -37.8758509 ], [ 144.7959751, -37.8755243 ] ], [ [ 144.7977888, -37.8757024 ], [ 144.7970984, -37.8755994 ] ], [ [ 144.7993412, -37.8758756 ], [ 144.7977888, -37.8757024 ] ] ] } },
{ "type": "Feature", "properties": { "project_id": "SCC_01146", "scc_feature": 584, "scc_source_id": "584", "scc_type": "C2", "status": "upgrade_candidate", "mean_lts": 4.0, "connects_existing": true, "length_km": 0.341, "high_stress_km": 0.341, "project_type": "Upgrade existing facility" }, "geometry": { "type": "LineString", "coordinates": [ [ 144.7865892, -37.8734737 ], [ 144.7883347, -37.8740292 ], [ 144.7865265, -37.8736708 ] ] } },
{ "type": "Feature", "properties": { "project_id": "SCC_01147", "scc_feature": 584, "scc_source_id": "584", "scc_type": "C2", "status": "upgrade_candidate", "mean_lts": 2.9, "connects_existing": true, "length_km": 1.055, "high_stress_km": 0.702, "project_type": "Upgrade existing facility" }, "geometry": { "type": "MultiLineString", "coordinates": [ [ [ 144.8139559, -37.873751 ], [ 144.812999, -37.8742018 ] ], [ [ 144.8102288, -37.8756101 ], [ 144.812999, -37.8742018 ] ], [ [ 144.8083224, -37.8770255 ], [ 144.8070771, -37.8768491 ] ], [ [ 144.8102288, -37.8756101 ], [ 144.8070771, -37.8768491 ] ], [ [ 144.8083224, -37.8770255 ], [ 144.8102288, -37.8756101 ] ] ] } },
{ "type": "Feature", "properties": { "project_id": "SCC_01148", "scc_feature": 586, "scc_source_id": "586", "scc_type": "C2", "status": "upgrade_candidate", "mean_lts": 3.75, "connects_existing": true, "length_km": 0.953, "high_stress_km": 0.834, "project_type": "Upgrade existing facility" }, "geometry": { "type": "MultiLineString", "coordinates": [ [ [ 144.8246684, -37.8457976 ], [ 144.8249181, -37.8446487 ], [ 144.8234162, -37.8481895 ] ], [ [ 144.8229759, -37.8480913 ], [ 144.8246684, -37.8457976 ] ], [ [ 144.8246684, -37.8457976 ], [ 144.8245422, -37.8446778 ] ] ] } },
{ "type": "Feature", "properties": { "project_id": "SCC_01149", "scc_feature": 589, "scc_source_id": "589", "scc_type": "C2", "status": "upgrade_candidate", "mean_lts": 3.59, "connects_existing": true, "length_km": 1.602, "high_stress_km": 1.602, "project_type": "Upgrade existing facility" }, "geometry": { "type": "MultiLineString", "coordinates": [ [ [ 144.8473364, -37.8357519 ], [ 144.847414, -37.8366004 ], [ 144.8470305, -37.8384588 ], [ 144.8473364, -37.8357519 ] ], [ [ 144.8473364, -37.8357519 ], [ 144.8476172, -37.8346937 ], [ 144.8478679, -37.8331032 ] ], [ [ 144.8478679, -37.8331032 ], [ 144.8477276, -37.8348038 ], [ 144.8473364, -37.8357519 ] ], [ [ 144.8478679, -37.8331032 ], [ 144.8480744, -37.8318634 ] ], [ [ 144.8482787, -37.8314796 ], [ 144.8478679, -37.8331032 ] ] ] } },
{ "type": "Feature", "properties": { "project_id": "SCC_01150", "scc_feature": 591, "scc_source_id": "591", "scc_type": "C2", "status": "upgrade_candidate", "mean_lts": 3.47, "connects_existing": true, "length_km": 3.629, "high_stress_km": 3.319, "project_type": "Upgrade existing facility" }, "geometry": { "type": "MultiLineString", "coordinates": [ [ [ 144.8450353, -37.8492271 ], [ 144.845046, -37.8500294 ], [ 144.8440027, -37.8558047 ], [ 144.8446608, -37.8519418 ], [ 144.8434955, -37.8576067 ] ], [ [ 144.846675, -37.8405249 ], [ 144.8470305, -37.8384588 ], [ 144.8468132, -37.8400679 ], [ 144.846675, -37.8405249 ] ], [ [ 144.8459103, -37.8449356 ], [ 144.8459429, -37.8453778 ] ], [ [ 144.8460387, -37.8440368 ], [ 144.8459103, -37.8449356 ] ], [ [ 144.8459103, -37.8449356 ], [ 144.8459252, -37.8444222 ] ], [ [ 144.8459429, -37.8453778 ], [ 144.8457543, -37.8479516 ], [ 144.845288, -37.8487451 ] ], [ [ 144.845288, -37.8487451 ], [ 144.8452958, -37.8480874 ] ], [ [ 144.8452958, -37.8480874 ], [ 144.8449663, -37.8476939 ] ], [ [ 144.8452958, -37.8480874 ], [ 144.845428, -37.84745 ], [ 144.8459103, -37.8449356 ] ], [ [ 144.8464103, -37.8449358 ], [ 144.8459429, -37.8453778 ] ], [ [ 144.8450353, -37.8492271 ], [ 144.845288, -37.8487451 ] ], [ [ 144.845288, -37.8487451 ], [ 144.8453092, -37.8491871 ] ], [ [ 144.8459252, -37.8444222 ], [ 144.8460387, -37.8440368 ] ], [ [ 144.8460387, -37.8440368 ], [ 144.8460574, -37.8437848 ], [ 144.8460542, -37.8435054 ] ], [ [ 144.8462758, -37.8425272 ], [ 144.8460542, -37.8435054 ] ], [ [ 144.8462758, -37.8425272 ], [ 144.8462891, -37.8416804 ], [ 144.846675, -37.8405249 ] ], [ [ 144.8462758, -37.8425272 ], [ 144.846277, -37.8432662 ], [ 144.8460387, -37.8440368 ] ], [ [ 144.8459252, -37.8444222 ], [ 144.8457748, -37.8441221 ] ], [ [ 144.8459252, -37.8444222 ], [ 144.8453699, -37.8463225 ] ] ] } },
{ "type": "Feature", "properties": { "project_id": "SCC_01152", "scc_feature": 592, "scc_source_id": "592", "scc_type": "C2", "status": "upgrade_candidate", "mean_lts": 2.0, "connects_existing": true, "length_km": 0.084, "high_stress_km": 0.0, "project_type": "Upgrade existing facility" }, "geometry": { "type": "LineString", "coordinates": [ [ 144.8476186, -37.8639542 ], [ 144.8483601, -37.8634721 ] ] } },
{ "type": "Feature", "properties": { "project_id": "SCC_01153", "scc_feature": 592, "scc_source_id": "592", "scc_type": "C2", "status": "upgrade_candidate", "mean_lts": 2.0, "connects_existing": true, "length_km": 0.621, "high_stress_km": 0.0, "project_type": "Upgrade existing facility" }, "geometry": { "type": "LineString", "coordinates": [ [ 144.8484156, -37.8635182 ], [ 144.849656, -37.8615133 ], [ 144.850211, -37.8584505 ] ] } },
{ "type": "Feature", "properties": { "project_id": "SCC_01154", "scc_feature": 603, "scc_source_id": "603", "scc_type": "C2", "status": "upgrade_candidate", "mean_lts": 3.0, "connects_existing": true, "length_km": 0.542, "high_stress_km": 0.542, "project_type": "Upgrade existing facility" }, "geometry": { "type": "MultiLineString", "coordinates": [ [ [ 144.8349453, -38.3709337 ], [ 144.8365146, -38.3708906 ], [ 144.8375221, -38.3708821 ] ], [ [ 144.8400184, -38.3708471 ], [ 144.8411658, -38.3707511 ] ], [ [ 144.8400184, -38.3708471 ], [ 144.8375221, -38.3708821 ] ] ] } },
{ "type": "Feature", "properties": { "project_id": "SCC_01155", "scc_feature": 603, "scc_source_id": "603", "scc_type": "C2", "status": "upgrade_candidate", "mean_lts": 3.02, "connects_existing": false, "length_km": 1.115, "high_stress_km": 0.921, "project_type": "Upgrade existing facility" }, "geometry": { "type": "MultiLineString", "coordinates": [ [ [ 144.8194078, -38.3699698 ], [ 144.8177546, -38.3697588 ] ], [ [ 144.8194078, -38.3699698 ], [ 144.8219858, -38.370261 ], [ 144.8237988, -38.3704929 ] ], [ [ 144.8177546, -38.3697588 ], [ 144.8164453, -38.3695271 ] ], [ [ 144.8171297, -38.369603 ], [ 144.8177546, -38.3697588 ] ], [ [ 144.8158362, -38.3692275 ], [ 144.8152749, -38.369244 ], [ 144.8158648, -38.3694172 ] ], [ [ 144.8158362, -38.3692275 ], [ 144.8171297, -38.369603 ] ], [ [ 144.8164453, -38.3695271 ], [ 144.8158648, -38.3694172 ] ], [ [ 144.8164453, -38.3695271 ], [ 144.8171297, -38.369603 ] ] ] } },
{ "type": "Feature", "properties": { "project_id": "SCC_01156", "scc_feature": 603, "scc_source_id": "603", "scc_type": "C2", "status": "upgrade_candidate", "mean_lts": 2.7, "connects_existing": false, "length_km": 0.585, "high_stress_km": 0.408, "project_type": "Upgrade existing facility" }, "geometry": { "type": "MultiLineString", "coordinates": [ [ [ 144.8251792, -38.3706447 ], [ 144.8270552, -38.3706795 ] ], [ [ 144.8238113, -38.3704571 ], [ 144.8247325, -38.3706544 ], [ 144.8251792, -38.3706447 ] ], [ [ 144.8280171, -38.3710488 ], [ 144.8270134, -38.370931 ], [ 144.8261698, -38.3708163 ], [ 144.8251792, -38.3706447 ] ] ] } },
{ "type": "Feature", "properties": { "project_id": "SCC_01157", "scc_feature": 603, "scc_source_id": "603", "scc_type": "C2", "status": "upgrade_candidate", "mean_lts": 3.0, "connects_existing": true, "length_km": 0.395, "high_stress_km": 0.395, "project_type": "Upgrade existing facility" }, "geometry": { "type": "LineString", "coordinates": [ [ 144.8513945, -38.3693351 ], [ 144.8527399, -38.3691255 ], [ 144.8541097, -38.3688623 ], [ 144.855642, -38.3685209 ], [ 144.8565864, -38.3683219 ] ] } },
{ "type": "Feature", "properties": { "project_id": "SCC_01158", "scc_feature": 603, "scc_source_id": "603", "scc_type": "C2", "status": "upgrade_candidate", "mean_lts": 3.0, "connects_existing": true, "length_km": 0.398, "high_stress_km": 0.398, "project_type": "Upgrade existing facility" }, "geometry": { "type": "LineString", "coordinates": [ [ 144.8579913, -38.3680322 ], [ 144.8592701, -38.3677492 ], [ 144.8617808, -38.3672183 ], [ 144.8623456, -38.3670844 ], [ 144.862634, -38.3670086 ] ] } },
{ "type": "Feature", "properties": { "project_id": "SCC_01159", "scc_feature": 605, "scc_source_id": "605", "scc_type": "C2", "status": "upgrade_candidate", "mean_lts": 3.07, "connects_existing": true, "length_km": 1.535, "high_stress_km": 1.136, "project_type": "Upgrade existing facility" }, "geometry": { "type": "MultiLineString", "coordinates": [ [ [ 144.8315116, -37.7847894 ], [ 144.830515, -37.7846989 ] ], [ [ 144.8331862, -37.7849914 ], [ 144.8326195, -37.784954 ] ], [ [ 144.8331862, -37.7849914 ], [ 144.8341255, -37.7850988 ] ], [ [ 144.8360038, -37.7853226 ], [ 144.8352115, -37.7852359 ], [ 144.8341255, -37.7850988 ] ], [ [ 144.8348863, -37.7847073 ], [ 144.8341255, -37.7850988 ] ], [ [ 144.8315116, -37.7847894 ], [ 144.8320661, -37.7848537 ], [ 144.8326195, -37.784954 ] ], [ [ 144.8360038, -37.7853226 ], [ 144.8369658, -37.7854304 ], [ 144.8380408, -37.7855583 ], [ 144.8391274, -37.7856773 ], [ 144.8396479, -37.7857409 ], [ 144.8405759, -37.7858481 ], [ 144.8412777, -37.785924 ], [ 144.8427713, -37.7861046 ] ], [ [ 144.8439144, -37.7862337 ], [ 144.8436087, -37.786201 ], [ 144.8430091, -37.786127 ], [ 144.8427713, -37.7861046 ] ], [ [ 144.8439144, -37.7862337 ], [ 144.8459744, -37.7864606 ] ] ] } },
{ "type": "Feature", "properties": { "project_id": "SCC_01160", "scc_feature": 605, "scc_source_id": "605", "scc_type": "C2", "status": "upgrade_candidate", "mean_lts": 3.64, "connects_existing": false, "length_km": 1.521, "high_stress_km": 1.483, "project_type": "Upgrade existing facility" }, "geometry": { "type": "MultiLineString", "coordinates": [ [ [ 144.852095, -37.7868427 ], [ 144.8525563, -37.7865988 ] ], [ [ 144.8587309, -37.7859002 ], [ 144.8607334, -37.7861529 ] ], [ [ 144.8587309, -37.7859002 ], [ 144.85709, -37.7857082 ], [ 144.8561625, -37.7855831 ], [ 144.8556283, -37.7856004 ], [ 144.8525563, -37.7865988 ] ], [ [ 144.852095, -37.7868427 ], [ 144.8514447, -37.786948 ] ], [ [ 144.8610161, -37.7861941 ], [ 144.8627135, -37.7863961 ] ], [ [ 144.8627135, -37.7863961 ], [ 144.8644564, -37.7865989 ], [ 144.8641262, -37.786629 ] ], [ [ 144.8641262, -37.786629 ], [ 144.8627135, -37.7863961 ] ], [ [ 144.8610161, -37.7861941 ], [ 144.8607334, -37.7861529 ] ], [ [ 144.8644027, -37.7868863 ], [ 144.8641262, -37.786629 ] ] ] } },
{ "type": "Feature", "properties": { "project_id": "SCC_01161", "scc_feature": 605, "scc_source_id": "605", "scc_type": "C2", "status": "upgrade_candidate", "mean_lts": 3.0, "connects_existing": false, "length_km": 0.234, "high_stress_km": 0.234, "project_type": "Upgrade existing facility" }, "geometry": { "type": "LineString", "coordinates": [ [ 144.8479668, -37.7866683 ], [ 144.8505827, -37.7869143 ] ] } },
{ "type": "Feature", "properties": { "project_id": "SCC_01162", "scc_feature": 607, "scc_source_id": "607", "scc_type": "C2", "status": "upgrade_candidate", "mean_lts": 3.06, "connects_existing": false, "length_km": 0.847, "high_stress_km": 0.847, "project_type": "Upgrade existing facility" }, "geometry": { "type": "MultiLineString", "coordinates": [ [ [ 144.8687157, -37.8157927 ], [ 144.8689006, -37.8148949 ], [ 144.8690596, -37.8141047 ] ], [ [ 144.8692184, -37.8133236 ], [ 144.8694208, -37.8122098 ], [ 144.8695276, -37.811653 ] ], [ [ 144.8697563, -37.8112066 ], [ 144.8695276, -37.811653 ] ], [ [ 144.868167, -37.8186755 ], [ 144.8685409, -37.8167358 ] ], [ [ 144.8687157, -37.8157927 ], [ 144.8685409, -37.8167358 ] ], [ [ 144.8692184, -37.8133236 ], [ 144.8690596, -37.8141047 ] ] ] } },
{ "type": "Feature", "properties": { "project_id": "SCC_01163", "scc_feature": 614, "scc_source_id": "614", "scc_type": "C2", "status": "upgrade_candidate", "mean_lts": 2.11, "connects_existing": true, "length_km": 4.272, "high_stress_km": 0.471, "project_type": "Upgrade existing facility" }, "geometry": { "type": "MultiLineString", "coordinates": [ [ [ 144.8798554, -37.8421275 ], [ 144.8769213, -37.8418133 ] ], [ [ 144.8769213, -37.8418133 ], [ 144.8734882, -37.841463 ] ], [ [ 144.8769213, -37.8418133 ], [ 144.8776133, -37.8418528 ], [ 144.8790294, -37.8420045 ], [ 144.8798554, -37.8421275 ] ], [ [ 144.8697162, -37.8410433 ], [ 144.8670878, -37.8407704 ] ], [ [ 144.8697162, -37.8410433 ], [ 144.8709508, -37.8411828 ] ], [ [ 144.8643909, -37.8405052 ], [ 144.8654678, -37.8405969 ] ], [ [ 144.8643909, -37.8405052 ], [ 144.8625095, -37.8403359 ], [ 144.8602316, -37.8401233 ], [ 144.8599619, -37.8400193 ], [ 144.8586864, -37.8397257 ], [ 144.8566589, -37.8394996 ] ], [ [ 144.8798554, -37.8421275 ], [ 144.8802966, -37.8421985 ] ], [ [ 144.8734882, -37.841463 ], [ 144.8721991, -37.8412414 ], [ 144.8709508, -37.8411828 ] ], [ [ 144.8734882, -37.841463 ], [ 144.8747814, -37.8415404 ], [ 144.8755062, -37.8416256 ], [ 144.8762313, -37.8417017 ], [ 144.8769213, -37.8418133 ] ], [ [ 144.8670878, -37.8407704 ], [ 144.8657835, -37.8406837 ], [ 144.8654678, -37.8405969 ] ], [ [ 144.8670878, -37.8407704 ], [ 144.8675085, -37.84076 ], [ 144.8697162, -37.8410433 ] ], [ [ 144.8654678, -37.8405969 ], [ 144.8665003, -37.8406516 ], [ 144.8670878, -37.8407704 ] ], [ [ 144.8558948, -37.8395938 ], [ 144.8550718, -37.8393716 ], [ 144.8566589, -37.8394996 ] ], [ [ 144.8566589, -37.8394996 ], [ 144.8558948, -37.8395938 ] ], [ [ 144.8566589, -37.8394996 ], [ 144.8571929, -37.8395003 ] ], [ [ 144.8566046, -37.839805 ], [ 144.8558948, -37.8395938 ] ], [ [ 144.8566046, -37.839805 ], [ 144.8585763, -37.8399941 ] ], [ [ 144.8802966, -37.8421985 ], [ 144.8805134, -37.8421664 ], [ 144.8819158, -37.8423989 ], [ 144.8809863, -37.8423191 ], [ 144.8802966, -37.8421985 ] ], [ [ 144.860081, -37.8398322 ], [ 144.8606137, -37.8398779 ], [ 144.8643909, -37.8405052 ] ] ] } },
{ "type": "Feature", "properties": { "project_id": "SCC_01164", "scc_feature": 615, "scc_source_id": "615", "scc_type": "C2", "status": "upgrade_candidate", "mean_lts": 3.5, "connects_existing": false, "length_km": 1.445, "high_stress_km": 1.22, "project_type": "Upgrade existing facility" }, "geometry": { "type": "MultiLineString", "coordinates": [ [ [ 144.8713721, -37.7818308 ], [ 144.8703869, -37.7817409 ] ], [ [ 144.8743963, -37.7820927 ], [ 144.8734902, -37.7820132 ], [ 144.8713721, -37.7818308 ] ], [ [ 144.8743963, -37.7820927 ], [ 144.8755061, -37.7821938 ] ], [ [ 144.8841365, -37.782953 ], [ 144.8821316, -37.7827817 ], [ 144.8803308, -37.7826232 ], [ 144.8773977, -37.7823541 ], [ 144.8755061, -37.7821938 ] ], [ [ 144.8713721, -37.7818308 ], [ 144.8734221, -37.7824085 ] ] ] } },
{ "type": "Feature", "properties": { "project_id": "SCC_01165", "scc_feature": 617, "scc_source_id": "617", "scc_type": "C2", "status": "upgrade_candidate", "mean_lts": 4.0, "connects_existing": true, "length_km": 0.57, "high_stress_km": 0.57, "project_type": "Upgrade existing facility" }, "geometry": { "type": "MultiLineString", "coordinates": [ [ [ 144.6723648, -37.84666 ], [ 144.6699177, -37.8464224 ] ], [ [ 144.6698126, -37.84615 ], [ 144.6723648, -37.84666 ] ], [ [ 144.675076, -37.8468127 ], [ 144.6723648, -37.84666 ] ] ] } },
{ "type": "Feature", "properties": { "project_id": "SCC_01166", "scc_feature": 617, "scc_source_id": "617", "scc_type": "C2", "status": "upgrade_candidate", "mean_lts": 3.44, "connects_existing": true, "length_km": 0.376, "high_stress_km": 0.292, "project_type": "Upgrade existing facility" }, "geometry": { "type": "MultiLineString", "coordinates": [ [ [ 144.6864775, -37.8481548 ], [ 144.6873116, -37.848009 ] ], [ [ 144.6864775, -37.8481548 ], [ 144.6876984, -37.848359 ], [ 144.6880193, -37.8482752 ], [ 144.6883098, -37.8484341 ] ], [ [ 144.6879986, -37.8485722 ], [ 144.6833559, -37.8476789 ] ], [ [ 144.6879986, -37.8485722 ], [ 144.6883098, -37.8484341 ] ] ] } },
{ "type": "Feature", "properties": { "project_id": "SCC_01167", "scc_feature": 623, "scc_source_id": "623", "scc_type": "C2", "status": "upgrade_candidate", "mean_lts": 4.0, "connects_existing": false, "length_km": 0.182, "high_stress_km": 0.182, "project_type": "Upgrade existing facility" }, "geometry": { "type": "LineString", "coordinates": [ [ 144.7249896, -37.5808394 ], [ 144.7240083, -37.5821993 ] ] } },
{ "type": "Feature", "properties": { "project_id": "SCC_01168", "scc_feature": 626, "scc_source_id": "626", "scc_type": "C2", "status": "upgrade_candidate", "mean_lts": 4.0, "connects_existing": false, "length_km": 0.31, "high_stress_km": 0.31, "project_type": "Upgrade existing facility" }, "geometry": { "type": "LineString", "coordinates": [ [ 144.7249896, -37.5808394 ], [ 144.726805, -37.5784863 ] ] } },
{ "type": "Feature", "properties": { "project_id": "SCC_01169", "scc_feature": 627, "scc_source_id": "627", "scc_type": "C2", "status": "upgrade_candidate", "mean_lts": 3.0, "connects_existing": false, "length_km": 0.265, "high_stress_km": 0.265, "project_type": "Upgrade existing facility" }, "geometry": { "type": "LineString", "coordinates": [ [ 144.7311895, -37.5769125 ], [ 144.7287027, -37.5756571 ] ] } },
{ "type": "Feature", "properties": { "project_id": "SCC_01170", "scc_feature": 631, "scc_source_id": "631", "scc_type": "C2", "status": "upgrade_candidate", "mean_lts": 3.84, "connects_existing": true, "length_km": 1.812, "high_stress_km": 1.664, "project_type": "Upgrade existing facility" }, "geometry": { "type": "MultiLineString", "coordinates": [ [ [ 144.8672625, -37.8556066 ], [ 144.8715867, -37.8562166 ] ], [ [ 144.8740345, -37.8564681 ], [ 144.873767, -37.856283 ] ], [ [ 144.8719876, -37.8561067 ], [ 144.873767, -37.856283 ] ], [ [ 144.873767, -37.856283 ], [ 144.8733456, -37.8563115 ], [ 144.8719876, -37.8561067 ] ], [ [ 144.873767, -37.856283 ], [ 144.8773043, -37.8565902 ], [ 144.8785369, -37.8568107 ], [ 144.8755554, -37.8565406 ], [ 144.8751699, -37.8565066 ] ], [ [ 144.8715867, -37.8562166 ], [ 144.8719876, -37.8561067 ] ], [ [ 144.8715867, -37.8562166 ], [ 144.8712629, -37.856409 ] ], [ [ 144.8751699, -37.8565066 ], [ 144.8740345, -37.8564681 ] ], [ [ 144.8751699, -37.8565066 ], [ 144.8748715, -37.8566094 ], [ 144.8740345, -37.8564681 ] ] ] } },
{ "type": "Feature", "properties": { "project_id": "SCC_01171", "scc_feature": 631, "scc_source_id": "631", "scc_type": "C2", "status": "upgrade_candidate", "mean_lts": 3.0, "connects_existing": false, "length_km": 0.206, "high_stress_km": 0.206, "project_type": "Upgrade existing facility" }, "geometry": { "type": "LineString", "coordinates": [ [ 144.8906005, -37.857451 ], [ 144.8912823, -37.8570577 ], [ 144.8924954, -37.8563675 ] ] } },
{ "type": "Feature", "properties": { "project_id": "SCC_01172", "scc_feature": 632, "scc_source_id": "632", "scc_type": "C2", "status": "upgrade_candidate", "mean_lts": 3.0, "connects_existing": true, "length_km": 0.322, "high_stress_km": 0.322, "project_type": "Upgrade existing facility" }, "geometry": { "type": "MultiLineString", "coordinates": [ [ [ 144.8936962, -37.7849807 ], [ 144.8938483, -37.7856233 ] ], [ [ 144.8945899, -37.7878985 ], [ 144.8946096, -37.7872049 ], [ 144.8942664, -37.7864959 ], [ 144.8938483, -37.7856233 ] ] ] } },
{ "type": "Feature", "properties": { "project_id": "SCC_01173", "scc_feature": 641, "scc_source_id": "641", "scc_type": "C2", "status": "upgrade_candidate", "mean_lts": 4.0, "connects_existing": true, "length_km": 0.242, "high_stress_km": 0.242, "project_type": "Upgrade existing facility" }, "geometry": { "type": "LineString", "coordinates": [ [ 144.7404381, -37.735866 ], [ 144.7411491, -37.7337529 ] ] } },
{ "type": "Feature", "properties": { "project_id": "SCC_01174", "scc_feature": 642, "scc_source_id": "642", "scc_type": "C2", "status": "upgrade_candidate", "mean_lts": 3.0, "connects_existing": true, "length_km": 0.738, "high_stress_km": 0.738, "project_type": "Upgrade existing facility" }, "geometry": { "type": "MultiLineString", "coordinates": [ [ [ 144.7441668, -37.6930064 ], [ 144.7436608, -37.6954839 ] ], [ [ 144.7441668, -37.6930064 ], [ 144.7442826, -37.6921795 ] ], [ [ 144.7429942, -37.6991388 ], [ 144.7436608, -37.6954839 ] ], [ [ 144.7429942, -37.6991388 ], [ 144.7423413, -37.7023434 ] ] ] } },
{ "type": "Feature", "properties": { "project_id": "SCC_01175", "scc_feature": 642, "scc_source_id": "642", "scc_type": "C2", "status": "upgrade_candidate", "mean_lts": 4.0, "connects_existing": true, "length_km": 0.451, "high_stress_km": 0.451, "project_type": "Upgrade existing facility" }, "geometry": { "type": "MultiLineString", "coordinates": [ [ [ 144.741216, -37.7072783 ], [ 144.7406659, -37.7100793 ] ], [ [ 144.741216, -37.7072783 ], [ 144.7413992, -37.7061012 ] ] ] } },
{ "type": "Feature", "properties": { "project_id": "SCC_01176", "scc_feature": 643, "scc_source_id": "643", "scc_type": "C2", "status": "upgrade_candidate", "mean_lts": 3.81, "connects_existing": true, "length_km": 0.916, "high_stress_km": 0.827, "project_type": "Upgrade existing facility" }, "geometry": { "type": "MultiLineString", "coordinates": [ [ [ 144.7317712, -37.6904164 ], [ 144.7329472, -37.6905292 ] ], [ [ 144.7329472, -37.6905292 ], [ 144.7365308, -37.6908954 ] ], [ [ 144.7329472, -37.6905292 ], [ 144.7341627, -37.6908319 ] ], [ [ 144.7334279, -37.6907547 ], [ 144.7321575, -37.6907663 ] ], [ [ 144.7334279, -37.6907547 ], [ 144.7313364, -37.6905432 ] ], [ [ 144.7371109, -37.691213 ], [ 144.7341627, -37.6908319 ] ], [ [ 144.7341627, -37.6908319 ], [ 144.7334279, -37.6907547 ] ] ] } },
{ "type": "Feature", "properties": { "project_id": "SCC_01177", "scc_feature": 647, "scc_source_id": "647", "scc_type": "C2", "status": "upgrade_candidate", "mean_lts": 3.0, "connects_existing": true, "length_km": 0.226, "high_stress_km": 0.226, "project_type": "Upgrade existing facility" }, "geometry": { "type": "LineString", "coordinates": [ [ 144.7452133, -37.8699758 ], [ 144.7466738, -37.8697965 ], [ 144.7475031, -37.8694429 ] ] } },
{ "type": "Feature", "properties": { "project_id": "SCC_01178", "scc_feature": 664, "scc_source_id": "664", "scc_type": "C2", "status": "upgrade_candidate", "mean_lts": 2.86, "connects_existing": true, "length_km": 0.229, "high_stress_km": 0.146, "project_type": "Upgrade existing facility" }, "geometry": { "type": "MultiLineString", "coordinates": [ [ [ 144.7649618, -37.6942586 ], [ 144.7662698, -37.6945087 ] ], [ [ 144.7649618, -37.6942586 ], [ 144.7659568, -37.6943586 ] ], [ [ 144.7659568, -37.6943586 ], [ 144.7662698, -37.6945087 ] ], [ [ 144.7659568, -37.6943586 ], [ 144.7664876, -37.6944317 ] ] ] } },
{ "type": "Feature", "properties": { "project_id": "SCC_01179", "scc_feature": 664, "scc_source_id": "664", "scc_type": "C2", "status": "upgrade_candidate", "mean_lts": 3.48, "connects_existing": true, "length_km": 0.066, "high_stress_km": 0.049, "project_type": "Upgrade existing facility" }, "geometry": { "type": "MultiLineString", "coordinates": [ [ [ 144.7559979, -37.6932863 ], [ 144.756506, -37.693359 ], [ 144.7567435, -37.6933816 ], [ 144.757026, -37.693414 ] ], [ [ 144.7559979, -37.6932863 ], [ 144.7565463, -37.6931525 ] ] ] } },
{ "type": "Feature", "properties": { "project_id": "SCC_01180", "scc_feature": 666, "scc_source_id": "666", "scc_type": "C2", "status": "upgrade_candidate", "mean_lts": 2.72, "connects_existing": false, "length_km": 0.453, "high_stress_km": 0.328, "project_type": "Upgrade existing facility" }, "geometry": { "type": "MultiLineString", "coordinates": [ [ [ 144.9247312, -37.7909928 ], [ 144.9249636, -37.7912132 ] ], [ [ 144.9247312, -37.7909928 ], [ 144.9242535, -37.7906149 ] ], [ [ 144.9259347, -37.7922216 ], [ 144.925659, -37.7919283 ], [ 144.9251623, -37.7914149 ], [ 144.9249636, -37.7912132 ] ], [ [ 144.9259347, -37.7922216 ], [ 144.9265749, -37.7928817 ] ], [ [ 144.9274017, -37.7937704 ], [ 144.9271482, -37.7934956 ], [ 144.9265749, -37.7928817 ] ] ] } },
{ "type": "Feature", "properties": { "project_id": "SCC_01181", "scc_feature": 666, "scc_source_id": "666", "scc_type": "C2", "status": "upgrade_candidate", "mean_lts": 3.46, "connects_existing": true, "length_km": 0.302, "high_stress_km": 0.22, "project_type": "Upgrade existing facility" }, "geometry": { "type": "LineString", "coordinates": [ [ 144.9310489, -37.7945194 ], [ 144.9304715, -37.7944552 ], [ 144.929962, -37.7944012 ], [ 144.928783, -37.7943264 ], [ 144.9276868, -37.7941358 ] ] } },
{ "type": "Feature", "properties": { "project_id": "SCC_01182", "scc_feature": 666, "scc_source_id": "666", "scc_type": "C2", "status": "upgrade_candidate", "mean_lts": 2.58, "connects_existing": true, "length_km": 0.211, "high_stress_km": 0.062, "project_type": "Upgrade existing facility" }, "geometry": { "type": "MultiLineString", "coordinates": [ [ [ 144.935328, -37.795009 ], [ 144.9349317, -37.794966 ], [ 144.9335393, -37.7948064 ] ], [ [ 144.935328, -37.795009 ], [ 144.9360194, -37.7950572 ] ] ] } },
{ "type": "Feature", "properties": { "project_id": "SCC_01183", "scc_feature": 667, "scc_source_id": "667", "scc_type": "C2", "status": "upgrade_candidate", "mean_lts": 2.0, "connects_existing": false, "length_km": 0.564, "high_stress_km": 0.0, "project_type": "Upgrade existing facility" }, "geometry": { "type": "LineString", "coordinates": [ [ 144.9967131, -37.8054055 ], [ 144.9968925, -37.804228 ], [ 144.9969607, -37.8038056 ], [ 144.9970657, -37.8032847 ], [ 144.9971423, -37.8029706 ], [ 144.9972965, -37.8023063 ], [ 144.9973512, -37.8019648 ], [ 144.9973829, -37.8016319 ], [ 144.997426, -37.8012992 ], [ 144.9974688, -37.8009755 ], [ 144.9975111, -37.8006698 ], [ 144.9975532, -37.8003731 ] ] } },
{ "type": "Feature", "properties": { "project_id": "SCC_01184", "scc_feature": 668, "scc_source_id": "668", "scc_type": "C2", "status": "upgrade_candidate", "mean_lts": 3.06, "connects_existing": true, "length_km": 0.811, "high_stress_km": 0.811, "project_type": "Upgrade existing facility" }, "geometry": { "type": "MultiLineString", "coordinates": [ [ [ 145.2842495, -38.1131354 ], [ 145.2847007, -38.1133492 ] ], [ [ 145.2842495, -38.1131354 ], [ 145.2847273, -38.1131874 ], [ 145.2872756, -38.1134769 ] ], [ [ 145.2877718, -38.1137185 ], [ 145.2847007, -38.1133492 ] ], [ [ 145.2847007, -38.1133492 ], [ 145.2828151, -38.1130153 ], [ 145.2842495, -38.1131354 ] ] ] } },
{ "type": "Feature", "properties": { "project_id": "SCC_01185", "scc_feature": 673, "scc_source_id": "673", "scc_type": "C2", "status": "upgrade_candidate", "mean_lts": 2.9, "connects_existing": false, "length_km": 0.905, "high_stress_km": 0.621, "project_type": "Upgrade existing facility" }, "geometry": { "type": "MultiLineString", "coordinates": [ [ [ 144.9104415, -37.6773267 ], [ 144.9105826, -37.6775545 ], [ 144.9108767, -37.6779833 ], [ 144.9119172, -37.6788849 ], [ 144.9123975, -37.6791457 ] ], [ [ 144.9141643, -37.6812407 ], [ 144.9153314, -37.6820814 ], [ 144.9155643, -37.6822658 ], [ 144.9152163, -37.6821425 ], [ 144.9141643, -37.6812407 ] ], [ [ 144.9141643, -37.6812407 ], [ 144.9123975, -37.6791457 ] ] ] } },
{ "type": "Feature", "properties": { "project_id": "SCC_01186", "scc_feature": 673, "scc_source_id": "673", "scc_type": "C2", "status": "upgrade_candidate", "mean_lts": 4.0, "connects_existing": true, "length_km": 0.104, "high_stress_km": 0.104, "project_type": "Upgrade existing facility" }, "geometry": { "type": "LineString", "coordinates": [ [ 144.910047, -37.6768421 ], [ 144.909655, -37.6758619 ] ] } },
{ "type": "Feature", "properties": { "project_id": "SCC_01187", "scc_feature": 675, "scc_source_id": "675", "scc_type": "C2", "status": "upgrade_candidate", "mean_lts": 3.84, "connects_existing": false, "length_km": 0.657, "high_stress_km": 0.604, "project_type": "Upgrade existing facility" }, "geometry": { "type": "MultiLineString", "coordinates": [ [ [ 144.9173394, -37.6832614 ], [ 144.9160539, -37.6825989 ], [ 144.9155643, -37.6822658 ], [ 144.9160466, -37.6824546 ], [ 144.9173394, -37.6832614 ] ], [ [ 144.9182585, -37.6836472 ], [ 144.9176079, -37.6833924 ], [ 144.9173394, -37.6832614 ] ], [ [ 144.9173394, -37.6832614 ], [ 144.9176678, -37.6832763 ], [ 144.9182585, -37.6836472 ] ], [ [ 144.9182585, -37.6836472 ], [ 144.9187307, -37.6837907 ] ] ] } },
{ "type": "Feature", "properties": { "project_id": "SCC_01188", "scc_feature": 680, "scc_source_id": "680", "scc_type": "C2", "status": "upgrade_candidate", "mean_lts": 2.0, "connects_existing": true, "length_km": 0.208, "high_stress_km": 0.0, "project_type": "Upgrade existing facility" }, "geometry": { "type": "MultiLineString", "coordinates": [ [ [ 144.9235168, -37.7897548 ], [ 144.9229891, -37.7891327 ] ], [ [ 144.9235168, -37.7897548 ], [ 144.9242535, -37.7906149 ] ] ] } },
{ "type": "Feature", "properties": { "project_id": "SCC_01189", "scc_feature": 681, "scc_source_id": "681", "scc_type": "C2", "status": "upgrade_candidate", "mean_lts": 2.0, "connects_existing": true, "length_km": 0.177, "high_stress_km": 0.0, "project_type": "Upgrade existing facility" }, "geometry": { "type": "LineString", "coordinates": [ [ 144.9222354, -37.825752 ], [ 144.9227774, -37.8274918 ] ] } },
{ "type": "Feature", "properties": { "project_id": "SCC_01190", "scc_feature": 681, "scc_source_id": "681", "scc_type": "C2", "status": "upgrade_candidate", "mean_lts": 3.64, "connects_existing": true, "length_km": 0.29, "high_stress_km": 0.29, "project_type": "Upgrade existing facility" }, "geometry": { "type": "MultiLineString", "coordinates": [ [ [ 144.9225465, -37.8276229 ], [ 144.9224567, -37.8271797 ], [ 144.9220792, -37.8256501 ], [ 144.9219273, -37.8249896 ] ], [ [ 144.9216145, -37.8239928 ], [ 144.9219273, -37.8249896 ] ] ] } },
{ "type": "Feature", "properties": { "project_id": "SCC_01191", "scc_feature": 681, "scc_source_id": "681", "scc_type": "C2", "status": "upgrade_candidate", "mean_lts": 4.0, "connects_existing": true, "length_km": 0.092, "high_stress_km": 0.092, "project_type": "Upgrade existing facility" }, "geometry": { "type": "LineString", "coordinates": [ [ 144.9206457, -37.8208666 ], [ 144.9208157, -37.8216897 ] ] } },
{ "type": "Feature", "properties": { "project_id": "SCC_01192", "scc_feature": 682, "scc_source_id": "682", "scc_type": "C2", "status": "upgrade_candidate", "mean_lts": 2.28, "connects_existing": false, "length_km": 1.225, "high_stress_km": 0.249, "project_type": "Upgrade existing facility" }, "geometry": { "type": "MultiLineString", "coordinates": [ [ [ 144.908023, -37.7653562 ], [ 144.9091097, -37.7654656 ] ], [ [ 144.9101283, -37.7655738 ], [ 144.9103771, -37.7656052 ], [ 144.9112826, -37.7657024 ], [ 144.9116562, -37.7657361 ], [ 144.9126408, -37.7658436 ] ], [ [ 144.9101283, -37.7655738 ], [ 144.9091097, -37.7654656 ] ], [ [ 144.9126408, -37.7658436 ], [ 144.9133283, -37.7664236 ] ], [ [ 144.9126408, -37.7658436 ], [ 144.9133879, -37.76592 ], [ 144.9139877, -37.7659847 ], [ 144.9143385, -37.7660269 ], [ 144.9152893, -37.7661248 ] ], [ [ 144.9186054, -37.7664809 ], [ 144.9194209, -37.7665494 ], [ 144.9204057, -37.7666479 ] ], [ [ 144.9186054, -37.7664809 ], [ 144.9175981, -37.766373 ] ], [ [ 144.9164098, -37.7662438 ], [ 144.9175981, -37.766373 ] ], [ [ 144.9164098, -37.7662438 ], [ 144.9152893, -37.7661248 ] ] ] } },
{ "type": "Feature", "properties": { "project_id": "SCC_01193", "scc_feature": 682, "scc_source_id": "682", "scc_type": "C2", "status": "upgrade_candidate", "mean_lts": 2.57, "connects_existing": false, "length_km": 0.353, "high_stress_km": 0.202, "project_type": "Upgrade existing facility" }, "geometry": { "type": "MultiLineString", "coordinates": [ [ [ 144.9206939, -37.7685184 ], [ 144.921701, -37.7686353 ] ], [ [ 144.9245531, -37.7689469 ], [ 144.9239631, -37.7689365 ], [ 144.923081, -37.7688128 ], [ 144.9225944, -37.7687592 ], [ 144.921701, -37.7686353 ] ] ] } },
{ "type": "Feature", "properties": { "project_id": "SCC_01194", "scc_feature": 683, "scc_source_id": "683", "scc_type": "C2", "status": "upgrade_candidate", "mean_lts": 3.21, "connects_existing": true, "length_km": 0.401, "high_stress_km": 0.401, "project_type": "Upgrade existing facility" }, "geometry": { "type": "MultiLineString", "coordinates": [ [ [ 144.916294, -37.753382 ], [ 144.9168947, -37.7542217 ] ], [ [ 144.9168947, -37.7542217 ], [ 144.9176812, -37.7549115 ], [ 144.9173998, -37.7552309 ], [ 144.9168947, -37.7542217 ] ] ] } },
{ "type": "Feature", "properties": { "project_id": "SCC_01195", "scc_feature": 683, "scc_source_id": "683", "scc_type": "C2", "status": "upgrade_candidate", "mean_lts": 3.63, "connects_existing": true, "length_km": 1.541, "high_stress_km": 1.541, "project_type": "Upgrade existing facility" }, "geometry": { "type": "MultiLineString", "coordinates": [ [ [ 144.9246876, -37.7661646 ], [ 144.9238442, -37.7654739 ], [ 144.9233238, -37.7645996 ], [ 144.9230623, -37.7642075 ], [ 144.9223672, -37.7630868 ], [ 144.9222368, -37.7628772 ], [ 144.9216428, -37.7621998 ], [ 144.9214769, -37.7616382 ], [ 144.9210316, -37.7609184 ], [ 144.9208362, -37.7605995 ], [ 144.920597, -37.7602258 ], [ 144.920217, -37.7596063 ], [ 144.9199785, -37.7592056 ], [ 144.9196637, -37.7586954 ], [ 144.919077, -37.7577568 ], [ 144.9187407, -37.7572011 ], [ 144.918173, -37.7563981 ], [ 144.9177921, -37.7558146 ] ], [ [ 144.9246876, -37.7661646 ], [ 144.9248639, -37.767168 ], [ 144.9244413, -37.7664487 ] ] ] } },
{ "type": "Feature", "properties": { "project_id": "SCC_01196", "scc_feature": 683, "scc_source_id": "683", "scc_type": "C2", "status": "upgrade_candidate", "mean_lts": 3.83, "connects_existing": true, "length_km": 1.02, "high_stress_km": 1.02, "project_type": "Upgrade existing facility" }, "geometry": { "type": "LineString", "coordinates": [ [ 144.9158196, -37.7528959 ], [ 144.9141383, -37.7505231 ], [ 144.9126119, -37.7482972 ], [ 144.9111189, -37.7460989 ], [ 144.9102036, -37.744749 ] ] } },
{ "type": "Feature", "properties": { "project_id": "SCC_01197", "scc_feature": 683, "scc_source_id": "683", "scc_type": "C2", "status": "upgrade_candidate", "mean_lts": 3.0, "connects_existing": false, "length_km": 0.167, "high_stress_km": 0.167, "project_type": "Upgrade existing facility" }, "geometry": { "type": "LineString", "coordinates": [ [ 144.9105247, -37.7446285 ], [ 144.9114413, -37.7459334 ] ] } },
{ "type": "Feature", "properties": { "project_id": "SCC_01198", "scc_feature": 684, "scc_source_id": "684", "scc_type": "C2", "status": "upgrade_candidate", "mean_lts": 4.0, "connects_existing": true, "length_km": 0.962, "high_stress_km": 0.962, "project_type": "Upgrade existing facility" }, "geometry": { "type": "MultiLineString", "coordinates": [ [ [ 144.9114413, -37.7459334 ], [ 144.9122589, -37.7471285 ], [ 144.912673, -37.7477396 ] ], [ [ 144.912673, -37.7477396 ], [ 144.9144832, -37.750367 ], [ 144.9160719, -37.7528013 ] ], [ [ 144.912673, -37.7477396 ], [ 144.9126119, -37.7482972 ] ] ] } },
{ "type": "Feature", "properties": { "project_id": "SCC_01199", "scc_feature": 684, "scc_source_id": "684", "scc_type": "C2", "status": "upgrade_candidate", "mean_lts": 3.0, "connects_existing": true, "length_km": 0.296, "high_stress_km": 0.296, "project_type": "Upgrade existing facility" }, "geometry": { "type": "LineString", "coordinates": [ [ 144.9176812, -37.7549115 ], [ 144.9181582, -37.7557129 ], [ 144.9185295, -37.7562332 ], [ 144.9192497, -37.7572642 ] ] } },
{ "type": "Feature", "properties": { "project_id": "SCC_01200", "scc_feature": 688, "scc_source_id": "688", "scc_type": "C2", "status": "upgrade_candidate", "mean_lts": 4.0, "connects_existing": false, "length_km": 0.489, "high_stress_km": 0.489, "project_type": "Upgrade existing facility" }, "geometry": { "type": "MultiLineString", "coordinates": [ [ [ 144.9252856, -37.768329 ], [ 144.924924, -37.7674575 ], [ 144.9247011, -37.7681204 ], [ 144.9248639, -37.767168 ], [ 144.9252856, -37.768329 ] ], [ [ 144.9252856, -37.768329 ], [ 144.9254969, -37.7688914 ] ] ] } },
{ "type": "Feature", "properties": { "project_id": "SCC_01201", "scc_feature": 693, "scc_source_id": "693", "scc_type": "C2", "status": "upgrade_candidate", "mean_lts": 3.92, "connects_existing": true, "length_km": 1.601, "high_stress_km": 1.538, "project_type": "Upgrade existing facility" }, "geometry": { "type": "MultiLineString", "coordinates": [ [ [ 144.9287886, -37.6405665 ], [ 144.9284138, -37.6405959 ], [ 144.9239183, -37.6400573 ] ], [ [ 144.9298316, -37.6409633 ], [ 144.9288252, -37.6408825 ] ], [ [ 144.9307445, -37.640736 ], [ 144.9314052, -37.6406124 ] ], [ [ 144.9307445, -37.640736 ], [ 144.9313973, -37.6409006 ] ], [ [ 144.9239689, -37.6398689 ], [ 144.9287886, -37.6405665 ] ], [ [ 144.9298316, -37.6409633 ], [ 144.9287886, -37.6405665 ] ], [ [ 144.9287886, -37.6405665 ], [ 144.9298207, -37.6405395 ], [ 144.9307445, -37.640736 ] ], [ [ 144.9313973, -37.6409006 ], [ 144.9316719, -37.6408063 ] ], [ [ 144.9313973, -37.6409006 ], [ 144.9298316, -37.6409633 ] ] ] } },
{ "type": "Feature", "properties": { "project_id": "SCC_01202", "scc_feature": 695, "scc_source_id": "695", "scc_type": "C2", "status": "upgrade_candidate", "mean_lts": 3.55, "connects_existing": true, "length_km": 1.182, "high_stress_km": 1.182, "project_type": "Upgrade existing facility" }, "geometry": { "type": "MultiLineString", "coordinates": [ [ [ 144.9282547, -37.7880359 ], [ 144.9287659, -37.7880268 ], [ 144.9289331, -37.7881379 ] ], [ [ 144.9318554, -37.7884056 ], [ 144.932073, -37.7883373 ], [ 144.9323916, -37.7883159 ], [ 144.9332325, -37.7882946 ], [ 144.9345198, -37.7885515 ], [ 144.9337927, -37.7885657 ], [ 144.9329886, -37.7884885 ], [ 144.9322299, -37.7884121 ] ], [ [ 144.9322299, -37.7884121 ], [ 144.9318554, -37.7884056 ] ], [ [ 144.9318554, -37.7884056 ], [ 144.9312778, -37.7883504 ], [ 144.9293982, -37.7881551 ] ], [ [ 144.9322299, -37.7884121 ], [ 144.9320428, -37.7886071 ] ], [ [ 144.9289331, -37.7881379 ], [ 144.9282547, -37.7880359 ] ], [ [ 144.9282547, -37.7880359 ], [ 144.9274851, -37.7879412 ] ], [ [ 144.9289331, -37.7881379 ], [ 144.9293982, -37.7881551 ] ], [ [ 144.92667, -37.7878548 ], [ 144.9274851, -37.7879412 ] ], [ [ 144.9274851, -37.7879412 ], [ 144.9269161, -37.7879853 ] ] ] } },
{ "type": "Feature", "properties": { "project_id": "SCC_01203", "scc_feature": 695, "scc_source_id": "695", "scc_type": "C2", "status": "upgrade_candidate", "mean_lts": 4.0, "connects_existing": true, "length_km": 0.087, "high_stress_km": 0.087, "project_type": "Upgrade existing facility" }, "geometry": { "type": "LineString", "coordinates": [ [ 144.938244, -37.7889772 ], [ 144.9378573, -37.7889974 ], [ 144.9371781, -37.7889225 ], [ 144.9368267, -37.7888983 ] ] } },
{ "type": "Feature", "properties": { "project_id": "SCC_01204", "scc_feature": 697, "scc_source_id": "697", "scc_type": "C2", "status": "upgrade_candidate", "mean_lts": 2.0, "connects_existing": true, "length_km": 0.46, "high_stress_km": 0.0, "project_type": "Upgrade existing facility" }, "geometry": { "type": "MultiLineString", "coordinates": [ [ [ 144.922988, -37.8390214 ], [ 144.9234257, -37.8388129 ] ], [ [ 144.922988, -37.8390214 ], [ 144.9235214, -37.8390489 ], [ 144.9246743, -37.8392675 ], [ 144.9233472, -37.839181 ], [ 144.9223159, -37.8390817 ], [ 144.922988, -37.8390214 ] ] ] } },
{ "type": "Feature", "properties": { "project_id": "SCC_01205", "scc_feature": 699, "scc_source_id": "699", "scc_type": "C2", "status": "upgrade_candidate", "mean_lts": 3.81, "connects_existing": true, "length_km": 2.782, "high_stress_km": 2.643, "project_type": "Upgrade existing facility" }, "geometry": { "type": "MultiLineString", "coordinates": [ [ [ 144.9258875, -37.7699437 ], [ 144.9260779, -37.7704427 ], [ 144.9262149, -37.7708236 ], [ 144.9265324, -37.7716492 ], [ 144.9266058, -37.7718668 ] ], [ [ 144.9258875, -37.7699437 ], [ 144.9254969, -37.7688914 ] ], [ [ 144.9266058, -37.7718668 ], [ 144.9268953, -37.7724757 ], [ 144.9269758, -37.7728466 ] ], [ [ 144.9269758, -37.7728466 ], [ 144.9266058, -37.7718668 ] ], [ [ 144.9273198, -37.7735375 ], [ 144.9275997, -37.7740832 ], [ 144.9277291, -37.7743288 ], [ 144.927859, -37.7745564 ], [ 144.9284441, -37.7755579 ] ], [ [ 144.9273198, -37.7735375 ], [ 144.9269758, -37.7728466 ] ], [ [ 144.9269758, -37.7728466 ], [ 144.9277061, -37.7731208 ] ], [ [ 144.9289889, -37.7763786 ], [ 144.9292504, -37.7767707 ], [ 144.9296757, -37.7774 ], [ 144.9299155, -37.7777556 ], [ 144.9303731, -37.7784486 ], [ 144.9316233, -37.7800296 ], [ 144.9319744, -37.7804683 ], [ 144.9322015, -37.7808778 ], [ 144.9326444, -37.7812821 ] ], [ [ 144.9289889, -37.7763786 ], [ 144.9284441, -37.7755579 ] ], [ [ 144.9328313, -37.7815017 ], [ 144.9334931, -37.7821982 ] ], [ [ 144.9328313, -37.7815017 ], [ 144.9326444, -37.7812821 ] ], [ [ 144.9326444, -37.7812821 ], [ 144.9331059, -37.7814254 ] ], [ [ 144.9334931, -37.7821982 ], [ 144.9334451, -37.7814764 ] ], [ [ 144.9334931, -37.7821982 ], [ 144.9339608, -37.7825308 ], [ 144.9349225, -37.7830613 ] ], [ [ 144.9355056, -37.7833239 ], [ 144.9357859, -37.783455 ], [ 144.9361223, -37.7836051 ] ], [ [ 144.9355056, -37.7833239 ], [ 144.9349225, -37.7830613 ] ], [ [ 144.9361223, -37.7836051 ], [ 144.9357061, -37.7830571 ] ], [ [ 144.9361223, -37.7836051 ], [ 144.936537, -37.7838016 ], [ 144.9371199, -37.7840731 ], [ 144.938452, -37.7851688 ] ], [ [ 144.9386637, -37.7857223 ], [ 144.938452, -37.7851688 ] ], [ [ 144.938452, -37.7851688 ], [ 144.9387393, -37.7854532 ] ], [ [ 144.9389724, -37.7856466 ], [ 144.938452, -37.7851688 ] ] ] } },
{ "type": "Feature", "properties": { "project_id": "SCC_01208", "scc_feature": 716, "scc_source_id": "716", "scc_type": "C2", "status": "upgrade_candidate", "mean_lts": 3.0, "connects_existing": true, "length_km": 0.122, "high_stress_km": 0.122, "project_type": "Upgrade existing facility" }, "geometry": { "type": "LineString", "coordinates": [ [ 144.9514289, -37.8131875 ], [ 144.9519929, -37.8141526 ] ] } },
{ "type": "Feature", "properties": { "project_id": "SCC_01209", "scc_feature": 719, "scc_source_id": "719", "scc_type": "C2", "status": "upgrade_candidate", "mean_lts": 3.0, "connects_existing": true, "length_km": 0.499, "high_stress_km": 0.499, "project_type": "Upgrade existing facility" }, "geometry": { "type": "MultiLineString", "coordinates": [ [ [ 144.9651067, -37.8367201 ], [ 144.9649324, -37.8364467 ], [ 144.9648598, -37.8361931 ] ], [ [ 144.9640881, -37.8345036 ], [ 144.9646026, -37.83563 ] ], [ [ 144.9648598, -37.8361931 ], [ 144.9651067, -37.8367201 ] ], [ [ 144.9651067, -37.8367201 ], [ 144.965353, -37.837265 ] ], [ [ 144.9648598, -37.8361931 ], [ 144.9646026, -37.83563 ] ], [ [ 144.9656394, -37.838009 ], [ 144.965353, -37.837265 ] ] ] } },
{ "type": "Feature", "properties": { "project_id": "SCC_01210", "scc_feature": 722, "scc_source_id": "722", "scc_type": "C2", "status": "upgrade_candidate", "mean_lts": 3.35, "connects_existing": false, "length_km": 0.969, "high_stress_km": 0.969, "project_type": "Upgrade existing facility" }, "geometry": { "type": "MultiLineString", "coordinates": [ [ [ 144.9112667, -38.3538194 ], [ 144.9103611, -38.3542718 ], [ 144.9092309, -38.354576 ] ], [ [ 144.9167164, -38.3525287 ], [ 144.914087, -38.3532388 ], [ 144.9112667, -38.3538194 ] ], [ [ 144.9155566, -38.3526702 ], [ 144.9167164, -38.3525287 ] ], [ [ 144.9170972, -38.3524183 ], [ 144.9167164, -38.3525287 ] ], [ [ 144.9102543, -38.3540086 ], [ 144.9112667, -38.3538194 ] ] ] } },
{ "type": "Feature", "properties": { "project_id": "SCC_01211", "scc_feature": 722, "scc_source_id": "722", "scc_type": "C2", "status": "upgrade_candidate", "mean_lts": 2.95, "connects_existing": true, "length_km": 1.891, "high_stress_km": 1.491, "project_type": "Upgrade existing facility" }, "geometry": { "type": "MultiLineString", "coordinates": [ [ [ 144.919554, -38.3517411 ], [ 144.9189541, -38.3519106 ] ], [ [ 144.919554, -38.3517411 ], [ 144.9210649, -38.3513263 ] ], [ [ 144.9222883, -38.3509605 ], [ 144.9215493, -38.3511907 ], [ 144.9210649, -38.3513263 ] ], [ [ 144.9222883, -38.3509605 ], [ 144.9230038, -38.3507479 ], [ 144.9235694, -38.3505778 ] ], [ [ 144.9241822, -38.3503543 ], [ 144.9245068, -38.3502069 ], [ 144.925005, -38.3499904 ], [ 144.9255035, -38.349765 ], [ 144.9259235, -38.349484 ] ], [ [ 144.9241822, -38.3503543 ], [ 144.9235694, -38.3505778 ] ], [ [ 144.9253368, -38.3495908 ], [ 144.9259235, -38.349484 ] ], [ [ 144.9261753, -38.3494795 ], [ 144.9259235, -38.349484 ] ], [ [ 144.9261753, -38.3494795 ], [ 144.9268731, -38.3490863 ] ], [ [ 144.9295702, -38.3479986 ], [ 144.9291846, -38.3482802 ], [ 144.9274712, -38.3489798 ] ], [ [ 144.9315637, -38.3471057 ], [ 144.9295702, -38.3479986 ] ], [ [ 144.9274712, -38.3489798 ], [ 144.9295702, -38.3479986 ] ], [ [ 144.9315637, -38.3471057 ], [ 144.9338929, -38.3460745 ] ], [ [ 144.9274712, -38.3489798 ], [ 144.9268731, -38.3490863 ] ], [ [ 144.9259235, -38.349484 ], [ 144.9268731, -38.3490863 ] ] ] } },
{ "type": "Feature", "properties": { "project_id": "SCC_01212", "scc_feature": 722, "scc_source_id": "722", "scc_type": "C2", "status": "upgrade_candidate", "mean_lts": 3.46, "connects_existing": true, "length_km": 1.971, "high_stress_km": 1.971, "project_type": "Upgrade existing facility" }, "geometry": { "type": "MultiLineString", "coordinates": [ [ [ 144.9554486, -38.3371711 ], [ 144.9571388, -38.3364616 ] ], [ [ 144.9554486, -38.3371711 ], [ 144.9543043, -38.3375836 ] ], [ [ 144.9586715, -38.3356593 ], [ 144.9571388, -38.3364616 ] ], [ [ 144.9586715, -38.3356593 ], [ 144.9598546, -38.3350852 ] ], [ [ 144.9613273, -38.3347864 ], [ 144.9616047, -38.3342776 ] ], [ [ 144.9598546, -38.3350852 ], [ 144.9616047, -38.3342776 ] ], [ [ 144.9616047, -38.3342776 ], [ 144.960966, -38.3346179 ], [ 144.9598546, -38.3350852 ] ], [ [ 144.9687603, -38.3308064 ], [ 144.9662093, -38.3320327 ], [ 144.9653391, -38.3324682 ], [ 144.9640495, -38.3331757 ], [ 144.9636094, -38.3333663 ], [ 144.9616047, -38.3342776 ] ], [ [ 144.9520511, -38.3383733 ], [ 144.9543043, -38.3375836 ] ] ] } },
{ "type": "Feature", "properties": { "project_id": "SCC_01213", "scc_feature": 722, "scc_source_id": "722", "scc_type": "C2", "status": "upgrade_candidate", "mean_lts": 3.0, "connects_existing": true, "length_km": 0.205, "high_stress_km": 0.205, "project_type": "Upgrade existing facility" }, "geometry": { "type": "LineString", "coordinates": [ [ 144.9430297, -38.3418198 ], [ 144.9455327, -38.3411067 ] ] } },
{ "type": "Feature", "properties": { "project_id": "SCC_01214", "scc_feature": 728, "scc_source_id": "728", "scc_type": "C2", "status": "upgrade_candidate", "mean_lts": 4.0, "connects_existing": true, "length_km": 0.757, "high_stress_km": 0.757, "project_type": "Upgrade existing facility" }, "geometry": { "type": "MultiLineString", "coordinates": [ [ [ 144.9654191, -37.8559475 ], [ 144.9665297, -37.8564803 ], [ 144.9691962, -37.8578871 ] ], [ [ 144.9691962, -37.8578871 ], [ 144.9697002, -37.8581572 ], [ 144.9699682, -37.858333 ] ], [ [ 144.9691962, -37.8578871 ], [ 144.9699682, -37.858333 ] ], [ [ 144.9699682, -37.858333 ], [ 144.9713863, -37.8596732 ] ] ] } },
{ "type": "Feature", "properties": { "project_id": "SCC_01215", "scc_feature": 731, "scc_source_id": "731", "scc_type": "C2", "status": "upgrade_candidate", "mean_lts": 3.36, "connects_existing": true, "length_km": 6.798, "high_stress_km": 4.863, "project_type": "Upgrade existing facility" }, "geometry": { "type": "MultiLineString", "coordinates": [ [ [ 144.8826621, -37.6849147 ], [ 144.8830837, -37.6844446 ] ], [ [ 144.8830837, -37.6844446 ], [ 144.8828266, -37.6859089 ] ], [ [ 144.8830837, -37.6844446 ], [ 144.8829435, -37.6841898 ] ], [ [ 144.8830837, -37.6844446 ], [ 144.8831961, -37.6848792 ] ], [ [ 144.8819802, -37.6913459 ], [ 144.8815973, -37.6924474 ] ], [ [ 144.8813586, -37.6932632 ], [ 144.8815973, -37.6924474 ] ], [ [ 144.8815973, -37.6924474 ], [ 144.8817383, -37.6910802 ], [ 144.8816558, -37.6907903 ] ], [ [ 144.8815973, -37.6924474 ], [ 144.881746, -37.6931981 ], [ 144.881693, -37.6934675 ], [ 144.8815882, -37.6939613 ], [ 144.8815367, -37.6941766 ] ], [ [ 144.8819802, -37.6913459 ], [ 144.8816558, -37.6907903 ] ], [ [ 144.8821114, -37.6903209 ], [ 144.8819802, -37.6913459 ] ], [ [ 144.8805939, -37.6986115 ], [ 144.8806143, -37.6990895 ], [ 144.8803237, -37.6993366 ], [ 144.8804017, -37.6989865 ], [ 144.8805939, -37.6986115 ] ], [ [ 144.8807069, -37.6978295 ], [ 144.8805841, -37.6981607 ] ], [ [ 144.8805841, -37.6981607 ], [ 144.8805939, -37.6986115 ] ], [ [ 144.8805841, -37.6981607 ], [ 144.8806419, -37.6973237 ] ], [ [ 144.8810918, -37.6958628 ], [ 144.880806, -37.6967409 ] ], [ [ 144.8806419, -37.6973237 ], [ 144.880806, -37.6967409 ] ], [ [ 144.880806, -37.6967409 ], [ 144.8808444, -37.6969849 ] ], [ [ 144.880806, -37.6967409 ], [ 144.8809765, -37.6951308 ] ], [ [ 144.881295, -37.6935054 ], [ 144.8813586, -37.6932632 ] ], [ [ 144.8813586, -37.6932632 ], [ 144.8813157, -37.6943709 ] ], [ [ 144.8824612, -37.6879931 ], [ 144.8823102, -37.6897116 ] ], [ [ 144.8824612, -37.6879931 ], [ 144.8824829, -37.686831 ], [ 144.8826051, -37.6857247 ] ], [ [ 144.8810918, -37.6958628 ], [ 144.8811191, -37.6960976 ], [ 144.8809526, -37.697167 ] ], [ [ 144.8812261, -37.6947298 ], [ 144.8810918, -37.6958628 ] ], [ [ 144.881355, -37.6949844 ], [ 144.8810918, -37.6958628 ] ], [ [ 144.8829537, -37.6862266 ], [ 144.882745, -37.6863851 ] ], [ [ 144.8828266, -37.6859089 ], [ 144.8829537, -37.6862266 ] ], [ [ 144.8829537, -37.6862266 ], [ 144.8828976, -37.6866041 ], [ 144.8828556, -37.6868827 ], [ 144.8828271, -37.6870895 ] ], [ [ 144.8831961, -37.6848792 ], [ 144.8829537, -37.6862266 ] ], [ [ 144.8820951, -37.6877072 ], [ 144.8821708, -37.6874382 ], [ 144.8823054, -37.6866926 ], [ 144.8826051, -37.6857247 ] ], [ [ 144.8826051, -37.6857247 ], [ 144.882511, -37.6854437 ], [ 144.8826621, -37.6849147 ] ], [ [ 144.8826051, -37.6857247 ], [ 144.8826621, -37.6849147 ] ], [ [ 144.8826621, -37.6849147 ], [ 144.8826211, -37.6843642 ] ], [ [ 144.8833129, -37.682367 ], [ 144.8833991, -37.6821252 ], [ 144.8834873, -37.6814149 ] ], [ [ 144.8833129, -37.682367 ], [ 144.8831745, -37.6820491 ] ], [ [ 144.8808444, -37.6969849 ], [ 144.8807069, -37.6978295 ] ], [ [ 144.880907, -37.6975718 ], [ 144.8807069, -37.6978295 ] ], [ [ 144.8819519, -37.6899485 ], [ 144.8823102, -37.6897116 ] ], [ [ 144.8823102, -37.6897116 ], [ 144.8821114, -37.6903209 ] ], [ [ 144.8819519, -37.6899485 ], [ 144.882, -37.6894537 ], [ 144.8820347, -37.6890308 ], [ 144.8824612, -37.6879931 ] ], [ [ 144.8816558, -37.6907903 ], [ 144.8819519, -37.6899485 ] ], [ [ 144.8821114, -37.6903209 ], [ 144.8816558, -37.6907903 ] ], [ [ 144.8805939, -37.6986115 ], [ 144.8804625, -37.6984469 ], [ 144.8805841, -37.6981607 ] ], [ [ 144.880907, -37.6975718 ], [ 144.8805939, -37.6986115 ] ], [ [ 144.8840726, -37.6815696 ], [ 144.8835781, -37.6822096 ], [ 144.8830837, -37.6844446 ] ], [ [ 144.8806419, -37.6973237 ], [ 144.8807447, -37.6953069 ] ], [ [ 144.8807447, -37.6953069 ], [ 144.8809533, -37.6943554 ] ], [ [ 144.8807447, -37.6953069 ], [ 144.8809765, -37.6951308 ] ], [ [ 144.8808444, -37.6969849 ], [ 144.8809526, -37.697167 ] ], [ [ 144.8810715, -37.6945828 ], [ 144.8809533, -37.6943554 ] ], [ [ 144.8809533, -37.6943554 ], [ 144.881295, -37.6935054 ] ], [ [ 144.8809765, -37.6951308 ], [ 144.8810175, -37.6948882 ] ], [ [ 144.8809526, -37.697167 ], [ 144.8809359, -37.697356 ], [ 144.880907, -37.6975718 ] ], [ [ 144.8810175, -37.6948882 ], [ 144.8810715, -37.6945828 ] ], [ [ 144.8812261, -37.6947298 ], [ 144.8810175, -37.6948882 ] ], [ [ 144.8810715, -37.6945828 ], [ 144.881295, -37.6935054 ] ], [ [ 144.8813157, -37.6943709 ], [ 144.8812261, -37.6947298 ] ], [ [ 144.8812261, -37.6947298 ], [ 144.881355, -37.6949844 ] ], [ [ 144.8815367, -37.6941766 ], [ 144.8813157, -37.6943709 ] ], [ [ 144.8815367, -37.6941766 ], [ 144.881355, -37.6949844 ] ], [ [ 144.882745, -37.6863851 ], [ 144.8826079, -37.6872207 ], [ 144.8824612, -37.6879931 ] ], [ [ 144.8828266, -37.6859089 ], [ 144.882745, -37.6863851 ] ], [ [ 144.8829435, -37.6841898 ], [ 144.8828816, -37.6835759 ], [ 144.8833129, -37.682367 ] ], [ [ 144.8829435, -37.6841898 ], [ 144.8830776, -37.6834622 ], [ 144.8833129, -37.682367 ] ], [ [ 144.8834114, -37.6844865 ], [ 144.8831961, -37.6848792 ] ] ] } },
{ "type": "Feature", "properties": { "project_id": "SCC_01216", "scc_feature": 731, "scc_source_id": "731", "scc_type": "C2", "status": "upgrade_candidate", "mean_lts": 3.73, "connects_existing": true, "length_km": 1.555, "high_stress_km": 1.399, "project_type": "Upgrade existing facility" }, "geometry": { "type": "MultiLineString", "coordinates": [ [ [ 144.8838284, -37.6789878 ], [ 144.8839281, -37.6786742 ] ], [ [ 144.8842384, -37.6785266 ], [ 144.8838284, -37.6789878 ] ], [ [ 144.8835491, -37.6808392 ], [ 144.8836026, -37.6805518 ], [ 144.8838284, -37.6789878 ] ], [ [ 144.8839281, -37.6786742 ], [ 144.8840909, -37.6773343 ] ], [ [ 144.8840909, -37.6773343 ], [ 144.8842538, -37.6767876 ] ], [ [ 144.8842384, -37.6785266 ], [ 144.8841787, -37.6790302 ], [ 144.8838796, -37.6811786 ] ], [ [ 144.8842538, -37.6767876 ], [ 144.8845907, -37.6757032 ] ], [ [ 144.8845907, -37.6757032 ], [ 144.8845435, -37.6765675 ] ], [ [ 144.8847143, -37.6753449 ], [ 144.8845907, -37.6757032 ] ], [ [ 144.8839281, -37.6786742 ], [ 144.8840642, -37.6778746 ], [ 144.8840909, -37.6773343 ] ], [ [ 144.8845435, -37.6765675 ], [ 144.8842538, -37.6767876 ] ], [ [ 144.8845435, -37.6765675 ], [ 144.8844995, -37.6769181 ], [ 144.8844029, -37.6779257 ], [ 144.8842384, -37.6785266 ] ] ] } },
{ "type": "Feature", "properties": { "project_id": "SCC_01217", "scc_feature": 732, "scc_source_id": "732", "scc_type": "C2", "status": "upgrade_candidate", "mean_lts": 2.85, "connects_existing": true, "length_km": 0.697, "high_stress_km": 0.592, "project_type": "Upgrade existing facility" }, "geometry": { "type": "MultiLineString", "coordinates": [ [ [ 144.8790395, -38.3629364 ], [ 144.8797896, -38.3627247 ] ], [ [ 144.8803437, -38.3625635 ], [ 144.8797896, -38.3627247 ] ], [ [ 144.8803437, -38.3625635 ], [ 144.8811512, -38.3623438 ] ], [ [ 144.8828357, -38.3618786 ], [ 144.8823625, -38.3620143 ], [ 144.881659, -38.3621998 ], [ 144.8811512, -38.3623438 ] ], [ [ 144.8849821, -38.3612686 ], [ 144.8845201, -38.3614135 ] ], [ [ 144.8828357, -38.3618786 ], [ 144.8845201, -38.3614135 ] ], [ [ 144.8849821, -38.3612686 ], [ 144.8845514, -38.3619096 ] ], [ [ 144.8854202, -38.3611594 ], [ 144.8849821, -38.3612686 ] ] ] } },
{ "type": "Feature", "properties": { "project_id": "SCC_01218", "scc_feature": 732, "scc_source_id": "732", "scc_type": "C2", "status": "upgrade_candidate", "mean_lts": 2.87, "connects_existing": true, "length_km": 1.999, "high_stress_km": 1.666, "project_type": "Upgrade existing facility" }, "geometry": { "type": "MultiLineString", "coordinates": [ [ [ 144.873954, -38.3642499 ], [ 144.8776816, -38.3631911 ] ], [ [ 144.8717893, -38.3646972 ], [ 144.873954, -38.3642499 ] ], [ [ 144.873954, -38.3642499 ], [ 144.8720992, -38.3646668 ] ], [ [ 144.8751544, -38.3639022 ], [ 144.873954, -38.3642499 ] ], [ [ 144.8660927, -38.3661525 ], [ 144.8629798, -38.3669248 ] ], [ [ 144.8692635, -38.3653542 ], [ 144.8717893, -38.3646972 ] ], [ [ 144.8717893, -38.3646972 ], [ 144.8714304, -38.3648349 ], [ 144.8692635, -38.3653542 ] ], [ [ 144.8660927, -38.3661525 ], [ 144.8692635, -38.3653542 ] ], [ [ 144.8751544, -38.3639022 ], [ 144.876607, -38.3635411 ], [ 144.8776816, -38.3631911 ] ] ] } },
{ "type": "Feature", "properties": { "project_id": "SCC_01219", "scc_feature": 736, "scc_source_id": "736", "scc_type": "C2", "status": "upgrade_candidate", "mean_lts": 3.47, "connects_existing": true, "length_km": 2.307, "high_stress_km": 1.856, "project_type": "Upgrade existing facility" }, "geometry": { "type": "MultiLineString", "coordinates": [ [ [ 144.8870865, -37.7088123 ], [ 144.8857837, -37.7071578 ] ], [ [ 144.8837266, -37.7041109 ], [ 144.8857837, -37.7071578 ] ], [ [ 144.8840375, -37.7051438 ], [ 144.8857837, -37.7071578 ] ], [ [ 144.8857837, -37.7071578 ], [ 144.884258, -37.7049676 ] ], [ [ 144.8829449, -37.7028803 ], [ 144.8837266, -37.7041109 ] ], [ [ 144.8829449, -37.7028803 ], [ 144.8827682, -37.7027149 ] ], [ [ 144.8837107, -37.7046694 ], [ 144.8818416, -37.7021936 ] ], [ [ 144.8840375, -37.7051438 ], [ 144.8837107, -37.7046694 ] ], [ [ 144.884258, -37.7049676 ], [ 144.8837107, -37.7046694 ] ], [ [ 144.8822577, -37.7023182 ], [ 144.8818416, -37.7021936 ] ], [ [ 144.8837266, -37.7041109 ], [ 144.8827594, -37.7030211 ] ], [ [ 144.8823646, -37.7021489 ], [ 144.8827682, -37.7027149 ] ], [ [ 144.8822577, -37.7023182 ], [ 144.8819747, -37.7018986 ] ], [ [ 144.88256, -37.7028553 ], [ 144.8822577, -37.7023182 ] ], [ [ 144.88256, -37.7028553 ], [ 144.8827594, -37.7030211 ] ], [ [ 144.884258, -37.7049676 ], [ 144.8838642, -37.7044558 ], [ 144.8837266, -37.7041109 ] ] ] } },
{ "type": "Feature", "properties": { "project_id": "SCC_01220", "scc_feature": 737, "scc_source_id": "737", "scc_type": "C2", "status": "upgrade_candidate", "mean_lts": 3.43, "connects_existing": false, "length_km": 1.402, "high_stress_km": 1.163, "project_type": "Upgrade existing facility" }, "geometry": { "type": "MultiLineString", "coordinates": [ [ [ 144.8862045, -38.3609483 ], [ 144.8854202, -38.3611594 ] ], [ [ 144.8861071, -38.3607573 ], [ 144.8869201, -38.3603484 ], [ 144.8884926, -38.3601875 ] ], [ [ 144.8862045, -38.3609483 ], [ 144.8870939, -38.3606669 ], [ 144.8884926, -38.3601875 ] ], [ [ 144.8910749, -38.3595402 ], [ 144.8904039, -38.3597894 ], [ 144.8897132, -38.3599302 ] ], [ [ 144.8910749, -38.3595402 ], [ 144.8920691, -38.3591976 ] ], [ [ 144.8926306, -38.3591717 ], [ 144.8910749, -38.3595402 ] ], [ [ 144.8897132, -38.3599302 ], [ 144.8910749, -38.3595402 ] ], [ [ 144.8884926, -38.3601875 ], [ 144.8897132, -38.3599302 ] ], [ [ 144.8884926, -38.3601875 ], [ 144.8862045, -38.3609483 ] ] ] } },
{ "type": "Feature", "properties": { "project_id": "SCC_01221", "scc_feature": 739, "scc_source_id": "739", "scc_type": "C2", "status": "upgrade_candidate", "mean_lts": 3.81, "connects_existing": false, "length_km": 1.721, "high_stress_km": 1.721, "project_type": "Upgrade existing facility" }, "geometry": { "type": "MultiLineString", "coordinates": [ [ [ 144.8924954, -37.8563675 ], [ 144.891842, -37.8553646 ] ], [ [ 144.8866085, -37.8475928 ], [ 144.886805, -37.8478757 ], [ 144.8877957, -37.8493984 ], [ 144.8884401, -37.8503112 ] ], [ [ 144.8866085, -37.8475928 ], [ 144.8858811, -37.8463993 ] ], [ [ 144.8858811, -37.8463993 ], [ 144.8848727, -37.8451015 ], [ 144.8845952, -37.8448712 ] ], [ [ 144.891482, -37.8548355 ], [ 144.891842, -37.8553646 ] ], [ [ 144.8848608, -37.8447228 ], [ 144.8849767, -37.8450403 ], [ 144.8858811, -37.8463993 ] ], [ [ 144.8890942, -37.8512871 ], [ 144.8884401, -37.8503112 ] ], [ [ 144.8890942, -37.8512871 ], [ 144.8895631, -37.8519804 ], [ 144.8902281, -37.8529746 ] ], [ [ 144.891482, -37.8548355 ], [ 144.8911995, -37.8543798 ], [ 144.8906206, -37.8535584 ], [ 144.8902281, -37.8529746 ] ] ] } },
{ "type": "Feature", "properties": { "project_id": "SCC_01222", "scc_feature": 740, "scc_source_id": "740", "scc_type": "C2", "status": "upgrade_candidate", "mean_lts": 2.9, "connects_existing": true, "length_km": 0.659, "high_stress_km": 0.571, "project_type": "Upgrade existing facility" }, "geometry": { "type": "MultiLineString", "coordinates": [ [ [ 144.9416325, -37.7351729 ], [ 144.9428088, -37.7353106 ], [ 144.9447201, -37.7355422 ], [ 144.9455121, -37.7356282 ] ], [ [ 144.9480235, -37.7359062 ], [ 144.9468923, -37.7357784 ], [ 144.9462362, -37.7357039 ], [ 144.9455121, -37.7356282 ] ], [ [ 144.9480235, -37.7359062 ], [ 144.9491099, -37.7360153 ] ] ] } },
{ "type": "Feature", "properties": { "project_id": "SCC_01223", "scc_feature": 741, "scc_source_id": "741", "scc_type": "C2", "status": "upgrade_candidate", "mean_lts": 2.0, "connects_existing": true, "length_km": 0.079, "high_stress_km": 0.0, "project_type": "Upgrade existing facility" }, "geometry": { "type": "LineString", "coordinates": [ [ 144.9631122, -37.7352038 ], [ 144.9630294, -37.7344994 ] ] } },
{ "type": "Feature", "properties": { "project_id": "SCC_01224", "scc_feature": 741, "scc_source_id": "741", "scc_type": "C2", "status": "upgrade_candidate", "mean_lts": 2.0, "connects_existing": true, "length_km": 0.18, "high_stress_km": 0.0, "project_type": "Upgrade existing facility" }, "geometry": { "type": "LineString", "coordinates": [ [ 144.9618116, -37.7238714 ], [ 144.9619807, -37.7255685 ] ] } },
{ "type": "Feature", "properties": { "project_id": "SCC_01225", "scc_feature": 748, "scc_source_id": "748", "scc_type": "C2", "status": "upgrade_candidate", "mean_lts": 2.9, "connects_existing": true, "length_km": 0.559, "high_stress_km": 0.506, "project_type": "Upgrade existing facility" }, "geometry": { "type": "MultiLineString", "coordinates": [ [ [ 144.9551291, -37.7997072 ], [ 144.9549131, -37.800127 ] ], [ [ 144.9529862, -37.80122 ], [ 144.9537978, -37.8006213 ] ], [ [ 144.9576386, -37.7997237 ], [ 144.9551291, -37.7997072 ] ], [ [ 144.9551291, -37.7997072 ], [ 144.9546096, -37.8000136 ] ], [ [ 144.9542262, -37.8003223 ], [ 144.9546096, -37.8000136 ] ], [ [ 144.9542262, -37.8003223 ], [ 144.9537978, -37.8006213 ] ] ] } },
{ "type": "Feature", "properties": { "project_id": "SCC_01226", "scc_feature": 763, "scc_source_id": "763", "scc_type": "C2", "status": "upgrade_candidate", "mean_lts": 2.9, "connects_existing": true, "length_km": 2.649, "high_stress_km": 1.93, "project_type": "Upgrade existing facility" }, "geometry": { "type": "MultiLineString", "coordinates": [ [ [ 144.8948234, -37.8140726 ], [ 144.8971011, -37.8142665 ] ], [ [ 144.8948234, -37.8140726 ], [ 144.8935102, -37.8139139 ] ], [ [ 144.8935102, -37.8139139 ], [ 144.8892854, -37.8134868 ] ], [ [ 144.8897522, -37.8134501 ], [ 144.8935102, -37.8139139 ] ], [ [ 144.8892833, -37.8131623 ], [ 144.8894933, -37.8133643 ] ], [ [ 144.8912622, -37.8134771 ], [ 144.8892854, -37.8134868 ] ], [ [ 144.8788023, -37.812244 ], [ 144.8781444, -37.8122142 ] ], [ [ 144.8788023, -37.812244 ], [ 144.8792766, -37.8123427 ] ], [ [ 144.883477, -37.8128238 ], [ 144.8825148, -37.8127074 ], [ 144.8818014, -37.8126315 ] ], [ [ 144.8802501, -37.8124594 ], [ 144.8810428, -37.8125457 ], [ 144.8818014, -37.8126315 ] ], [ [ 144.8698198, -37.8109734 ], [ 144.8703221, -37.8112799 ], [ 144.8708632, -37.8114249 ] ], [ [ 144.8802501, -37.8124594 ], [ 144.8792766, -37.8123427 ] ], [ [ 144.8708632, -37.8114249 ], [ 144.8697563, -37.8112066 ] ], [ [ 144.8712946, -37.8114327 ], [ 144.8708632, -37.8114249 ] ], [ [ 144.8892854, -37.8134868 ], [ 144.8897522, -37.8134501 ] ], [ [ 144.8712946, -37.8114327 ], [ 144.8725174, -37.8115719 ], [ 144.8735476, -37.8116897 ], [ 144.8749402, -37.81185 ], [ 144.8761065, -37.8119792 ], [ 144.8764347, -37.8120211 ], [ 144.8771708, -37.8120975 ], [ 144.8781444, -37.8122142 ] ], [ [ 144.883477, -37.8128238 ], [ 144.8850283, -37.8129959 ], [ 144.8857983, -37.8130818 ], [ 144.8864777, -37.8131571 ], [ 144.8874061, -37.8132638 ], [ 144.8879836, -37.8133283 ], [ 144.8883007, -37.813361 ], [ 144.8892854, -37.8134868 ] ], [ [ 144.8894933, -37.8133643 ], [ 144.8897522, -37.8134501 ] ], [ [ 144.8894933, -37.8133643 ], [ 144.890415, -37.8133088 ] ] ] } },
{ "type": "Feature", "properties": { "project_id": "SCC_01227", "scc_feature": 766, "scc_source_id": "766", "scc_type": "C2", "status": "upgrade_candidate", "mean_lts": 4.0, "connects_existing": true, "length_km": 0.253, "high_stress_km": 0.253, "project_type": "Upgrade existing facility" }, "geometry": { "type": "LineString", "coordinates": [ [ 144.8942274, -37.5918397 ], [ 144.8914454, -37.5912944 ] ] } },
{ "type": "Feature", "properties": { "project_id": "SCC_01228", "scc_feature": 766, "scc_source_id": "766", "scc_type": "C2", "status": "upgrade_candidate", "mean_lts": 4.0, "connects_existing": true, "length_km": 0.374, "high_stress_km": 0.374, "project_type": "Upgrade existing facility" }, "geometry": { "type": "LineString", "coordinates": [ [ 144.8992664, -37.592272 ], [ 144.8950512, -37.5919446 ] ] } },
{ "type": "Feature", "properties": { "project_id": "SCC_01229", "scc_feature": 767, "scc_source_id": "767", "scc_type": "C2", "status": "upgrade_candidate", "mean_lts": 2.53, "connects_existing": true, "length_km": 0.207, "high_stress_km": 0.109, "project_type": "Upgrade existing facility" }, "geometry": { "type": "LineString", "coordinates": [ [ 144.8987857, -37.8041314 ], [ 144.8989608, -37.8031612 ], [ 144.8990126, -37.8029369 ], [ 144.8991218, -37.80229 ] ] } },
{ "type": "Feature", "properties": { "project_id": "SCC_01230", "scc_feature": 769, "scc_source_id": "769", "scc_type": "C2", "status": "upgrade_candidate", "mean_lts": 4.0, "connects_existing": true, "length_km": 0.05, "high_stress_km": 0.05, "project_type": "Upgrade existing facility" }, "geometry": { "type": "LineString", "coordinates": [ [ 144.8992664, -37.592272 ], [ 144.8996578, -37.5924502 ] ] } },
{ "type": "Feature", "properties": { "project_id": "SCC_01231", "scc_feature": 770, "scc_source_id": "770", "scc_type": "C2", "status": "upgrade_candidate", "mean_lts": 3.0, "connects_existing": true, "length_km": 0.244, "high_stress_km": 0.244, "project_type": "Upgrade existing facility" }, "geometry": { "type": "LineString", "coordinates": [ [ 144.8971011, -37.8142665 ], [ 144.8997815, -37.8146838 ] ] } },
{ "type": "Feature", "properties": { "project_id": "SCC_01232", "scc_feature": 772, "scc_source_id": "772", "scc_type": "C2", "status": "upgrade_candidate", "mean_lts": 4.0, "connects_existing": true, "length_km": 0.637, "high_stress_km": 0.637, "project_type": "Upgrade existing facility" }, "geometry": { "type": "LineString", "coordinates": [ [ 144.8997815, -37.8146838 ], [ 144.9002665, -37.813602 ], [ 144.901014, -37.8120743 ], [ 144.8997815, -37.8146838 ] ] } },
{ "type": "Feature", "properties": { "project_id": "SCC_01234", "scc_feature": 781, "scc_source_id": "781", "scc_type": "C2", "status": "upgrade_candidate", "mean_lts": 2.0, "connects_existing": true, "length_km": 0.352, "high_stress_km": 0.0, "project_type": "Upgrade existing facility" }, "geometry": { "type": "LineString", "coordinates": [ [ 144.8971193, -37.76436 ], [ 144.9014647, -37.764843 ] ] } },
{ "type": "Feature", "properties": { "project_id": "SCC_01235", "scc_feature": 787, "scc_source_id": "787", "scc_type": "C2", "status": "upgrade_candidate", "mean_lts": 3.42, "connects_existing": false, "length_km": 0.265, "high_stress_km": 0.265, "project_type": "Upgrade existing facility" }, "geometry": { "type": "MultiLineString", "coordinates": [ [ [ 144.8930961, -37.8572254 ], [ 144.8924954, -37.8563675 ] ], [ [ 144.8930961, -37.8572254 ], [ 144.8939032, -37.8584204 ] ] ] } },
{ "type": "Feature", "properties": { "project_id": "SCC_01237", "scc_feature": 790, "scc_source_id": "790", "scc_type": "C2", "status": "upgrade_candidate", "mean_lts": 3.54, "connects_existing": false, "length_km": 3.238, "high_stress_km": 3.059, "project_type": "Upgrade existing facility" }, "geometry": { "type": "MultiLineString", "coordinates": [ [ [ 144.8920691, -38.3591976 ], [ 144.8945936, -38.3585672 ] ], [ [ 144.8945936, -38.3585672 ], [ 144.893796, -38.3588412 ], [ 144.8926306, -38.3591717 ] ], [ [ 144.8957967, -38.3581202 ], [ 144.8975044, -38.3576372 ], [ 144.8987322, -38.3571276 ] ], [ [ 144.9018124, -38.3562727 ], [ 144.9028002, -38.3561462 ] ], [ [ 144.9028732, -38.3559943 ], [ 144.9039037, -38.3559767 ] ], [ [ 144.9053773, -38.3552732 ], [ 144.9061626, -38.3554224 ] ], [ [ 144.9039037, -38.3559767 ], [ 144.9053773, -38.3552732 ] ], [ [ 144.9053773, -38.3552732 ], [ 144.9061964, -38.3550445 ], [ 144.9090916, -38.3542492 ] ], [ [ 144.9066188, -38.3550791 ], [ 144.9063648, -38.3551556 ], [ 144.9061626, -38.3554224 ] ], [ [ 144.9080108, -38.3548246 ], [ 144.9066188, -38.3550791 ] ], [ [ 144.9066188, -38.3550791 ], [ 144.9061626, -38.3554224 ] ], [ [ 144.9092309, -38.354576 ], [ 144.9080108, -38.3548246 ] ], [ [ 144.9080108, -38.3548246 ], [ 144.9061626, -38.3554224 ] ], [ [ 144.9061626, -38.3554224 ], [ 144.9039037, -38.3559767 ] ], [ [ 144.9039037, -38.3559767 ], [ 144.9028002, -38.3561462 ] ], [ [ 144.9028002, -38.3561462 ], [ 144.9018719, -38.3565891 ], [ 144.900914, -38.3568694 ], [ 144.8998755, -38.3571661 ], [ 144.898872, -38.3574365 ], [ 144.89788, -38.3577071 ], [ 144.8968535, -38.357986 ], [ 144.8957967, -38.3581202 ] ], [ [ 144.8945936, -38.3585672 ], [ 144.8957967, -38.3581202 ] ] ] } },
{ "type": "Feature", "properties": { "project_id": "SCC_01238", "scc_feature": 792, "scc_source_id": "792", "scc_type": "C2", "status": "upgrade_candidate", "mean_lts": 3.08, "connects_existing": true, "length_km": 1.73, "high_stress_km": 1.071, "project_type": "Upgrade existing facility" }, "geometry": { "type": "MultiLineString", "coordinates": [ [ [ 144.9074548, -37.7404015 ], [ 144.9065507, -37.7390608 ], [ 144.9058664, -37.7375707 ] ], [ [ 144.9058664, -37.7375707 ], [ 144.9065851, -37.7382413 ], [ 144.9068909, -37.7390668 ] ], [ [ 144.9068909, -37.7390668 ], [ 144.9075408, -37.7397632 ], [ 144.90824, -37.7411274 ] ], [ [ 144.9077556, -37.7410017 ], [ 144.9074548, -37.7404015 ] ], [ [ 144.908074, -37.7409803 ], [ 144.90824, -37.7411274 ] ], [ [ 144.908074, -37.7409803 ], [ 144.9081783, -37.7413066 ], [ 144.9074548, -37.7404015 ] ], [ [ 144.9068909, -37.7390668 ], [ 144.908074, -37.7409803 ] ], [ [ 144.9074548, -37.7404015 ], [ 144.9068909, -37.7390668 ] ], [ [ 144.9068909, -37.7390668 ], [ 144.9058664, -37.7375707 ] ] ] } },
{ "type": "Feature", "properties": { "project_id": "SCC_01239", "scc_feature": 794, "scc_source_id": "794", "scc_type": "C2", "status": "upgrade_candidate", "mean_lts": 3.0, "connects_existing": false, "length_km": 0.07, "high_stress_km": 0.07, "project_type": "Upgrade existing facility" }, "geometry": { "type": "LineString", "coordinates": [ [ 144.9101774, -37.7440636 ], [ 144.9105247, -37.7446285 ] ] } },
{ "type": "Feature", "properties": { "project_id": "SCC_01240", "scc_feature": 795, "scc_source_id": "795", "scc_type": "C2", "status": "upgrade_candidate", "mean_lts": 3.83, "connects_existing": true, "length_km": 0.778, "high_stress_km": 0.778, "project_type": "Upgrade existing facility" }, "geometry": { "type": "MultiLineString", "coordinates": [ [ [ 144.8845907, -37.6757032 ], [ 144.8848204, -37.6740041 ] ], [ [ 144.8848204, -37.6740041 ], [ 144.8846466, -37.6729375 ] ], [ [ 144.8848204, -37.6740041 ], [ 144.8850239, -37.6728272 ], [ 144.8853478, -37.669805 ] ] ] } },
{ "type": "Feature", "properties": { "project_id": "SCC_01241", "scc_feature": 795, "scc_source_id": "795", "scc_type": "C2", "status": "upgrade_candidate", "mean_lts": 4.0, "connects_existing": true, "length_km": 0.594, "high_stress_km": 0.594, "project_type": "Upgrade existing facility" }, "geometry": { "type": "LineString", "coordinates": [ [ 144.8855837, -37.6698813 ], [ 144.8852, -37.672614 ], [ 144.8847143, -37.6753449 ] ] } },
{ "type": "Feature", "properties": { "project_id": "SCC_01242", "scc_feature": 797, "scc_source_id": "797", "scc_type": "C2", "status": "upgrade_candidate", "mean_lts": 2.0, "connects_existing": true, "length_km": 0.201, "high_stress_km": 0.0, "project_type": "Upgrade existing facility" }, "geometry": { "type": "LineString", "coordinates": [ [ 144.9102264, -37.8229441 ], [ 144.9082189, -37.8236294 ] ] } },
{ "type": "Feature", "properties": { "project_id": "SCC_01243", "scc_feature": 797, "scc_source_id": "797", "scc_type": "C2", "status": "upgrade_candidate", "mean_lts": 2.0, "connects_existing": true, "length_km": 0.288, "high_stress_km": 0.0, "project_type": "Upgrade existing facility" }, "geometry": { "type": "LineString", "coordinates": [ [ 144.9026432, -37.8271529 ], [ 144.9049971, -37.8254735 ] ] } },
{ "type": "Feature", "properties": { "project_id": "SCC_01244", "scc_feature": 799, "scc_source_id": "799", "scc_type": "C2", "status": "upgrade_candidate", "mean_lts": 4.0, "connects_existing": true, "length_km": 0.291, "high_stress_km": 0.291, "project_type": "Upgrade existing facility" }, "geometry": { "type": "LineString", "coordinates": [ [ 144.9083532, -38.3763218 ], [ 144.9084692, -38.3734854 ] ] } },
{ "type": "Feature", "properties": { "project_id": "SCC_01245", "scc_feature": 799, "scc_source_id": "799", "scc_type": "C2", "status": "upgrade_candidate", "mean_lts": 3.39, "connects_existing": false, "length_km": 1.478, "high_stress_km": 1.208, "project_type": "Upgrade existing facility" }, "geometry": { "type": "MultiLineString", "coordinates": [ [ [ 144.908837, -38.3654813 ], [ 144.9087807, -38.3666427 ] ], [ [ 144.9087807, -38.3666427 ], [ 144.9088473, -38.3679054 ] ], [ [ 144.9085759, -38.3677924 ], [ 144.9087807, -38.3666427 ] ], [ [ 144.908837, -38.3654813 ], [ 144.908912, -38.3636714 ], [ 144.9089426, -38.3630051 ], [ 144.9090116, -38.3610059 ] ], [ [ 144.909098, -38.3587998 ], [ 144.909091, -38.359043 ], [ 144.9090627, -38.3596282 ], [ 144.9090116, -38.3610059 ] ], [ [ 144.909098, -38.3587998 ], [ 144.9091307, -38.3580615 ] ], [ [ 144.9092116, -38.3560445 ], [ 144.909206, -38.3570356 ], [ 144.9091307, -38.3580615 ] ], [ [ 144.9085759, -38.3677924 ], [ 144.9085694, -38.3680176 ] ] ] } },
{ "type": "Feature", "properties": { "project_id": "SCC_01246", "scc_feature": 802, "scc_source_id": "802", "scc_type": "C2", "status": "upgrade_candidate", "mean_lts": 3.86, "connects_existing": false, "length_km": 0.715, "high_stress_km": 0.664, "project_type": "Upgrade existing facility" }, "geometry": { "type": "MultiLineString", "coordinates": [ [ [ 144.9144644, -37.683481 ], [ 144.9142679, -37.6840182 ] ], [ [ 144.9138514, -37.6839117 ], [ 144.9142679, -37.6840182 ] ], [ [ 144.9144644, -37.683481 ], [ 144.9138514, -37.6839117 ] ], [ [ 144.9147584, -37.6831077 ], [ 144.9144644, -37.683481 ] ], [ [ 144.9152739, -37.682513 ], [ 144.9152163, -37.6821425 ] ], [ [ 144.9155643, -37.6822658 ], [ 144.9152563, -37.682738 ], [ 144.9147584, -37.6831077 ] ], [ [ 144.9152739, -37.682513 ], [ 144.9155643, -37.6822658 ] ], [ [ 144.9147584, -37.6831077 ], [ 144.9152739, -37.682513 ] ], [ [ 144.915925, -37.6819387 ], [ 144.9155643, -37.6822658 ] ], [ [ 144.9138514, -37.6839117 ], [ 144.9147584, -37.6831077 ] ] ] } },
{ "type": "Feature", "properties": { "project_id": "SCC_01247", "scc_feature": 803, "scc_source_id": "803", "scc_type": "C2", "status": "upgrade_candidate", "mean_lts": 4.0, "connects_existing": false, "length_km": 0.169, "high_stress_km": 0.169, "project_type": "Upgrade existing facility" }, "geometry": { "type": "LineString", "coordinates": [ [ 144.9930021, -37.7998361 ], [ 144.994316, -37.7999666 ], [ 144.9949048, -37.8000307 ] ] } },
{ "type": "Feature", "properties": { "project_id": "SCC_01248", "scc_feature": 804, "scc_source_id": "804", "scc_type": "C2", "status": "upgrade_candidate", "mean_lts": 3.14, "connects_existing": true, "length_km": 2.289, "high_stress_km": 1.641, "project_type": "Upgrade existing facility" }, "geometry": { "type": "MultiLineString", "coordinates": [ [ [ 144.9303365, -37.7626593 ], [ 144.9302443, -37.7631173 ], [ 144.9324961, -37.7633731 ] ], [ [ 144.9347019, -37.7636551 ], [ 144.9324961, -37.7633731 ] ], [ [ 144.9347019, -37.7636551 ], [ 144.9365591, -37.7638138 ] ], [ [ 144.9387947, -37.7642495 ], [ 144.9390014, -37.764163 ], [ 144.9397115, -37.7643466 ] ], [ [ 144.9387947, -37.7642495 ], [ 144.9347019, -37.7636551 ] ], [ [ 144.9397115, -37.7643466 ], [ 144.9387947, -37.7642495 ] ], [ [ 144.9437735, -37.7648231 ], [ 144.943185, -37.7647588 ] ], [ [ 144.9437735, -37.7648231 ], [ 144.9447012, -37.7649385 ], [ 144.9470205, -37.7652222 ], [ 144.9487856, -37.7654332 ], [ 144.949306, -37.7654963 ], [ 144.9508447, -37.7656853 ], [ 144.9520925, -37.765716 ] ], [ [ 144.9397115, -37.7643466 ], [ 144.9403453, -37.7644118 ], [ 144.943185, -37.7647588 ] ] ] } },
{ "type": "Feature", "properties": { "project_id": "SCC_01249", "scc_feature": 804, "scc_source_id": "804", "scc_type": "C2", "status": "upgrade_candidate", "mean_lts": 3.81, "connects_existing": true, "length_km": 0.66, "high_stress_km": 0.62, "project_type": "Upgrade existing facility" }, "geometry": { "type": "MultiLineString", "coordinates": [ [ [ 144.9532715, -37.7661871 ], [ 144.9529131, -37.7660097 ] ], [ [ 144.9535264, -37.7660023 ], [ 144.9540808, -37.766066 ], [ 144.9551763, -37.7662743 ] ], [ [ 144.9535264, -37.7660023 ], [ 144.9529131, -37.7660097 ] ], [ [ 144.9584932, -37.7666112 ], [ 144.9574411, -37.7664758 ], [ 144.9559476, -37.7662967 ], [ 144.9551763, -37.7662743 ] ], [ [ 144.9584932, -37.7666112 ], [ 144.9588328, -37.7666441 ], [ 144.9591947, -37.7666954 ], [ 144.9597719, -37.7667595 ] ] ] } },
{ "type": "Feature", "properties": { "project_id": "SCC_01250", "scc_feature": 807, "scc_source_id": "807", "scc_type": "C2", "status": "upgrade_candidate", "mean_lts": 4.0, "connects_existing": true, "length_km": 0.256, "high_stress_km": 0.256, "project_type": "Upgrade existing facility" }, "geometry": { "type": "MultiLineString", "coordinates": [ [ [ 144.9259607, -37.7152884 ], [ 144.9239618, -37.7149648 ] ], [ [ 144.9259607, -37.7152884 ], [ 144.9268766, -37.7153946 ] ] ] } },
{ "type": "Feature", "properties": { "project_id": "SCC_01251", "scc_feature": 807, "scc_source_id": "807", "scc_type": "C2", "status": "upgrade_candidate", "mean_lts": 3.38, "connects_existing": true, "length_km": 2.357, "high_stress_km": 2.357, "project_type": "Upgrade existing facility" }, "geometry": { "type": "MultiLineString", "coordinates": [ [ [ 144.9336152, -37.7162069 ], [ 144.9366473, -37.7165033 ], [ 144.9372695, -37.7165683 ], [ 144.9385024, -37.716698 ], [ 144.9390338, -37.7167614 ], [ 144.9396787, -37.7168267 ], [ 144.9408663, -37.7169556 ], [ 144.9422575, -37.7171061 ], [ 144.9445198, -37.7173438 ], [ 144.9480721, -37.7177031 ] ], [ [ 144.9490345, -37.7177739 ], [ 144.9504938, -37.7179255 ], [ 144.9516701, -37.7180541 ] ], [ [ 144.9490345, -37.7177739 ], [ 144.9480721, -37.7177031 ] ], [ [ 144.9544072, -37.718354 ], [ 144.9534459, -37.7182472 ], [ 144.9516701, -37.7180541 ] ], [ [ 144.9544072, -37.718354 ], [ 144.955573, -37.7184553 ] ], [ [ 144.9602677, -37.7189422 ], [ 144.9588313, -37.7187821 ], [ 144.9577452, -37.7186732 ], [ 144.9566251, -37.7185637 ], [ 144.955573, -37.7184553 ] ] ] } },
{ "type": "Feature", "properties": { "project_id": "SCC_01252", "scc_feature": 809, "scc_source_id": "809", "scc_type": "C2", "status": "upgrade_candidate", "mean_lts": 2.48, "connects_existing": true, "length_km": 1.131, "high_stress_km": 0.538, "project_type": "Upgrade existing facility" }, "geometry": { "type": "MultiLineString", "coordinates": [ [ [ 144.9511616, -37.8491397 ], [ 144.9519898, -37.8483701 ], [ 144.9525371, -37.8478929 ], [ 144.9527233, -37.847734 ], [ 144.9532361, -37.8472743 ], [ 144.9537486, -37.8468236 ], [ 144.9543194, -37.8463198 ], [ 144.9547299, -37.8458584 ], [ 144.9554165, -37.8452755 ], [ 144.9558588, -37.8448957 ], [ 144.9561389, -37.8446302 ], [ 144.9568259, -37.8440293 ], [ 144.9570828, -37.8437815 ], [ 144.9574678, -37.8434187 ], [ 144.9578167, -37.8431273 ], [ 144.9584223, -37.8425971 ], [ 144.9587152, -37.8422778 ] ], [ [ 144.9587152, -37.8422778 ], [ 144.9589553, -37.8418134 ] ], [ [ 144.9587152, -37.8422778 ], [ 144.9591641, -37.8420693 ] ] ] } },
{ "type": "Feature", "properties": { "project_id": "SCC_01253", "scc_feature": 809, "scc_source_id": "809", "scc_type": "C2", "status": "upgrade_candidate", "mean_lts": 2.46, "connects_existing": true, "length_km": 1.034, "high_stress_km": 0.477, "project_type": "Upgrade existing facility" }, "geometry": { "type": "LineString", "coordinates": [ [ 144.9593159, -37.8423333 ], [ 144.9586074, -37.8428887 ], [ 144.9572079, -37.8441892 ], [ 144.956707, -37.8446311 ], [ 144.9561602, -37.8450902 ], [ 144.9551674, -37.8460642 ], [ 144.9545872, -37.8464957 ], [ 144.9540621, -37.8469913 ], [ 144.9529907, -37.8479279 ], [ 144.9522925, -37.8485195 ], [ 144.9515453, -37.8492365 ] ] } },
{ "type": "Feature", "properties": { "project_id": "SCC_01254", "scc_feature": 810, "scc_source_id": "810", "scc_type": "C2", "status": "upgrade_candidate", "mean_lts": 2.0, "connects_existing": true, "length_km": 0.065, "high_stress_km": 0.0, "project_type": "Upgrade existing facility" }, "geometry": { "type": "LineString", "coordinates": [ [ 144.9549447, -37.8282081 ], [ 144.9556445, -37.8283735 ] ] } },
{ "type": "Feature", "properties": { "project_id": "SCC_01255", "scc_feature": 810, "scc_source_id": "810", "scc_type": "C2", "status": "upgrade_candidate", "mean_lts": 2.15, "connects_existing": true, "length_km": 1.33, "high_stress_km": 0.199, "project_type": "Upgrade existing facility" }, "geometry": { "type": "MultiLineString", "coordinates": [ [ [ 144.958626, -37.8335619 ], [ 144.9584873, -37.8344697 ] ], [ [ 144.9581107, -37.8337062 ], [ 144.9584873, -37.8344697 ] ], [ [ 144.9584873, -37.8344697 ], [ 144.9586023, -37.8348322 ] ], [ [ 144.9586023, -37.8348322 ], [ 144.9588316, -37.8351696 ], [ 144.959186, -37.8359147 ] ], [ [ 144.9594314, -37.8364957 ], [ 144.9595595, -37.8367953 ], [ 144.9596878, -37.8370859 ], [ 144.9599238, -37.8375946 ], [ 144.9601916, -37.838185 ], [ 144.9604271, -37.8387118 ], [ 144.9606616, -37.8392746 ] ], [ [ 144.9594314, -37.8364957 ], [ 144.959186, -37.8359147 ] ], [ [ 144.9611649, -37.8403917 ], [ 144.9606616, -37.8392746 ] ], [ [ 144.9576163, -37.8326793 ], [ 144.9581107, -37.8337062 ] ], [ [ 144.9586023, -37.8348322 ], [ 144.9581107, -37.8337062 ] ], [ [ 144.959186, -37.8359147 ], [ 144.9586023, -37.8348322 ] ] ] } },
{ "type": "Feature", "properties": { "project_id": "SCC_01256", "scc_feature": 813, "scc_source_id": "813", "scc_type": "C2", "status": "upgrade_candidate", "mean_lts": 2.0, "connects_existing": true, "length_km": 0.129, "high_stress_km": 0.0, "project_type": "Upgrade existing facility" }, "geometry": { "type": "LineString", "coordinates": [ [ 144.9630701, -37.8322691 ], [ 144.9625431, -37.8311876 ] ] } },
{ "type": "Feature", "properties": { "project_id": "SCC_01257", "scc_feature": 815, "scc_source_id": "815", "scc_type": "C2", "status": "upgrade_candidate", "mean_lts": 2.12, "connects_existing": true, "length_km": 2.005, "high_stress_km": 0.237, "project_type": "Upgrade existing facility" }, "geometry": { "type": "MultiLineString", "coordinates": [ [ [ 144.9582219, -37.8156576 ], [ 144.9587282, -37.8154231 ], [ 144.9595983, -37.8151768 ], [ 144.9606836, -37.8149523 ] ], [ [ 144.9582219, -37.8156576 ], [ 144.9575203, -37.8159699 ], [ 144.957074, -37.8160883 ], [ 144.9567077, -37.8161901 ], [ 144.9563182, -37.8163095 ], [ 144.9557253, -37.8163893 ] ], [ [ 144.9557253, -37.8163893 ], [ 144.9567354, -37.8160103 ], [ 144.9571708, -37.8158737 ], [ 144.95778, -37.8156139 ], [ 144.9582219, -37.8156576 ] ], [ [ 144.9557253, -37.8163893 ], [ 144.9543143, -37.8168875 ], [ 144.9531827, -37.8171382 ], [ 144.9542852, -37.8167067 ], [ 144.954789, -37.8165623 ], [ 144.9552355, -37.8164349 ], [ 144.9557253, -37.8163893 ] ], [ [ 144.9606836, -37.8149523 ], [ 144.9596506, -37.8153399 ], [ 144.9582219, -37.8156576 ] ], [ [ 144.9606836, -37.8149523 ], [ 144.9616821, -37.8145821 ], [ 144.9631569, -37.8142381 ], [ 144.9615399, -37.8147959 ], [ 144.9606836, -37.8149523 ] ] ] } },
{ "type": "Feature", "properties": { "project_id": "SCC_01258", "scc_feature": 816, "scc_source_id": "816", "scc_type": "C2", "status": "upgrade_candidate", "mean_lts": 2.93, "connects_existing": true, "length_km": 0.161, "high_stress_km": 0.075, "project_type": "Upgrade existing facility" }, "geometry": { "type": "MultiLineString", "coordinates": [ [ [ 144.959455, -37.8063518 ], [ 144.9598886, -37.8071073 ] ], [ [ 144.959455, -37.8063518 ], [ 144.9594544, -37.8071989 ] ] ] } },
{ "type": "Feature", "properties": { "project_id": "SCC_01259", "scc_feature": 816, "scc_source_id": "816", "scc_type": "C2", "status": "upgrade_candidate", "mean_lts": 3.0, "connects_existing": false, "length_km": 0.238, "high_stress_km": 0.238, "project_type": "Upgrade existing facility" }, "geometry": { "type": "LineString", "coordinates": [ [ 144.9618063, -37.8113039 ], [ 144.9622337, -37.8122846 ], [ 144.9627063, -37.8132751 ] ] } },
{ "type": "Feature", "properties": { "project_id": "SCC_01260", "scc_feature": 816, "scc_source_id": "816", "scc_type": "C2", "status": "upgrade_candidate", "mean_lts": 4.0, "connects_existing": true, "length_km": 0.205, "high_stress_km": 0.205, "project_type": "Upgrade existing facility" }, "geometry": { "type": "LineString", "coordinates": [ [ 144.9612025, -37.8097164 ], [ 144.9613446, -37.8103317 ], [ 144.9608748, -37.8092421 ] ] } },
{ "type": "Feature", "properties": { "project_id": "SCC_01261", "scc_feature": 817, "scc_source_id": "817", "scc_type": "C2", "status": "upgrade_candidate", "mean_lts": 3.3, "connects_existing": true, "length_km": 0.39, "high_stress_km": 0.39, "project_type": "Upgrade existing facility" }, "geometry": { "type": "MultiLineString", "coordinates": [ [ [ 144.961767, -37.8044723 ], [ 144.9624269, -37.8044297 ], [ 144.9632638, -37.8045613 ], [ 144.961767, -37.8044723 ] ], [ [ 144.9603985, -37.8042594 ], [ 144.9613497, -37.804366 ] ], [ [ 144.961767, -37.8044723 ], [ 144.9613497, -37.804366 ] ] ] } },
{ "type": "Feature", "properties": { "project_id": "SCC_01262", "scc_feature": 818, "scc_source_id": "818", "scc_type": "C2", "status": "upgrade_candidate", "mean_lts": 3.13, "connects_existing": true, "length_km": 0.688, "high_stress_km": 0.589, "project_type": "Upgrade existing facility" }, "geometry": { "type": "MultiLineString", "coordinates": [ [ [ 144.993358, -37.9321073 ], [ 144.9942391, -37.9331767 ] ], [ [ 144.9929963, -37.93202 ], [ 144.993358, -37.9321073 ] ], [ [ 144.9933354, -37.9316834 ], [ 144.993358, -37.9321073 ] ], [ [ 144.9938855, -37.9290253 ], [ 144.9937393, -37.9297978 ], [ 144.9935515, -37.930849 ], [ 144.9933354, -37.9316834 ] ], [ [ 144.9948175, -37.9328261 ], [ 144.9933354, -37.9316834 ] ], [ [ 144.9938855, -37.9290253 ], [ 144.9940694, -37.9281183 ] ] ] } },
{ "type": "Feature", "properties": { "project_id": "SCC_01263", "scc_feature": 818, "scc_source_id": "818", "scc_type": "C2", "status": "upgrade_candidate", "mean_lts": 3.9, "connects_existing": false, "length_km": 1.564, "high_stress_km": 1.526, "project_type": "Upgrade existing facility" }, "geometry": { "type": "MultiLineString", "coordinates": [ [ [ 145.0080368, -37.9522725 ], [ 145.0088514, -37.9532956 ] ], [ [ 145.0088514, -37.9532956 ], [ 145.0084438, -37.9532166 ] ], [ [ 145.0098811, -37.9543584 ], [ 145.0110944, -37.9557938 ], [ 145.0115155, -37.9562154 ], [ 145.0114118, -37.9571058 ] ], [ [ 145.0098811, -37.9543584 ], [ 145.0088514, -37.9532956 ] ], [ [ 145.0115216, -37.9580989 ], [ 145.0112769, -37.9578875 ], [ 145.0114118, -37.9571058 ] ], [ [ 145.0115216, -37.9580989 ], [ 145.0110438, -37.9580909 ] ], [ [ 145.0131428, -37.9583336 ], [ 145.0115216, -37.9580989 ] ], [ [ 145.0178394, -37.9589085 ], [ 145.01572, -37.9585754 ], [ 145.0146746, -37.9585127 ] ], [ [ 145.0178394, -37.9589085 ], [ 145.0193692, -37.9591596 ] ], [ [ 145.0131428, -37.9583336 ], [ 145.0146746, -37.9585127 ] ] ] } },
{ "type": "Feature", "properties": { "project_id": "SCC_01264", "scc_feature": 818, "scc_source_id": "818", "scc_type": "C2", "status": "upgrade_candidate", "mean_lts": 3.0, "connects_existing": true, "length_km": 0.294, "high_stress_km": 0.294, "project_type": "Upgrade existing facility" }, "geometry": { "type": "MultiLineString", "coordinates": [ [ [ 145.0013657, -37.9435262 ], [ 145.0016795, -37.9420266 ] ], [ [ 145.0019181, -37.940778 ], [ 145.0016795, -37.9420266 ] ] ] } },
{ "type": "Feature", "properties": { "project_id": "SCC_01265", "scc_feature": 825, "scc_source_id": "825", "scc_type": "C2", "status": "upgrade_candidate", "mean_lts": 4.0, "connects_existing": false, "length_km": 0.278, "high_stress_km": 0.278, "project_type": "Upgrade existing facility" }, "geometry": { "type": "MultiLineString", "coordinates": [ [ [ 144.981791, -37.8640966 ], [ 144.9835917, -37.8643437 ], [ 144.9840447, -37.8644055 ] ], [ [ 144.9849055, -37.8645194 ], [ 144.9840447, -37.8644055 ] ] ] } },
{ "type": "Feature", "properties": { "project_id": "SCC_01266", "scc_feature": 825, "scc_source_id": "825", "scc_type": "C2", "status": "upgrade_candidate", "mean_lts": 2.91, "connects_existing": false, "length_km": 0.544, "high_stress_km": 0.247, "project_type": "Upgrade existing facility" }, "geometry": { "type": "MultiLineString", "coordinates": [ [ [ 144.9876808, -37.8648733 ], [ 144.9866742, -37.8646849 ] ], [ [ 144.9876808, -37.8648733 ], [ 144.9886209, -37.8649975 ] ], [ [ 144.9904441, -37.8652539 ], [ 144.9909085, -37.8653159 ] ], [ [ 144.9904441, -37.8652539 ], [ 144.9886209, -37.8649975 ] ], [ [ 144.9908527, -37.8656935 ], [ 144.9904441, -37.8652539 ] ], [ [ 144.9856321, -37.8645499 ], [ 144.9866742, -37.8646849 ] ] ] } },
{ "type": "Feature", "properties": { "project_id": "SCC_01268", "scc_feature": 826, "scc_source_id": "826", "scc_type": "C2", "status": "upgrade_candidate", "mean_lts": 2.57, "connects_existing": false, "length_km": 0.737, "high_stress_km": 0.21, "project_type": "Upgrade existing facility" }, "geometry": { "type": "MultiLineString", "coordinates": [ [ [ 144.9900829, -37.8697626 ], [ 144.990201, -37.8691789 ], [ 144.9902935, -37.8687029 ], [ 144.9903478, -37.8683794 ], [ 144.9905064, -37.867562 ], [ 144.9906391, -37.8668614 ], [ 144.9907329, -37.8663403 ], [ 144.9908527, -37.8656935 ] ], [ [ 144.9900829, -37.8697626 ], [ 144.99002, -37.8704014 ], [ 144.989656, -37.8716658 ] ], [ [ 144.9909085, -37.8653159 ], [ 144.9908527, -37.8656935 ] ] ] } },
{ "type": "Feature", "properties": { "project_id": "SCC_01270", "scc_feature": 827, "scc_source_id": "827", "scc_type": "C2", "status": "upgrade_candidate", "mean_lts": 3.0, "connects_existing": true, "length_km": 0.275, "high_stress_km": 0.275, "project_type": "Upgrade existing facility" }, "geometry": { "type": "MultiLineString", "coordinates": [ [ [ 144.980201, -37.7673549 ], [ 144.9797599, -37.7672932 ] ], [ [ 144.9773144, -37.767053 ], [ 144.9793519, -37.7672682 ], [ 144.9797599, -37.7672932 ] ] ] } },
{ "type": "Feature", "properties": { "project_id": "SCC_01271", "scc_feature": 828, "scc_source_id": "828", "scc_type": "C2", "status": "upgrade_candidate", "mean_lts": 4.0, "connects_existing": false, "length_km": 0.999, "high_stress_km": 0.999, "project_type": "Upgrade existing facility" }, "geometry": { "type": "MultiLineString", "coordinates": [ [ [ 144.9914051, -37.9277754 ], [ 144.9920981, -37.9278143 ], [ 144.9940694, -37.9281183 ], [ 144.9920155, -37.927921 ], [ 144.9914051, -37.9277754 ] ], [ [ 144.9885379, -37.9273659 ], [ 144.988894, -37.9276604 ] ], [ [ 144.9885379, -37.9273659 ], [ 144.9893078, -37.9275053 ] ], [ [ 144.9914051, -37.9277754 ], [ 144.9909631, -37.9277138 ] ], [ [ 144.988894, -37.9276604 ], [ 144.9893078, -37.9275053 ] ], [ [ 144.9898287, -37.9275953 ], [ 144.988894, -37.9276604 ] ], [ [ 144.9893078, -37.9275053 ], [ 144.9898287, -37.9275953 ] ], [ [ 144.9898287, -37.9275953 ], [ 144.9909631, -37.9277138 ] ] ] } },
{ "type": "Feature", "properties": { "project_id": "SCC_01272", "scc_feature": 829, "scc_source_id": "829", "scc_type": "C2", "status": "upgrade_candidate", "mean_lts": 3.49, "connects_existing": true, "length_km": 0.587, "high_stress_km": 0.437, "project_type": "Upgrade existing facility" }, "geometry": { "type": "MultiLineString", "coordinates": [ [ [ 144.9907254, -37.8632672 ], [ 144.9910964, -37.8642558 ] ], [ [ 144.9910964, -37.8642558 ], [ 144.9909085, -37.8653159 ] ], [ [ 144.9916497, -37.8614626 ], [ 144.9912562, -37.8633934 ], [ 144.9910964, -37.8642558 ] ] ] } },
{ "type": "Feature", "properties": { "project_id": "SCC_01273", "scc_feature": 829, "scc_source_id": "829", "scc_type": "C2", "status": "upgrade_candidate", "mean_lts": 4.0, "connects_existing": true, "length_km": 1.077, "high_stress_km": 1.077, "project_type": "Upgrade existing facility" }, "geometry": { "type": "MultiLineString", "coordinates": [ [ [ 144.9925943, -37.8559725 ], [ 144.9926478, -37.855676 ], [ 144.992833, -37.8547149 ] ], [ [ 144.9925943, -37.8559725 ], [ 144.9925465, -37.8564763 ] ], [ [ 144.9929937, -37.8538165 ], [ 144.992833, -37.8547149 ] ], [ [ 144.9929937, -37.8538165 ], [ 144.9930981, -37.8533226 ] ], [ [ 144.9931663, -37.8529002 ], [ 144.9932595, -37.8523972 ], [ 144.9933653, -37.8518493 ], [ 144.9935169, -37.8508696 ], [ 144.9935866, -37.8503931 ], [ 144.993683, -37.849773 ], [ 144.9937225, -37.8495754 ], [ 144.993792, -37.8491079 ] ], [ [ 144.9931663, -37.8529002 ], [ 144.9930981, -37.8533226 ] ], [ [ 144.9939295, -37.8482271 ], [ 144.9939987, -37.8477687 ], [ 144.994137, -37.8468609 ] ], [ [ 144.9939295, -37.8482271 ], [ 144.993792, -37.8491079 ] ] ] } },
{ "type": "Feature", "properties": { "project_id": "SCC_01274", "scc_feature": 830, "scc_source_id": "830", "scc_type": "C2", "status": "upgrade_candidate", "mean_lts": 3.4, "connects_existing": true, "length_km": 1.901, "high_stress_km": 1.801, "project_type": "Upgrade existing facility" }, "geometry": { "type": "MultiLineString", "coordinates": [ [ [ 144.9803442, -37.845057 ], [ 144.9810475, -37.8451051 ], [ 144.9824288, -37.845291 ] ], [ [ 144.9825615, -37.8454285 ], [ 144.9816451, -37.8452776 ] ], [ [ 144.9824288, -37.845291 ], [ 144.9816451, -37.8452776 ] ], [ [ 144.9816451, -37.8452776 ], [ 144.9803442, -37.845057 ] ], [ [ 144.9825615, -37.8454285 ], [ 144.9824288, -37.845291 ] ], [ [ 144.9836712, -37.8455736 ], [ 144.9829919, -37.8454809 ] ], [ [ 144.9824288, -37.845291 ], [ 144.9829919, -37.8454809 ] ], [ [ 144.9836712, -37.8455736 ], [ 144.9832902, -37.8453779 ], [ 144.983969, -37.8454886 ], [ 144.985021, -37.8456688 ] ], [ [ 144.985021, -37.8456688 ], [ 144.9836712, -37.8455736 ] ], [ [ 144.9870481, -37.8459288 ], [ 144.9860515, -37.8458036 ], [ 144.9854852, -37.8457309 ], [ 144.985021, -37.8456688 ] ], [ [ 144.9870481, -37.8459288 ], [ 144.9877502, -37.8460219 ] ], [ [ 144.9887466, -37.8461561 ], [ 144.9893921, -37.8462392 ] ], [ [ 144.9900942, -37.8463323 ], [ 144.9896751, -37.8462801 ], [ 144.9893921, -37.8462392 ] ], [ [ 144.9900942, -37.8463323 ], [ 144.9906264, -37.8464045 ], [ 144.9915438, -37.8465193 ] ], [ [ 144.994137, -37.8468609 ], [ 144.9933215, -37.8467569 ], [ 144.9930272, -37.8467158 ], [ 144.9923589, -37.8466323 ], [ 144.9915438, -37.8465193 ] ], [ [ 144.9887466, -37.8461561 ], [ 144.9881465, -37.8460738 ], [ 144.9877502, -37.8460219 ] ], [ [ 144.9787021, -37.8448486 ], [ 144.9803442, -37.845057 ] ] ] } },
{ "type": "Feature", "properties": { "project_id": "SCC_01276", "scc_feature": 831, "scc_source_id": "831", "scc_type": "C2", "status": "upgrade_candidate", "mean_lts": 3.17, "connects_existing": true, "length_km": 0.271, "high_stress_km": 0.271, "project_type": "Upgrade existing facility" }, "geometry": { "type": "MultiLineString", "coordinates": [ [ [ 144.9918013, -37.8177491 ], [ 144.9912915, -37.8176953 ] ], [ [ 144.9912915, -37.8176953 ], [ 144.9899447, -37.8175101 ], [ 144.9904115, -37.817473 ], [ 144.9909756, -37.8176178 ], [ 144.9912915, -37.8176953 ] ] ] } },
{ "type": "Feature", "properties": { "project_id": "SCC_01277", "scc_feature": 832, "scc_source_id": "832", "scc_type": "C2", "status": "upgrade_candidate", "mean_lts": 2.43, "connects_existing": true, "length_km": 0.8, "high_stress_km": 0.348, "project_type": "Upgrade existing facility" }, "geometry": { "type": "MultiLineString", "coordinates": [ [ [ 144.9876952, -37.8045488 ], [ 144.988443, -37.8046156 ], [ 144.9888167, -37.8046581 ], [ 144.9893604, -37.8047124 ], [ 144.9897116, -37.8047454 ], [ 144.9902442, -37.8047906 ], [ 144.9921471, -37.8049853 ], [ 144.992793, -37.8050413 ], [ 144.9935068, -37.8051076 ] ], [ [ 144.9945379, -37.8051972 ], [ 144.9940167, -37.8051523 ], [ 144.9935068, -37.8051076 ] ], [ [ 144.9945379, -37.8051972 ], [ 144.9953082, -37.8052734 ] ], [ [ 144.9960106, -37.8053394 ], [ 144.9953082, -37.8052734 ] ], [ [ 144.9960106, -37.8053394 ], [ 144.9967131, -37.8054055 ] ] ] } },
{ "type": "Feature", "properties": { "project_id": "SCC_01278", "scc_feature": 833, "scc_source_id": "833", "scc_type": "C2", "status": "upgrade_candidate", "mean_lts": 2.24, "connects_existing": true, "length_km": 1.491, "high_stress_km": 0.399, "project_type": "Upgrade existing facility" }, "geometry": { "type": "MultiLineString", "coordinates": [ [ [ 144.9948376, -37.8167915 ], [ 144.9947466, -37.8176371 ] ], [ [ 144.9945761, -37.8180577 ], [ 144.9947466, -37.8176371 ] ], [ [ 144.9951383, -37.8153367 ], [ 144.9950582, -37.8157769 ] ], [ [ 144.9951383, -37.8153367 ], [ 144.9952131, -37.8146711 ] ], [ [ 144.9952672, -37.8143476 ], [ 144.9952131, -37.8146711 ] ], [ [ 144.9952672, -37.8143476 ], [ 144.9953747, -37.8137366 ] ], [ [ 144.9959861, -37.8104487 ], [ 144.9959336, -37.8107092 ], [ 144.9958129, -37.811392 ], [ 144.9957457, -37.8117784 ], [ 144.9956925, -37.8120658 ], [ 144.9955856, -37.8126588 ], [ 144.9954533, -37.8133505 ], [ 144.9953747, -37.8137366 ] ], [ [ 144.9960529, -37.8096568 ], [ 144.9961906, -37.808767 ], [ 144.9963582, -37.8076073 ], [ 144.996426, -37.8072029 ], [ 144.9967131, -37.8054055 ] ], [ [ 144.9960529, -37.8096568 ], [ 144.9959736, -37.81007 ] ], [ [ 144.9945761, -37.8180577 ], [ 144.9945867, -37.8185085 ] ], [ [ 144.9948376, -37.8167915 ], [ 144.9949902, -37.8161903 ], [ 144.9950582, -37.8157769 ] ], [ [ 144.9959861, -37.8104487 ], [ 144.9959736, -37.81007 ] ] ] } },
{ "type": "Feature", "properties": { "project_id": "SCC_01279", "scc_feature": 834, "scc_source_id": "834", "scc_type": "C2", "status": "upgrade_candidate", "mean_lts": 3.25, "connects_existing": true, "length_km": 4.202, "high_stress_km": 3.466, "project_type": "Upgrade existing facility" }, "geometry": { "type": "MultiLineString", "coordinates": [ [ [ 144.9921473, -37.9096927 ], [ 144.9924274, -37.9081745 ], [ 144.9925856, -37.9073751 ], [ 144.9927046, -37.9067644 ], [ 144.9928102, -37.9062255 ] ], [ [ 144.9921473, -37.9096927 ], [ 144.9918536, -37.9112917 ] ], [ [ 144.9922047, -37.9159477 ], [ 144.9926478, -37.9176405 ], [ 144.993043, -37.9194225 ] ], [ [ 144.9922047, -37.9159477 ], [ 144.9920925, -37.9150537 ] ], [ [ 144.9936187, -37.9020038 ], [ 144.9934988, -37.9026506 ], [ 144.9931666, -37.9044112 ], [ 144.9929546, -37.905516 ], [ 144.9928102, -37.9062255 ] ], [ [ 144.9936187, -37.9020038 ], [ 144.9937902, -37.9011326 ] ], [ [ 144.9939627, -37.9002253 ], [ 144.9937902, -37.9011326 ] ], [ [ 144.9934163, -37.919501 ], [ 144.9933101, -37.9200579 ] ], [ [ 144.9933101, -37.9200579 ], [ 144.993043, -37.9194225 ] ], [ [ 144.9933101, -37.9200579 ], [ 144.9937842, -37.9218683 ], [ 144.9940626, -37.9229274 ] ], [ [ 144.9939627, -37.9002253 ], [ 144.9941226, -37.8993629 ] ], [ [ 144.9943212, -37.89833 ], [ 144.9947409, -37.8962734 ], [ 144.9950794, -37.8942786 ], [ 144.9953155, -37.892282 ] ], [ [ 144.9943212, -37.89833 ], [ 144.9941226, -37.8993629 ] ], [ [ 144.994281, -37.9270315 ], [ 144.9944671, -37.9260433 ], [ 144.9945867, -37.924991 ], [ 144.994341, -37.9239865 ], [ 144.9940626, -37.9229274 ] ], [ [ 144.994281, -37.9270315 ], [ 144.9940694, -37.9281183 ] ], [ [ 144.9955299, -37.8919252 ], [ 144.9953155, -37.892282 ] ], [ [ 144.991657, -37.9130817 ], [ 144.9920925, -37.9150537 ] ], [ [ 144.991657, -37.9130817 ], [ 144.9917341, -37.9119205 ], [ 144.9918536, -37.9112917 ] ] ] } },
{ "type": "Feature", "properties": { "project_id": "SCC_01280", "scc_feature": 834, "scc_source_id": "834", "scc_type": "C2", "status": "upgrade_candidate", "mean_lts": 2.0, "connects_existing": true, "length_km": 0.12, "high_stress_km": 0.0, "project_type": "Upgrade existing facility" }, "geometry": { "type": "MultiLineString", "coordinates": [ [ [ 144.9962207, -37.8886748 ], [ 144.9955648, -37.8923133 ] ], [ [ 144.9962207, -37.8886748 ], [ 144.9963493, -37.8877037 ] ] ] } },
{ "type": "Feature", "properties": { "project_id": "SCC_01281", "scc_feature": 834, "scc_source_id": "834", "scc_type": "C2", "status": "upgrade_candidate", "mean_lts": 2.82, "connects_existing": true, "length_km": 0.349, "high_stress_km": 0.2, "project_type": "Upgrade existing facility" }, "geometry": { "type": "LineString", "coordinates": [ [ 144.9964271, -37.8873536 ], [ 144.9966419, -37.8861406 ], [ 144.9967874, -37.8853861 ], [ 144.9969493, -37.8848662 ], [ 144.997039, -37.8840747 ] ] } },
{ "type": "Feature", "properties": { "project_id": "SCC_01282", "scc_feature": 835, "scc_source_id": "835", "scc_type": "C2", "status": "upgrade_candidate", "mean_lts": 3.33, "connects_existing": true, "length_km": 1.369, "high_stress_km": 1.08, "project_type": "Upgrade existing facility" }, "geometry": { "type": "MultiLineString", "coordinates": [ [ [ 144.994137, -37.8468609 ], [ 144.9943722, -37.8457294 ] ], [ [ 144.9944528, -37.8452712 ], [ 144.9945576, -37.8447593 ], [ 144.9945973, -37.8445527 ], [ 144.9947023, -37.8440318 ], [ 144.9947674, -37.8437265 ] ], [ [ 144.9944528, -37.8452712 ], [ 144.9943722, -37.8457294 ] ], [ [ 144.9948995, -37.8430439 ], [ 144.9949658, -37.8426935 ], [ 144.9951238, -37.8418942 ], [ 144.9951877, -37.8416339 ], [ 144.9953058, -37.8410502 ], [ 144.9954253, -37.8404124 ], [ 144.9956095, -37.8394873 ], [ 144.9957931, -37.8385802 ], [ 144.9958836, -37.8381763 ], [ 144.9960418, -37.8373679 ], [ 144.9961478, -37.836811 ], [ 144.9964899, -37.8350865 ], [ 144.996569, -37.8346823 ] ], [ [ 144.9948995, -37.8430439 ], [ 144.9947674, -37.8437265 ] ] ] } },
{ "type": "Feature", "properties": { "project_id": "SCC_01283", "scc_feature": 835, "scc_source_id": "835", "scc_type": "C2", "status": "upgrade_candidate", "mean_lts": 2.8, "connects_existing": true, "length_km": 0.879, "high_stress_km": 0.759, "project_type": "Upgrade existing facility" }, "geometry": { "type": "MultiLineString", "coordinates": [ [ [ 144.997028, -37.830734 ], [ 144.9970936, -37.8304107 ], [ 144.9971874, -37.8298806 ], [ 144.9972296, -37.8295839 ], [ 144.9972823, -37.8293144 ], [ 144.9973234, -37.8290538 ], [ 144.9973899, -37.8286945 ], [ 144.997456, -37.8283531 ], [ 144.9975097, -37.8280477 ] ], [ [ 144.997028, -37.830734 ], [ 144.9971983, -37.8311604 ] ], [ [ 144.9971983, -37.8311604 ], [ 144.9974589, -37.8307683 ] ], [ [ 144.9975641, -37.8277151 ], [ 144.997606, -37.8274275 ] ], [ [ 144.9975641, -37.8277151 ], [ 144.9975097, -37.8280477 ] ], [ [ 144.9977114, -37.8268886 ], [ 144.9976706, -37.8271402 ], [ 144.997606, -37.8274275 ] ], [ [ 144.9977114, -37.8268886 ], [ 144.9977518, -37.8266549 ] ], [ [ 144.997926, -37.8256756 ], [ 144.9977518, -37.8266549 ] ], [ [ 144.9971983, -37.8311604 ], [ 144.9968524, -37.8317673 ], [ 144.9967568, -37.8323605 ], [ 144.9967238, -37.8327384 ] ] ] } },
{ "type": "Feature", "properties": { "project_id": "SCC_01284", "scc_feature": 836, "scc_source_id": "836", "scc_type": "C2", "status": "upgrade_candidate", "mean_lts": 3.0, "connects_existing": true, "length_km": 0.076, "high_stress_km": 0.076, "project_type": "Upgrade existing facility" }, "geometry": { "type": "LineString", "coordinates": [ [ 144.9899075, -37.824746 ], [ 144.9887659, -37.8245282 ] ] } },
{ "type": "Feature", "properties": { "project_id": "SCC_01285", "scc_feature": 836, "scc_source_id": "836", "scc_type": "C2", "status": "upgrade_candidate", "mean_lts": 3.0, "connects_existing": false, "length_km": 0.061, "high_stress_km": 0.061, "project_type": "Upgrade existing facility" }, "geometry": { "type": "LineString", "coordinates": [ [ 144.9906239, -37.8247221 ], [ 144.9911643, -37.8249026 ] ] } },
{ "type": "Feature", "properties": { "project_id": "SCC_01286", "scc_feature": 837, "scc_source_id": "837", "scc_type": "C2", "status": "upgrade_candidate", "mean_lts": 3.27, "connects_existing": false, "length_km": 0.676, "high_stress_km": 0.676, "project_type": "Upgrade existing facility" }, "geometry": { "type": "MultiLineString", "coordinates": [ [ [ 144.9954369, -37.8181535 ], [ 144.9951086, -37.8181118 ] ], [ [ 144.9945761, -37.8180577 ], [ 144.9951086, -37.8181118 ] ], [ [ 144.9954369, -37.8181535 ], [ 144.9945867, -37.8185085 ] ], [ [ 144.9957766, -37.8181953 ], [ 144.9954369, -37.8181535 ] ], [ [ 144.9991526, -37.8185411 ], [ 144.9981548, -37.8184701 ] ], [ [ 144.996943, -37.8183323 ], [ 144.9981548, -37.8184701 ] ], [ [ 144.9957766, -37.8181953 ], [ 144.996943, -37.8183323 ] ], [ [ 144.996943, -37.8183323 ], [ 144.9962636, -37.8182487 ], [ 144.9957766, -37.8181953 ] ] ] } },
{ "type": "Feature", "properties": { "project_id": "SCC_01287", "scc_feature": 838, "scc_source_id": "838", "scc_type": "C2", "status": "upgrade_candidate", "mean_lts": 3.0, "connects_existing": true, "length_km": 0.445, "high_stress_km": 0.445, "project_type": "Upgrade existing facility" }, "geometry": { "type": "LineString", "coordinates": [ [ 144.9986374, -37.8216324 ], [ 144.9985046, -37.8223421 ], [ 144.9984507, -37.8226566 ], [ 144.9983017, -37.8235462 ], [ 144.9982477, -37.8238607 ], [ 144.9981546, -37.8243638 ], [ 144.9980351, -37.8250016 ], [ 144.997926, -37.8256756 ] ] } },
{ "type": "Feature", "properties": { "project_id": "SCC_01288", "scc_feature": 838, "scc_source_id": "838", "scc_type": "C2", "status": "upgrade_candidate", "mean_lts": 3.0, "connects_existing": true, "length_km": 0.303, "high_stress_km": 0.303, "project_type": "Upgrade existing facility" }, "geometry": { "type": "MultiLineString", "coordinates": [ [ [ 144.9989615, -37.8197274 ], [ 144.9989199, -37.8200061 ], [ 144.9987458, -37.8209854 ], [ 144.9986655, -37.8214346 ] ], [ [ 144.9989615, -37.8197274 ], [ 144.9990411, -37.8193052 ], [ 144.9991526, -37.8185411 ] ] ] } },
{ "type": "Feature", "properties": { "project_id": "SCC_01289", "scc_feature": 839, "scc_source_id": "839", "scc_type": "C2", "status": "upgrade_candidate", "mean_lts": 3.12, "connects_existing": true, "length_km": 0.801, "high_stress_km": 0.801, "project_type": "Upgrade existing facility" }, "geometry": { "type": "MultiLineString", "coordinates": [ [ [ 144.9991526, -37.8185411 ], [ 144.9994834, -37.8168074 ] ], [ [ 144.9997487, -37.8153971 ], [ 144.9998408, -37.81493 ], [ 144.9999206, -37.8144988 ] ], [ [ 144.9997487, -37.8153971 ], [ 144.999643, -37.815945 ], [ 144.9994834, -37.8168074 ] ], [ [ 145.0, -37.8140586 ], [ 145.0000802, -37.8136364 ], [ 145.0001474, -37.81325 ], [ 145.0002654, -37.8126663 ], [ 145.0003447, -37.8122531 ] ], [ [ 145.0, -37.8140586 ], [ 144.9999206, -37.8144988 ] ], [ [ 145.0003447, -37.8122531 ], [ 145.0000805, -37.8119422 ] ], [ [ 145.0003447, -37.8122531 ], [ 145.000425, -37.8118039 ] ] ] } },
{ "type": "Feature", "properties": { "project_id": "SCC_01290", "scc_feature": 840, "scc_source_id": "840", "scc_type": "C2", "status": "upgrade_candidate", "mean_lts": 3.0, "connects_existing": false, "length_km": 0.085, "high_stress_km": 0.085, "project_type": "Upgrade existing facility" }, "geometry": { "type": "LineString", "coordinates": [ [ 144.9975532, -37.8003731 ], [ 144.998428, -37.800361 ] ] } },
{ "type": "Feature", "properties": { "project_id": "SCC_01291", "scc_feature": 840, "scc_source_id": "840", "scc_type": "C2", "status": "upgrade_candidate", "mean_lts": 2.38, "connects_existing": true, "length_km": 0.381, "high_stress_km": 0.143, "project_type": "Upgrade existing facility" }, "geometry": { "type": "MultiLineString", "coordinates": [ [ [ 145.0007119, -37.7931633 ], [ 145.0007907, -37.7927681 ] ], [ [ 145.0007119, -37.7931633 ], [ 145.000645, -37.7943787 ] ], [ [ 145.000645, -37.7943787 ], [ 145.001095, -37.7958012 ] ], [ [ 145.0003866, -37.7946988 ], [ 145.000645, -37.7943787 ] ] ] } },
{ "type": "Feature", "properties": { "project_id": "SCC_01292", "scc_feature": 840, "scc_source_id": "840", "scc_type": "C2", "status": "upgrade_candidate", "mean_lts": 3.0, "connects_existing": false, "length_km": 0.126, "high_stress_km": 0.126, "project_type": "Upgrade existing facility" }, "geometry": { "type": "MultiLineString", "coordinates": [ [ [ 145.0000404, -37.7999558 ], [ 144.9998487, -37.7994839 ] ], [ [ 145.0000404, -37.7999558 ], [ 144.9998893, -37.800503 ] ] ] } },
{ "type": "Feature", "properties": { "project_id": "SCC_01294", "scc_feature": 847, "scc_source_id": "847", "scc_type": "C2", "status": "upgrade_candidate", "mean_lts": 2.26, "connects_existing": true, "length_km": 0.603, "high_stress_km": 0.157, "project_type": "Upgrade existing facility" }, "geometry": { "type": "MultiLineString", "coordinates": [ [ [ 144.9541316, -37.802105 ], [ 144.9529862, -37.80122 ] ], [ [ 144.9563473, -37.8037206 ], [ 144.9555499, -37.8033913 ], [ 144.9550646, -37.8028692 ] ], [ [ 144.9541316, -37.802105 ], [ 144.9550646, -37.8028692 ] ], [ [ 144.9550646, -37.8028692 ], [ 144.9543023, -37.8025045 ], [ 144.9541316, -37.802105 ] ] ] } },
{ "type": "Feature", "properties": { "project_id": "SCC_01295", "scc_feature": 853, "scc_source_id": "853", "scc_type": "C2", "status": "upgrade_candidate", "mean_lts": 3.42, "connects_existing": true, "length_km": 0.923, "high_stress_km": 0.85, "project_type": "Upgrade existing facility" }, "geometry": { "type": "MultiLineString", "coordinates": [ [ [ 144.9380538, -37.8431703 ], [ 144.9385436, -37.8427193 ] ], [ [ 144.940875, -37.8402008 ], [ 144.9399964, -37.8411497 ] ], [ [ 144.940875, -37.8402008 ], [ 144.9420108, -37.8389951 ], [ 144.9423512, -37.8386045 ] ], [ [ 144.9435813, -37.8372742 ], [ 144.9423512, -37.8386045 ] ], [ [ 144.9392573, -37.8419838 ], [ 144.9385436, -37.8427193 ] ], [ [ 144.9392573, -37.8419838 ], [ 144.9399964, -37.8411497 ] ] ] } },
{ "type": "Feature", "properties": { "project_id": "SCC_01296", "scc_feature": 853, "scc_source_id": "853", "scc_type": "C2", "status": "upgrade_candidate", "mean_lts": 4.0, "connects_existing": false, "length_km": 0.138, "high_stress_km": 0.138, "project_type": "Upgrade existing facility" }, "geometry": { "type": "LineString", "coordinates": [ [ 144.9439333, -37.8368749 ], [ 144.9447059, -37.8360593 ] ] } },
{ "type": "Feature", "properties": { "project_id": "SCC_01297", "scc_feature": 856, "scc_source_id": "856", "scc_type": "C2", "status": "upgrade_candidate", "mean_lts": 3.67, "connects_existing": true, "length_km": 1.358, "high_stress_km": 1.358, "project_type": "Upgrade existing facility" }, "geometry": { "type": "MultiLineString", "coordinates": [ [ [ 145.0086111, -37.8178634 ], [ 145.008434, -37.8189598 ], [ 145.0082829, -37.819507 ], [ 145.0082412, -37.8189475 ], [ 145.0086111, -37.8178634 ] ], [ [ 145.0089446, -37.8160216 ], [ 145.0090529, -37.8153745 ], [ 145.0092114, -37.8145481 ] ], [ [ 145.0089446, -37.8160216 ], [ 145.0088902, -37.8163541 ] ], [ [ 145.0092798, -37.8141167 ], [ 145.0097004, -37.8124116 ] ], [ [ 145.0092798, -37.8141167 ], [ 145.0092114, -37.8145481 ] ], [ [ 145.0097004, -37.8124116 ], [ 145.0096683, -37.8119154 ], [ 145.0098495, -37.8115129 ], [ 145.0097004, -37.8124116 ] ], [ [ 145.0088569, -37.81675 ], [ 145.0087839, -37.8173526 ], [ 145.0086111, -37.8178634 ] ], [ [ 145.0086111, -37.8178634 ], [ 145.0088569, -37.81675 ] ], [ [ 145.0088569, -37.81675 ], [ 145.0088902, -37.8163541 ] ] ] } },
{ "type": "Feature", "properties": { "project_id": "SCC_01298", "scc_feature": 857, "scc_source_id": "857", "scc_type": "C2", "status": "upgrade_candidate", "mean_lts": 2.37, "connects_existing": true, "length_km": 0.152, "high_stress_km": 0.056, "project_type": "Upgrade existing facility" }, "geometry": { "type": "MultiLineString", "coordinates": [ [ [ 144.9973247, -37.8054699 ], [ 144.9967131, -37.8054055 ] ], [ [ 144.99871, -37.8054845 ], [ 144.997936, -37.8055434 ] ], [ [ 144.9973247, -37.8054699 ], [ 144.997936, -37.8055434 ] ] ] } },
{ "type": "Feature", "properties": { "project_id": "SCC_01299", "scc_feature": 858, "scc_source_id": "858", "scc_type": "C2", "status": "upgrade_candidate", "mean_lts": 2.36, "connects_existing": true, "length_km": 0.241, "high_stress_km": 0.087, "project_type": "Upgrade existing facility" }, "geometry": { "type": "MultiLineString", "coordinates": [ [ [ 145.0090369, -37.7825531 ], [ 145.0095235, -37.7826154 ] ], [ [ 145.0098968, -37.7826668 ], [ 145.0097522, -37.7834033 ] ], [ [ 145.0098968, -37.7826668 ], [ 145.0095235, -37.7826154 ] ], [ [ 145.0088766, -37.7838752 ], [ 145.0096218, -37.784032 ], [ 145.0097522, -37.7834033 ] ] ] } },
{ "type": "Feature", "properties": { "project_id": "SCC_01300", "scc_feature": 858, "scc_source_id": "858", "scc_type": "C2", "status": "upgrade_candidate", "mean_lts": 4.0, "connects_existing": false, "length_km": 0.335, "high_stress_km": 0.335, "project_type": "Upgrade existing facility" }, "geometry": { "type": "LineString", "coordinates": [ [ 145.0096836, -37.7821495 ], [ 145.0100174, -37.7802897 ], [ 145.0102968, -37.779186 ] ] } },
{ "type": "Feature", "properties": { "project_id": "SCC_01301", "scc_feature": 859, "scc_source_id": "859", "scc_type": "C2", "status": "upgrade_candidate", "mean_lts": 2.98, "connects_existing": false, "length_km": 5.527, "high_stress_km": 3.65, "project_type": "Upgrade existing facility" }, "geometry": { "type": "MultiLineString", "coordinates": [ [ [ 144.9471602, -37.5997569 ], [ 144.9544894, -37.6005511 ], [ 144.9495986, -37.6000517 ], [ 144.9568903, -37.6009803 ] ], [ [ 144.9620896, -37.6013856 ], [ 144.9623444, -37.6015973 ] ], [ [ 144.9620896, -37.6013856 ], [ 144.9627667, -37.6014784 ], [ 144.9657256, -37.6017998 ], [ 144.9686728, -37.602139 ] ], [ [ 144.9568903, -37.6009803 ], [ 144.9620896, -37.6013856 ] ], [ [ 144.9623444, -37.6015973 ], [ 144.9568903, -37.6009803 ] ], [ [ 144.9686728, -37.602139 ], [ 144.9658216, -37.6020178 ], [ 144.9642745, -37.6018469 ], [ 144.9628637, -37.6016603 ], [ 144.9623444, -37.6015973 ] ], [ [ 144.9686728, -37.602139 ], [ 144.9725902, -37.602621 ], [ 144.9758416, -37.6030192 ] ], [ [ 144.9568903, -37.6009803 ], [ 144.9756987, -37.6032781 ] ] ] } },
{ "type": "Feature", "properties": { "project_id": "SCC_01302", "scc_feature": 860, "scc_source_id": "860", "scc_type": "C2", "status": "upgrade_candidate", "mean_lts": 4.0, "connects_existing": false, "length_km": 0.071, "high_stress_km": 0.071, "project_type": "Upgrade existing facility" }, "geometry": { "type": "LineString", "coordinates": [ [ 144.9949297, -37.8469645 ], [ 144.9945899, -37.8469227 ], [ 144.994137, -37.8468609 ] ] } },
{ "type": "Feature", "properties": { "project_id": "SCC_01303", "scc_feature": 861, "scc_source_id": "861", "scc_type": "C2", "status": "upgrade_candidate", "mean_lts": 2.56, "connects_existing": false, "length_km": 0.8, "high_stress_km": 0.448, "project_type": "Upgrade existing facility" }, "geometry": { "type": "MultiLineString", "coordinates": [ [ [ 145.0091719, -37.8675728 ], [ 145.0093183, -37.8667823 ] ], [ [ 145.009585, -37.8653179 ], [ 145.0097188, -37.8645721 ], [ 145.0097841, -37.8642578 ], [ 145.0098658, -37.8637546 ] ], [ [ 145.009585, -37.8653179 ], [ 145.0093183, -37.8667823 ] ], [ [ 145.0101966, -37.8620209 ], [ 145.0103282, -37.8613562 ], [ 145.0104892, -37.8604398 ] ], [ [ 145.0101966, -37.8620209 ], [ 145.010037, -37.8628833 ], [ 145.0098658, -37.8637546 ] ] ] } },
{ "type": "Feature", "properties": { "project_id": "SCC_01304", "scc_feature": 863, "scc_source_id": "863", "scc_type": "C2", "status": "upgrade_candidate", "mean_lts": 3.69, "connects_existing": false, "length_km": 0.323, "high_stress_km": 0.323, "project_type": "Upgrade existing facility" }, "geometry": { "type": "MultiLineString", "coordinates": [ [ [ 145.0113566, -37.8378889 ], [ 145.0114231, -37.8375296 ] ], [ [ 145.0113566, -37.8378889 ], [ 145.0112517, -37.8384098 ], [ 145.0111415, -37.8391289 ], [ 145.0111007, -37.8393806 ], [ 145.0109535, -37.8402072 ], [ 145.0109254, -37.8404049 ] ] ] } },
{ "type": "Feature", "properties": { "project_id": "SCC_01305", "scc_feature": 864, "scc_source_id": "864", "scc_type": "C2", "status": "upgrade_candidate", "mean_lts": 4.0, "connects_existing": true, "length_km": 0.05, "high_stress_km": 0.05, "project_type": "Upgrade existing facility" }, "geometry": { "type": "LineString", "coordinates": [ [ 144.971755, -37.8333653 ], [ 144.9719105, -37.8330796 ] ] } },
{ "type": "Feature", "properties": { "project_id": "SCC_01306", "scc_feature": 865, "scc_source_id": "865", "scc_type": "C2", "status": "upgrade_candidate", "mean_lts": 4.0, "connects_existing": true, "length_km": 0.292, "high_stress_km": 0.292, "project_type": "Upgrade existing facility" }, "geometry": { "type": "LineString", "coordinates": [ [ 144.9727346, -37.8614897 ], [ 144.9713863, -37.8596732 ], [ 144.9720169, -37.8603059 ], [ 144.9724817, -37.8607644 ] ] } },
{ "type": "Feature", "properties": { "project_id": "SCC_01308", "scc_feature": 866, "scc_source_id": "866", "scc_type": "C2", "status": "upgrade_candidate", "mean_lts": 2.67, "connects_existing": true, "length_km": 0.537, "high_stress_km": 0.359, "project_type": "Upgrade existing facility" }, "geometry": { "type": "MultiLineString", "coordinates": [ [ [ 144.9721086, -37.7435958 ], [ 144.9728197, -37.7424905 ] ], [ [ 144.9728197, -37.7424905 ], [ 144.9724261, -37.7452684 ] ], [ [ 144.9728882, -37.7420592 ], [ 144.9728197, -37.7424905 ] ] ] } },
{ "type": "Feature", "properties": { "project_id": "SCC_01309", "scc_feature": 867, "scc_source_id": "867", "scc_type": "C2", "status": "upgrade_candidate", "mean_lts": 2.13, "connects_existing": true, "length_km": 1.301, "high_stress_km": 0.171, "project_type": "Upgrade existing facility" }, "geometry": { "type": "MultiLineString", "coordinates": [ [ [ 144.9681039, -37.8127916 ], [ 144.9669818, -37.8131147 ] ], [ [ 144.9681039, -37.8127916 ], [ 144.9688737, -37.8124714 ], [ 144.9695478, -37.8123299 ] ], [ [ 144.9705659, -37.812068 ], [ 144.971278, -37.8117829 ], [ 144.9715986, -37.8116893 ], [ 144.9720913, -37.8115356 ], [ 144.9731879, -37.8113112 ] ], [ [ 144.9705659, -37.812068 ], [ 144.9698536, -37.8123622 ], [ 144.9695478, -37.8123299 ] ], [ [ 144.9695478, -37.8123299 ], [ 144.9705659, -37.812068 ] ], [ [ 144.9724869, -37.8116055 ], [ 144.972075, -37.8117155 ], [ 144.9716055, -37.8118516 ], [ 144.971182, -37.8119705 ], [ 144.9705659, -37.812068 ] ], [ [ 144.9731879, -37.8113112 ], [ 144.972589, -37.8103636 ], [ 144.9729847, -37.8108481 ] ], [ [ 144.9731879, -37.8113112 ], [ 144.9729847, -37.8108481 ] ], [ [ 144.9695478, -37.8123299 ], [ 144.9690287, -37.8126183 ], [ 144.9681039, -37.8127916 ] ] ] } },
{ "type": "Feature", "properties": { "project_id": "SCC_01310", "scc_feature": 868, "scc_source_id": "868", "scc_type": "C2", "status": "upgrade_candidate", "mean_lts": 3.0, "connects_existing": false, "length_km": 0.085, "high_stress_km": 0.085, "project_type": "Upgrade existing facility" }, "geometry": { "type": "LineString", "coordinates": [ [ 144.9728541, -38.3288137 ], [ 144.9736993, -38.3284498 ] ] } },
{ "type": "Feature", "properties": { "project_id": "SCC_01311", "scc_feature": 868, "scc_source_id": "868", "scc_type": "C2", "status": "upgrade_candidate", "mean_lts": 4.0, "connects_existing": false, "length_km": 0.121, "high_stress_km": 0.121, "project_type": "Upgrade existing facility" }, "geometry": { "type": "LineString", "coordinates": [ [ 144.9699204, -38.3302317 ], [ 144.9687603, -38.3308064 ] ] } },
{ "type": "Feature", "properties": { "project_id": "SCC_01313", "scc_feature": 870, "scc_source_id": "870", "scc_type": "C2", "status": "upgrade_candidate", "mean_lts": 2.09, "connects_existing": true, "length_km": 0.297, "high_stress_km": 0.111, "project_type": "Upgrade existing facility" }, "geometry": { "type": "MultiLineString", "coordinates": [ [ [ 144.9758005, -37.7796886 ], [ 144.9759757, -37.7795114 ] ], [ [ 144.9760624, -37.778828 ], [ 144.9748155, -37.7787525 ] ], [ [ 144.9760624, -37.778828 ], [ 144.9759757, -37.7795114 ] ], [ [ 144.9759757, -37.7795114 ], [ 144.9759885, -37.7798721 ] ] ] } },
{ "type": "Feature", "properties": { "project_id": "SCC_01314", "scc_feature": 870, "scc_source_id": "870", "scc_type": "C2", "status": "upgrade_candidate", "mean_lts": 2.69, "connects_existing": true, "length_km": 0.831, "high_stress_km": 0.522, "project_type": "Upgrade existing facility" }, "geometry": { "type": "MultiLineString", "coordinates": [ [ [ 144.976198, -37.7759375 ], [ 144.9762552, -37.7755059 ] ], [ [ 144.9764017, -37.7747154 ], [ 144.9763346, -37.7750928 ], [ 144.9762552, -37.7755059 ] ], [ [ 144.9766696, -37.773215 ], [ 144.9771639, -37.7704929 ] ], [ [ 144.9766696, -37.773215 ], [ 144.9766145, -37.7744037 ] ], [ [ 144.976198, -37.7759375 ], [ 144.9761191, -37.7763327 ] ], [ [ 144.9754958, -37.777124 ], [ 144.9760425, -37.7770613 ], [ 144.9761191, -37.7763327 ] ], [ [ 144.9764017, -37.7747154 ], [ 144.9766145, -37.7744037 ] ] ] } },
{ "type": "Feature", "properties": { "project_id": "SCC_01316", "scc_feature": 870, "scc_source_id": "870", "scc_type": "C2", "status": "upgrade_candidate", "mean_lts": 2.22, "connects_existing": true, "length_km": 0.165, "high_stress_km": 0.036, "project_type": "Upgrade existing facility" }, "geometry": { "type": "MultiLineString", "coordinates": [ [ [ 144.9769956, -37.7683362 ], [ 144.9772602, -37.7673765 ] ], [ [ 144.9773144, -37.767053 ], [ 144.9772602, -37.7673765 ] ] ] } },
{ "type": "Feature", "properties": { "project_id": "SCC_01317", "scc_feature": 871, "scc_source_id": "871", "scc_type": "C2", "status": "upgrade_candidate", "mean_lts": 2.89, "connects_existing": true, "length_km": 0.571, "high_stress_km": 0.446, "project_type": "Upgrade existing facility" }, "geometry": { "type": "MultiLineString", "coordinates": [ [ [ 144.9597719, -37.7667595 ], [ 144.960745, -37.7668755 ], [ 144.9613898, -37.7669587 ] ], [ [ 144.9613898, -37.7669587 ], [ 144.9616614, -37.7669905 ], [ 144.9620573, -37.7670424 ] ], [ [ 144.9613898, -37.7669587 ], [ 144.9622312, -37.7664957 ] ], [ [ 144.9622312, -37.7664957 ], [ 144.9623948, -37.7654982 ] ], [ [ 144.9622312, -37.7664957 ], [ 144.9620573, -37.7670424 ] ], [ [ 144.9627593, -37.7671086 ], [ 144.9620573, -37.7670424 ] ] ] } },
{ "type": "Feature", "properties": { "project_id": "SCC_01318", "scc_feature": 871, "scc_source_id": "871", "scc_type": "C2", "status": "upgrade_candidate", "mean_lts": 3.58, "connects_existing": true, "length_km": 1.467, "high_stress_km": 1.467, "project_type": "Upgrade existing facility" }, "geometry": { "type": "MultiLineString", "coordinates": [ [ [ 144.9721843, -37.7665953 ], [ 144.9705452, -37.7663418 ], [ 144.9696283, -37.7662449 ], [ 144.9687679, -37.766158 ], [ 144.9684963, -37.7661262 ], [ 144.9675454, -37.7660287 ], [ 144.9663454, -37.7659089 ], [ 144.9653703, -37.765865 ], [ 144.9649096, -37.7656949 ], [ 144.9633006, -37.7655859 ], [ 144.962859, -37.7655423 ] ], [ [ 144.9721843, -37.7665953 ], [ 144.972594, -37.7665573 ] ], [ [ 144.9754579, -37.7668589 ], [ 144.9769646, -37.7669749 ] ], [ [ 144.9754579, -37.7668589 ], [ 144.9731488, -37.7666119 ], [ 144.972594, -37.7665573 ] ], [ [ 144.9773144, -37.767053 ], [ 144.9754579, -37.7668589 ] ] ] } },
{ "type": "Feature", "properties": { "project_id": "SCC_01319", "scc_feature": 876, "scc_source_id": "876", "scc_type": "C2", "status": "upgrade_candidate", "mean_lts": 4.0, "connects_existing": true, "length_km": 0.735, "high_stress_km": 0.735, "project_type": "Upgrade existing facility" }, "geometry": { "type": "MultiLineString", "coordinates": [ [ [ 144.9783725, -37.4259102 ], [ 144.9786063, -37.4231023 ], [ 144.9788795, -37.4196643 ] ], [ [ 144.9789209, -37.4193856 ], [ 144.9788795, -37.4196643 ] ] ] } },
{ "type": "Feature", "properties": { "project_id": "SCC_01320", "scc_feature": 877, "scc_source_id": "877", "scc_type": "C2", "status": "upgrade_candidate", "mean_lts": 3.27, "connects_existing": true, "length_km": 0.575, "high_stress_km": 0.575, "project_type": "Upgrade existing facility" }, "geometry": { "type": "MultiLineString", "coordinates": [ [ [ 144.9632638, -37.8045613 ], [ 144.9642152, -37.8046589 ], [ 144.964747, -37.8047312 ] ], [ [ 144.9692089, -37.8052137 ], [ 144.9684391, -37.8051193 ], [ 144.967714, -37.8050528 ], [ 144.9668761, -37.8049572 ], [ 144.9662192, -37.8048918 ], [ 144.9652453, -37.8047848 ], [ 144.964747, -37.8047312 ] ] ] } },
{ "type": "Feature", "properties": { "project_id": "SCC_01321", "scc_feature": 878, "scc_source_id": "878", "scc_type": "C2", "status": "upgrade_candidate", "mean_lts": 2.0, "connects_existing": true, "length_km": 0.18, "high_stress_km": 0.0, "project_type": "Upgrade existing facility" }, "geometry": { "type": "LineString", "coordinates": [ [ 144.9794568, -37.8059397 ], [ 144.9791858, -37.8075482 ] ] } },
{ "type": "Feature", "properties": { "project_id": "SCC_01323", "scc_feature": 879, "scc_source_id": "879", "scc_type": "C2", "status": "upgrade_candidate", "mean_lts": 2.63, "connects_existing": true, "length_km": 2.104, "high_stress_km": 1.331, "project_type": "Upgrade existing facility" }, "geometry": { "type": "MultiLineString", "coordinates": [ [ [ 144.9792484, -37.4147679 ], [ 144.9793366, -37.4135888 ] ], [ [ 144.9792484, -37.4147679 ], [ 144.9790349, -37.4164045 ], [ 144.9790274, -37.4145839 ], [ 144.9790602, -37.4137824 ], [ 144.9793366, -37.4135888 ] ], [ [ 144.9793366, -37.4135888 ], [ 144.9793843, -37.4130759 ], [ 144.9794307, -37.4126081 ] ], [ [ 144.9795372, -37.4111679 ], [ 144.9796145, -37.4116559 ] ], [ [ 144.9795372, -37.4111679 ], [ 144.9796902, -37.4105217 ] ], [ [ 144.9794307, -37.4126081 ], [ 144.9795372, -37.4111679 ] ], [ [ 144.9796187, -37.4098175 ], [ 144.9797199, -37.4085755 ], [ 144.9797476, -37.4079632 ] ], [ [ 144.9796187, -37.4098175 ], [ 144.9796902, -37.4105217 ] ], [ [ 144.9797476, -37.4079632 ], [ 144.9799683, -37.4085798 ], [ 144.979878, -37.4098399 ], [ 144.9796902, -37.4105217 ] ], [ [ 144.9798154, -37.4067026 ], [ 144.9797476, -37.4079632 ] ], [ [ 144.9796902, -37.4105217 ], [ 144.9796145, -37.4116559 ] ], [ [ 144.9796145, -37.4116559 ], [ 144.9794307, -37.4126081 ] ] ] } },
{ "type": "Feature", "properties": { "project_id": "SCC_01324", "scc_feature": 880, "scc_source_id": "880", "scc_type": "C2", "status": "upgrade_candidate", "mean_lts": 3.25, "connects_existing": true, "length_km": 1.47, "high_stress_km": 1.261, "project_type": "Upgrade existing facility" }, "geometry": { "type": "MultiLineString", "coordinates": [ [ [ 144.9649987, -37.7968051 ], [ 144.965562, -37.7969681 ] ], [ [ 144.9671014, -37.7971569 ], [ 144.9664672, -37.7970919 ], [ 144.966061, -37.7969947 ] ], [ [ 144.966061, -37.7969947 ], [ 144.9666291, -37.7969865 ], [ 144.9675557, -37.7971557 ] ], [ [ 144.9664233, -37.7974516 ], [ 144.9671014, -37.7971569 ] ], [ [ 144.9675557, -37.7971557 ], [ 144.9671014, -37.7971569 ] ], [ [ 144.9704886, -37.7974676 ], [ 144.9718375, -37.797563 ], [ 144.9728892, -37.7977253 ] ], [ [ 144.9728892, -37.7977253 ], [ 144.9704886, -37.7974676 ] ], [ [ 144.9728892, -37.7977253 ], [ 144.9738625, -37.7978501 ] ], [ [ 144.9748592, -37.7979484 ], [ 144.9738625, -37.7978501 ] ], [ [ 144.965562, -37.7969681 ], [ 144.9649476, -37.7970115 ] ], [ [ 144.966061, -37.7969947 ], [ 144.965562, -37.7969681 ] ], [ [ 144.9675557, -37.7971557 ], [ 144.9690393, -37.7973075 ], [ 144.9699906, -37.797405 ] ], [ [ 144.9704886, -37.7974676 ], [ 144.9699906, -37.797405 ] ] ] } },
{ "type": "Feature", "properties": { "project_id": "SCC_01325", "scc_feature": 880, "scc_source_id": "880", "scc_type": "C2", "status": "upgrade_candidate", "mean_lts": 4.0, "connects_existing": true, "length_km": 0.087, "high_stress_km": 0.087, "project_type": "Upgrade existing facility" }, "geometry": { "type": "LineString", "coordinates": [ [ 144.9641225, -37.7993493 ], [ 144.96428, -37.7985771 ] ] } },
{ "type": "Feature", "properties": { "project_id": "SCC_01326", "scc_feature": 881, "scc_source_id": "881", "scc_type": "C2", "status": "upgrade_candidate", "mean_lts": 2.66, "connects_existing": true, "length_km": 0.783, "high_stress_km": 0.43, "project_type": "Upgrade existing facility" }, "geometry": { "type": "MultiLineString", "coordinates": [ [ [ 144.9798455, -37.8037655 ], [ 144.9798891, -37.8034148 ], [ 144.9799436, -37.8030823 ], [ 144.980004, -37.8025336 ], [ 144.9800243, -37.801786 ] ], [ [ 144.9798455, -37.8037655 ], [ 144.9794568, -37.8059397 ] ], [ [ 144.9804917, -37.8000547 ], [ 144.9804246, -37.8004321 ], [ 144.9803566, -37.8008455 ], [ 144.9800243, -37.801786 ] ], [ [ 144.9804917, -37.8000547 ], [ 144.9806411, -37.7991561 ] ], [ [ 144.9807363, -37.798581 ], [ 144.9806411, -37.7991561 ] ] ] } },
{ "type": "Feature", "properties": { "project_id": "SCC_01328", "scc_feature": 882, "scc_source_id": "882", "scc_type": "C2", "status": "upgrade_candidate", "mean_lts": 1.0, "connects_existing": true, "length_km": 0.477, "high_stress_km": 0.0, "project_type": "Upgrade existing facility" }, "geometry": { "type": "MultiLineString", "coordinates": [ [ [ 144.9810302, -37.7969639 ], [ 144.9808724, -37.7977543 ], [ 144.9807363, -37.798581 ] ], [ [ 144.9810302, -37.7969639 ], [ 144.9811426, -37.7961728 ] ], [ [ 144.9813346, -37.7949595 ], [ 144.9812382, -37.7955797 ], [ 144.9811426, -37.7961728 ] ], [ [ 144.9813346, -37.7949595 ], [ 144.9814428, -37.7943215 ] ] ] } },
{ "type": "Feature", "properties": { "project_id": "SCC_01329", "scc_feature": 882, "scc_source_id": "882", "scc_type": "C2", "status": "upgrade_candidate", "mean_lts": 2.0, "connects_existing": false, "length_km": 0.09, "high_stress_km": 0.0, "project_type": "Upgrade existing facility" }, "geometry": { "type": "LineString", "coordinates": [ [ 144.9813586, -37.7969966 ], [ 144.9812233, -37.7977963 ] ] } },
{ "type": "Feature", "properties": { "project_id": "SCC_01330", "scc_feature": 883, "scc_source_id": "883", "scc_type": "C2", "status": "upgrade_candidate", "mean_lts": 3.47, "connects_existing": true, "length_km": 0.661, "high_stress_km": 0.485, "project_type": "Upgrade existing facility" }, "geometry": { "type": "MultiLineString", "coordinates": [ [ [ 144.9802658, -37.8579244 ], [ 144.9787287, -37.8588533 ] ], [ [ 144.9802658, -37.8579244 ], [ 144.982438, -37.8566279 ] ], [ [ 144.982521, -37.8569177 ], [ 144.9802658, -37.8579244 ] ] ] } },
{ "type": "Feature", "properties": { "project_id": "SCC_01331", "scc_feature": 885, "scc_source_id": "885", "scc_type": "C2", "status": "upgrade_candidate", "mean_lts": 2.94, "connects_existing": true, "length_km": 0.284, "high_stress_km": 0.197, "project_type": "Upgrade existing facility" }, "geometry": { "type": "MultiLineString", "coordinates": [ [ [ 144.9822319, -37.7899463 ], [ 144.9821493, -37.7904766 ] ], [ [ 144.9818044, -37.7923001 ], [ 144.9819496, -37.7915546 ] ], [ [ 144.9820337, -37.7909702 ], [ 144.9819496, -37.7915546 ] ], [ [ 144.9820337, -37.7909702 ], [ 144.9821493, -37.7904766 ] ] ] } },
{ "type": "Feature", "properties": { "project_id": "SCC_01332", "scc_feature": 886, "scc_source_id": "886", "scc_type": "C2", "status": "upgrade_candidate", "mean_lts": 2.0, "connects_existing": true, "length_km": 0.363, "high_stress_km": 0.0, "project_type": "Upgrade existing facility" }, "geometry": { "type": "MultiLineString", "coordinates": [ [ [ 144.9824002, -37.8062966 ], [ 144.9829891, -37.8063608 ] ], [ [ 144.984291, -37.8065182 ], [ 144.983793, -37.8064556 ], [ 144.9834647, -37.806414 ], [ 144.9829891, -37.8063608 ] ], [ [ 144.984291, -37.8065182 ], [ 144.9852215, -37.8065522 ] ], [ [ 144.9864913, -37.806637 ], [ 144.986095, -37.8065941 ], [ 144.9852215, -37.8065522 ] ] ] } },
{ "type": "Feature", "properties": { "project_id": "SCC_01333", "scc_feature": 887, "scc_source_id": "887", "scc_type": "C2", "status": "upgrade_candidate", "mean_lts": 2.92, "connects_existing": true, "length_km": 1.423, "high_stress_km": 1.315, "project_type": "Upgrade existing facility" }, "geometry": { "type": "MultiLineString", "coordinates": [ [ [ 144.983073, -37.7920064 ], [ 144.9829518, -37.7922837 ] ], [ [ 144.9833098, -37.79165 ], [ 144.983073, -37.7920064 ] ], [ [ 144.983073, -37.7920064 ], [ 144.9826641, -37.7920084 ] ], [ [ 144.9863118, -37.790665 ], [ 144.9855957, -37.7906888 ] ], [ [ 144.9863118, -37.790665 ], [ 144.9856042, -37.7912116 ], [ 144.9849599, -37.7911015 ] ], [ [ 144.989008, -37.7896476 ], [ 144.9863118, -37.790665 ] ], [ [ 144.9833098, -37.79165 ], [ 144.9841003, -37.7913931 ], [ 144.9849599, -37.7911015 ] ], [ [ 144.9826641, -37.7920084 ], [ 144.9833098, -37.79165 ] ], [ [ 144.9855957, -37.7906888 ], [ 144.9888939, -37.7892492 ] ], [ [ 144.9855957, -37.7906888 ], [ 144.9849599, -37.7911015 ] ], [ [ 144.9818044, -37.7923001 ], [ 144.9826641, -37.7920084 ] ] ] } },
{ "type": "Feature", "properties": { "project_id": "SCC_01335", "scc_feature": 890, "scc_source_id": "890", "scc_type": "C2", "status": "upgrade_candidate", "mean_lts": 3.51, "connects_existing": true, "length_km": 0.192, "high_stress_km": 0.192, "project_type": "Upgrade existing facility" }, "geometry": { "type": "MultiLineString", "coordinates": [ [ [ 144.9574213, -37.8039014 ], [ 144.9563473, -37.8037206 ] ], [ [ 144.9574213, -37.8039014 ], [ 144.9584625, -37.8040366 ] ] ] } },
{ "type": "Feature", "properties": { "project_id": "SCC_01336", "scc_feature": 894, "scc_source_id": "894", "scc_type": "C2", "status": "upgrade_candidate", "mean_lts": 4.0, "connects_existing": true, "length_km": 0.328, "high_stress_km": 0.328, "project_type": "Upgrade existing facility" }, "geometry": { "type": "MultiLineString", "coordinates": [ [ [ 145.024457, -37.8213295 ], [ 145.0241963, -37.8213071 ] ], [ [ 145.0221013, -37.8210556 ], [ 145.0208236, -37.8208269 ] ], [ [ 145.0221013, -37.8210556 ], [ 145.0241963, -37.8213071 ] ] ] } },
{ "type": "Feature", "properties": { "project_id": "SCC_01337", "scc_feature": 895, "scc_source_id": "895", "scc_type": "C2", "status": "upgrade_candidate", "mean_lts": 3.55, "connects_existing": true, "length_km": 1.577, "high_stress_km": 1.481, "project_type": "Upgrade existing facility" }, "geometry": { "type": "MultiLineString", "coordinates": [ [ [ 145.0422098, -37.8378113 ], [ 145.0423417, -37.8371196 ], [ 145.042396, -37.836787 ], [ 145.0425423, -37.8359784 ], [ 145.0426887, -37.8351698 ], [ 145.0428602, -37.8342714 ] ], [ [ 145.0422098, -37.8378113 ], [ 145.0420663, -37.8385118 ] ], [ [ 145.0429646, -37.8307495 ], [ 145.0434058, -37.8312525 ] ], [ [ 145.0429809, -37.8335705 ], [ 145.0431664, -37.8325733 ], [ 145.0433125, -37.8317737 ] ], [ [ 145.0429809, -37.8335705 ], [ 145.0428602, -37.8342714 ] ], [ [ 145.0435521, -37.8304439 ], [ 145.0436589, -37.8298419 ] ], [ [ 145.0435521, -37.8304439 ], [ 145.0434735, -37.8308391 ], [ 145.0434058, -37.8312525 ] ], [ [ 145.0445056, -37.825314 ], [ 145.0441207, -37.8274163 ], [ 145.0438699, -37.8287369 ], [ 145.0436589, -37.8298419 ] ], [ [ 145.0434058, -37.8312525 ], [ 145.0433125, -37.8317737 ] ] ] } },
{ "type": "Feature", "properties": { "project_id": "SCC_01338", "scc_feature": 899, "scc_source_id": "899", "scc_type": "C2", "status": "upgrade_candidate", "mean_lts": 3.23, "connects_existing": false, "length_km": 0.717, "high_stress_km": 0.717, "project_type": "Upgrade existing facility" }, "geometry": { "type": "MultiLineString", "coordinates": [ [ [ 145.0450992, -37.8221967 ], [ 145.0451396, -37.8219541 ] ], [ [ 145.0452052, -37.8216217 ], [ 145.0455338, -37.8199329 ] ], [ [ 145.0452052, -37.8216217 ], [ 145.0451396, -37.8219541 ] ], [ [ 145.0456145, -37.8194566 ], [ 145.0455338, -37.8199329 ] ], [ [ 145.0456145, -37.8194566 ], [ 145.0457213, -37.8188546 ] ], [ [ 145.0458522, -37.8181989 ], [ 145.0459189, -37.8178215 ], [ 145.045998, -37.8174083 ], [ 145.0463918, -37.8158287 ] ], [ [ 145.0458522, -37.8181989 ], [ 145.0457213, -37.8188546 ] ] ] } },
{ "type": "Feature", "properties": { "project_id": "SCC_01339", "scc_feature": 903, "scc_source_id": "903", "scc_type": "C2", "status": "upgrade_candidate", "mean_lts": 3.0, "connects_existing": false, "length_km": 0.095, "high_stress_km": 0.095, "project_type": "Upgrade existing facility" }, "geometry": { "type": "LineString", "coordinates": [ [ 145.0440077, -37.7339249 ], [ 145.04446, -37.7339864 ], [ 145.0449567, -37.7340848 ] ] } },
{ "type": "Feature", "properties": { "project_id": "SCC_01340", "scc_feature": 903, "scc_source_id": "903", "scc_type": "C2", "status": "upgrade_candidate", "mean_lts": 2.0, "connects_existing": true, "length_km": 0.497, "high_stress_km": 0.0, "project_type": "Upgrade existing facility" }, "geometry": { "type": "LineString", "coordinates": [ [ 145.0447462, -37.7325943 ], [ 145.0450025, -37.7310485 ], [ 145.0453259, -37.7291073 ], [ 145.0454757, -37.7281545 ] ] } },
{ "type": "Feature", "properties": { "project_id": "SCC_01341", "scc_feature": 914, "scc_source_id": "914", "scc_type": "C2", "status": "upgrade_candidate", "mean_lts": 3.46, "connects_existing": true, "length_km": 0.172, "high_stress_km": 0.172, "project_type": "Upgrade existing facility" }, "geometry": { "type": "MultiLineString", "coordinates": [ [ [ 145.0553899, -37.9355372 ], [ 145.0556709, -37.9356681 ], [ 145.0552496, -37.9356791 ] ], [ [ 145.0561152, -37.9360809 ], [ 145.0552496, -37.9356791 ] ] ] } },
{ "type": "Feature", "properties": { "project_id": "SCC_01342", "scc_feature": 916, "scc_source_id": "916", "scc_type": "C2", "status": "upgrade_candidate", "mean_lts": 2.98, "connects_existing": false, "length_km": 1.074, "high_stress_km": 0.978, "project_type": "Upgrade existing facility" }, "geometry": { "type": "MultiLineString", "coordinates": [ [ [ 145.0494126, -37.7575627 ], [ 145.0495717, -37.7566912 ], [ 145.0497048, -37.7559454 ], [ 145.0498369, -37.7548031 ] ], [ [ 145.0500452, -37.7542208 ], [ 145.050191, -37.7534211 ], [ 145.0502428, -37.7527461 ] ], [ [ 145.0500452, -37.7542208 ], [ 145.0498369, -37.7548031 ] ], [ [ 145.0547573, -37.7519916 ], [ 145.052596, -37.7517396 ], [ 145.0515324, -37.7516139 ], [ 145.0504461, -37.7514877 ], [ 145.0502901, -37.7522422 ], [ 145.0502428, -37.7527461 ] ] ] } },
{ "type": "Feature", "properties": { "project_id": "SCC_01343", "scc_feature": 916, "scc_source_id": "916", "scc_type": "C2", "status": "upgrade_candidate", "mean_lts": 2.75, "connects_existing": false, "length_km": 0.716, "high_stress_km": 0.536, "project_type": "Upgrade existing facility" }, "geometry": { "type": "MultiLineString", "coordinates": [ [ [ 145.0556374, -37.747419 ], [ 145.0554434, -37.748326 ], [ 145.0551923, -37.7496827 ], [ 145.0549801, -37.7508507 ] ], [ [ 145.0556374, -37.747419 ], [ 145.0558335, -37.7464309 ] ], [ [ 145.0562025, -37.7444724 ], [ 145.0560575, -37.7452451 ], [ 145.0560182, -37.7454427 ], [ 145.0558994, -37.7460806 ], [ 145.0558335, -37.7464309 ] ] ] } },
{ "type": "Feature", "properties": { "project_id": "SCC_01344", "scc_feature": 918, "scc_source_id": "918", "scc_type": "C2", "status": "upgrade_candidate", "mean_lts": 3.0, "connects_existing": true, "length_km": 0.575, "high_stress_km": 0.575, "project_type": "Upgrade existing facility" }, "geometry": { "type": "MultiLineString", "coordinates": [ [ [ 145.0515003, -37.9462419 ], [ 145.0518415, -37.9445263 ] ], [ [ 145.0528397, -37.9411995 ], [ 145.0521324, -37.9429901 ], [ 145.0518415, -37.9445263 ] ] ] } },
{ "type": "Feature", "properties": { "project_id": "SCC_01345", "scc_feature": 918, "scc_source_id": "918", "scc_type": "C2", "status": "upgrade_candidate", "mean_lts": 3.37, "connects_existing": true, "length_km": 0.665, "high_stress_km": 0.665, "project_type": "Upgrade existing facility" }, "geometry": { "type": "MultiLineString", "coordinates": [ [ [ 145.0542571, -37.9396639 ], [ 145.0535656, -37.9399949 ] ], [ [ 145.0542571, -37.9396639 ], [ 145.0554184, -37.9387729 ], [ 145.0560995, -37.9366754 ] ], [ [ 145.0560995, -37.9366754 ], [ 145.0561152, -37.9360809 ], [ 145.0562147, -37.9357582 ], [ 145.0562514, -37.9360922 ], [ 145.0560995, -37.9366754 ] ] ] } },
{ "type": "Feature", "properties": { "project_id": "SCC_01347", "scc_feature": 920, "scc_source_id": "920", "scc_type": "C2", "status": "upgrade_candidate", "mean_lts": 2.0, "connects_existing": false, "length_km": 1.022, "high_stress_km": 0.0, "project_type": "Upgrade existing facility" }, "geometry": { "type": "LineString", "coordinates": [ [ 145.0582442, -37.735395 ], [ 145.0579922, -37.7367877 ], [ 145.0576828, -37.738639 ], [ 145.0574275, -37.7401579 ], [ 145.0569773, -37.7430523 ], [ 145.0566894, -37.7445165 ] ] } },
{ "type": "Feature", "properties": { "project_id": "SCC_01348", "scc_feature": 921, "scc_source_id": "921", "scc_type": "C2", "status": "upgrade_candidate", "mean_lts": 4.0, "connects_existing": false, "length_km": 0.121, "high_stress_km": 0.121, "project_type": "Upgrade existing facility" }, "geometry": { "type": "LineString", "coordinates": [ [ 145.0391395, -37.7674675 ], [ 145.038279, -37.7673811 ], [ 145.0377809, -37.7673278 ] ] } },
{ "type": "Feature", "properties": { "project_id": "SCC_01351", "scc_feature": 921, "scc_source_id": "921", "scc_type": "C2", "status": "upgrade_candidate", "mean_lts": 3.0, "connects_existing": false, "length_km": 0.368, "high_stress_km": 0.368, "project_type": "Upgrade existing facility" }, "geometry": { "type": "LineString", "coordinates": [ [ 145.0472652, -37.767999 ], [ 145.0459947, -37.7683925 ], [ 145.0453119, -37.7688859 ], [ 145.0438315, -37.7690595 ] ] } },
{ "type": "Feature", "properties": { "project_id": "SCC_01352", "scc_feature": 921, "scc_source_id": "921", "scc_type": "C2", "status": "upgrade_candidate", "mean_lts": 3.38, "connects_existing": false, "length_km": 1.192, "high_stress_km": 1.192, "project_type": "Upgrade existing facility" }, "geometry": { "type": "MultiLineString", "coordinates": [ [ [ 145.0481602, -37.7641838 ], [ 145.0504493, -37.7630411 ] ], [ [ 145.0564459, -37.7603285 ], [ 145.0553914, -37.7611492 ], [ 145.0550664, -37.7614232 ], [ 145.0545859, -37.762001 ], [ 145.0542027, -37.7623282 ], [ 145.0533441, -37.7630349 ], [ 145.052487, -37.7632551 ], [ 145.0504493, -37.7630411 ] ], [ [ 145.0564459, -37.7603285 ], [ 145.0587278, -37.7585817 ] ] ] } },
{ "type": "Feature", "properties": { "project_id": "SCC_01353", "scc_feature": 922, "scc_source_id": "922", "scc_type": "C2", "status": "upgrade_candidate", "mean_lts": 3.45, "connects_existing": false, "length_km": 1.449, "high_stress_km": 1.449, "project_type": "Upgrade existing facility" }, "geometry": { "type": "MultiLineString", "coordinates": [ [ [ 145.058083, -37.8625503 ], [ 145.0579881, -37.8631345 ] ], [ [ 145.057851, -37.8635919 ], [ 145.0579881, -37.8631345 ] ], [ [ 145.058083, -37.8625503 ], [ 145.0570793, -37.8600826 ], [ 145.0554948, -37.8580918 ], [ 145.0549833, -37.8572272 ], [ 145.0547199, -37.8568714 ], [ 145.0541492, -37.856096 ], [ 145.0522323, -37.8546494 ] ], [ [ 145.057851, -37.8635919 ], [ 145.057972, -37.8659099 ] ] ] } },
{ "type": "Feature", "properties": { "project_id": "SCC_01354", "scc_feature": 922, "scc_source_id": "922", "scc_type": "C2", "status": "upgrade_candidate", "mean_lts": 4.0, "connects_existing": false, "length_km": 0.244, "high_stress_km": 0.244, "project_type": "Upgrade existing facility" }, "geometry": { "type": "LineString", "coordinates": [ [ 145.0584228, -37.8664941 ], [ 145.0587743, -37.8669595 ], [ 145.0591043, -37.8673795 ], [ 145.0598761, -37.8682934 ] ] } },
{ "type": "Feature", "properties": { "project_id": "SCC_01355", "scc_feature": 924, "scc_source_id": "924", "scc_type": "C2", "status": "upgrade_candidate", "mean_lts": 4.0, "connects_existing": true, "length_km": 6.589, "high_stress_km": 6.589, "project_type": "Upgrade existing facility" }, "geometry": { "type": "MultiLineString", "coordinates": [ [ [ 145.0565941, -37.9334484 ], [ 145.0565205, -37.9332219 ], [ 145.0566792, -37.9323774 ], [ 145.0568101, -37.9317307 ], [ 145.0570868, -37.9302934 ], [ 145.0572063, -37.9296466 ], [ 145.0575058, -37.9282096 ] ], [ [ 145.0565941, -37.9334484 ], [ 145.0566143, -37.9339804 ], [ 145.0564311, -37.9348876 ], [ 145.0563789, -37.9351391 ], [ 145.0562147, -37.9357582 ], [ 145.0561868, -37.9350908 ], [ 145.0562311, -37.9347041 ], [ 145.0565941, -37.9334484 ] ], [ [ 145.0575726, -37.9278322 ], [ 145.0576768, -37.9273293 ], [ 145.05786, -37.9264221 ], [ 145.0579126, -37.9261527 ], [ 145.0580542, -37.9255242 ], [ 145.058236, -37.9246711 ], [ 145.0584774, -37.9241434 ] ], [ [ 145.0575058, -37.9282096 ], [ 145.0575726, -37.9278322 ] ], [ [ 145.0578884, -37.927504 ], [ 145.0575726, -37.9278322 ] ], [ [ 145.0575058, -37.9282096 ], [ 145.0578093, -37.9279173 ] ], [ [ 145.0578884, -37.927504 ], [ 145.0578093, -37.9279173 ] ], [ [ 145.0578093, -37.9279173 ], [ 145.0577036, -37.9284742 ], [ 145.0574666, -37.9296959 ], [ 145.0572974, -37.9305042 ], [ 145.0571276, -37.9313395 ], [ 145.0570482, -37.9317617 ], [ 145.056969, -37.9321749 ], [ 145.0567996, -37.9329922 ], [ 145.0565941, -37.9334484 ] ], [ [ 145.0584774, -37.9241434 ], [ 145.0584987, -37.9246303 ], [ 145.0581753, -37.9261119 ], [ 145.0578884, -37.927504 ] ], [ [ 145.0584774, -37.9241434 ], [ 145.0585326, -37.9233422 ], [ 145.0588053, -37.922058 ] ], [ [ 145.0588053, -37.922058 ], [ 145.0589078, -37.9216182 ], [ 145.0591035, -37.9210987 ] ], [ [ 145.0591592, -37.9215772 ], [ 145.0589266, -37.9226368 ], [ 145.0586944, -37.9236783 ], [ 145.0584774, -37.9241434 ] ], [ [ 145.0591035, -37.9210987 ], [ 145.0591824, -37.9202619 ], [ 145.0593667, -37.9193097 ], [ 145.0596715, -37.9176656 ], [ 145.0597381, -37.9172972 ], [ 145.0599754, -37.9164901 ] ], [ [ 145.0599754, -37.9164901 ], [ 145.0599986, -37.9160399 ], [ 145.0601164, -37.915456 ], [ 145.0603965, -37.9138836 ] ], [ [ 145.0599754, -37.9164901 ], [ 145.0599807, -37.917157 ], [ 145.0596858, -37.9188554 ], [ 145.0594361, -37.9201309 ], [ 145.0591035, -37.9210987 ] ], [ [ 145.0603965, -37.9138836 ], [ 145.0604373, -37.9136319 ], [ 145.0605083, -37.9130924 ], [ 145.0606549, -37.9122747 ], [ 145.0608155, -37.9113582 ], [ 145.0610227, -37.9108299 ] ], [ [ 145.0606552, -37.9135634 ], [ 145.0603965, -37.9138836 ] ], [ [ 145.0606552, -37.9135634 ], [ 145.0605095, -37.9143451 ], [ 145.0599754, -37.9164901 ] ], [ [ 145.0610227, -37.9108299 ], [ 145.0609368, -37.9119369 ], [ 145.0606552, -37.9135634 ] ], [ [ 145.0610227, -37.9108299 ], [ 145.0609753, -37.9104687 ], [ 145.0612493, -37.909563 ] ], [ [ 145.0612493, -37.909563 ], [ 145.0615723, -37.9076578 ], [ 145.0615763, -37.9070721 ] ], [ [ 145.0612493, -37.909563 ], [ 145.0610227, -37.9108299 ] ], [ [ 145.0591035, -37.9210987 ], [ 145.0591592, -37.9215772 ] ], [ [ 145.0591592, -37.9215772 ], [ 145.0588053, -37.922058 ] ] ] } },
{ "type": "Feature", "properties": { "project_id": "SCC_01356", "scc_feature": 924, "scc_source_id": "924", "scc_type": "C2", "status": "upgrade_candidate", "mean_lts": 3.58, "connects_existing": false, "length_km": 0.694, "high_stress_km": 0.694, "project_type": "Upgrade existing facility" }, "geometry": { "type": "MultiLineString", "coordinates": [ [ [ 145.0619964, -37.9053668 ], [ 145.0626363, -37.904386 ] ], [ [ 145.0634501, -37.9037146 ], [ 145.0640284, -37.902913 ], [ 145.0641955, -37.9021768 ] ], [ [ 145.0634501, -37.9037146 ], [ 145.0626363, -37.904386 ] ], [ [ 145.0644081, -37.9010088 ], [ 145.064499, -37.9005777 ] ], [ [ 145.0644081, -37.9010088 ], [ 145.0641955, -37.9021768 ] ], [ [ 145.0641955, -37.9021768 ], [ 145.0644571, -37.9030462 ] ] ] } },
{ "type": "Feature", "properties": { "project_id": "SCC_01357", "scc_feature": 925, "scc_source_id": "925", "scc_type": "C2", "status": "upgrade_candidate", "mean_lts": 3.0, "connects_existing": true, "length_km": 1.157, "high_stress_km": 1.157, "project_type": "Upgrade existing facility" }, "geometry": { "type": "MultiLineString", "coordinates": [ [ [ 145.0451492, -37.8981671 ], [ 145.0485495, -37.898602 ] ], [ [ 145.0562804, -37.8995591 ], [ 145.0567114, -37.8996022 ], [ 145.0573575, -37.899685 ], [ 145.0581168, -37.8997876 ] ], [ [ 145.0562804, -37.8995591 ], [ 145.0551361, -37.899396 ], [ 145.0538098, -37.8992298 ], [ 145.0524495, -37.8990631 ], [ 145.0511117, -37.8989058 ], [ 145.0498532, -37.8987588 ], [ 145.0485495, -37.898602 ] ] ] } },
{ "type": "Feature", "properties": { "project_id": "SCC_01358", "scc_feature": 927, "scc_source_id": "927", "scc_type": "C2", "status": "upgrade_candidate", "mean_lts": 3.89, "connects_existing": true, "length_km": 1.151, "high_stress_km": 1.151, "project_type": "Upgrade existing facility" }, "geometry": { "type": "MultiLineString", "coordinates": [ [ [ 145.064499, -37.9005777 ], [ 145.064566, -37.9001913 ], [ 145.064712, -37.8993916 ] ], [ [ 145.0648448, -37.8986639 ], [ 145.0650699, -37.897451 ], [ 145.0651355, -37.8971186 ], [ 145.0652933, -37.8963011 ], [ 145.0654656, -37.8953668 ] ], [ [ 145.0648448, -37.8986639 ], [ 145.064712, -37.8993916 ] ], [ [ 145.0664166, -37.8903178 ], [ 145.065756, -37.8938305 ], [ 145.0656247, -37.8945042 ], [ 145.0654656, -37.8953668 ] ] ] } },
{ "type": "Feature", "properties": { "project_id": "SCC_01359", "scc_feature": 929, "scc_source_id": "929", "scc_type": "C2", "status": "upgrade_candidate", "mean_lts": 4.0, "connects_existing": false, "length_km": 0.079, "high_stress_km": 0.079, "project_type": "Upgrade existing facility" }, "geometry": { "type": "LineString", "coordinates": [ [ 145.0583905, -37.7467344 ], [ 145.0578985, -37.7473211 ] ] } },
{ "type": "Feature", "properties": { "project_id": "SCC_01360", "scc_feature": 929, "scc_source_id": "929", "scc_type": "C2", "status": "upgrade_candidate", "mean_lts": 3.0, "connects_existing": false, "length_km": 0.426, "high_stress_km": 0.426, "project_type": "Upgrade existing facility" }, "geometry": { "type": "MultiLineString", "coordinates": [ [ [ 145.0624617, -37.7468555 ], [ 145.0636612, -37.7469924 ] ], [ [ 145.0624617, -37.7468555 ], [ 145.061319, -37.7467196 ], [ 145.058875, -37.746436 ] ] ] } },
{ "type": "Feature", "properties": { "project_id": "SCC_01361", "scc_feature": 930, "scc_source_id": "930", "scc_type": "C2", "status": "upgrade_candidate", "mean_lts": 2.0, "connects_existing": true, "length_km": 0.237, "high_stress_km": 0.0, "project_type": "Upgrade existing facility" }, "geometry": { "type": "LineString", "coordinates": [ [ 145.0590551, -37.7582176 ], [ 145.0603983, -37.7572034 ], [ 145.0609204, -37.7567704 ] ] } },
{ "type": "Feature", "properties": { "project_id": "SCC_01362", "scc_feature": 933, "scc_source_id": "933", "scc_type": "C2", "status": "upgrade_candidate", "mean_lts": 3.33, "connects_existing": false, "length_km": 1.949, "high_stress_km": 1.453, "project_type": "Upgrade existing facility" }, "geometry": { "type": "MultiLineString", "coordinates": [ [ [ 145.0623843, -37.8714889 ], [ 145.0616688, -37.8705939 ] ], [ [ 145.0608513, -37.8696883 ], [ 145.0616688, -37.8705939 ] ], [ [ 145.0625927, -37.8717807 ], [ 145.0623843, -37.8714889 ] ], [ [ 145.0623843, -37.8714889 ], [ 145.0632435, -37.8725394 ] ], [ [ 145.0625927, -37.8717807 ], [ 145.0632435, -37.8725394 ] ], [ [ 145.0632435, -37.8725394 ], [ 145.0631254, -37.8731412 ] ], [ [ 145.0632435, -37.8725394 ], [ 145.0637149, -37.873205 ] ], [ [ 145.0655453, -37.8753799 ], [ 145.0664252, -37.8765118 ], [ 145.067666, -37.8781904 ], [ 145.0666777, -37.8777235 ] ], [ [ 145.0655453, -37.8753799 ], [ 145.0642098, -37.8738439 ], [ 145.0637149, -37.873205 ] ], [ [ 145.0598761, -37.8682934 ], [ 145.0604936, -37.8690245 ] ], [ [ 145.0608513, -37.8696883 ], [ 145.0604936, -37.8690245 ] ], [ [ 145.0608513, -37.8696883 ], [ 145.0602777, -37.8694535 ] ] ] } },
{ "type": "Feature", "properties": { "project_id": "SCC_01363", "scc_feature": 934, "scc_source_id": "934", "scc_type": "C2", "status": "upgrade_candidate", "mean_lts": 3.11, "connects_existing": true, "length_km": 0.426, "high_stress_km": 0.364, "project_type": "Upgrade existing facility" }, "geometry": { "type": "MultiLineString", "coordinates": [ [ [ 144.9723256, -37.8639699 ], [ 144.9720228, -37.8642351 ], [ 144.9725889, -37.8626588 ] ], [ [ 144.9724822, -37.8640627 ], [ 144.9725889, -37.8626588 ] ] ] } },
{ "type": "Feature", "properties": { "project_id": "SCC_01365", "scc_feature": 934, "scc_source_id": "934", "scc_type": "C2", "status": "upgrade_candidate", "mean_lts": 4.0, "connects_existing": true, "length_km": 0.052, "high_stress_km": 0.052, "project_type": "Upgrade existing facility" }, "geometry": { "type": "LineString", "coordinates": [ [ 144.9760415, -37.8694139 ], [ 144.9764473, -37.8720342 ] ] } },
{ "type": "Feature", "properties": { "project_id": "SCC_01366", "scc_feature": 934, "scc_source_id": "934", "scc_type": "C2", "status": "upgrade_candidate", "mean_lts": 4.0, "connects_existing": true, "length_km": 0.198, "high_stress_km": 0.198, "project_type": "Upgrade existing facility" }, "geometry": { "type": "LineString", "coordinates": [ [ 144.9774377, -37.880297 ], [ 144.9773042, -37.8789429 ], [ 144.9775612, -37.8799386 ] ] } },
{ "type": "Feature", "properties": { "project_id": "SCC_01367", "scc_feature": 934, "scc_source_id": "934", "scc_type": "C2", "status": "upgrade_candidate", "mean_lts": 3.89, "connects_existing": true, "length_km": 1.746, "high_stress_km": 1.746, "project_type": "Upgrade existing facility" }, "geometry": { "type": "MultiLineString", "coordinates": [ [ [ 144.9797352, -37.8819315 ], [ 144.9811068, -37.8820812 ], [ 144.9825126, -37.8822315 ] ], [ [ 144.9797352, -37.8819315 ], [ 144.9791343, -37.8818671 ], [ 144.9781239, -37.8818137 ] ], [ [ 144.9831483, -37.882684 ], [ 144.9825126, -37.8822315 ] ], [ [ 144.9849844, -37.8824811 ], [ 144.9840888, -37.8823847 ], [ 144.9825126, -37.8822315 ] ], [ [ 144.9849844, -37.8824811 ], [ 144.9868777, -37.8826847 ] ], [ [ 144.9873197, -37.8827373 ], [ 144.9884535, -37.8828559 ] ], [ [ 144.9922964, -37.883282 ], [ 144.9911855, -37.8831549 ], [ 144.9905622, -37.8830811 ], [ 144.9884535, -37.8828559 ] ], [ [ 144.9922964, -37.883282 ], [ 144.9969425, -37.8838568 ] ], [ [ 144.9873197, -37.8827373 ], [ 144.9868777, -37.8826847 ] ] ] } },
{ "type": "Feature", "properties": { "project_id": "SCC_01368", "scc_feature": 934, "scc_source_id": "934", "scc_type": "C2", "status": "upgrade_candidate", "mean_lts": 3.0, "connects_existing": false, "length_km": 0.094, "high_stress_km": 0.094, "project_type": "Upgrade existing facility" }, "geometry": { "type": "LineString", "coordinates": [ [ 145.0007181, -37.8842544 ], [ 145.0002308, -37.8841921 ], [ 144.9996643, -37.8841194 ] ] } },
{ "type": "Feature", "properties": { "project_id": "SCC_01369", "scc_feature": 934, "scc_source_id": "934", "scc_type": "C2", "status": "upgrade_candidate", "mean_lts": 4.0, "connects_existing": false, "length_km": 0.67, "high_stress_km": 0.67, "project_type": "Upgrade existing facility" }, "geometry": { "type": "MultiLineString", "coordinates": [ [ [ 145.001837, -37.8849223 ], [ 145.0017891, -37.8854351 ] ], [ [ 145.0031349, -37.8873865 ], [ 145.0051498, -37.8902503 ] ], [ [ 145.0031349, -37.8873865 ], [ 145.0017891, -37.8854351 ] ] ] } },
{ "type": "Feature", "properties": { "project_id": "SCC_01370", "scc_feature": 935, "scc_source_id": "935", "scc_type": "C2", "status": "upgrade_candidate", "mean_lts": 2.0, "connects_existing": false, "length_km": 0.67, "high_stress_km": 0.0, "project_type": "Upgrade existing facility" }, "geometry": { "type": "MultiLineString", "coordinates": [ [ [ 144.997926, -37.8256756 ], [ 144.9984583, -37.8257387 ] ], [ [ 145.0010977, -37.8260269 ], [ 145.0017322, -37.8260917 ], [ 145.0024684, -37.8261763 ], [ 145.0032048, -37.8262519 ], [ 145.0039072, -37.8263269 ], [ 145.0046662, -37.8264119 ], [ 145.0054478, -37.8264972 ] ], [ [ 145.0010977, -37.8260269 ], [ 145.0004284, -37.8259885 ], [ 144.99941, -37.825836 ], [ 144.9984583, -37.8257387 ] ] ] } },
{ "type": "Feature", "properties": { "project_id": "SCC_01371", "scc_feature": 937, "scc_source_id": "937", "scc_type": "C2", "status": "upgrade_candidate", "mean_lts": 3.64, "connects_existing": false, "length_km": 1.395, "high_stress_km": 1.338, "project_type": "Upgrade existing facility" }, "geometry": { "type": "MultiLineString", "coordinates": [ [ [ 145.0054799, -37.8889763 ], [ 145.0055578, -37.8886171 ], [ 145.0057737, -37.8869356 ], [ 145.0058907, -37.8859733 ] ], [ [ 145.0054799, -37.8889763 ], [ 145.0051498, -37.8902503 ] ], [ [ 145.0060884, -37.8849673 ], [ 145.0058277, -37.8849359 ], [ 145.0061563, -37.8832923 ], [ 145.0063167, -37.8824029 ] ], [ [ 145.0060884, -37.8849673 ], [ 145.0059952, -37.8854704 ], [ 145.0058907, -37.8859733 ] ], [ [ 145.0065243, -37.8814511 ], [ 145.0066828, -37.8806338 ], [ 145.0067624, -37.8802116 ], [ 145.0068415, -37.8798074 ], [ 145.0069596, -37.8792236 ], [ 145.0070113, -37.8789902 ], [ 145.0070776, -37.8786398 ], [ 145.0071848, -37.8780379 ] ], [ [ 145.0065243, -37.8814511 ], [ 145.0063167, -37.8824029 ] ] ] } },
{ "type": "Feature", "properties": { "project_id": "SCC_01372", "scc_feature": 938, "scc_source_id": "938", "scc_type": "C2", "status": "upgrade_candidate", "mean_lts": 3.81, "connects_existing": false, "length_km": 1.044, "high_stress_km": 1.044, "project_type": "Upgrade existing facility" }, "geometry": { "type": "MultiLineString", "coordinates": [ [ [ 144.9968275, -37.8767716 ], [ 144.9956501, -37.8765894 ] ], [ [ 144.9968275, -37.8767716 ], [ 144.9980047, -37.8769629 ] ], [ [ 144.9999438, -37.877149 ], [ 145.0009637, -37.8772745 ], [ 145.002029, -37.8774007 ], [ 145.0031395, -37.8775367 ], [ 145.0042157, -37.8776812 ], [ 145.0054623, -37.8778285 ], [ 145.0071848, -37.8780379 ] ], [ [ 144.9999438, -37.877149 ], [ 144.9990601, -37.8770349 ], [ 144.9980047, -37.8769629 ] ] ] } },
{ "type": "Feature", "properties": { "project_id": "SCC_01373", "scc_feature": 939, "scc_source_id": "939", "scc_type": "C2", "status": "upgrade_candidate", "mean_lts": 2.53, "connects_existing": true, "length_km": 0.931, "high_stress_km": 0.489, "project_type": "Upgrade existing facility" }, "geometry": { "type": "MultiLineString", "coordinates": [ [ [ 144.9832233, -37.7066305 ], [ 144.9845136, -37.7067336 ] ], [ [ 144.988791, -37.7071131 ], [ 144.9885194, -37.7070905 ], [ 144.9874445, -37.706991 ], [ 144.9861204, -37.7068783 ], [ 144.9845136, -37.7067336 ] ], [ [ 144.988791, -37.7071131 ], [ 144.990138, -37.7072172 ] ], [ [ 144.9919038, -37.7073554 ], [ 144.990138, -37.7072172 ] ], [ [ 144.9919038, -37.7073554 ], [ 144.9939965, -37.7075713 ] ] ] } },
{ "type": "Feature", "properties": { "project_id": "SCC_01374", "scc_feature": 939, "scc_source_id": "939", "scc_type": "C2", "status": "upgrade_candidate", "mean_lts": 3.11, "connects_existing": false, "length_km": 0.802, "high_stress_km": 0.698, "project_type": "Upgrade existing facility" }, "geometry": { "type": "MultiLineString", "coordinates": [ [ [ 145.0023703, -37.7159234 ], [ 145.0010803, -37.7158024 ], [ 145.0005148, -37.7157388 ], [ 144.9996212, -37.7156425 ], [ 144.9985577, -37.7155343 ], [ 144.9981278, -37.715491 ] ], [ [ 145.0023703, -37.7159234 ], [ 145.003774, -37.7160373 ] ], [ [ 145.0043378, -37.716164 ], [ 145.003774, -37.7160373 ] ], [ [ 145.0043378, -37.716164 ], [ 145.0057415, -37.7162779 ], [ 145.0061036, -37.7163111 ], [ 145.0067379, -37.7163489 ] ] ] } },
{ "type": "Feature", "properties": { "project_id": "SCC_01375", "scc_feature": 940, "scc_source_id": "940", "scc_type": "C2", "status": "upgrade_candidate", "mean_lts": 3.0, "connects_existing": false, "length_km": 1.028, "high_stress_km": 1.028, "project_type": "Upgrade existing facility" }, "geometry": { "type": "MultiLineString", "coordinates": [ [ [ 145.0007836, -37.818722 ], [ 145.0014651, -37.8187246 ], [ 145.0017801, -37.8188381 ] ], [ [ 144.9991526, -37.8185411 ], [ 145.000399, -37.8186614 ], [ 145.0007836, -37.818722 ] ], [ [ 145.0073088, -37.8194004 ], [ 145.0082829, -37.819507 ] ], [ [ 145.0073088, -37.8194004 ], [ 145.0065159, -37.8193148 ], [ 145.0056776, -37.8192286 ], [ 145.005213, -37.8191846 ] ], [ [ 145.0037863, -37.8190073 ], [ 145.005213, -37.8191846 ] ], [ [ 145.0037863, -37.8190073 ], [ 145.0025962, -37.818906 ], [ 145.0023356, -37.8188835 ] ], [ [ 145.0017801, -37.8188381 ], [ 145.0023356, -37.8188835 ] ], [ [ 145.0017801, -37.8188381 ], [ 145.0007836, -37.818722 ] ] ] } },
{ "type": "Feature", "properties": { "project_id": "SCC_01376", "scc_feature": 941, "scc_source_id": "941", "scc_type": "C2", "status": "upgrade_candidate", "mean_lts": 3.79, "connects_existing": false, "length_km": 0.831, "high_stress_km": 0.831, "project_type": "Upgrade existing facility" }, "geometry": { "type": "MultiLineString", "coordinates": [ [ [ 145.0081597, -37.8202889 ], [ 145.007933, -37.8215377 ], [ 145.0077725, -37.8224362 ] ], [ [ 145.0081597, -37.8202889 ], [ 145.0082829, -37.819507 ], [ 145.00826, -37.8199391 ], [ 145.0081597, -37.8202889 ] ], [ [ 145.0071167, -37.8261199 ], [ 145.0073449, -37.8248171 ], [ 145.0075716, -37.8235683 ], [ 145.0077198, -37.8227056 ], [ 145.0077725, -37.8224362 ] ] ] } },
{ "type": "Feature", "properties": { "project_id": "SCC_01377", "scc_feature": 942, "scc_source_id": "942", "scc_type": "C2", "status": "upgrade_candidate", "mean_lts": 3.8, "connects_existing": false, "length_km": 1.626, "high_stress_km": 1.626, "project_type": "Upgrade existing facility" }, "geometry": { "type": "MultiLineString", "coordinates": [ [ [ 144.9909085, -37.8653159 ], [ 144.9917695, -37.8654208 ], [ 144.9921546, -37.8654724 ] ], [ [ 144.9929137, -37.8655664 ], [ 144.9939561, -37.8656923 ] ], [ [ 144.9929137, -37.8655664 ], [ 144.9921546, -37.8654724 ] ], [ [ 144.9945, -37.8657557 ], [ 144.9947831, -37.8657966 ], [ 144.9951343, -37.8658386 ], [ 144.9960406, -37.8659532 ], [ 144.9971964, -37.86609 ] ], [ [ 144.9945, -37.8657557 ], [ 144.9939561, -37.8656923 ] ], [ [ 144.9993148, -37.8663603 ], [ 145.000006, -37.8664442 ] ], [ [ 144.9993148, -37.8663603 ], [ 144.9983633, -37.866236 ], [ 144.9971964, -37.86609 ] ], [ [ 145.0091719, -37.8675728 ], [ 145.0069514, -37.8672919 ], [ 145.005705, -37.8671446 ], [ 145.0051613, -37.8670723 ], [ 145.0041416, -37.8669469 ], [ 145.0027592, -37.8667793 ], [ 145.0017734, -37.8666634 ], [ 145.000006, -37.8664442 ] ] ] } },
{ "type": "Feature", "properties": { "project_id": "SCC_01378", "scc_feature": 943, "scc_source_id": "943", "scc_type": "C2", "status": "upgrade_candidate", "mean_lts": 3.65, "connects_existing": false, "length_km": 1.175, "high_stress_km": 1.108, "project_type": "Upgrade existing facility" }, "geometry": { "type": "MultiLineString", "coordinates": [ [ [ 145.0071848, -37.8780379 ], [ 145.0073672, -37.8771758 ] ], [ [ 145.0076461, -37.8756846 ], [ 145.0077501, -37.8751997 ], [ 145.0078297, -37.8747775 ], [ 145.008001, -37.8739063 ], [ 145.0080929, -37.8734482 ], [ 145.0081846, -37.8729992 ], [ 145.0086115, -37.8706544 ], [ 145.0087184, -37.8700614 ] ], [ [ 145.0076461, -37.8756846 ], [ 145.0073672, -37.8771758 ] ], [ [ 145.0089847, -37.868615 ], [ 145.0091719, -37.8675728 ] ], [ [ 145.0089847, -37.868615 ], [ 145.0087184, -37.8700614 ] ] ] } },
{ "type": "Feature", "properties": { "project_id": "SCC_01379", "scc_feature": 945, "scc_source_id": "945", "scc_type": "C2", "status": "upgrade_candidate", "mean_lts": 3.0, "connects_existing": false, "length_km": 0.095, "high_stress_km": 0.095, "project_type": "Upgrade existing facility" }, "geometry": { "type": "LineString", "coordinates": [ [ 145.0754278, -37.7308825 ], [ 145.0753149, -37.7317368 ] ] } },
{ "type": "Feature", "properties": { "project_id": "SCC_01380", "scc_feature": 947, "scc_source_id": "947", "scc_type": "C2", "status": "upgrade_candidate", "mean_lts": 2.51, "connects_existing": false, "length_km": 2.726, "high_stress_km": 1.315, "project_type": "Upgrade existing facility" }, "geometry": { "type": "MultiLineString", "coordinates": [ [ [ 145.0520562, -37.7078152 ], [ 145.0544182, -37.7081516 ] ], [ [ 145.0544182, -37.7081516 ], [ 145.0572047, -37.7065664 ] ], [ [ 145.0572047, -37.7065664 ], [ 145.0569144, -37.706823 ], [ 145.055354, -37.7079328 ], [ 145.0544182, -37.7081516 ] ], [ [ 145.0582682, -37.7057999 ], [ 145.0572047, -37.7065664 ] ], [ [ 145.0642861, -37.7055654 ], [ 145.0620525, -37.7050962 ], [ 145.0615429, -37.7050607 ] ], [ [ 145.0642861, -37.7055654 ], [ 145.0667605, -37.7059395 ] ], [ [ 145.0688717, -37.7063256 ], [ 145.0700228, -37.7074259 ] ], [ [ 145.0688717, -37.7063256 ], [ 145.0705617, -37.707642 ], [ 145.0700228, -37.7074259 ] ], [ [ 145.0688717, -37.7063256 ], [ 145.0671342, -37.7059636 ], [ 145.0667605, -37.7059395 ] ], [ [ 145.0582682, -37.7057999 ], [ 145.0615429, -37.7050607 ] ] ] } },
{ "type": "Feature", "properties": { "project_id": "SCC_01381", "scc_feature": 947, "scc_source_id": "947", "scc_type": "C2", "status": "upgrade_candidate", "mean_lts": 3.0, "connects_existing": false, "length_km": 0.465, "high_stress_km": 0.465, "project_type": "Upgrade existing facility" }, "geometry": { "type": "MultiLineString", "coordinates": [ [ [ 145.0793844, -37.7086152 ], [ 145.0798488, -37.7086408 ], [ 145.0804715, -37.708687 ], [ 145.0793844, -37.7086152 ] ], [ [ 145.078276, -37.708489 ], [ 145.0763639, -37.7082956 ] ], [ [ 145.078276, -37.708489 ], [ 145.0793844, -37.7086152 ] ] ] } },
{ "type": "Feature", "properties": { "project_id": "SCC_01382", "scc_feature": 949, "scc_source_id": "949", "scc_type": "C2", "status": "upgrade_candidate", "mean_lts": 4.0, "connects_existing": true, "length_km": 0.332, "high_stress_km": 0.332, "project_type": "Upgrade existing facility" }, "geometry": { "type": "LineString", "coordinates": [ [ 145.0738328, -37.6596971 ], [ 145.0770121, -37.6577393 ] ] } },
{ "type": "Feature", "properties": { "project_id": "SCC_01383", "scc_feature": 949, "scc_source_id": "949", "scc_type": "C2", "status": "upgrade_candidate", "mean_lts": 3.78, "connects_existing": true, "length_km": 0.385, "high_stress_km": 0.343, "project_type": "Upgrade existing facility" }, "geometry": { "type": "MultiLineString", "coordinates": [ [ [ 145.0744866, -37.6594014 ], [ 145.0739997, -37.659817 ] ], [ [ 145.0749311, -37.6593095 ], [ 145.0744866, -37.6594014 ] ], [ [ 145.077682, -37.6576961 ], [ 145.0772678, -37.6579327 ], [ 145.0769461, -37.6580987 ], [ 145.076636, -37.6582559 ], [ 145.0744866, -37.6594014 ] ] ] } },
{ "type": "Feature", "properties": { "project_id": "SCC_01384", "scc_feature": 954, "scc_source_id": "954", "scc_type": "C2", "status": "upgrade_candidate", "mean_lts": 3.0, "connects_existing": true, "length_km": 0.511, "high_stress_km": 0.511, "project_type": "Upgrade existing facility" }, "geometry": { "type": "MultiLineString", "coordinates": [ [ [ 145.0139796, -37.8201619 ], [ 145.0132217, -37.820041 ], [ 145.0126566, -37.8199323 ], [ 145.011739, -37.8198357 ] ], [ [ 145.0107741, -37.8198104 ], [ 145.011149, -37.8198077 ], [ 145.011739, -37.8198357 ] ], [ [ 145.0107741, -37.8198104 ], [ 145.0099819, -37.8196979 ] ], [ [ 145.0082829, -37.819507 ], [ 145.0099819, -37.8196979 ] ] ] } },
{ "type": "Feature", "properties": { "project_id": "SCC_01385", "scc_feature": 955, "scc_source_id": "955", "scc_type": "C2", "status": "upgrade_candidate", "mean_lts": 3.73, "connects_existing": true, "length_km": 6.018, "high_stress_km": 5.227, "project_type": "Upgrade existing facility" }, "geometry": { "type": "MultiLineString", "coordinates": [ [ [ 144.9570308, -37.6442674 ], [ 144.9574423, -37.6441393 ] ], [ [ 144.9570308, -37.6442674 ], [ 144.9575484, -37.6444025 ], [ 144.9581794, -37.6445396 ] ], [ [ 144.9581794, -37.6445396 ], [ 144.9605854, -37.6448336 ], [ 144.9620997, -37.6449949 ] ], [ [ 144.9581794, -37.6445396 ], [ 144.9620997, -37.6449949 ] ], [ [ 144.9620997, -37.6449949 ], [ 144.9628456, -37.6450709 ], [ 144.9633881, -37.6451253 ], [ 144.9659538, -37.6453859 ] ], [ [ 144.9659538, -37.6453859 ], [ 144.9672307, -37.6455251 ] ], [ [ 144.9659538, -37.6453859 ], [ 144.9675932, -37.6455313 ] ], [ [ 144.9672307, -37.6455251 ], [ 144.9675932, -37.6455313 ] ], [ [ 144.9672307, -37.6455251 ], [ 144.9682374, -37.6455965 ] ], [ [ 144.9675932, -37.6455313 ], [ 144.9682374, -37.6455965 ] ], [ [ 144.9686243, -37.6459546 ], [ 144.9680936, -37.6458824 ], [ 144.9634492, -37.6453787 ], [ 144.9627941, -37.6452953 ], [ 144.9607149, -37.6450701 ], [ 144.9582641, -37.6447573 ], [ 144.9574302, -37.6445807 ], [ 144.9570591, -37.6444751 ], [ 144.9555973, -37.6440533 ], [ 144.9552368, -37.6439749 ], [ 144.9519278, -37.643548 ], [ 144.9514792, -37.643378 ], [ 144.9517636, -37.6433379 ], [ 144.9551511, -37.6437932 ], [ 144.9555121, -37.6438535 ], [ 144.9570308, -37.6442674 ] ], [ [ 144.9682374, -37.6455965 ], [ 144.9704888, -37.6457434 ], [ 144.9707898, -37.6459288 ] ], [ [ 144.9682374, -37.6455965 ], [ 144.9707898, -37.6459288 ] ], [ [ 144.9707898, -37.6459288 ], [ 144.9737939, -37.6467375 ], [ 144.9769635, -37.646882 ] ], [ [ 144.9774896, -37.6471254 ], [ 144.976604, -37.6471823 ], [ 144.9728734, -37.6468298 ] ], [ [ 144.9774896, -37.6471254 ], [ 144.9769635, -37.646882 ] ], [ [ 144.9769635, -37.646882 ], [ 144.9802811, -37.647002 ], [ 144.9848252, -37.6474492 ] ], [ [ 144.9791995, -37.6471817 ], [ 144.9774896, -37.6471254 ] ] ] } },
{ "type": "Feature", "properties": { "project_id": "SCC_01386", "scc_feature": 955, "scc_source_id": "955", "scc_type": "C2", "status": "upgrade_candidate", "mean_lts": 3.87, "connects_existing": true, "length_km": 1.166, "high_stress_km": 1.092, "project_type": "Upgrade existing facility" }, "geometry": { "type": "MultiLineString", "coordinates": [ [ [ 144.9997814, -37.649317 ], [ 144.9990708, -37.6496113 ] ], [ [ 145.0052717, -37.6499958 ], [ 144.9997814, -37.649317 ] ], [ [ 144.9997814, -37.649317 ], [ 144.9990694, -37.6492418 ], [ 144.9954862, -37.6488746 ], [ 144.9946134, -37.6488777 ], [ 144.9929775, -37.6485976 ] ] ] } },
{ "type": "Feature", "properties": { "project_id": "SCC_01387", "scc_feature": 955, "scc_source_id": "955", "scc_type": "C2", "status": "upgrade_candidate", "mean_lts": 4.0, "connects_existing": false, "length_km": 0.837, "high_stress_km": 0.837, "project_type": "Upgrade existing facility" }, "geometry": { "type": "LineString", "coordinates": [ [ 144.9940694, -37.6484539 ], [ 144.9947024, -37.6485188 ], [ 144.9950187, -37.6485602 ], [ 144.9952561, -37.6485823 ], [ 144.9977646, -37.6488682 ], [ 144.998386, -37.6489418 ], [ 144.9992113, -37.6490189 ], [ 144.9996862, -37.649063 ], [ 145.0010534, -37.6492214 ], [ 145.0029745, -37.6494342 ], [ 145.0034605, -37.6494875 ] ] } },
{ "type": "Feature", "properties": { "project_id": "SCC_01388", "scc_feature": 955, "scc_source_id": "955", "scc_type": "C2", "status": "upgrade_candidate", "mean_lts": 4.0, "connects_existing": true, "length_km": 0.664, "high_stress_km": 0.664, "project_type": "Upgrade existing facility" }, "geometry": { "type": "LineString", "coordinates": [ [ 144.9395518, -37.6419085 ], [ 144.9417774, -37.6421637 ], [ 144.9467356, -37.6427818 ] ] } },
{ "type": "Feature", "properties": { "project_id": "SCC_01389", "scc_feature": 963, "scc_source_id": "963", "scc_type": "C2", "status": "upgrade_candidate", "mean_lts": 4.0, "connects_existing": true, "length_km": 0.059, "high_stress_km": 0.059, "project_type": "Upgrade existing facility" }, "geometry": { "type": "LineString", "coordinates": [ [ 145.0936116, -37.8922845 ], [ 145.0935058, -37.8928595 ] ] } },
{ "type": "Feature", "properties": { "project_id": "SCC_01391", "scc_feature": 967, "scc_source_id": "967", "scc_type": "C2", "status": "upgrade_candidate", "mean_lts": 3.0, "connects_existing": true, "length_km": 0.139, "high_stress_km": 0.139, "project_type": "Upgrade existing facility" }, "geometry": { "type": "MultiLineString", "coordinates": [ [ [ 144.9972292, -37.7648429 ], [ 144.9983708, -37.7650245 ] ], [ [ 144.9989364, -37.7650972 ], [ 144.9983708, -37.7650245 ] ] ] } },
{ "type": "Feature", "properties": { "project_id": "SCC_01392", "scc_feature": 967, "scc_source_id": "967", "scc_type": "C2", "status": "upgrade_candidate", "mean_lts": 3.45, "connects_existing": false, "length_km": 0.486, "high_stress_km": 0.486, "project_type": "Upgrade existing facility" }, "geometry": { "type": "MultiLineString", "coordinates": [ [ [ 145.0002811, -37.7657509 ], [ 144.9999076, -37.7657085 ] ], [ [ 145.0002811, -37.7657509 ], [ 145.001051, -37.765827 ] ], [ [ 145.0015715, -37.7658899 ], [ 145.001051, -37.765827 ] ], [ [ 145.0015715, -37.7658899 ], [ 145.0019452, -37.7659233 ], [ 145.003709, -37.7661875 ] ], [ [ 145.0050011, -37.7662635 ], [ 145.004253, -37.7662238 ], [ 145.003709, -37.7661875 ] ] ] } },
{ "type": "Feature", "properties": { "project_id": "SCC_01393", "scc_feature": 967, "scc_source_id": "967", "scc_type": "C2", "status": "upgrade_candidate", "mean_lts": 3.14, "connects_existing": false, "length_km": 1.908, "high_stress_km": 1.908, "project_type": "Upgrade existing facility" }, "geometry": { "type": "MultiLineString", "coordinates": [ [ [ 145.0233619, -37.7678076 ], [ 145.0230563, -37.7677755 ], [ 145.0212112, -37.7675733 ], [ 145.0200678, -37.7674549 ], [ 145.0189359, -37.7673278 ], [ 145.0177923, -37.7672184 ], [ 145.0167056, -37.767101 ], [ 145.0156645, -37.7669753 ], [ 145.01194, -37.7665881 ], [ 145.0084422, -37.7662136 ] ], [ [ 145.0233619, -37.7678076 ], [ 145.0270639, -37.7681941 ] ], [ [ 145.028002, -37.7696337 ], [ 145.0282414, -37.768313 ], [ 145.0270639, -37.7681941 ] ] ] } },
{ "type": "Feature", "properties": { "project_id": "SCC_01394", "scc_feature": 968, "scc_source_id": "968", "scc_type": "C2", "status": "upgrade_candidate", "mean_lts": 2.42, "connects_existing": true, "length_km": 0.416, "high_stress_km": 0.176, "project_type": "Upgrade existing facility" }, "geometry": { "type": "MultiLineString", "coordinates": [ [ [ 145.1372345, -37.7901657 ], [ 145.1373534, -37.7895007 ], [ 145.1374179, -37.7891953 ], [ 145.137748, -37.7873531 ] ], [ [ 145.1379425, -37.7863919 ], [ 145.137748, -37.7873531 ] ] ] } },
{ "type": "Feature", "properties": { "project_id": "SCC_01395", "scc_feature": 969, "scc_source_id": "969", "scc_type": "C2", "status": "upgrade_candidate", "mean_lts": 3.0, "connects_existing": true, "length_km": 0.228, "high_stress_km": 0.228, "project_type": "Upgrade existing facility" }, "geometry": { "type": "LineString", "coordinates": [ [ 145.1355401, -37.7852904 ], [ 145.1380991, -37.7855833 ] ] } },
{ "type": "Feature", "properties": { "project_id": "SCC_01396", "scc_feature": 974, "scc_source_id": "974", "scc_type": "C2", "status": "upgrade_candidate", "mean_lts": 3.31, "connects_existing": true, "length_km": 0.434, "high_stress_km": 0.38, "project_type": "Upgrade existing facility" }, "geometry": { "type": "MultiLineString", "coordinates": [ [ [ 145.0317826, -37.8684217 ], [ 145.0317744, -37.868728 ] ], [ [ 145.0314954, -37.8685341 ], [ 145.0317744, -37.868728 ] ], [ [ 145.0317744, -37.868728 ], [ 145.0320288, -37.8689936 ] ], [ [ 145.0314954, -37.8685341 ], [ 145.0318385, -37.8688823 ] ], [ [ 145.0320288, -37.8689936 ], [ 145.0318385, -37.8688823 ] ], [ [ 145.0320288, -37.8689936 ], [ 145.0338632, -37.8705472 ] ], [ [ 145.0320288, -37.8689936 ], [ 145.0314954, -37.8685341 ] ] ] } },
{ "type": "Feature", "properties": { "project_id": "SCC_01397", "scc_feature": 975, "scc_source_id": "975", "scc_type": "C2", "status": "upgrade_candidate", "mean_lts": 3.91, "connects_existing": false, "length_km": 2.224, "high_stress_km": 2.224, "project_type": "Upgrade existing facility" }, "geometry": { "type": "MultiLineString", "coordinates": [ [ [ 145.0132277, -37.8680919 ], [ 145.0122084, -37.8679486 ], [ 145.011744, -37.8678867 ], [ 145.0109962, -37.8677929 ], [ 145.0091719, -37.8675728 ] ], [ [ 145.0132277, -37.8680919 ], [ 145.0139752, -37.8681947 ] ], [ [ 145.0153921, -37.8683447 ], [ 145.0143037, -37.8682363 ], [ 145.0139752, -37.8681947 ] ], [ [ 145.0153921, -37.8683447 ], [ 145.0165697, -37.8685178 ] ], [ [ 145.0303815, -37.8702367 ], [ 145.0312528, -37.8703864 ], [ 145.0329743, -37.8706315 ], [ 145.0338632, -37.8705472 ] ], [ [ 145.0303815, -37.8702367 ], [ 145.0292937, -37.8701013 ], [ 145.0281833, -37.8699656 ], [ 145.0260646, -37.8696958 ], [ 145.0252825, -37.8696105 ], [ 145.0239005, -37.8694251 ], [ 145.0229714, -37.8693104 ], [ 145.0225636, -37.8692585 ], [ 145.0208076, -37.8690307 ], [ 145.0201839, -37.8689752 ], [ 145.0183373, -37.8687368 ], [ 145.0177493, -37.8686188 ], [ 145.0165697, -37.8685178 ] ] ] } },
{ "type": "Feature", "properties": { "project_id": "SCC_01398", "scc_feature": 976, "scc_source_id": "976", "scc_type": "C2", "status": "upgrade_candidate", "mean_lts": 4.0, "connects_existing": true, "length_km": 7.021, "high_stress_km": 7.021, "project_type": "Upgrade existing facility" }, "geometry": { "type": "MultiLineString", "coordinates": [ [ [ 144.996508, -37.9283941 ], [ 144.9984146, -37.9285708 ], [ 145.0, -37.928823 ] ], [ [ 145.0035393, -37.9292256 ], [ 145.0028224, -37.9292314 ], [ 145.0016451, -37.9290132 ] ], [ [ 145.0016451, -37.9290132 ], [ 145.0028488, -37.9290967 ], [ 145.0035393, -37.9292256 ] ], [ [ 145.0046162, -37.92937 ], [ 145.0069093, -37.9295621 ], [ 145.0077145, -37.9296568 ], [ 145.0093567, -37.929937 ] ], [ [ 145.0093567, -37.929937 ], [ 145.0090595, -37.929986 ], [ 145.0070181, -37.9297442 ], [ 145.0061676, -37.9296396 ], [ 145.0046162, -37.92937 ] ], [ [ 145.0093567, -37.929937 ], [ 145.0099596, -37.9299382 ], [ 145.0111053, -37.9300657 ], [ 145.0123303, -37.9302035 ], [ 145.0134419, -37.9303304 ], [ 145.0138024, -37.9304627 ] ], [ [ 145.0138024, -37.9304627 ], [ 145.0119742, -37.9303327 ], [ 145.0102504, -37.9301233 ], [ 145.0093567, -37.929937 ] ], [ [ 145.0138024, -37.9304627 ], [ 145.0154947, -37.9305724 ], [ 145.0173065, -37.9308913 ] ], [ [ 145.0173065, -37.9308913 ], [ 145.0161475, -37.9308357 ], [ 145.014923, -37.9306799 ], [ 145.0138024, -37.9304627 ] ], [ [ 145.0173065, -37.9308913 ], [ 145.0187951, -37.9309614 ], [ 145.0199745, -37.9311075 ], [ 145.020675, -37.9312905 ] ], [ [ 145.020675, -37.9312905 ], [ 145.0195612, -37.9312447 ], [ 145.0187107, -37.9311402 ], [ 145.0184271, -37.9311084 ], [ 145.0173065, -37.9308913 ] ], [ [ 145.020675, -37.9312905 ], [ 145.0211086, -37.9312437 ], [ 145.0222311, -37.9313887 ], [ 145.0233647, -37.931543 ], [ 145.0238503, -37.9316773 ] ], [ [ 145.0238503, -37.9316773 ], [ 145.0228159, -37.9316419 ], [ 145.020675, -37.9312905 ] ], [ [ 145.0238503, -37.9316773 ], [ 145.0245441, -37.9316889 ], [ 145.0249152, -37.9318484 ] ], [ [ 145.0287827, -37.9323098 ], [ 145.0262292, -37.9320687 ], [ 145.0256416, -37.9319146 ] ], [ [ 145.0256416, -37.9319146 ], [ 145.0274804, -37.9320807 ], [ 145.0287827, -37.9323098 ] ], [ [ 145.0316971, -37.932674 ], [ 145.030493, -37.9325997 ], [ 145.0287827, -37.9323098 ] ], [ [ 145.0287827, -37.9323098 ], [ 145.0305085, -37.9324468 ], [ 145.0316971, -37.932674 ] ], [ [ 145.0323683, -37.9326762 ], [ 145.0327543, -37.9327097 ], [ 145.0339453, -37.9328467 ] ], [ [ 145.0316971, -37.932674 ], [ 145.0323683, -37.9326762 ] ], [ [ 145.0323683, -37.9326762 ], [ 145.0336917, -37.9329687 ], [ 145.0316971, -37.932674 ] ], [ [ 145.0, -37.928823 ], [ 144.996508, -37.9283941 ] ], [ [ 144.996508, -37.9283941 ], [ 144.9940694, -37.9281183 ] ], [ [ 145.0249152, -37.9318484 ], [ 145.0238503, -37.9316773 ] ], [ [ 145.0249152, -37.9318484 ], [ 145.0256416, -37.9319146 ] ], [ [ 145.0046162, -37.92937 ], [ 145.0040731, -37.9292617 ] ], [ [ 145.0035393, -37.9292256 ], [ 145.0040731, -37.9292617 ] ], [ [ 145.0016451, -37.9290132 ], [ 145.0, -37.928823 ] ] ] } },
{ "type": "Feature", "properties": { "project_id": "SCC_01399", "scc_feature": 977, "scc_source_id": "977", "scc_type": "C2", "status": "upgrade_candidate", "mean_lts": 3.64, "connects_existing": false, "length_km": 2.798, "high_stress_km": 2.447, "project_type": "Upgrade existing facility" }, "geometry": { "type": "MultiLineString", "coordinates": [ [ [ 145.0071848, -37.8780379 ], [ 145.008726, -37.8782262 ], [ 145.0089752, -37.8782574 ], [ 145.0101878, -37.8784041 ], [ 145.0114226, -37.8785692 ], [ 145.0116947, -37.8786008 ], [ 145.0119439, -37.878632 ], [ 145.0126693, -37.8787164 ], [ 145.0130323, -37.8787495 ], [ 145.0134967, -37.8788115 ], [ 145.014698, -37.8789579 ], [ 145.0162842, -37.8791649 ], [ 145.0175081, -37.8793117 ], [ 145.018596, -37.8794471 ] ], [ [ 145.0194007, -37.8795418 ], [ 145.0214403, -37.8798014 ], [ 145.0222222, -37.8798956 ], [ 145.0232988, -37.8800309 ], [ 145.0238314, -37.8800939 ], [ 145.0245341, -37.8801778 ], [ 145.0248061, -37.8802094 ], [ 145.0256559, -37.8803228 ], [ 145.0261431, -37.880385 ], [ 145.0267889, -37.8804679 ], [ 145.0284888, -37.8806767 ], [ 145.0300751, -37.8808835 ], [ 145.031118, -37.8810001 ] ], [ [ 145.0194007, -37.8795418 ], [ 145.018596, -37.8794471 ] ], [ [ 145.031118, -37.8810001 ], [ 145.0314355, -37.8810324 ], [ 145.0331018, -37.8812225 ] ], [ [ 145.031118, -37.8810001 ], [ 145.0331018, -37.8812225 ] ], [ [ 145.0331018, -37.8812225 ], [ 145.0346656, -37.8814198 ] ] ] } },
{ "type": "Feature", "properties": { "project_id": "SCC_01401", "scc_feature": 978, "scc_source_id": "978", "scc_type": "C2", "status": "upgrade_candidate", "mean_lts": 3.0, "connects_existing": false, "length_km": 0.056, "high_stress_km": 0.056, "project_type": "Upgrade existing facility" }, "geometry": { "type": "LineString", "coordinates": [ [ 145.0347919, -37.8073178 ], [ 145.035426, -37.8073914 ] ] } },
{ "type": "Feature", "properties": { "project_id": "SCC_01402", "scc_feature": 980, "scc_source_id": "980", "scc_type": "C2", "status": "upgrade_candidate", "mean_lts": 3.0, "connects_existing": true, "length_km": 0.072, "high_stress_km": 0.072, "project_type": "Upgrade existing facility" }, "geometry": { "type": "LineString", "coordinates": [ [ 145.0363486, -37.7952858 ], [ 145.0359479, -37.7958379 ] ] } },
{ "type": "Feature", "properties": { "project_id": "SCC_01403", "scc_feature": 982, "scc_source_id": "982", "scc_type": "C2", "status": "upgrade_candidate", "mean_lts": 4.0, "connects_existing": true, "length_km": 0.732, "high_stress_km": 0.732, "project_type": "Upgrade existing facility" }, "geometry": { "type": "MultiLineString", "coordinates": [ [ [ 145.0342934, -37.9325912 ], [ 145.0348747, -37.9329794 ] ], [ [ 145.0348747, -37.9329794 ], [ 145.0355777, -37.9330723 ], [ 145.0363695, -37.9332477 ] ], [ [ 145.0344302, -37.933008 ], [ 145.0348747, -37.9329794 ] ], [ [ 145.0360496, -37.9332964 ], [ 145.0354144, -37.9332227 ], [ 145.0344302, -37.933008 ] ], [ [ 145.0360496, -37.9332964 ], [ 145.0344302, -37.933008 ] ], [ [ 145.0363695, -37.9332477 ], [ 145.0360496, -37.9332964 ] ], [ [ 145.0363695, -37.9332477 ], [ 145.0372196, -37.93337 ] ], [ [ 145.036785, -37.9334529 ], [ 145.0363695, -37.9332477 ] ] ] } },
{ "type": "Feature", "properties": { "project_id": "SCC_01404", "scc_feature": 985, "scc_source_id": "985", "scc_type": "C2", "status": "upgrade_candidate", "mean_lts": 3.59, "connects_existing": true, "length_km": 0.14, "high_stress_km": 0.14, "project_type": "Upgrade existing facility" }, "geometry": { "type": "MultiLineString", "coordinates": [ [ [ 145.0086093, -37.9066111 ], [ 145.0081339, -37.9069455 ] ], [ [ 145.0086093, -37.9066111 ], [ 145.0092491, -37.9060812 ] ] ] } },
{ "type": "Feature", "properties": { "project_id": "SCC_01405", "scc_feature": 985, "scc_source_id": "985", "scc_type": "C2", "status": "upgrade_candidate", "mean_lts": 3.0, "connects_existing": true, "length_km": 0.635, "high_stress_km": 0.635, "project_type": "Upgrade existing facility" }, "geometry": { "type": "MultiLineString", "coordinates": [ [ [ 145.0108282, -37.9078382 ], [ 145.0117694, -37.9079442 ] ], [ [ 145.0181057, -37.908754 ], [ 145.017859, -37.9086237 ], [ 145.0162942, -37.9084441 ], [ 145.015523, -37.908359 ], [ 145.0144909, -37.9082515 ], [ 145.0141622, -37.9082099 ], [ 145.0134476, -37.9081348 ], [ 145.0127219, -37.9080504 ], [ 145.0117694, -37.9079442 ] ] ] } },
{ "type": "Feature", "properties": { "project_id": "SCC_01406", "scc_feature": 986, "scc_source_id": "986", "scc_type": "C2", "status": "upgrade_candidate", "mean_lts": 3.0, "connects_existing": false, "length_km": 0.474, "high_stress_km": 0.474, "project_type": "Upgrade existing facility" }, "geometry": { "type": "MultiLineString", "coordinates": [ [ [ 145.0351661, -37.8784182 ], [ 145.0349143, -37.8797658 ], [ 145.0346656, -37.8814198 ] ], [ [ 145.0351661, -37.8784182 ], [ 145.0353793, -37.8772413 ] ] ] } },
{ "type": "Feature", "properties": { "project_id": "SCC_01407", "scc_feature": 986, "scc_source_id": "986", "scc_type": "C2", "status": "upgrade_candidate", "mean_lts": 3.0, "connects_existing": false, "length_km": 0.348, "high_stress_km": 0.348, "project_type": "Upgrade existing facility" }, "geometry": { "type": "LineString", "coordinates": [ [ 145.0394014, -37.8769118 ], [ 145.0368981, -37.8769872 ], [ 145.0354938, -37.8767836 ] ] } },
{ "type": "Feature", "properties": { "project_id": "SCC_01408", "scc_feature": 987, "scc_source_id": "987", "scc_type": "C2", "status": "upgrade_candidate", "mean_lts": 3.3, "connects_existing": false, "length_km": 0.824, "high_stress_km": 0.824, "project_type": "Upgrade existing facility" }, "geometry": { "type": "MultiLineString", "coordinates": [ [ [ 145.0373582, -37.8742193 ], [ 145.0380381, -37.8743027 ] ], [ [ 145.0380381, -37.8743027 ], [ 145.0378606, -37.8741376 ], [ 145.036283, -37.8727505 ], [ 145.035084, -37.8716671 ], [ 145.0338632, -37.8705472 ] ], [ [ 145.0380381, -37.8743027 ], [ 145.0385266, -37.8747434 ], [ 145.0395468, -37.8757157 ] ] ] } },
{ "type": "Feature", "properties": { "project_id": "SCC_01410", "scc_feature": 990, "scc_source_id": "990", "scc_type": "C2", "status": "upgrade_candidate", "mean_lts": 3.27, "connects_existing": false, "length_km": 0.837, "high_stress_km": 0.837, "project_type": "Upgrade existing facility" }, "geometry": { "type": "MultiLineString", "coordinates": [ [ [ 145.0101588, -37.8921555 ], [ 145.0085605, -37.8919662 ], [ 145.0073586, -37.8918378 ], [ 145.0070872, -37.8917791 ] ], [ [ 145.0101588, -37.8921555 ], [ 145.01373, -37.8925583 ] ], [ [ 145.0051498, -37.8902503 ], [ 145.0062382, -37.891215 ], [ 145.0070872, -37.8917791 ] ] ] } },
{ "type": "Feature", "properties": { "project_id": "SCC_01411", "scc_feature": 990, "scc_source_id": "990", "scc_type": "C2", "status": "upgrade_candidate", "mean_lts": 3.0, "connects_existing": false, "length_km": 0.635, "high_stress_km": 0.635, "project_type": "Upgrade existing facility" }, "geometry": { "type": "MultiLineString", "coordinates": [ [ [ 145.0136361, -37.8930884 ], [ 145.0148107, -37.8933876 ], [ 145.0159462, -37.8938753 ], [ 145.0171107, -37.8941293 ] ], [ [ 145.0205224, -37.8945472 ], [ 145.0193664, -37.8944016 ], [ 145.0182442, -37.8942655 ], [ 145.0171107, -37.8941293 ] ] ] } },
{ "type": "Feature", "properties": { "project_id": "SCC_01412", "scc_feature": 990, "scc_source_id": "990", "scc_type": "C2", "status": "upgrade_candidate", "mean_lts": 3.0, "connects_existing": true, "length_km": 0.272, "high_stress_km": 0.272, "project_type": "Upgrade existing facility" }, "geometry": { "type": "LineString", "coordinates": [ [ 145.0240251, -37.8953901 ], [ 145.0225174, -37.8952115 ], [ 145.0209759, -37.8950234 ] ] } },
{ "type": "Feature", "properties": { "project_id": "SCC_01413", "scc_feature": 993, "scc_source_id": "993", "scc_type": "C2", "status": "upgrade_candidate", "mean_lts": 3.92, "connects_existing": false, "length_km": 2.175, "high_stress_km": 2.175, "project_type": "Upgrade existing facility" }, "geometry": { "type": "MultiLineString", "coordinates": [ [ [ 145.0385855, -37.8720949 ], [ 145.0384938, -37.872553 ], [ 145.0383779, -37.8730648 ] ], [ [ 145.0385855, -37.8720949 ], [ 145.0388379, -37.8707204 ] ], [ [ 145.0394075, -37.8676748 ], [ 145.0393407, -37.8680522 ], [ 145.0392207, -37.8687171 ], [ 145.0391814, -37.8689147 ], [ 145.0390351, -37.8697143 ], [ 145.0389309, -37.8702172 ], [ 145.0388379, -37.8707204 ] ], [ [ 145.0394075, -37.8676748 ], [ 145.0395246, -37.8671181 ] ], [ [ 145.0400396, -37.8644141 ], [ 145.0398424, -37.8654201 ], [ 145.039776, -37.8657795 ], [ 145.0396962, -37.8662197 ], [ 145.0395246, -37.8671181 ] ], [ [ 145.0400396, -37.8644141 ], [ 145.0401218, -37.8638838 ] ], [ [ 145.0410199, -37.8591585 ], [ 145.040941, -37.8595627 ], [ 145.0408351, -37.8601287 ], [ 145.0406507, -37.8610809 ], [ 145.0404905, -37.8619794 ], [ 145.0403183, -37.8629047 ], [ 145.0402119, -37.8634887 ], [ 145.0401218, -37.8638838 ] ], [ [ 145.0410199, -37.8591585 ], [ 145.0412052, -37.8581703 ], [ 145.0414448, -37.8568495 ] ], [ [ 145.0420626, -37.8536877 ], [ 145.0416573, -37.8556906 ], [ 145.0414448, -37.8568495 ] ] ] } },
{ "type": "Feature", "properties": { "project_id": "SCC_01414", "scc_feature": 998, "scc_source_id": "998", "scc_type": "C2", "status": "upgrade_candidate", "mean_lts": 2.81, "connects_existing": true, "length_km": 0.845, "high_stress_km": 0.553, "project_type": "Upgrade existing facility" }, "geometry": { "type": "MultiLineString", "coordinates": [ [ [ 144.9917471, -37.7392009 ], [ 144.9899364, -37.7390168 ] ], [ [ 144.9917471, -37.7392009 ], [ 144.9935245, -37.7393574 ] ], [ [ 144.9946904, -37.7394673 ], [ 144.9935245, -37.7393574 ] ], [ [ 144.9964444, -37.7396504 ], [ 144.998289, -37.7398439 ], [ 144.9993308, -37.7399247 ] ], [ [ 144.9964444, -37.7396504 ], [ 144.9950623, -37.7395638 ] ], [ [ 144.9946904, -37.7394673 ], [ 144.9950623, -37.7395638 ] ] ] } },
{ "type": "Feature", "properties": { "project_id": "SCC_01415", "scc_feature": 998, "scc_source_id": "998", "scc_type": "C2", "status": "upgrade_candidate", "mean_lts": 2.54, "connects_existing": true, "length_km": 0.883, "high_stress_km": 0.477, "project_type": "Upgrade existing facility" }, "geometry": { "type": "MultiLineString", "coordinates": [ [ [ 145.0063352, -37.7406743 ], [ 145.0083603, -37.7409068 ], [ 145.0092313, -37.7410116 ] ], [ [ 145.0022385, -37.7402534 ], [ 145.0008474, -37.7400766 ], [ 145.0002472, -37.7400304 ] ], [ [ 145.0022385, -37.7402534 ], [ 145.0028044, -37.7403081 ] ], [ [ 145.0057937, -37.740557 ], [ 145.0063352, -37.7406743 ] ], [ [ 145.0063352, -37.7406743 ], [ 145.0061301, -37.7407068 ], [ 145.0057937, -37.740557 ] ], [ [ 145.0057937, -37.740557 ], [ 145.0053633, -37.7405226 ], [ 145.0046731, -37.7404479 ], [ 145.0041282, -37.7404567 ], [ 145.0036312, -37.7403671 ], [ 145.0028044, -37.7403081 ] ] ] } },
{ "type": "Feature", "properties": { "project_id": "SCC_01416", "scc_feature": 998, "scc_source_id": "998", "scc_type": "C2", "status": "upgrade_candidate", "mean_lts": 2.94, "connects_existing": false, "length_km": 1.749, "high_stress_km": 1.626, "project_type": "Upgrade existing facility" }, "geometry": { "type": "MultiLineString", "coordinates": [ [ [ 145.011019, -37.741213 ], [ 145.0125122, -37.7413914 ] ], [ [ 145.0184402, -37.7420861 ], [ 145.0175468, -37.7419719 ] ], [ [ 145.0184402, -37.7420861 ], [ 145.0193115, -37.7421818 ] ], [ [ 145.0212351, -37.7423944 ], [ 145.0198659, -37.7422452 ], [ 145.0195604, -37.742213 ], [ 145.0193115, -37.7421818 ] ], [ [ 145.0212351, -37.7423944 ], [ 145.0226149, -37.7425707 ], [ 145.0278782, -37.7430915 ], [ 145.0304676, -37.7434503 ] ], [ [ 145.0155667, -37.7417493 ], [ 145.0165398, -37.7418558 ], [ 145.0175468, -37.7419719 ] ], [ [ 145.0155667, -37.7417493 ], [ 145.0144806, -37.7416229 ], [ 145.0135075, -37.7415164 ], [ 145.0125122, -37.7413914 ] ] ] } },
{ "type": "Feature", "properties": { "project_id": "SCC_01417", "scc_feature": 998, "scc_source_id": "998", "scc_type": "C2", "status": "upgrade_candidate", "mean_lts": 3.0, "connects_existing": true, "length_km": 0.202, "high_stress_km": 0.202, "project_type": "Upgrade existing facility" }, "geometry": { "type": "MultiLineString", "coordinates": [ [ [ 145.0367566, -37.7429514 ], [ 145.0367278, -37.7440414 ] ], [ [ 145.0367175, -37.7448613 ], [ 145.0367278, -37.7440414 ] ] ] } },
{ "type": "Feature", "properties": { "project_id": "SCC_01418", "scc_feature": 1000, "scc_source_id": "1000", "scc_type": "C2", "status": "upgrade_candidate", "mean_lts": 3.85, "connects_existing": true, "length_km": 0.998, "high_stress_km": 0.998, "project_type": "Upgrade existing facility" }, "geometry": { "type": "MultiLineString", "coordinates": [ [ [ 145.0359487, -37.8831985 ], [ 145.0364308, -37.8838825 ], [ 145.0382659, -37.8862832 ], [ 145.039943, -37.8865004 ] ], [ [ 145.0359487, -37.8831985 ], [ 145.0348507, -37.8817293 ] ], [ [ 145.0428107, -37.8868455 ], [ 145.0418699, -37.8867307 ], [ 145.0411106, -37.886637 ], [ 145.039943, -37.8865004 ] ] ] } },
{ "type": "Feature", "properties": { "project_id": "SCC_01420", "scc_feature": 1002, "scc_source_id": "1002", "scc_type": "C2", "status": "upgrade_candidate", "mean_lts": 3.9, "connects_existing": true, "length_km": 2.171, "high_stress_km": 2.171, "project_type": "Upgrade existing facility" }, "geometry": { "type": "MultiLineString", "coordinates": [ [ [ 145.0121814, -37.7172699 ], [ 145.0115575, -37.7172684 ], [ 145.0104961, -37.7170792 ] ], [ [ 145.0121814, -37.7172699 ], [ 145.0127821, -37.717289 ], [ 145.0143977, -37.7175416 ] ], [ [ 145.0143977, -37.7175416 ], [ 145.0139325, -37.7175427 ], [ 145.0127226, -37.7173962 ], [ 145.0121814, -37.7172699 ] ], [ [ 145.0143977, -37.7175416 ], [ 145.0161522, -37.7176883 ], [ 145.0172018, -37.7178952 ] ], [ [ 145.0172018, -37.7178952 ], [ 145.0163182, -37.7178443 ], [ 145.0151198, -37.7176889 ], [ 145.0143977, -37.7175416 ] ], [ [ 145.0198934, -37.7182108 ], [ 145.0191226, -37.7181888 ], [ 145.0172018, -37.7178952 ] ], [ [ 145.0078067, -37.7166823 ], [ 145.0104961, -37.7170792 ] ], [ [ 145.0104961, -37.7170792 ], [ 145.0121814, -37.7172699 ] ], [ [ 145.0212996, -37.7182344 ], [ 145.0198934, -37.7182108 ] ], [ [ 145.0172018, -37.7178952 ], [ 145.0198934, -37.7182108 ] ] ] } },
{ "type": "Feature", "properties": { "project_id": "SCC_01421", "scc_feature": 1002, "scc_source_id": "1002", "scc_type": "C2", "status": "upgrade_candidate", "mean_lts": 2.81, "connects_existing": true, "length_km": 1.702, "high_stress_km": 0.688, "project_type": "Upgrade existing facility" }, "geometry": { "type": "MultiLineString", "coordinates": [ [ [ 145.0342899, -37.7134952 ], [ 145.0311124, -37.7131087 ], [ 145.0295899, -37.7132004 ], [ 145.0284068, -37.7133248 ], [ 145.0275086, -37.7133999 ], [ 145.0254636, -37.7139425 ], [ 145.0243539, -37.7142934 ] ], [ [ 145.0342899, -37.7134952 ], [ 145.0347423, -37.7135478 ], [ 145.0387036, -37.7143257 ] ], [ [ 145.0406241, -37.7154932 ], [ 145.0422628, -37.7165929 ] ], [ [ 145.0406241, -37.7154932 ], [ 145.0387036, -37.7143257 ] ] ] } },
{ "type": "Feature", "properties": { "project_id": "SCC_01422", "scc_feature": 1003, "scc_source_id": "1003", "scc_type": "C2", "status": "upgrade_candidate", "mean_lts": 4.0, "connects_existing": true, "length_km": 0.327, "high_stress_km": 0.327, "project_type": "Upgrade existing facility" }, "geometry": { "type": "MultiLineString", "coordinates": [ [ [ 145.0422477, -37.8527085 ], [ 145.042486, -37.8514327 ] ], [ [ 145.0428789, -37.8498983 ], [ 145.0426971, -37.8503278 ], [ 145.042486, -37.8514327 ] ] ] } },
{ "type": "Feature", "properties": { "project_id": "SCC_01423", "scc_feature": 1005, "scc_source_id": "1005", "scc_type": "C2", "status": "upgrade_candidate", "mean_lts": 3.0, "connects_existing": false, "length_km": 0.208, "high_stress_km": 0.208, "project_type": "Upgrade existing facility" }, "geometry": { "type": "LineString", "coordinates": [ [ 145.0395468, -37.8757157 ], [ 145.0411031, -37.8770483 ] ] } },
{ "type": "Feature", "properties": { "project_id": "SCC_01424", "scc_feature": 1008, "scc_source_id": "1008", "scc_type": "C2", "status": "upgrade_candidate", "mean_lts": 4.0, "connects_existing": false, "length_km": 0.254, "high_stress_km": 0.254, "project_type": "Upgrade existing facility" }, "geometry": { "type": "LineString", "coordinates": [ [ 145.0359223, -38.2375493 ], [ 145.0362514, -38.2397535 ] ] } },
{ "type": "Feature", "properties": { "project_id": "SCC_01425", "scc_feature": 1008, "scc_source_id": "1008", "scc_type": "C2", "status": "upgrade_candidate", "mean_lts": 4.0, "connects_existing": false, "length_km": 2.697, "high_stress_km": 2.697, "project_type": "Upgrade existing facility" }, "geometry": { "type": "MultiLineString", "coordinates": [ [ [ 145.0358159, -38.2559305 ], [ 145.0363033, -38.2526856 ], [ 145.0368462, -38.2494957 ], [ 145.0370377, -38.2483274 ] ], [ [ 145.0373654, -38.2446383 ], [ 145.0373392, -38.2443405 ], [ 145.0365397, -38.2405063 ], [ 145.0368588, -38.2418093 ], [ 145.0373654, -38.2446383 ] ], [ [ 145.0373654, -38.2446383 ], [ 145.0375633, -38.2449299 ], [ 145.0373935, -38.2465671 ], [ 145.0370377, -38.2483274 ] ], [ [ 145.0370377, -38.2483274 ], [ 145.0373599, -38.245269 ], [ 145.0373654, -38.2446383 ] ] ] } },
{ "type": "Feature", "properties": { "project_id": "SCC_01426", "scc_feature": 1009, "scc_source_id": "1009", "scc_type": "C2", "status": "upgrade_candidate", "mean_lts": 4.0, "connects_existing": false, "length_km": 0.448, "high_stress_km": 0.448, "project_type": "Upgrade existing facility" }, "geometry": { "type": "MultiLineString", "coordinates": [ [ [ 145.1333413, -37.7630049 ], [ 145.1333465, -37.7623471 ], [ 145.1334536, -37.7616999 ] ], [ [ 145.1335923, -37.7620536 ], [ 145.1333413, -37.7630049 ] ], [ [ 145.1331102, -37.7645243 ], [ 145.1333413, -37.7630049 ] ] ] } },
{ "type": "Feature", "properties": { "project_id": "SCC_01427", "scc_feature": 1009, "scc_source_id": "1009", "scc_type": "C2", "status": "upgrade_candidate", "mean_lts": 4.0, "connects_existing": true, "length_km": 0.915, "high_stress_km": 0.915, "project_type": "Upgrade existing facility" }, "geometry": { "type": "LineString", "coordinates": [ [ 145.1338533, -37.7593451 ], [ 145.134591, -37.7552833 ], [ 145.1340712, -37.7592584 ] ] } },
{ "type": "Feature", "properties": { "project_id": "SCC_01428", "scc_feature": 1011, "scc_source_id": "1011", "scc_type": "C2", "status": "upgrade_candidate", "mean_lts": 3.44, "connects_existing": true, "length_km": 0.479, "high_stress_km": 0.479, "project_type": "Upgrade existing facility" }, "geometry": { "type": "MultiLineString", "coordinates": [ [ [ 145.1384283, -37.783777 ], [ 145.138782, -37.7818991 ] ], [ [ 145.1389814, -37.7807397 ], [ 145.138782, -37.7818991 ] ], [ [ 145.1389814, -37.7807397 ], [ 145.1392305, -37.7794099 ] ] ] } },
{ "type": "Feature", "properties": { "project_id": "SCC_01429", "scc_feature": 1016, "scc_source_id": "1016", "scc_type": "C2", "status": "upgrade_candidate", "mean_lts": 3.16, "connects_existing": true, "length_km": 0.553, "high_stress_km": 0.32, "project_type": "Upgrade existing facility" }, "geometry": { "type": "MultiLineString", "coordinates": [ [ [ 145.1370272, -37.9581624 ], [ 145.1369649, -37.9574766 ], [ 145.1371563, -37.9562089 ] ], [ [ 145.1377085, -37.9555238 ], [ 145.1372141, -37.9575256 ] ], [ [ 145.1370272, -37.9581624 ], [ 145.1372141, -37.9575256 ] ] ] } },
{ "type": "Feature", "properties": { "project_id": "SCC_01430", "scc_feature": 1016, "scc_source_id": "1016", "scc_type": "C2", "status": "upgrade_candidate", "mean_lts": 3.63, "connects_existing": false, "length_km": 0.615, "high_stress_km": 0.503, "project_type": "Upgrade existing facility" }, "geometry": { "type": "MultiLineString", "coordinates": [ [ [ 145.1379724, -37.9540861 ], [ 145.1378696, -37.9550036 ] ], [ [ 145.1376694, -37.9543696 ], [ 145.1379834, -37.9527525 ], [ 145.1379724, -37.9540861 ] ], [ [ 145.1376694, -37.9543696 ], [ 145.1376821, -37.9547664 ] ], [ [ 145.1374491, -37.954979 ], [ 145.1376821, -37.9547664 ] ], [ [ 145.1379724, -37.9540861 ], [ 145.1376694, -37.9543696 ] ] ] } },
{ "type": "Feature", "properties": { "project_id": "SCC_01431", "scc_feature": 1016, "scc_source_id": "1016", "scc_type": "C2", "status": "upgrade_candidate", "mean_lts": 3.61, "connects_existing": false, "length_km": 0.481, "high_stress_km": 0.387, "project_type": "Upgrade existing facility" }, "geometry": { "type": "MultiLineString", "coordinates": [ [ [ 145.1383656, -37.9497846 ], [ 145.1387253, -37.9490604 ] ], [ [ 145.1387253, -37.9490604 ], [ 145.1386777, -37.9486901 ] ], [ [ 145.1387253, -37.9490604 ], [ 145.1388188, -37.9494133 ], [ 145.1385863, -37.9505091 ], [ 145.1387253, -37.9490604 ] ] ] } },
{ "type": "Feature", "properties": { "project_id": "SCC_01432", "scc_feature": 1016, "scc_source_id": "1016", "scc_type": "C2", "status": "upgrade_candidate", "mean_lts": 3.79, "connects_existing": true, "length_km": 1.42, "high_stress_km": 1.273, "project_type": "Upgrade existing facility" }, "geometry": { "type": "MultiLineString", "coordinates": [ [ [ 145.1399152, -37.9429422 ], [ 145.1399304, -37.9423386 ], [ 145.1399026, -37.9416352 ] ], [ [ 145.1399152, -37.9429422 ], [ 145.1401311, -37.9420534 ], [ 145.1401697, -37.9414232 ], [ 145.1400762, -37.9410702 ] ], [ [ 145.1400762, -37.9410702 ], [ 145.1405305, -37.9370401 ] ], [ [ 145.1407246, -37.9370162 ], [ 145.1400762, -37.9410702 ] ], [ [ 145.1400762, -37.9410702 ], [ 145.140442, -37.9419051 ], [ 145.1401805, -37.9432528 ], [ 145.1399152, -37.9429422 ] ] ] } },
{ "type": "Feature", "properties": { "project_id": "SCC_01433", "scc_feature": 1016, "scc_source_id": "1016", "scc_type": "C2", "status": "upgrade_candidate", "mean_lts": 2.0, "connects_existing": true, "length_km": 0.301, "high_stress_km": 0.0, "project_type": "Upgrade existing facility" }, "geometry": { "type": "LineString", "coordinates": [ [ 145.140132, -37.9370519 ], [ 145.1405261, -37.9394733 ] ] } },
{ "type": "Feature", "properties": { "project_id": "SCC_01435", "scc_feature": 1018, "scc_source_id": "1018", "scc_type": "C2", "status": "upgrade_candidate", "mean_lts": 3.64, "connects_existing": true, "length_km": 1.508, "high_stress_km": 1.261, "project_type": "Upgrade existing facility" }, "geometry": { "type": "MultiLineString", "coordinates": [ [ [ 145.1471171, -37.6748854 ], [ 145.1489611, -37.6732291 ] ], [ [ 145.1471171, -37.6748854 ], [ 145.1491842, -37.6733768 ], [ 145.1496918, -37.6730243 ] ], [ [ 145.1467742, -37.6749972 ], [ 145.1471171, -37.6748854 ] ], [ [ 145.1496918, -37.6730243 ], [ 145.1479317, -37.6745017 ], [ 145.1469601, -37.6752705 ] ], [ [ 145.1504535, -37.6724865 ], [ 145.1507898, -37.6721853 ] ], [ [ 145.1504535, -37.6724865 ], [ 145.1508837, -37.6725112 ] ], [ [ 145.1496918, -37.6730243 ], [ 145.1504535, -37.6724865 ] ], [ [ 145.1508837, -37.6725112 ], [ 145.1496918, -37.6730243 ] ], [ [ 145.1508837, -37.6725112 ], [ 145.1523761, -37.6731385 ], [ 145.1531115, -37.673204 ] ] ] } },
{ "type": "Feature", "properties": { "project_id": "SCC_01436", "scc_feature": 1019, "scc_source_id": "1019", "scc_type": "C2", "status": "upgrade_candidate", "mean_lts": 4.0, "connects_existing": true, "length_km": 2.369, "high_stress_km": 2.369, "project_type": "Upgrade existing facility" }, "geometry": { "type": "MultiLineString", "coordinates": [ [ [ 145.0787902, -37.7750601 ], [ 145.0788509, -37.7735921 ], [ 145.0789365, -37.772476 ] ], [ [ 145.0787902, -37.7750601 ], [ 145.078815, -37.7758535 ], [ 145.0787075, -37.7760591 ], [ 145.078636, -37.7757515 ], [ 145.0787902, -37.7750601 ] ], [ [ 145.0791907, -37.7705516 ], [ 145.0791302, -37.7720106 ], [ 145.0789365, -37.772476 ] ], [ [ 145.0789365, -37.772476 ], [ 145.0787902, -37.7750601 ] ], [ [ 145.0789365, -37.772476 ], [ 145.0791907, -37.7705516 ] ], [ [ 145.0791907, -37.7705516 ], [ 145.0791062, -37.7703069 ], [ 145.0795269, -37.7680878 ], [ 145.0811941, -37.7663937 ], [ 145.0795894, -37.7683051 ], [ 145.0791907, -37.7705516 ] ] ] } },
{ "type": "Feature", "properties": { "project_id": "SCC_01437", "scc_feature": 1019, "scc_source_id": "1019", "scc_type": "C2", "status": "upgrade_candidate", "mean_lts": 3.75, "connects_existing": false, "length_km": 0.493, "high_stress_km": 0.432, "project_type": "Upgrade existing facility" }, "geometry": { "type": "MultiLineString", "coordinates": [ [ [ 145.0837739, -37.7623262 ], [ 145.0834787, -37.7618888 ] ], [ [ 145.0839094, -37.7601565 ], [ 145.0837662, -37.7604246 ], [ 145.0835598, -37.7613855 ] ], [ [ 145.0839094, -37.7601565 ], [ 145.0840347, -37.759699 ] ], [ [ 145.0835598, -37.7613855 ], [ 145.0834787, -37.7618888 ] ], [ [ 145.0834787, -37.7618888 ], [ 145.0832871, -37.7622732 ], [ 145.0835598, -37.7613855 ] ] ] } },
{ "type": "Feature", "properties": { "project_id": "SCC_01438", "scc_feature": 1023, "scc_source_id": "1023", "scc_type": "C2", "status": "upgrade_candidate", "mean_lts": 3.03, "connects_existing": false, "length_km": 1.039, "high_stress_km": 0.903, "project_type": "Upgrade existing facility" }, "geometry": { "type": "MultiLineString", "coordinates": [ [ [ 145.1359404, -37.8461457 ], [ 145.1371871, -37.8462826 ], [ 145.1385353, -37.8464481 ], [ 145.1403482, -37.846666 ], [ 145.1429434, -37.8469593 ] ], [ [ 145.1435666, -37.8470322 ], [ 145.1438952, -37.8470735 ], [ 145.1450058, -37.8471991 ] ], [ [ 145.1435666, -37.8470322 ], [ 145.1429434, -37.8469593 ] ], [ [ 145.1439585, -37.8468131 ], [ 145.1429434, -37.8469593 ] ], [ [ 145.1458217, -37.8472931 ], [ 145.1460936, -37.8473244 ] ], [ [ 145.1458217, -37.8472931 ], [ 145.1450058, -37.8471991 ] ] ] } },
{ "type": "Feature", "properties": { "project_id": "SCC_01439", "scc_feature": 1023, "scc_source_id": "1023", "scc_type": "C2", "status": "upgrade_candidate", "mean_lts": 2.46, "connects_existing": false, "length_km": 0.64, "high_stress_km": 0.295, "project_type": "Upgrade existing facility" }, "geometry": { "type": "MultiLineString", "coordinates": [ [ [ 145.1497581, -37.8466701 ], [ 145.1500994, -37.844837 ], [ 145.1510962, -37.8449698 ] ], [ [ 145.1542183, -37.8455505 ], [ 145.1538606, -37.8453106 ] ], [ [ 145.1538606, -37.8453106 ], [ 145.1510962, -37.8449698 ] ], [ [ 145.1538606, -37.8453106 ], [ 145.1544513, -37.8453199 ] ] ] } },
{ "type": "Feature", "properties": { "project_id": "SCC_01440", "scc_feature": 1025, "scc_source_id": "1025", "scc_type": "C2", "status": "upgrade_candidate", "mean_lts": 4.0, "connects_existing": true, "length_km": 1.659, "high_stress_km": 1.659, "project_type": "Upgrade existing facility" }, "geometry": { "type": "MultiLineString", "coordinates": [ [ [ 145.1314223, -37.9893353 ], [ 145.1273551, -37.9889732 ], [ 145.1252795, -37.9886518 ], [ 145.1292092, -37.9890478 ], [ 145.1298348, -37.9890758 ] ], [ [ 145.1355964, -37.9899784 ], [ 145.1314223, -37.9893353 ] ], [ [ 145.1314223, -37.9893353 ], [ 145.1298348, -37.9890758 ] ], [ [ 145.1314223, -37.9893353 ], [ 145.1342499, -37.9896416 ] ] ] } },
{ "type": "Feature", "properties": { "project_id": "SCC_01441", "scc_feature": 1025, "scc_source_id": "1025", "scc_type": "C2", "status": "upgrade_candidate", "mean_lts": 4.0, "connects_existing": true, "length_km": 0.105, "high_stress_km": 0.105, "project_type": "Upgrade existing facility" }, "geometry": { "type": "LineString", "coordinates": [ [ 145.1458053, -37.991086 ], [ 145.1446722, -37.9908609 ], [ 145.1452646, -37.9908522 ] ] } },
{ "type": "Feature", "properties": { "project_id": "SCC_01443", "scc_feature": 1025, "scc_source_id": "1025", "scc_type": "C2", "status": "upgrade_candidate", "mean_lts": 4.0, "connects_existing": true, "length_km": 0.256, "high_stress_km": 0.256, "project_type": "Upgrade existing facility" }, "geometry": { "type": "LineString", "coordinates": [ [ 145.1493519, -37.9913312 ], [ 145.1505286, -37.991629 ], [ 145.1479848, -37.9913547 ] ] } },
{ "type": "Feature", "properties": { "project_id": "SCC_01444", "scc_feature": 1027, "scc_source_id": "1027", "scc_type": "C2", "status": "upgrade_candidate", "mean_lts": 3.67, "connects_existing": true, "length_km": 1.169, "high_stress_km": 1.169, "project_type": "Upgrade existing facility" }, "geometry": { "type": "MultiLineString", "coordinates": [ [ [ 145.0668266, -37.8881166 ], [ 145.0669589, -37.8874068 ] ], [ [ 145.0668266, -37.8881166 ], [ 145.0667171, -37.8888267 ] ], [ [ 145.06713, -37.8865175 ], [ 145.0671579, -37.8863197 ], [ 145.067276, -37.8857178 ], [ 145.0673562, -37.8852595 ], [ 145.0675207, -37.8846224 ] ], [ [ 145.06713, -37.8865175 ], [ 145.0669589, -37.8874068 ] ], [ [ 145.0677099, -37.883472 ], [ 145.0677494, -37.8832654 ], [ 145.0678935, -37.8825378 ], [ 145.0680636, -37.8816845 ], [ 145.0682344, -37.8808041 ], [ 145.068471, -37.8795824 ], [ 145.0685983, -37.8790618 ] ], [ [ 145.0677099, -37.883472 ], [ 145.0675207, -37.8846224 ] ], [ [ 145.0665988, -37.8894376 ], [ 145.0667171, -37.8888267 ] ] ] } },
{ "type": "Feature", "properties": { "project_id": "SCC_01445", "scc_feature": 1030, "scc_source_id": "1030", "scc_type": "C2", "status": "upgrade_candidate", "mean_lts": 3.59, "connects_existing": true, "length_km": 0.166, "high_stress_km": 0.166, "project_type": "Upgrade existing facility" }, "geometry": { "type": "MultiLineString", "coordinates": [ [ [ 145.0568028, -37.935894 ], [ 145.0562514, -37.9360922 ] ], [ [ 145.0568028, -37.935894 ], [ 145.0570779, -37.9358175 ] ], [ [ 145.0562147, -37.9357582 ], [ 145.0568028, -37.935894 ] ] ] } },
{ "type": "Feature", "properties": { "project_id": "SCC_01447", "scc_feature": 1040, "scc_source_id": "1040", "scc_type": "C2", "status": "upgrade_candidate", "mean_lts": 4.0, "connects_existing": false, "length_km": 1.118, "high_stress_km": 1.118, "project_type": "Upgrade existing facility" }, "geometry": { "type": "MultiLineString", "coordinates": [ [ [ 145.0793217, -37.8233727 ], [ 145.0796887, -37.8214862 ], [ 145.0798597, -37.8205878 ], [ 145.0800564, -37.8195727 ], [ 145.0802934, -37.8183149 ] ], [ [ 145.0812382, -37.8134188 ], [ 145.0808174, -37.8156289 ], [ 145.0805563, -37.8169403 ], [ 145.0802934, -37.8183149 ] ] ] } },
{ "type": "Feature", "properties": { "project_id": "SCC_01448", "scc_feature": 1040, "scc_source_id": "1040", "scc_type": "C2", "status": "upgrade_candidate", "mean_lts": 3.82, "connects_existing": false, "length_km": 1.986, "high_stress_km": 1.986, "project_type": "Upgrade existing facility" }, "geometry": { "type": "MultiLineString", "coordinates": [ [ [ 145.0817769, -37.8105978 ], [ 145.0818307, -37.8102743 ], [ 145.081975, -37.8095286 ], [ 145.0820139, -37.80934 ], [ 145.0822892, -37.8079206 ] ], [ [ 145.0817769, -37.8105978 ], [ 145.081436, -37.8123586 ] ], [ [ 145.0824592, -37.8070582 ], [ 145.0825505, -37.8066001 ], [ 145.0826287, -37.8062139 ], [ 145.0827611, -37.8054861 ], [ 145.0829072, -37.8046683 ], [ 145.0830516, -37.8039137 ], [ 145.083142, -37.8034916 ], [ 145.0833257, -37.8025393 ], [ 145.083484, -37.8016858 ], [ 145.0836271, -37.8009852 ], [ 145.0838362, -37.7999252 ], [ 145.083889, -37.7996376 ], [ 145.0840847, -37.7986585 ], [ 145.0841376, -37.798371 ], [ 145.0842806, -37.7976704 ], [ 145.0844653, -37.7966731 ], [ 145.0846482, -37.7957478 ] ], [ [ 145.0824592, -37.8070582 ], [ 145.0822892, -37.8079206 ] ], [ [ 145.0848576, -37.7946788 ], [ 145.0846482, -37.7957478 ] ] ] } },
{ "type": "Feature", "properties": { "project_id": "SCC_01449", "scc_feature": 1041, "scc_source_id": "1041", "scc_type": "C2", "status": "upgrade_candidate", "mean_lts": 2.1, "connects_existing": true, "length_km": 1.922, "high_stress_km": 1.056, "project_type": "Upgrade existing facility" }, "geometry": { "type": "MultiLineString", "coordinates": [ [ [ 145.0794894, -37.7300295 ], [ 145.0800644, -37.7262178 ] ], [ [ 145.0806923, -37.7225511 ], [ 145.0805065, -37.7235935 ], [ 145.0803588, -37.7244832 ], [ 145.0801707, -37.7256157 ], [ 145.0800644, -37.7262178 ] ], [ [ 145.0806923, -37.7225511 ], [ 145.0808611, -37.7221663 ] ], [ [ 145.0791991, -37.7316019 ], [ 145.0794894, -37.7300295 ] ], [ [ 145.0794894, -37.7300295 ], [ 145.0808611, -37.7221663 ] ] ] } },
{ "type": "Feature", "properties": { "project_id": "SCC_01450", "scc_feature": 1045, "scc_source_id": "1045", "scc_type": "C2", "status": "upgrade_candidate", "mean_lts": 2.0, "connects_existing": true, "length_km": 0.296, "high_stress_km": 0.0, "project_type": "Upgrade existing facility" }, "geometry": { "type": "LineString", "coordinates": [ [ 145.1547968, -37.89572 ], [ 145.155806, -37.895835 ], [ 145.1575054, -37.8960959 ], [ 145.1579636, -37.8964185 ] ] } },
{ "type": "Feature", "properties": { "project_id": "SCC_01451", "scc_feature": 1045, "scc_source_id": "1045", "scc_type": "C2", "status": "upgrade_candidate", "mean_lts": 2.2, "connects_existing": true, "length_km": 0.628, "high_stress_km": 0.063, "project_type": "Upgrade existing facility" }, "geometry": { "type": "MultiLineString", "coordinates": [ [ [ 145.1655942, -37.8964296 ], [ 145.1630993, -37.8961473 ] ], [ [ 145.1655942, -37.8964296 ], [ 145.1690301, -37.8968346 ] ], [ [ 145.1627837, -37.8964939 ], [ 145.1630993, -37.8961473 ] ], [ [ 145.1627837, -37.8964939 ], [ 145.1628916, -37.8958107 ] ] ] } },
{ "type": "Feature", "properties": { "project_id": "SCC_01452", "scc_feature": 1050, "scc_source_id": "1050", "scc_type": "C2", "status": "upgrade_candidate", "mean_lts": 1.94, "connects_existing": true, "length_km": 1.795, "high_stress_km": 0.507, "project_type": "Upgrade existing facility" }, "geometry": { "type": "MultiLineString", "coordinates": [ [ [ 145.1676166, -37.7573336 ], [ 145.1675759, -37.758063 ], [ 145.1674057, -37.75852 ] ], [ [ 145.1677896, -37.7562999 ], [ 145.16811, -37.7548179 ], [ 145.1682243, -37.7538644 ], [ 145.1677896, -37.7562999 ] ], [ [ 145.1677896, -37.7562999 ], [ 145.1676166, -37.7573336 ] ], [ [ 145.1672184, -37.7601302 ], [ 145.1674217, -37.7587906 ], [ 145.1674057, -37.75852 ] ], [ [ 145.1674057, -37.75852 ], [ 145.1668335, -37.761467 ], [ 145.1672184, -37.7601302 ] ], [ [ 145.1674057, -37.75852 ], [ 145.1676166, -37.7573336 ] ], [ [ 145.1672184, -37.7601302 ], [ 145.1668575, -37.7618729 ] ] ] } },
{ "type": "Feature", "properties": { "project_id": "SCC_01453", "scc_feature": 1055, "scc_source_id": "1055", "scc_type": "C2", "status": "upgrade_candidate", "mean_lts": 2.0, "connects_existing": true, "length_km": 0.814, "high_stress_km": 0.0, "project_type": "Upgrade existing facility" }, "geometry": { "type": "MultiLineString", "coordinates": [ [ [ 145.1693716, -37.8949834 ], [ 145.1695163, -37.8941926 ], [ 145.1699875, -37.8916946 ], [ 145.170381, -37.8895829 ] ], [ [ 145.1693716, -37.8949834 ], [ 145.1692407, -37.8956753 ] ], [ [ 145.1690301, -37.8968346 ], [ 145.1692407, -37.8956753 ] ] ] } },
{ "type": "Feature", "properties": { "project_id": "SCC_01454", "scc_feature": 1057, "scc_source_id": "1057", "scc_type": "C2", "status": "upgrade_candidate", "mean_lts": 3.54, "connects_existing": true, "length_km": 0.826, "high_stress_km": 0.826, "project_type": "Upgrade existing facility" }, "geometry": { "type": "MultiLineString", "coordinates": [ [ [ 145.1684424, -37.8998985 ], [ 145.1685342, -37.8994042 ], [ 145.1690301, -37.8968346 ] ], [ [ 145.1684424, -37.8998985 ], [ 145.1678017, -37.903259 ] ], [ [ 145.1676193, -37.9041933 ], [ 145.1678017, -37.903259 ] ] ] } },
{ "type": "Feature", "properties": { "project_id": "SCC_01455", "scc_feature": 1057, "scc_source_id": "1057", "scc_type": "C2", "status": "upgrade_candidate", "mean_lts": 2.34, "connects_existing": true, "length_km": 0.917, "high_stress_km": 0.309, "project_type": "Upgrade existing facility" }, "geometry": { "type": "MultiLineString", "coordinates": [ [ [ 145.1715597, -37.9131764 ], [ 145.1708469, -37.9134808 ], [ 145.169754, -37.9139775 ], [ 145.1687772, -37.9143768 ] ], [ [ 145.1713743, -37.9078025 ], [ 145.1716559, -37.9083746 ], [ 145.1719599, -37.9098753 ], [ 145.172573, -37.9117593 ] ], [ [ 145.1715597, -37.9131764 ], [ 145.172573, -37.9117593 ] ] ] } },
{ "type": "Feature", "properties": { "project_id": "SCC_01456", "scc_feature": 1059, "scc_source_id": "1059", "scc_type": "C2", "status": "upgrade_candidate", "mean_lts": 3.35, "connects_existing": true, "length_km": 1.332, "high_stress_km": 0.903, "project_type": "Upgrade existing facility" }, "geometry": { "type": "MultiLineString", "coordinates": [ [ [ 145.0953454, -37.6456271 ], [ 145.0956776, -37.6450467 ] ], [ [ 145.0962048, -37.6439287 ], [ 145.0956776, -37.6450467 ] ], [ [ 145.0962048, -37.6439287 ], [ 145.0964713, -37.643257 ] ], [ [ 145.0966237, -37.642169 ], [ 145.0964713, -37.643257 ] ], [ [ 145.0963521, -37.6408218 ], [ 145.0962048, -37.6439287 ] ], [ [ 145.0962048, -37.6439287 ], [ 145.0940623, -37.6461651 ], [ 145.0938341, -37.6462245 ], [ 145.0929354, -37.6467958 ], [ 145.0920235, -37.6474389 ], [ 145.0913965, -37.6480236 ], [ 145.0908121, -37.6487171 ] ] ] } },
{ "type": "Feature", "properties": { "project_id": "SCC_01457", "scc_feature": 1059, "scc_source_id": "1059", "scc_type": "C2", "status": "upgrade_candidate", "mean_lts": 4.0, "connects_existing": true, "length_km": 0.185, "high_stress_km": 0.185, "project_type": "Upgrade existing facility" }, "geometry": { "type": "LineString", "coordinates": [ [ 145.091265, -37.6478502 ], [ 145.0922617, -37.6469922 ], [ 145.0928034, -37.6466404 ] ] } },
{ "type": "Feature", "properties": { "project_id": "SCC_01461", "scc_feature": 1071, "scc_source_id": "1071", "scc_type": "C2", "status": "upgrade_candidate", "mean_lts": 4.0, "connects_existing": true, "length_km": 1.105, "high_stress_km": 1.105, "project_type": "Upgrade existing facility" }, "geometry": { "type": "LineString", "coordinates": [ [ 145.0954348, -37.6372472 ], [ 145.0956097, -37.6348348 ], [ 145.0958489, -37.6325676 ], [ 145.0958503, -37.6347305 ], [ 145.0956634, -37.6371698 ], [ 145.0956794, -37.6374314 ] ] } },
{ "type": "Feature", "properties": { "project_id": "SCC_01462", "scc_feature": 1071, "scc_source_id": "1071", "scc_type": "C2", "status": "upgrade_candidate", "mean_lts": 4.0, "connects_existing": true, "length_km": 1.786, "high_stress_km": 1.786, "project_type": "Upgrade existing facility" }, "geometry": { "type": "LineString", "coordinates": [ [ 145.096785, -37.6229667 ], [ 145.0969183, -37.625294 ], [ 145.0965926, -37.6300652 ], [ 145.0960594, -37.6323096 ], [ 145.0963238, -37.6299437 ], [ 145.0966943, -37.6251912 ] ] } },
{ "type": "Feature", "properties": { "project_id": "SCC_01463", "scc_feature": 1073, "scc_source_id": "1073", "scc_type": "C2", "status": "upgrade_candidate", "mean_lts": 3.18, "connects_existing": true, "length_km": 0.353, "high_stress_km": 0.353, "project_type": "Upgrade existing facility" }, "geometry": { "type": "MultiLineString", "coordinates": [ [ [ 145.1055614, -37.9118709 ], [ 145.1061879, -37.9118359 ] ], [ [ 145.1055614, -37.9118709 ], [ 145.1062504, -37.9120622 ] ], [ [ 145.1035786, -37.9115686 ], [ 145.1061879, -37.9118359 ] ] ] } },
{ "type": "Feature", "properties": { "project_id": "SCC_01464", "scc_feature": 1074, "scc_source_id": "1074", "scc_type": "C2", "status": "upgrade_candidate", "mean_lts": 2.2, "connects_existing": false, "length_km": 1.345, "high_stress_km": 0.266, "project_type": "Upgrade existing facility" }, "geometry": { "type": "MultiLineString", "coordinates": [ [ [ 145.0941182, -37.7060155 ], [ 145.0929866, -37.7059071 ], [ 145.0918667, -37.7057899 ], [ 145.0899549, -37.7055877 ], [ 145.0892655, -37.7063696 ], [ 145.088576, -37.7071604 ], [ 145.0878531, -37.7079238 ], [ 145.0875518, -37.7081712 ] ], [ [ 145.0941182, -37.7060155 ], [ 145.0939928, -37.7064821 ], [ 145.0964778, -37.7068918 ], [ 145.1002557, -37.7073132 ] ] ] } },
{ "type": "Feature", "properties": { "project_id": "SCC_01465", "scc_feature": 1074, "scc_source_id": "1074", "scc_type": "C2", "status": "upgrade_candidate", "mean_lts": 2.81, "connects_existing": false, "length_km": 0.372, "high_stress_km": 0.302, "project_type": "Upgrade existing facility" }, "geometry": { "type": "LineString", "coordinates": [ [ 145.1043871, -37.7081097 ], [ 145.1036516, -37.7080348 ], [ 145.1023176, -37.7078601 ], [ 145.1019897, -37.7078188 ], [ 145.1011976, -37.707743 ], [ 145.1002141, -37.70761 ] ] } },
{ "type": "Feature", "properties": { "project_id": "SCC_01466", "scc_feature": 1077, "scc_source_id": "1077", "scc_type": "C2", "status": "upgrade_candidate", "mean_lts": 3.46, "connects_existing": true, "length_km": 3.46, "high_stress_km": 3.289, "project_type": "Upgrade existing facility" }, "geometry": { "type": "MultiLineString", "coordinates": [ [ [ 145.1070669, -37.7013126 ], [ 145.1062959, -37.7021924 ], [ 145.1059258, -37.7024749 ] ], [ [ 145.1074999, -37.6990034 ], [ 145.108005, -37.6996604 ] ], [ [ 145.1082068, -37.6966266 ], [ 145.1074999, -37.6990034 ] ], [ [ 145.1074999, -37.6990034 ], [ 145.107585, -37.6996717 ] ], [ [ 145.1077119, -37.7000342 ], [ 145.1075033, -37.7006527 ] ], [ [ 145.107585, -37.6996717 ], [ 145.1077119, -37.7000342 ] ], [ [ 145.107994, -37.7000928 ], [ 145.1081387, -37.6997527 ], [ 145.1077119, -37.7000342 ] ], [ [ 145.107994, -37.7000928 ], [ 145.1075033, -37.7006527 ] ], [ [ 145.1129656, -37.692341 ], [ 145.112448, -37.6935223 ], [ 145.1089316, -37.6962237 ] ], [ [ 145.1132258, -37.691471 ], [ 145.1137388, -37.6909204 ], [ 145.1129656, -37.692341 ] ], [ [ 145.1129656, -37.692341 ], [ 145.1132258, -37.691471 ] ], [ [ 145.1132258, -37.691471 ], [ 145.1135416, -37.6906469 ] ], [ [ 145.1059258, -37.7024749 ], [ 145.1054172, -37.7028452 ] ], [ [ 145.1059258, -37.7024749 ], [ 145.1070669, -37.7013126 ] ], [ [ 145.1082068, -37.6966266 ], [ 145.1089316, -37.6962237 ] ], [ [ 145.107585, -37.6996717 ], [ 145.1082068, -37.6966266 ] ], [ [ 145.1075033, -37.7006527 ], [ 145.1070669, -37.7013126 ] ], [ [ 145.1075033, -37.7006527 ], [ 145.107585, -37.6996717 ] ], [ [ 145.1089316, -37.6962237 ], [ 145.1112336, -37.6944491 ], [ 145.1129656, -37.692341 ] ] ] } },
{ "type": "Feature", "properties": { "project_id": "SCC_01467", "scc_feature": 1078, "scc_source_id": "1078", "scc_type": "C2", "status": "upgrade_candidate", "mean_lts": 4.0, "connects_existing": true, "length_km": 2.335, "high_stress_km": 2.335, "project_type": "Upgrade existing facility" }, "geometry": { "type": "MultiLineString", "coordinates": [ [ [ 145.1028724, -37.5885208 ], [ 145.1029418, -37.5880173 ], [ 145.1030577, -37.5874694 ], [ 145.1031823, -37.5870208 ] ], [ [ 145.1028724, -37.5885208 ], [ 145.1019315, -37.5925702 ] ], [ [ 145.1031823, -37.5870208 ], [ 145.1031886, -37.5872192 ], [ 145.1028724, -37.5885208 ] ], [ [ 145.1036563, -37.5848564 ], [ 145.103768, -37.5804512 ], [ 145.1038687, -37.5760368 ], [ 145.1046796, -37.571742 ], [ 145.1031823, -37.5870208 ] ] ] } },
{ "type": "Feature", "properties": { "project_id": "SCC_01468", "scc_feature": 1078, "scc_source_id": "1078", "scc_type": "C2", "status": "upgrade_candidate", "mean_lts": 4.0, "connects_existing": true, "length_km": 1.333, "high_stress_km": 1.333, "project_type": "Upgrade existing facility" }, "geometry": { "type": "MultiLineString", "coordinates": [ [ [ 145.1067542, -37.5685129 ], [ 145.1072122, -37.5678623 ] ], [ [ 145.1072122, -37.5678623 ], [ 145.1066204, -37.5688802 ] ], [ [ 145.1072122, -37.5678623 ], [ 145.1086973, -37.5655519 ], [ 145.1094835, -37.5604275 ], [ 145.1097068, -37.5578626 ] ] ] } },
{ "type": "Feature", "properties": { "project_id": "SCC_01469", "scc_feature": 1078, "scc_source_id": "1078", "scc_type": "C2", "status": "upgrade_candidate", "mean_lts": 3.3, "connects_existing": false, "length_km": 2.301, "high_stress_km": 1.771, "project_type": "Upgrade existing facility" }, "geometry": { "type": "MultiLineString", "coordinates": [ [ [ 145.112421, -37.5252093 ], [ 145.1127275, -37.5233757 ], [ 145.1130416, -37.522137 ], [ 145.1136738, -37.5190468 ] ], [ [ 145.112421, -37.5252093 ], [ 145.1124992, -37.5288425 ] ], [ [ 145.1123706, -37.5299039 ], [ 145.1124992, -37.5288425 ] ], [ [ 145.113979, -37.5186101 ], [ 145.1143681, -37.5179855 ] ], [ [ 145.1139508, -37.5179337 ], [ 145.113979, -37.5186101 ] ], [ [ 145.113979, -37.5186101 ], [ 145.1136738, -37.5190468 ] ], [ [ 145.1140678, -37.5173318 ], [ 145.1141811, -37.5168739 ] ], [ [ 145.1140678, -37.5173318 ], [ 145.1139508, -37.5179337 ] ], [ [ 145.1141811, -37.5168739 ], [ 145.1143064, -37.5172905 ], [ 145.1143681, -37.5179855 ] ], [ [ 145.1141811, -37.5168739 ], [ 145.1146416, -37.5147634 ], [ 145.1147934, -37.5141259 ] ], [ [ 145.1139508, -37.5179337 ], [ 145.1136738, -37.5190468 ] ] ] } },
{ "type": "Feature", "properties": { "project_id": "SCC_01470", "scc_feature": 1078, "scc_source_id": "1078", "scc_type": "C2", "status": "upgrade_candidate", "mean_lts": 4.0, "connects_existing": false, "length_km": 2.608, "high_stress_km": 2.608, "project_type": "Upgrade existing facility" }, "geometry": { "type": "LineString", "coordinates": [ [ 145.1095279, -37.5555345 ], [ 145.109035, -37.5508493 ], [ 145.1093005, -37.5461671 ], [ 145.1102214, -37.5415225 ], [ 145.1110856, -37.5368769 ], [ 145.1119384, -37.5322312 ] ] } },
{ "type": "Feature", "properties": { "project_id": "SCC_01471", "scc_feature": 1081, "scc_source_id": "1081", "scc_type": "C2", "status": "upgrade_candidate", "mean_lts": 2.95, "connects_existing": false, "length_km": 1.65, "high_stress_km": 1.565, "project_type": "Upgrade existing facility" }, "geometry": { "type": "MultiLineString", "coordinates": [ [ [ 145.024406, -37.9627588 ], [ 145.0219662, -37.9624835 ], [ 145.0209563, -37.9623674 ], [ 145.0204571, -37.9623049 ], [ 145.0199691, -37.9622517 ], [ 145.0190047, -37.9621363 ] ], [ [ 145.024406, -37.9627588 ], [ 145.0258582, -37.9629364 ], [ 145.0281059, -37.9631634 ] ], [ [ 145.0362741, -37.9641832 ], [ 145.0371604, -37.9642431 ] ], [ [ 145.0362741, -37.9641832 ], [ 145.0358776, -37.9641135 ], [ 145.034084, -37.9639303 ], [ 145.0311241, -37.9635203 ], [ 145.0281059, -37.9631634 ] ] ] } },
{ "type": "Feature", "properties": { "project_id": "SCC_01472", "scc_feature": 1081, "scc_source_id": "1081", "scc_type": "C2", "status": "upgrade_candidate", "mean_lts": 2.0, "connects_existing": true, "length_km": 0.189, "high_stress_km": 0.0, "project_type": "Upgrade existing facility" }, "geometry": { "type": "LineString", "coordinates": [ [ 145.0524392, -37.9649837 ], [ 145.052867, -37.965162 ], [ 145.0533354, -37.9650977 ], [ 145.0540731, -37.965182 ] ] } },
{ "type": "Feature", "properties": { "project_id": "SCC_01473", "scc_feature": 1083, "scc_source_id": "1083", "scc_type": "C2", "status": "upgrade_candidate", "mean_lts": 3.0, "connects_existing": true, "length_km": 0.269, "high_stress_km": 0.269, "project_type": "Upgrade existing facility" }, "geometry": { "type": "LineString", "coordinates": [ [ 145.1094614, -37.8185254 ], [ 145.1078104, -37.8186702 ], [ 145.1065605, -37.8191277 ] ] } },
{ "type": "Feature", "properties": { "project_id": "SCC_01474", "scc_feature": 1092, "scc_source_id": "1092", "scc_type": "C2", "status": "upgrade_candidate", "mean_lts": 4.0, "connects_existing": false, "length_km": 0.406, "high_stress_km": 0.406, "project_type": "Upgrade existing facility" }, "geometry": { "type": "MultiLineString", "coordinates": [ [ [ 145.0851991, -37.7585644 ], [ 145.0863706, -37.7580337 ], [ 145.0875647, -37.7575033 ] ], [ [ 145.0851991, -37.7585644 ], [ 145.084923, -37.7587041 ] ], [ [ 145.0840347, -37.759699 ], [ 145.084923, -37.7587041 ] ] ] } },
{ "type": "Feature", "properties": { "project_id": "SCC_01475", "scc_feature": 1096, "scc_source_id": "1096", "scc_type": "C2", "status": "upgrade_candidate", "mean_lts": 2.8, "connects_existing": false, "length_km": 0.937, "high_stress_km": 0.747, "project_type": "Upgrade existing facility" }, "geometry": { "type": "MultiLineString", "coordinates": [ [ [ 145.131791, -37.8128618 ], [ 145.1318387, -37.8132231 ], [ 145.1316457, -37.8136706 ], [ 145.1316647, -37.8133645 ], [ 145.131791, -37.8128618 ] ], [ [ 145.1319354, -37.8120891 ], [ 145.1318962, -37.8122958 ], [ 145.131791, -37.8128618 ] ], [ [ 145.1319354, -37.8120891 ], [ 145.1320597, -37.8112169 ], [ 145.1321723, -37.8108041 ] ], [ [ 145.1321723, -37.8108041 ], [ 145.1320833, -37.8116318 ], [ 145.1319354, -37.8120891 ] ], [ [ 145.1322259, -37.8104806 ], [ 145.1321723, -37.8108041 ] ], [ [ 145.1322259, -37.8104806 ], [ 145.1322572, -37.8101386 ], [ 145.1323437, -37.8098606 ] ], [ [ 145.1323437, -37.8098606 ], [ 145.1322259, -37.8104806 ] ], [ [ 145.1323437, -37.8098606 ], [ 145.1326008, -37.8082245 ] ] ] } },
{ "type": "Feature", "properties": { "project_id": "SCC_01476", "scc_feature": 1097, "scc_source_id": "1097", "scc_type": "C2", "status": "upgrade_candidate", "mean_lts": 3.67, "connects_existing": false, "length_km": 0.651, "high_stress_km": 0.584, "project_type": "Upgrade existing facility" }, "geometry": { "type": "MultiLineString", "coordinates": [ [ [ 145.1117226, -37.7283605 ], [ 145.1110035, -37.7285292 ] ], [ [ 145.111545, -37.7282044 ], [ 145.1110035, -37.7285292 ] ], [ [ 145.1110035, -37.7285292 ], [ 145.1103962, -37.7287628 ], [ 145.111545, -37.7282044 ] ], [ [ 145.111545, -37.7282044 ], [ 145.1123614, -37.7282265 ] ], [ [ 145.1134584, -37.7270275 ], [ 145.1119711, -37.7279589 ] ], [ [ 145.111545, -37.7282044 ], [ 145.1119711, -37.7279589 ] ] ] } },
{ "type": "Feature", "properties": { "project_id": "SCC_01477", "scc_feature": 1105, "scc_source_id": "1105", "scc_type": "C2", "status": "upgrade_candidate", "mean_lts": 2.84, "connects_existing": false, "length_km": 0.967, "high_stress_km": 0.812, "project_type": "Upgrade existing facility" }, "geometry": { "type": "MultiLineString", "coordinates": [ [ [ 145.2166363, -37.9810701 ], [ 145.2152964, -37.9809236 ] ], [ [ 145.2166363, -37.9810701 ], [ 145.2196676, -37.9814314 ] ], [ [ 145.221416, -37.9816381 ], [ 145.223232, -37.9818729 ], [ 145.2261377, -37.9822502 ] ], [ [ 145.221416, -37.9816381 ], [ 145.2196676, -37.9814314 ] ] ] } },
{ "type": "Feature", "properties": { "project_id": "SCC_01478", "scc_feature": 1108, "scc_source_id": "1108", "scc_type": "C2", "status": "upgrade_candidate", "mean_lts": 3.69, "connects_existing": true, "length_km": 3.253, "high_stress_km": 2.754, "project_type": "Upgrade existing facility" }, "geometry": { "type": "MultiLineString", "coordinates": [ [ [ 145.2306343, -37.9405478 ], [ 145.2305642, -37.9415741 ], [ 145.2300513, -37.9435039 ] ], [ [ 145.2321128, -37.9334596 ], [ 145.2314668, -37.9361985 ] ], [ [ 145.2306343, -37.9405478 ], [ 145.2314668, -37.9361985 ] ], [ [ 145.2314668, -37.9361985 ], [ 145.2310407, -37.9383099 ], [ 145.2311831, -37.9375911 ] ], [ [ 145.2298197, -37.9446179 ], [ 145.2300513, -37.9435039 ] ], [ [ 145.2300513, -37.9435039 ], [ 145.2303957, -37.9414814 ], [ 145.2306343, -37.9405478 ] ], [ [ 145.2312627, -37.9375923 ], [ 145.2306343, -37.9405478 ] ], [ [ 145.2298197, -37.9446179 ], [ 145.22919, -37.9466722 ], [ 145.2273153, -37.9508074 ] ], [ [ 145.227269, -37.9503651 ], [ 145.2290574, -37.9465079 ], [ 145.2298197, -37.9446179 ] ] ] } },
{ "type": "Feature", "properties": { "project_id": "SCC_01479", "scc_feature": 1108, "scc_source_id": "1108", "scc_type": "C2", "status": "upgrade_candidate", "mean_lts": 4.0, "connects_existing": true, "length_km": 0.142, "high_stress_km": 0.142, "project_type": "Upgrade existing facility" }, "geometry": { "type": "LineString", "coordinates": [ [ 145.232774, -37.9296034 ], [ 145.2325743, -37.930817 ] ] } },
{ "type": "Feature", "properties": { "project_id": "SCC_01480", "scc_feature": 1115, "scc_source_id": "1115", "scc_type": "C2", "status": "upgrade_candidate", "mean_lts": 4.0, "connects_existing": true, "length_km": 0.139, "high_stress_km": 0.139, "project_type": "Upgrade existing facility" }, "geometry": { "type": "LineString", "coordinates": [ [ 145.2224663, -37.8993391 ], [ 145.2210762, -37.8999219 ] ] } },
{ "type": "Feature", "properties": { "project_id": "SCC_01481", "scc_feature": 1115, "scc_source_id": "1115", "scc_type": "C2", "status": "upgrade_candidate", "mean_lts": 3.63, "connects_existing": true, "length_km": 0.136, "high_stress_km": 0.136, "project_type": "Upgrade existing facility" }, "geometry": { "type": "LineString", "coordinates": [ [ 145.2310777, -37.8992526 ], [ 145.2303214, -37.8990159 ], [ 145.230322, -37.8994665 ] ] } },
{ "type": "Feature", "properties": { "project_id": "SCC_01482", "scc_feature": 1115, "scc_source_id": "1115", "scc_type": "C2", "status": "upgrade_candidate", "mean_lts": 4.0, "connects_existing": true, "length_km": 0.253, "high_stress_km": 0.253, "project_type": "Upgrade existing facility" }, "geometry": { "type": "LineString", "coordinates": [ [ 145.2195489, -37.9005297 ], [ 145.2221866, -37.8991456 ] ] } },
{ "type": "Feature", "properties": { "project_id": "SCC_01483", "scc_feature": 1115, "scc_source_id": "1115", "scc_type": "C2", "status": "upgrade_candidate", "mean_lts": 3.11, "connects_existing": true, "length_km": 0.21, "high_stress_km": 0.116, "project_type": "Upgrade existing facility" }, "geometry": { "type": "MultiLineString", "coordinates": [ [ [ 145.2265804, -37.8989866 ], [ 145.2282739, -37.8990302 ] ], [ [ 145.2265804, -37.8989866 ], [ 145.2276789, -37.8991834 ] ], [ [ 145.2248371, -37.8991226 ], [ 145.2265804, -37.8989866 ] ] ] } },
{ "type": "Feature", "properties": { "project_id": "SCC_01484", "scc_feature": 1118, "scc_source_id": "1118", "scc_type": "C2", "status": "upgrade_candidate", "mean_lts": 4.0, "connects_existing": true, "length_km": 0.247, "high_stress_km": 0.247, "project_type": "Upgrade existing facility" }, "geometry": { "type": "LineString", "coordinates": [ [ 145.1416019, -37.9780608 ], [ 145.1430064, -37.9797051 ], [ 145.1432058, -37.9799245 ] ] } },
{ "type": "Feature", "properties": { "project_id": "SCC_01485", "scc_feature": 1118, "scc_source_id": "1118", "scc_type": "C2", "status": "upgrade_candidate", "mean_lts": 4.0, "connects_existing": true, "length_km": 0.649, "high_stress_km": 0.649, "project_type": "Upgrade existing facility" }, "geometry": { "type": "LineString", "coordinates": [ [ 145.1360663, -37.9691596 ], [ 145.1371363, -37.9709609 ], [ 145.1392655, -37.9745543 ] ] } },
{ "type": "Feature", "properties": { "project_id": "SCC_01486", "scc_feature": 1121, "scc_source_id": "1121", "scc_type": "C2", "status": "upgrade_candidate", "mean_lts": 4.0, "connects_existing": true, "length_km": 0.74, "high_stress_km": 0.74, "project_type": "Upgrade existing facility" }, "geometry": { "type": "MultiLineString", "coordinates": [ [ [ 145.1570652, -37.6742573 ], [ 145.1563245, -37.6739483 ] ], [ [ 145.1563245, -37.6739483 ], [ 145.154938, -37.6736202 ] ], [ [ 145.1563245, -37.6739483 ], [ 145.1560123, -37.6737361 ] ], [ [ 145.1589819, -37.6742331 ], [ 145.1570652, -37.6742573 ] ], [ [ 145.1560123, -37.6737361 ], [ 145.1570652, -37.6742573 ] ], [ [ 145.1570652, -37.6742573 ], [ 145.158417, -37.6741522 ] ], [ [ 145.154938, -37.6736202 ], [ 145.1523761, -37.6731385 ] ], [ [ 145.154938, -37.6736202 ], [ 145.1560123, -37.6737361 ] ] ] } },
{ "type": "Feature", "properties": { "project_id": "SCC_01487", "scc_feature": 1123, "scc_source_id": "1123", "scc_type": "C2", "status": "upgrade_candidate", "mean_lts": 3.96, "connects_existing": false, "length_km": 11.121, "high_stress_km": 10.957, "project_type": "Upgrade existing facility" }, "geometry": { "type": "MultiLineString", "coordinates": [ [ [ 145.0565242, -38.2203022 ], [ 145.0588101, -38.2185288 ], [ 145.060874, -38.2169409 ], [ 145.0629378, -38.2153529 ], [ 145.0632528, -38.2151058 ], [ 145.0656331, -38.2132076 ], [ 145.0680444, -38.2114271 ] ], [ [ 145.0783637, -38.2033871 ], [ 145.0784887, -38.2029746 ] ], [ [ 145.0783637, -38.2033871 ], [ 145.0786547, -38.2031756 ] ], [ [ 145.0780236, -38.203724 ], [ 145.0783637, -38.2033871 ] ], [ [ 145.0791175, -38.2029489 ], [ 145.0784293, -38.2034963 ], [ 145.0780236, -38.203724 ] ], [ [ 145.0786547, -38.2031756 ], [ 145.0788533, -38.2030076 ], [ 145.0812561, -38.2010915 ], [ 145.0822122, -38.2003411 ], [ 145.0838008, -38.1994209 ] ], [ [ 145.0791175, -38.2029489 ], [ 145.0786547, -38.2031756 ] ], [ [ 145.0824407, -38.2003359 ], [ 145.0791175, -38.2029489 ] ], [ [ 145.0824407, -38.2003359 ], [ 145.0828409, -38.2003154 ] ], [ [ 145.0865606, -38.1978168 ], [ 145.0843089, -38.1992039 ], [ 145.0838008, -38.1994209 ] ], [ [ 145.0900889, -38.1956395 ], [ 145.0911999, -38.1950718 ] ], [ [ 145.0892998, -38.1961223 ], [ 145.0900889, -38.1956395 ] ], [ [ 145.0900889, -38.1956395 ], [ 145.0908895, -38.1947153 ] ], [ [ 145.0911999, -38.1950718 ], [ 145.0915265, -38.1948068 ], [ 145.0938658, -38.1931146 ], [ 145.0947733, -38.1907143 ] ], [ [ 145.0947733, -38.1907143 ], [ 145.0948724, -38.1904185 ], [ 145.0960949, -38.1868788 ] ], [ [ 145.0947733, -38.1907143 ], [ 145.0949058, -38.1908876 ] ], [ [ 145.0949058, -38.1908876 ], [ 145.0947926, -38.1912913 ], [ 145.0936703, -38.193607 ], [ 145.0911999, -38.1950718 ] ], [ [ 145.0960949, -38.1868788 ], [ 145.0949058, -38.1908876 ] ], [ [ 145.0960106, -38.181786 ], [ 145.0958834, -38.1796572 ], [ 145.0960679, -38.1791466 ], [ 145.0961078, -38.1815623 ] ], [ [ 145.0961379, -38.1821575 ], [ 145.0960106, -38.181786 ] ], [ [ 145.0962242, -38.1819156 ], [ 145.0960106, -38.181786 ] ], [ [ 145.0961379, -38.1821575 ], [ 145.0962242, -38.1819156 ] ], [ [ 145.0962242, -38.1819156 ], [ 145.0965931, -38.1817774 ] ], [ [ 145.0966699, -38.1818958 ], [ 145.0962242, -38.1819156 ] ], [ [ 145.0965245, -38.1826594 ], [ 145.0970036, -38.184866 ], [ 145.0960949, -38.1868788 ] ], [ [ 145.0960949, -38.1868788 ], [ 145.0968756, -38.1845215 ], [ 145.0961379, -38.1821575 ] ], [ [ 145.0911999, -38.1950718 ], [ 145.0892998, -38.1961223 ] ], [ [ 145.0680444, -38.2114271 ], [ 145.0712381, -38.2089925 ], [ 145.0733828, -38.2073516 ] ], [ [ 145.0680444, -38.2114271 ], [ 145.0657796, -38.2132821 ], [ 145.0634904, -38.2151908 ], [ 145.0632922, -38.2153408 ], [ 145.0602952, -38.2176612 ], [ 145.0572868, -38.2199724 ], [ 145.0567504, -38.2203871 ] ], [ [ 145.0780236, -38.203724 ], [ 145.0756473, -38.2054963 ], [ 145.0733828, -38.2073516 ] ], [ [ 145.0838008, -38.1994209 ], [ 145.0828014, -38.2000804 ], [ 145.0824407, -38.2003359 ] ], [ [ 145.0838008, -38.1994209 ], [ 145.0865606, -38.1978168 ] ], [ [ 145.0865606, -38.1978168 ], [ 145.0892998, -38.1961223 ] ] ] } },
{ "type": "Feature", "properties": { "project_id": "SCC_01488", "scc_feature": 1123, "scc_source_id": "1123", "scc_type": "C2", "status": "upgrade_candidate", "mean_lts": 3.77, "connects_existing": false, "length_km": 1.908, "high_stress_km": 1.709, "project_type": "Upgrade existing facility" }, "geometry": { "type": "MultiLineString", "coordinates": [ [ [ 145.1016552, -38.1653234 ], [ 145.1018522, -38.165651 ] ], [ [ 145.1020023, -38.1642656 ], [ 145.1016552, -38.1653234 ] ], [ [ 145.1016552, -38.1653234 ], [ 145.1016188, -38.1667286 ], [ 145.1021348, -38.1639974 ] ], [ [ 145.1020023, -38.1642656 ], [ 145.1018522, -38.165651 ] ], [ [ 145.1018522, -38.165651 ], [ 145.1020946, -38.1659883 ] ], [ [ 145.1021348, -38.1639974 ], [ 145.1020023, -38.1642656 ] ], [ [ 145.103291, -38.1616641 ], [ 145.1036966, -38.1609858 ] ], [ [ 145.103291, -38.1616641 ], [ 145.1021348, -38.1639974 ] ], [ [ 145.103291, -38.1616641 ], [ 145.1040056, -38.1600716 ] ], [ [ 145.1040056, -38.1600716 ], [ 145.1036966, -38.1609858 ] ], [ [ 145.1040056, -38.1600716 ], [ 145.104995, -38.1580059 ] ], [ [ 145.1053615, -38.1575162 ], [ 145.104995, -38.1580059 ] ] ] } },
{ "type": "Feature", "properties": { "project_id": "SCC_01489", "scc_feature": 1123, "scc_source_id": "1123", "scc_type": "C2", "status": "upgrade_candidate", "mean_lts": 3.36, "connects_existing": false, "length_km": 3.007, "high_stress_km": 2.494, "project_type": "Upgrade existing facility" }, "geometry": { "type": "MultiLineString", "coordinates": [ [ [ 145.1114415, -38.152766 ], [ 145.1097049, -38.1541709 ], [ 145.1086244, -38.1544689 ], [ 145.1100364, -38.1537076 ], [ 145.1114415, -38.152766 ] ], [ [ 145.1097558, -38.1535229 ], [ 145.1121581, -38.1524171 ] ], [ [ 145.1146463, -38.1501862 ], [ 145.1139524, -38.150986 ], [ 145.1121581, -38.1524171 ] ], [ [ 145.1152913, -38.1495116 ], [ 145.1151379, -38.1497074 ], [ 145.1146463, -38.1501862 ] ], [ [ 145.1169959, -38.148016 ], [ 145.1152913, -38.1495116 ] ], [ [ 145.1176997, -38.1472704 ], [ 145.1152913, -38.1495116 ] ], [ [ 145.1172293, -38.147371 ], [ 145.1176997, -38.1472704 ] ], [ [ 145.1172293, -38.147371 ], [ 145.1173601, -38.1471658 ] ], [ [ 145.1146463, -38.1501862 ], [ 145.1172293, -38.147371 ] ], [ [ 145.1176997, -38.1472704 ], [ 145.1189026, -38.1461992 ] ], [ [ 145.1114415, -38.152766 ], [ 145.1121581, -38.1524171 ] ], [ [ 145.1121581, -38.1524171 ], [ 145.1146463, -38.1501862 ] ] ] } },
{ "type": "Feature", "properties": { "project_id": "SCC_01490", "scc_feature": 1123, "scc_source_id": "1123", "scc_type": "C2", "status": "upgrade_candidate", "mean_lts": 4.0, "connects_existing": false, "length_km": 0.161, "high_stress_km": 0.161, "project_type": "Upgrade existing facility" }, "geometry": { "type": "LineString", "coordinates": [ [ 145.1005909, -38.1702715 ], [ 145.1013329, -38.1689498 ] ] } },
{ "type": "Feature", "properties": { "project_id": "SCC_01491", "scc_feature": 1125, "scc_source_id": "1125", "scc_type": "C2", "status": "upgrade_candidate", "mean_lts": 2.89, "connects_existing": false, "length_km": 1.112, "high_stress_km": 0.989, "project_type": "Upgrade existing facility" }, "geometry": { "type": "MultiLineString", "coordinates": [ [ [ 145.1586567, -37.8256495 ], [ 145.1590508, -37.8262504 ], [ 145.1591465, -37.8265133 ] ], [ [ 145.1586567, -37.8256495 ], [ 145.1582021, -37.8247412 ] ], [ [ 145.1614908, -37.8286497 ], [ 145.1596902, -37.8274951 ], [ 145.1591465, -37.8265133 ] ], [ [ 145.1614908, -37.8286497 ], [ 145.1639201, -37.8301115 ] ], [ [ 145.1657193, -37.8304099 ], [ 145.1639201, -37.8301115 ] ], [ [ 145.1577025, -37.8238141 ], [ 145.1582021, -37.8247412 ] ] ] } },
{ "type": "Feature", "properties": { "project_id": "SCC_01492", "scc_feature": 1125, "scc_source_id": "1125", "scc_type": "C2", "status": "upgrade_candidate", "mean_lts": 3.0, "connects_existing": false, "length_km": 0.251, "high_stress_km": 0.251, "project_type": "Upgrade existing facility" }, "geometry": { "type": "LineString", "coordinates": [ [ 145.1655705, -37.8327507 ], [ 145.1658298, -37.831457 ], [ 145.1660122, -37.8305136 ] ] } },
{ "type": "Feature", "properties": { "project_id": "SCC_01494", "scc_feature": 1127, "scc_source_id": "1127", "scc_type": "C2", "status": "upgrade_candidate", "mean_lts": 4.0, "connects_existing": false, "length_km": 0.254, "high_stress_km": 0.254, "project_type": "Upgrade existing facility" }, "geometry": { "type": "LineString", "coordinates": [ [ 145.2767767, -37.7888112 ], [ 145.2754265, -37.7868088 ] ] } },
{ "type": "Feature", "properties": { "project_id": "SCC_01495", "scc_feature": 1127, "scc_source_id": "1127", "scc_type": "C2", "status": "upgrade_candidate", "mean_lts": 3.0, "connects_existing": true, "length_km": 0.274, "high_stress_km": 0.274, "project_type": "Upgrade existing facility" }, "geometry": { "type": "LineString", "coordinates": [ [ 145.277219, -37.7907914 ], [ 145.2791852, -37.7926856 ] ] } },
{ "type": "Feature", "properties": { "project_id": "SCC_01496", "scc_feature": 1132, "scc_source_id": "1132", "scc_type": "C2", "status": "upgrade_candidate", "mean_lts": 2.0, "connects_existing": true, "length_km": 0.281, "high_stress_km": 0.0, "project_type": "Upgrade existing facility" }, "geometry": { "type": "LineString", "coordinates": [ [ 145.2715215, -37.8111115 ], [ 145.2705271, -37.8133229 ] ] } },
{ "type": "Feature", "properties": { "project_id": "SCC_01497", "scc_feature": 1136, "scc_source_id": "1136", "scc_type": "C2", "status": "upgrade_candidate", "mean_lts": 2.28, "connects_existing": false, "length_km": 1.665, "high_stress_km": 0.47, "project_type": "Upgrade existing facility" }, "geometry": { "type": "MultiLineString", "coordinates": [ [ [ 145.1704299, -37.9234234 ], [ 145.1723008, -37.9236778 ], [ 145.1726502, -37.9238094 ], [ 145.1737636, -37.9247909 ] ], [ [ 145.1704299, -37.9234234 ], [ 145.1689435, -37.9232651 ] ], [ [ 145.1718023, -37.9341599 ], [ 145.1722434, -37.9319678 ], [ 145.1723076, -37.9316714 ], [ 145.172476, -37.930845 ], [ 145.1724936, -37.9305929 ] ], [ [ 145.1718023, -37.9341599 ], [ 145.1715772, -37.9349765 ] ], [ [ 145.1726957, -37.929785 ], [ 145.1728518, -37.9289943 ], [ 145.1729943, -37.9282936 ], [ 145.1732137, -37.9272427 ], [ 145.1732443, -37.9269277 ] ], [ [ 145.1726957, -37.929785 ], [ 145.1724936, -37.9305929 ] ], [ [ 145.1735687, -37.9262298 ], [ 145.1737636, -37.9247909 ] ], [ [ 145.1735687, -37.9262298 ], [ 145.1732443, -37.9269277 ] ] ] } },
{ "type": "Feature", "properties": { "project_id": "SCC_01498", "scc_feature": 1141, "scc_source_id": "1141", "scc_type": "C2", "status": "upgrade_candidate", "mean_lts": 4.0, "connects_existing": false, "length_km": 0.224, "high_stress_km": 0.224, "project_type": "Upgrade existing facility" }, "geometry": { "type": "LineString", "coordinates": [ [ 145.2681062, -37.787116 ], [ 145.269488, -37.7877581 ], [ 145.2701109, -37.788317 ] ] } },
{ "type": "Feature", "properties": { "project_id": "SCC_01499", "scc_feature": 1145, "scc_source_id": "1145", "scc_type": "C2", "status": "upgrade_candidate", "mean_lts": 4.0, "connects_existing": true, "length_km": 0.108, "high_stress_km": 0.108, "project_type": "Upgrade existing facility" }, "geometry": { "type": "LineString", "coordinates": [ [ 145.2752096, -37.9973632 ], [ 145.2750281, -37.9983068 ] ] } },
{ "type": "Feature", "properties": { "project_id": "SCC_01500", "scc_feature": 1150, "scc_source_id": "1150", "scc_type": "C2", "status": "upgrade_candidate", "mean_lts": 4.0, "connects_existing": true, "length_km": 0.078, "high_stress_km": 0.078, "project_type": "Upgrade existing facility" }, "geometry": { "type": "LineString", "coordinates": [ [ 145.1924042, -37.9923524 ], [ 145.1916896, -37.9927019 ] ] } },
{ "type": "Feature", "properties": { "project_id": "SCC_01501", "scc_feature": 1163, "scc_source_id": "1163", "scc_type": "C2", "status": "upgrade_candidate", "mean_lts": 4.0, "connects_existing": true, "length_km": 0.055, "high_stress_km": 0.055, "project_type": "Upgrade existing facility" }, "geometry": { "type": "LineString", "coordinates": [ [ 145.2646969, -38.1108295 ], [ 145.2635173, -38.1105507 ] ] } },
{ "type": "Feature", "properties": { "project_id": "SCC_01502", "scc_feature": 1163, "scc_source_id": "1163", "scc_type": "C2", "status": "upgrade_candidate", "mean_lts": 3.21, "connects_existing": true, "length_km": 0.488, "high_stress_km": 0.296, "project_type": "Upgrade existing facility" }, "geometry": { "type": "MultiLineString", "coordinates": [ [ [ 145.2703595, -38.1115709 ], [ 145.2689948, -38.1113976 ] ], [ [ 145.2694347, -38.1111247 ], [ 145.2703443, -38.1112462 ], [ 145.2708641, -38.1114521 ] ], [ [ 145.2695791, -38.111289 ], [ 145.2708641, -38.1114521 ] ], [ [ 145.2703595, -38.1115709 ], [ 145.2706941, -38.1118912 ] ], [ [ 145.2708641, -38.1114521 ], [ 145.2713189, -38.1115129 ], [ 145.2709851, -38.1116432 ], [ 145.2703595, -38.1115709 ] ] ] } },
{ "type": "Feature", "properties": { "project_id": "SCC_01503", "scc_feature": 1163, "scc_source_id": "1163", "scc_type": "C2", "status": "upgrade_candidate", "mean_lts": 3.17, "connects_existing": true, "length_km": 2.056, "high_stress_km": 1.287, "project_type": "Upgrade existing facility" }, "geometry": { "type": "MultiLineString", "coordinates": [ [ [ 145.2724809, -38.1115751 ], [ 145.2742868, -38.111899 ] ], [ [ 145.2740995, -38.1121035 ], [ 145.2736799, -38.1119982 ], [ 145.2731911, -38.1119279 ] ], [ [ 145.2740995, -38.1121035 ], [ 145.2737669, -38.1121797 ], [ 145.2728571, -38.1120672 ] ], [ [ 145.2731042, -38.1117464 ], [ 145.2742868, -38.111899 ] ], [ [ 145.2742868, -38.111899 ], [ 145.2747169, -38.1120405 ] ], [ [ 145.2749806, -38.1119813 ], [ 145.2753242, -38.1119232 ], [ 145.2775081, -38.1121806 ], [ 145.2791316, -38.1125018 ] ], [ [ 145.2749806, -38.1119813 ], [ 145.2772893, -38.1122675 ], [ 145.2791316, -38.1125018 ] ], [ [ 145.2747169, -38.1120405 ], [ 145.2749806, -38.1119813 ] ], [ [ 145.2761816, -38.1123233 ], [ 145.2757346, -38.1124159 ], [ 145.2740995, -38.1121035 ] ], [ [ 145.2761816, -38.1123233 ], [ 145.2747169, -38.1120405 ] ], [ [ 145.2796303, -38.1126352 ], [ 145.2773989, -38.1124583 ], [ 145.2761816, -38.1123233 ] ], [ [ 145.2791316, -38.1125018 ], [ 145.2796303, -38.1126352 ] ], [ [ 145.2807338, -38.1127595 ], [ 145.2796303, -38.1126352 ] ], [ [ 145.2747169, -38.1120405 ], [ 145.2740995, -38.1121035 ] ] ] } },
{ "type": "Feature", "properties": { "project_id": "SCC_01504", "scc_feature": 1163, "scc_source_id": "1163", "scc_type": "C2", "status": "upgrade_candidate", "mean_lts": 4.0, "connects_existing": true, "length_km": 0.05, "high_stress_km": 0.05, "project_type": "Upgrade existing facility" }, "geometry": { "type": "LineString", "coordinates": [ [ 145.2638481, -38.1105466 ], [ 145.2644165, -38.1106271 ], [ 145.265109, -38.1107635 ] ] } },
{ "type": "Feature", "properties": { "project_id": "SCC_01505", "scc_feature": 1163, "scc_source_id": "1163", "scc_type": "C2", "status": "upgrade_candidate", "mean_lts": 4.0, "connects_existing": true, "length_km": 0.106, "high_stress_km": 0.106, "project_type": "Upgrade existing facility" }, "geometry": { "type": "LineString", "coordinates": [ [ 145.2597265, -38.1102423 ], [ 145.2583169, -38.1100412 ], [ 145.2592994, -38.1099746 ] ] } },
{ "type": "Feature", "properties": { "project_id": "SCC_01506", "scc_feature": 1165, "scc_source_id": "1165", "scc_type": "C2", "status": "upgrade_candidate", "mean_lts": 2.0, "connects_existing": false, "length_km": 0.918, "high_stress_km": 0.0, "project_type": "Upgrade existing facility" }, "geometry": { "type": "MultiLineString", "coordinates": [ [ [ 145.1722551, -37.8979481 ], [ 145.1728676, -37.8989309 ], [ 145.1733494, -37.8996864 ], [ 145.1744646, -37.9001182 ] ], [ [ 145.1807471, -37.9003958 ], [ 145.1807079, -37.9006024 ] ], [ [ 145.1807471, -37.9003958 ], [ 145.1775832, -37.9000224 ], [ 145.1744646, -37.9001182 ] ] ] } },
{ "type": "Feature", "properties": { "project_id": "SCC_01507", "scc_feature": 1166, "scc_source_id": "1166", "scc_type": "C2", "status": "upgrade_candidate", "mean_lts": 3.8, "connects_existing": true, "length_km": 1.825, "high_stress_km": 1.825, "project_type": "Upgrade existing facility" }, "geometry": { "type": "MultiLineString", "coordinates": [ [ [ 145.1737566, -37.8624914 ], [ 145.1746502, -37.8626675 ], [ 145.1758968, -37.862822 ] ], [ [ 145.1851231, -37.8639108 ], [ 145.1823462, -37.8635796 ], [ 145.1816889, -37.8634974 ], [ 145.1805214, -37.8633622 ], [ 145.1795239, -37.8632476 ], [ 145.177563, -37.863019 ], [ 145.1772118, -37.8629685 ], [ 145.1758968, -37.862822 ] ], [ [ 145.1903254, -37.8645407 ], [ 145.1892148, -37.8643974 ] ], [ [ 145.1851231, -37.8639108 ], [ 145.1892148, -37.8643974 ] ], [ [ 145.1737566, -37.8624914 ], [ 145.1705008, -37.8622245 ], [ 145.1698337, -37.862079 ] ] ] } },
{ "type": "Feature", "properties": { "project_id": "SCC_01508", "scc_feature": 1167, "scc_source_id": "1167", "scc_type": "C2", "status": "upgrade_candidate", "mean_lts": 2.63, "connects_existing": true, "length_km": 1.408, "high_stress_km": 0.881, "project_type": "Upgrade existing facility" }, "geometry": { "type": "MultiLineString", "coordinates": [ [ [ 145.1553879, -37.8455869 ], [ 145.1564531, -37.8457117 ] ], [ [ 145.1553879, -37.8455869 ], [ 145.1544513, -37.8453199 ] ], [ [ 145.1586627, -37.8459716 ], [ 145.1581074, -37.8459088 ], [ 145.1576996, -37.8458574 ], [ 145.1569064, -37.8457639 ], [ 145.1564531, -37.8457117 ] ], [ [ 145.1590376, -37.8464371 ], [ 145.1596482, -37.8461042 ] ], [ [ 145.1608704, -37.8463125 ], [ 145.1632044, -37.8466013 ] ], [ [ 145.1608704, -37.8463125 ], [ 145.1596482, -37.8461042 ] ], [ [ 145.16854, -37.8468376 ], [ 145.1653793, -37.8468875 ] ], [ [ 145.1644007, -37.8469354 ], [ 145.1653793, -37.8468875 ] ], [ [ 145.1644007, -37.8469354 ], [ 145.1632044, -37.8466013 ] ], [ [ 145.1586627, -37.8459716 ], [ 145.1591145, -37.8460868 ], [ 145.1596482, -37.8461042 ] ] ] } },
{ "type": "Feature", "properties": { "project_id": "SCC_01509", "scc_feature": 1169, "scc_source_id": "1169", "scc_type": "C2", "status": "upgrade_candidate", "mean_lts": 3.18, "connects_existing": true, "length_km": 1.143, "high_stress_km": 1.143, "project_type": "Upgrade existing facility" }, "geometry": { "type": "MultiLineString", "coordinates": [ [ [ 145.3433175, -38.0330116 ], [ 145.3432658, -38.0327766 ], [ 145.3438403, -38.0310454 ] ], [ [ 145.3433175, -38.0330116 ], [ 145.3432581, -38.0336236 ], [ 145.3430928, -38.0343873 ], [ 145.3430525, -38.0346571 ], [ 145.342788, -38.0357798 ], [ 145.3433175, -38.0330116 ] ], [ [ 145.3438403, -38.0310454 ], [ 145.3442483, -38.0306366 ] ], [ [ 145.3438403, -38.0310454 ], [ 145.3437344, -38.0317018 ], [ 145.3433175, -38.0330116 ] ] ] } },
{ "type": "Feature", "properties": { "project_id": "SCC_01510", "scc_feature": 1178, "scc_source_id": "1178", "scc_type": "C2", "status": "upgrade_candidate", "mean_lts": 2.65, "connects_existing": true, "length_km": 1.82, "high_stress_km": 1.19, "project_type": "Upgrade existing facility" }, "geometry": { "type": "MultiLineString", "coordinates": [ [ [ 145.2141788, -37.9852233 ], [ 145.2144169, -37.9866778 ], [ 145.2143147, -37.9871359 ] ], [ [ 145.2146467, -37.9898805 ], [ 145.2146292, -37.9901326 ] ], [ [ 145.2144772, -37.9888867 ], [ 145.2146467, -37.9898805 ] ], [ [ 145.2147325, -37.9905667 ], [ 145.2146292, -37.9901326 ] ], [ [ 145.2140432, -37.9861224 ], [ 145.213882, -37.9847862 ], [ 145.2141788, -37.9852233 ] ], [ [ 145.2146292, -37.9901326 ], [ 145.214898, -37.9903169 ] ], [ [ 145.2146292, -37.9901326 ], [ 145.2144772, -37.9888867 ] ], [ [ 145.2141788, -37.9852233 ], [ 145.2143147, -37.9871359 ] ], [ [ 145.2143147, -37.9871359 ], [ 145.2143607, -37.9880558 ] ], [ [ 145.2143147, -37.9871359 ], [ 145.2140432, -37.9861224 ] ], [ [ 145.2143607, -37.9880558 ], [ 145.2140432, -37.9861224 ] ], [ [ 145.2143607, -37.9880558 ], [ 145.2144772, -37.9888867 ] ], [ [ 145.2144772, -37.9888867 ], [ 145.2148629, -37.9894152 ], [ 145.2146467, -37.9898805 ] ] ] } },
{ "type": "Feature", "properties": { "project_id": "SCC_01511", "scc_feature": 1211, "scc_source_id": "1211", "scc_type": "C2", "status": "upgrade_candidate", "mean_lts": 4.0, "connects_existing": true, "length_km": 5.704, "high_stress_km": 5.704, "project_type": "Upgrade existing facility" }, "geometry": { "type": "MultiLineString", "coordinates": [ [ [ 145.3114985, -37.7825549 ], [ 145.3116236, -37.7815473 ], [ 145.3118273, -37.7805769 ], [ 145.3120185, -37.7796604 ], [ 145.3122121, -37.7786358 ], [ 145.3124053, -37.7776292 ], [ 145.3125975, -37.7766676 ], [ 145.3127901, -37.7756881 ], [ 145.3129488, -37.774699 ], [ 145.3131404, -37.7737644 ], [ 145.3135236, -37.7723911 ], [ 145.3138309, -37.7703587 ], [ 145.314199, -37.7681469 ], [ 145.3145329, -37.7664394 ], [ 145.3148006, -37.7646498 ], [ 145.3153057, -37.7618992 ], [ 145.3155851, -37.7600918 ] ], [ [ 145.3161355, -37.7588469 ], [ 145.3160183, -37.7595121 ], [ 145.3159477, -37.760124 ], [ 145.315613, -37.7618676 ], [ 145.3153129, -37.7635846 ], [ 145.3150953, -37.764672 ], [ 145.3149751, -37.7654634 ], [ 145.3148171, -37.7664254 ], [ 145.3141026, -37.7703896 ], [ 145.313401, -37.7737862 ], [ 145.3131644, -37.7752068 ], [ 145.3128415, -37.7769235 ], [ 145.3124953, -37.7786669 ], [ 145.3122433, -37.7797628 ], [ 145.3117839, -37.7814865 ], [ 145.3114985, -37.7825549 ] ], [ [ 145.3113316, -37.7833997 ], [ 145.3109756, -37.7850708 ], [ 145.3110069, -37.7846928 ], [ 145.3113316, -37.7833997 ] ], [ [ 145.3113316, -37.7833997 ], [ 145.3114985, -37.7825549 ] ] ] } },
{ "type": "Feature", "properties": { "project_id": "SCC_01512", "scc_feature": 1219, "scc_source_id": "1219", "scc_type": "C2", "status": "upgrade_candidate", "mean_lts": 3.87, "connects_existing": true, "length_km": 0.463, "high_stress_km": 0.463, "project_type": "Upgrade existing facility" }, "geometry": { "type": "MultiLineString", "coordinates": [ [ [ 145.3342782, -38.0814489 ], [ 145.3339909, -38.0825533 ] ], [ [ 145.3339909, -38.0825533 ], [ 145.3344078, -38.0822709 ] ], [ [ 145.3339909, -38.0825533 ], [ 145.333428, -38.0867539 ], [ 145.3329714, -38.0892887 ] ], [ [ 145.3336001, -38.084197 ], [ 145.3339909, -38.0825533 ] ] ] } },
{ "type": "Feature", "properties": { "project_id": "SCC_01513", "scc_feature": 1221, "scc_source_id": "1221", "scc_type": "C2", "status": "upgrade_candidate", "mean_lts": 4.0, "connects_existing": true, "length_km": 0.254, "high_stress_km": 0.254, "project_type": "Upgrade existing facility" }, "geometry": { "type": "LineString", "coordinates": [ [ 145.3366109, -38.068568 ], [ 145.3372186, -38.065891 ] ] } },
{ "type": "Feature", "properties": { "project_id": "SCC_01514", "scc_feature": 1233, "scc_source_id": "1233", "scc_type": "C2", "status": "upgrade_candidate", "mean_lts": 3.53, "connects_existing": true, "length_km": 1.992, "high_stress_km": 1.693, "project_type": "Upgrade existing facility" }, "geometry": { "type": "MultiLineString", "coordinates": [ [ [ 145.2455241, -37.8492988 ], [ 145.2450471, -37.850247 ] ], [ [ 145.2459264, -37.8486289 ], [ 145.2455241, -37.8492988 ] ], [ [ 145.2455241, -37.8492988 ], [ 145.2447868, -37.8501981 ] ], [ [ 145.2450471, -37.850247 ], [ 145.2436564, -37.8528127 ] ], [ [ 145.2444482, -37.8510582 ], [ 145.2450471, -37.850247 ] ], [ [ 145.2459264, -37.8486289 ], [ 145.2450471, -37.850247 ] ], [ [ 145.2436564, -37.8528127 ], [ 145.2444482, -37.8510582 ] ], [ [ 145.2447868, -37.8501981 ], [ 145.2436564, -37.8528127 ] ], [ [ 145.2447868, -37.8501981 ], [ 145.2461868, -37.8477136 ], [ 145.2459264, -37.8486289 ] ], [ [ 145.2444482, -37.8510582 ], [ 145.2447868, -37.8501981 ] ] ] } },
{ "type": "Feature", "properties": { "project_id": "SCC_01515", "scc_feature": 1236, "scc_source_id": "1236", "scc_type": "C2", "status": "upgrade_candidate", "mean_lts": 3.68, "connects_existing": true, "length_km": 0.443, "high_stress_km": 0.443, "project_type": "Upgrade existing facility" }, "geometry": { "type": "MultiLineString", "coordinates": [ [ [ 145.169059, -38.1560577 ], [ 145.1693671, -38.1560625 ], [ 145.1706855, -38.1562813 ], [ 145.170045, -38.1563344 ], [ 145.169059, -38.1560577 ] ], [ [ 145.1673459, -38.1556525 ], [ 145.169059, -38.1560577 ] ] ] } },
{ "type": "Feature", "properties": { "project_id": "SCC_01516", "scc_feature": 1236, "scc_source_id": "1236", "scc_type": "C2", "status": "upgrade_candidate", "mean_lts": 3.0, "connects_existing": true, "length_km": 1.966, "high_stress_km": 1.018, "project_type": "Upgrade existing facility" }, "geometry": { "type": "MultiLineString", "coordinates": [ [ [ 145.1812885, -38.154878 ], [ 145.1818493, -38.1548146 ], [ 145.1825969, -38.1545829 ] ], [ [ 145.1825969, -38.1545829 ], [ 145.1829148, -38.1546509 ] ], [ [ 145.1825969, -38.1545829 ], [ 145.1839963, -38.1542981 ] ], [ [ 145.1829148, -38.1546509 ], [ 145.1839963, -38.1542981 ] ], [ [ 145.1817397, -38.1550923 ], [ 145.1829148, -38.1546509 ] ], [ [ 145.1839963, -38.1542981 ], [ 145.1846177, -38.1540914 ] ], [ [ 145.1856576, -38.1540354 ], [ 145.1843108, -38.1545012 ], [ 145.1823569, -38.1550568 ] ], [ [ 145.1846177, -38.1540914 ], [ 145.1848288, -38.1538604 ], [ 145.186013, -38.1535092 ] ], [ [ 145.1871129, -38.153337 ], [ 145.1896684, -38.1524482 ] ], [ [ 145.1871129, -38.153337 ], [ 145.1905517, -38.1522636 ] ], [ [ 145.1868127, -38.1534765 ], [ 145.1871129, -38.153337 ] ], [ [ 145.1894897, -38.1527519 ], [ 145.1868127, -38.1534765 ] ], [ [ 145.1846177, -38.1540914 ], [ 145.1868127, -38.1534765 ] ], [ [ 145.1856576, -38.1540354 ], [ 145.1846177, -38.1540914 ] ], [ [ 145.1846177, -38.1540914 ], [ 145.1823569, -38.1550568 ] ], [ [ 145.1823569, -38.1550568 ], [ 145.1812568, -38.155238 ] ], [ [ 145.1817397, -38.1550923 ], [ 145.1812568, -38.155238 ] ] ] } },
{ "type": "Feature", "properties": { "project_id": "SCC_01517", "scc_feature": 1236, "scc_source_id": "1236", "scc_type": "C2", "status": "upgrade_candidate", "mean_lts": 2.0, "connects_existing": true, "length_km": 0.19, "high_stress_km": 0.0, "project_type": "Upgrade existing facility" }, "geometry": { "type": "LineString", "coordinates": [ [ 145.1889099, -38.1531214 ], [ 145.186887, -38.153703 ] ] } },
{ "type": "Feature", "properties": { "project_id": "SCC_01518", "scc_feature": 1236, "scc_source_id": "1236", "scc_type": "C2", "status": "upgrade_candidate", "mean_lts": 3.6, "connects_existing": true, "length_km": 6.067, "high_stress_km": 5.139, "project_type": "Upgrade existing facility" }, "geometry": { "type": "MultiLineString", "coordinates": [ [ [ 145.2010806, -38.1464056 ], [ 145.2004303, -38.1468642 ] ], [ [ 145.2014653, -38.1460781 ], [ 145.2043692, -38.144924 ] ], [ [ 145.2043692, -38.144924 ], [ 145.204727, -38.1447582 ], [ 145.2051247, -38.1448274 ] ], [ [ 145.2010806, -38.1464056 ], [ 145.2043692, -38.144924 ] ], [ [ 145.2051247, -38.1448274 ], [ 145.2067591, -38.143789 ], [ 145.2091129, -38.1427255 ] ], [ [ 145.2091129, -38.1427255 ], [ 145.2093441, -38.1426028 ], [ 145.210279, -38.1421665 ], [ 145.2116375, -38.1416735 ] ], [ [ 145.2147561, -38.1401259 ], [ 145.2143408, -38.1403089 ] ], [ [ 145.2116375, -38.1416735 ], [ 145.2143408, -38.1403089 ] ], [ [ 145.2143408, -38.1403089 ], [ 145.2145815, -38.1402675 ] ], [ [ 145.2147561, -38.1401259 ], [ 145.2164176, -38.1393672 ] ], [ [ 145.2145815, -38.1402675 ], [ 145.2147561, -38.1401259 ] ], [ [ 145.2164176, -38.1393672 ], [ 145.2167447, -38.1390567 ], [ 145.2169945, -38.1391056 ] ], [ [ 145.2164176, -38.1393672 ], [ 145.2169945, -38.1391056 ] ], [ [ 145.2169945, -38.1391056 ], [ 145.2181254, -38.1385821 ] ], [ [ 145.2181254, -38.1385821 ], [ 145.2191603, -38.1382553 ] ], [ [ 145.2181254, -38.1385821 ], [ 145.2214824, -38.1370739 ] ], [ [ 145.2191603, -38.1382553 ], [ 145.2145815, -38.1402675 ] ], [ [ 145.2214824, -38.1370739 ], [ 145.2213536, -38.1372072 ], [ 145.2191603, -38.1382553 ] ], [ [ 145.2214824, -38.1370739 ], [ 145.2217949, -38.1368894 ], [ 145.2263062, -38.1348219 ] ], [ [ 145.2145815, -38.1402675 ], [ 145.2116375, -38.1416735 ] ], [ [ 145.2116375, -38.1416735 ], [ 145.2096858, -38.1426261 ] ], [ [ 145.2051247, -38.1448274 ], [ 145.2010806, -38.1464056 ] ], [ [ 145.1977507, -38.1481749 ], [ 145.2010806, -38.1464056 ] ], [ [ 145.2091129, -38.1427255 ], [ 145.2051247, -38.1448274 ] ], [ [ 145.2096858, -38.1426261 ], [ 145.2091129, -38.1427255 ] ], [ [ 145.2096858, -38.1426261 ], [ 145.2051247, -38.1448274 ] ], [ [ 145.2241573, -38.1359249 ], [ 145.2214824, -38.1370739 ] ], [ [ 145.1977507, -38.1481749 ], [ 145.1966524, -38.1492124 ] ] ] } },
{ "type": "Feature", "properties": { "project_id": "SCC_01519", "scc_feature": 1236, "scc_source_id": "1236", "scc_type": "C2", "status": "upgrade_candidate", "mean_lts": 4.0, "connects_existing": true, "length_km": 0.078, "high_stress_km": 0.078, "project_type": "Upgrade existing facility" }, "geometry": { "type": "LineString", "coordinates": [ [ 145.2279934, -38.1339372 ], [ 145.2283728, -38.1338167 ], [ 145.2287417, -38.1336601 ] ] } },
{ "type": "Feature", "properties": { "project_id": "SCC_01520", "scc_feature": 1236, "scc_source_id": "1236", "scc_type": "C2", "status": "upgrade_candidate", "mean_lts": 3.99, "connects_existing": true, "length_km": 3.184, "high_stress_km": 3.184, "project_type": "Upgrade existing facility" }, "geometry": { "type": "MultiLineString", "coordinates": [ [ [ 145.2374719, -38.1297812 ], [ 145.2371258, -38.1299383 ], [ 145.2343583, -38.1311583 ] ], [ [ 145.2374719, -38.1297812 ], [ 145.237352, -38.1300228 ] ], [ [ 145.2490338, -38.1238443 ], [ 145.2488006, -38.1240571 ] ], [ [ 145.2445795, -38.1264452 ], [ 145.2488006, -38.1240571 ] ], [ [ 145.2343583, -38.1311583 ], [ 145.2367137, -38.1299952 ], [ 145.2390878, -38.1290034 ] ], [ [ 145.2315681, -38.132369 ], [ 145.2343583, -38.1311583 ] ], [ [ 145.2343583, -38.1311583 ], [ 145.2314261, -38.1325831 ], [ 145.2284696, -38.1340615 ] ], [ [ 145.2445795, -38.1264452 ], [ 145.2418902, -38.1277477 ], [ 145.2390878, -38.1290034 ] ], [ [ 145.2390878, -38.1290034 ], [ 145.2374719, -38.1297812 ] ], [ [ 145.249325, -38.1240739 ], [ 145.2470237, -38.1253733 ], [ 145.2445795, -38.1264452 ] ] ] } },
{ "type": "Feature", "properties": { "project_id": "SCC_01521", "scc_feature": 1238, "scc_source_id": "1238", "scc_type": "C2", "status": "upgrade_candidate", "mean_lts": 3.93, "connects_existing": true, "length_km": 0.927, "high_stress_km": 0.896, "project_type": "Upgrade existing facility" }, "geometry": { "type": "MultiLineString", "coordinates": [ [ [ 145.2490338, -38.1238443 ], [ 145.2500354, -38.1210746 ], [ 145.2507604, -38.1184179 ] ], [ [ 145.2507604, -38.1184179 ], [ 145.2506664, -38.118056 ] ], [ [ 145.2508658, -38.1178247 ], [ 145.2510141, -38.1183045 ] ], [ [ 145.2508658, -38.1178247 ], [ 145.2507604, -38.1184179 ] ], [ [ 145.2507604, -38.1184179 ], [ 145.250825, -38.1190587 ], [ 145.2501636, -38.1219146 ], [ 145.249325, -38.1240739 ] ] ] } },
{ "type": "Feature", "properties": { "project_id": "SCC_01522", "scc_feature": 1242, "scc_source_id": "1242", "scc_type": "C2", "status": "upgrade_candidate", "mean_lts": 3.83, "connects_existing": true, "length_km": 0.421, "high_stress_km": 0.421, "project_type": "Upgrade existing facility" }, "geometry": { "type": "MultiLineString", "coordinates": [ [ [ 145.2320018, -37.815878 ], [ 145.2327858, -37.8158717 ], [ 145.2341931, -37.8159289 ] ], [ [ 145.236769, -37.8160486 ], [ 145.2355094, -37.8159937 ], [ 145.2341931, -37.8159289 ] ] ] } },
{ "type": "Feature", "properties": { "project_id": "SCC_01523", "scc_feature": 1242, "scc_source_id": "1242", "scc_type": "C2", "status": "upgrade_candidate", "mean_lts": 3.0, "connects_existing": true, "length_km": 0.069, "high_stress_km": 0.069, "project_type": "Upgrade existing facility" }, "geometry": { "type": "MultiLineString", "coordinates": [ [ [ 145.2386415, -37.8166083 ], [ 145.2382591, -37.8164494 ] ], [ [ 145.2376732, -37.8162424 ], [ 145.2382591, -37.8164494 ] ] ] } },
{ "type": "Feature", "properties": { "project_id": "SCC_01524", "scc_feature": 1305, "scc_source_id": "1305", "scc_type": "C2", "status": "upgrade_candidate", "mean_lts": 2.68, "connects_existing": true, "length_km": 0.486, "high_stress_km": 0.332, "project_type": "Upgrade existing facility" }, "geometry": { "type": "MultiLineString", "coordinates": [ [ [ 145.3420725, -38.039717 ], [ 145.3424726, -38.0381455 ], [ 145.3424864, -38.0385422 ], [ 145.3425471, -38.0393902 ] ], [ [ 145.3426312, -38.0386885 ], [ 145.3425471, -38.0393902 ] ] ] } },
{ "type": "Feature", "properties": { "project_id": "SCC_01525", "scc_feature": 1312, "scc_source_id": "1312", "scc_type": "C2", "status": "upgrade_candidate", "mean_lts": 3.35, "connects_existing": false, "length_km": 1.438, "high_stress_km": 0.97, "project_type": "Upgrade existing facility" }, "geometry": { "type": "MultiLineString", "coordinates": [ [ [ 145.2872653, -37.8312854 ], [ 145.2871347, -37.8295622 ] ], [ [ 145.2871347, -37.8295622 ], [ 145.2873206, -37.8293847 ] ], [ [ 145.2871347, -37.8295622 ], [ 145.2873891, -37.827403 ] ], [ [ 145.2872653, -37.8312854 ], [ 145.2873206, -37.8293847 ] ], [ [ 145.2873206, -37.8293847 ], [ 145.2874554, -37.8284674 ] ], [ [ 145.2874554, -37.8284674 ], [ 145.2873891, -37.827403 ] ], [ [ 145.2874554, -37.8284674 ], [ 145.2873488, -37.8320977 ], [ 145.2872519, -37.831862 ], [ 145.2872653, -37.8312854 ] ] ] } },
{ "type": "Feature", "properties": { "project_id": "SCC_01526", "scc_feature": 1312, "scc_source_id": "1312", "scc_type": "C2", "status": "upgrade_candidate", "mean_lts": 4.0, "connects_existing": true, "length_km": 0.089, "high_stress_km": 0.089, "project_type": "Upgrade existing facility" }, "geometry": { "type": "LineString", "coordinates": [ [ 145.287344, -37.8332873 ], [ 145.2872473, -37.8325559 ] ] } },
{ "type": "Feature", "properties": { "project_id": "SCC_01527", "scc_feature": 1339, "scc_source_id": "1339", "scc_type": "C2", "status": "upgrade_candidate", "mean_lts": 4.0, "connects_existing": true, "length_km": 0.68, "high_stress_km": 0.68, "project_type": "Upgrade existing facility" }, "geometry": { "type": "MultiLineString", "coordinates": [ [ [ 145.3818467, -38.0549698 ], [ 145.3840634, -38.0552346 ] ], [ [ 145.3840634, -38.0552346 ], [ 145.3843586, -38.0552837 ] ], [ [ 145.3859774, -38.0557836 ], [ 145.3842521, -38.0554625 ], [ 145.381692, -38.055265 ], [ 145.3840634, -38.0552346 ] ] ] } },
{ "type": "Feature", "properties": { "project_id": "SCC_01528", "scc_feature": 1343, "scc_source_id": "1343", "scc_type": "C2", "status": "upgrade_candidate", "mean_lts": 4.0, "connects_existing": false, "length_km": 1.611, "high_stress_km": 1.611, "project_type": "Upgrade existing facility" }, "geometry": { "type": "MultiLineString", "coordinates": [ [ [ 145.456544, -38.0842993 ], [ 145.4574878, -38.0844198 ], [ 145.4603079, -38.0847812 ], [ 145.4631398, -38.0851247 ] ], [ [ 145.4704284, -38.086094 ], [ 145.4677675, -38.0857439 ], [ 145.4631398, -38.0851247 ] ], [ [ 145.456544, -38.0842993 ], [ 145.4532361, -38.0838232 ] ], [ [ 145.4523831, -38.0837218 ], [ 145.4532361, -38.0838232 ] ] ] } },
{ "type": "Feature", "properties": { "project_id": "SCC_01529", "scc_feature": 1344, "scc_source_id": "1344", "scc_type": "C2", "status": "upgrade_candidate", "mean_lts": 2.0, "connects_existing": true, "length_km": 0.362, "high_stress_km": 0.0, "project_type": "Upgrade existing facility" }, "geometry": { "type": "LineString", "coordinates": [ [ 145.4845718, -38.0803474 ], [ 145.4881253, -38.0821865 ] ] } },
{ "type": "Feature", "properties": { "project_id": "SCC_01530", "scc_feature": 1344, "scc_source_id": "1344", "scc_type": "C2", "status": "upgrade_candidate", "mean_lts": 3.0, "connects_existing": true, "length_km": 0.099, "high_stress_km": 0.099, "project_type": "Upgrade existing facility" }, "geometry": { "type": "LineString", "coordinates": [ [ 145.4833416, -38.079187 ], [ 145.4841694, -38.0799546 ] ] } },
{ "type": "Feature", "properties": { "project_id": "SCC_01531", "scc_feature": 1345, "scc_source_id": "1345", "scc_type": "C2", "status": "upgrade_candidate", "mean_lts": 3.1, "connects_existing": false, "length_km": 0.524, "high_stress_km": 0.524, "project_type": "Upgrade existing facility" }, "geometry": { "type": "MultiLineString", "coordinates": [ [ [ 145.4881253, -38.0821865 ], [ 145.4908601, -38.0833752 ] ], [ [ 145.4908601, -38.0833752 ], [ 145.4918445, -38.0837393 ] ], [ [ 145.4920328, -38.0840121 ], [ 145.4917607, -38.0839365 ], [ 145.4908601, -38.0833752 ] ], [ [ 145.4920828, -38.0837965 ], [ 145.4918445, -38.0837393 ] ] ] } }
]
}
