{
"type": "FeatureCollection",
"name": "greater_melbourne_lgas",
"features": [
{ "type": "Feature", "properties": { "lga_name": "Cardinia" }, "geometry": { "type": "Polygon", "coordinates": [ [ [ 145.7550184, -38.1259077 ], [ 145.7578794, -38.115637 ], [ 145.7629479, -38.1088962 ], [ 145.7474577, -38.101741 ], [ 145.7437993, -38.1007741 ], [ 145.7392654, -38.1003158 ], [ 145.7454266, -38.0941648 ], [ 145.7470143, -38.0912371 ], [ 145.7449297, -38.08724 ], [ 145.7451257, -38.0859514 ], [ 145.7479535, -38.0835663 ], [ 145.7519684, -38.0828112 ], [ 145.7544425, -38.0791984 ], [ 145.7535163, -38.0709718 ], [ 145.7521482, -38.0702736 ], [ 145.7531035, -38.0693135 ], [ 145.7526092, -38.0655853 ], [ 145.7554472, -38.0610518 ], [ 145.7540812, -38.0584899 ], [ 145.7539867, -38.0569168 ], [ 145.7549809, -38.0553775 ], [ 145.7570574, -38.0540986 ], [ 145.7549794, -38.0502675 ], [ 145.7557394, -38.0488865 ], [ 145.7552144, -38.0477991 ], [ 145.7558977, -38.0466577 ], [ 145.7574331, -38.0463098 ], [ 145.756828, -38.0451891 ], [ 145.7575661, -38.0441142 ], [ 145.7565689, -38.0434303 ], [ 145.7551264, -38.0403141 ], [ 145.7553727, -38.0390803 ], [ 145.7569957, -38.0383525 ], [ 145.7560146, -38.0371032 ], [ 145.7553218, -38.0317171 ], [ 145.7563746, -38.0294299 ], [ 145.758117, -38.0284082 ], [ 145.7571895, -38.0257269 ], [ 145.7601467, -38.0237167 ], [ 145.7620756, -38.0217182 ], [ 145.7626507, -38.0201552 ], [ 145.7648059, -38.0189483 ], [ 145.7645139, -38.0158267 ], [ 145.7638194, -38.0155061 ], [ 145.7644245, -38.0152306 ], [ 145.7641104, -38.0142505 ], [ 145.7647674, -38.0139959 ], [ 145.7650618, -38.0109995 ], [ 145.7642671, -38.0091825 ], [ 145.7648946, -38.0084054 ], [ 145.761909, -38.0026299 ], [ 145.7625918, -38.0004529 ], [ 145.7612605, -37.9992791 ], [ 145.7611409, -37.997975 ], [ 145.762476, -37.9954065 ], [ 145.761653, -37.9949341 ], [ 145.7626927, -37.9934613 ], [ 145.7619724, -37.9923204 ], [ 145.7627034, -37.9915464 ], [ 145.7620685, -37.9914254 ], [ 145.7625353, -37.9907229 ], [ 145.7616715, -37.9897965 ], [ 145.7617334, -37.9890247 ], [ 145.7605986, -37.9886007 ], [ 145.7604971, -37.9879356 ], [ 145.7566957, -37.985964 ], [ 145.7563497, -37.984672 ], [ 145.7551412, -37.9848978 ], [ 145.7561266, -37.9832279 ], [ 145.7552957, -37.981813 ], [ 145.7526971, -37.9803999 ], [ 145.7497244, -37.9770384 ], [ 145.7473271, -37.975434 ], [ 145.7395778, -37.9717945 ], [ 145.738467, -37.9706946 ], [ 145.7360573, -37.9663056 ], [ 145.7338417, -37.9636335 ], [ 145.7331192, -37.9615733 ], [ 145.7310554, -37.9597737 ], [ 145.7310668, -37.9588335 ], [ 145.7342641, -37.955959 ], [ 145.7366249, -37.9556879 ], [ 145.7367923, -37.953318 ], [ 145.7352074, -37.9516825 ], [ 145.7348663, -37.9501848 ], [ 145.7365891, -37.9490007 ], [ 145.7411723, -37.9483654 ], [ 145.7420434, -37.9462254 ], [ 145.7419073, -37.943546 ], [ 145.7451619, -37.9391673 ], [ 145.7469735, -37.9382772 ], [ 145.7464839, -37.9346273 ], [ 145.7417141, -37.929611 ], [ 145.7412515, -37.9271171 ], [ 145.7422635, -37.9262578 ], [ 145.7458743, -37.9249822 ], [ 145.7469572, -37.9239903 ], [ 145.7475289, -37.9226416 ], [ 145.7474939, -37.9192382 ], [ 145.7508073, -37.9171716 ], [ 145.7555538, -37.9089018 ], [ 145.7626227, -37.9032659 ], [ 145.7642954, -37.9013524 ], [ 145.7651348, -37.8986207 ], [ 145.7605518, -37.9014562 ], [ 145.7574304, -37.902183 ], [ 145.7536095, -37.9042802 ], [ 145.7501732, -37.9032388 ], [ 145.7482578, -37.9045163 ], [ 145.7468509, -37.9043601 ], [ 145.7462507, -37.9025271 ], [ 145.7412402, -37.9027354 ], [ 145.7361826, -37.9014531 ], [ 145.7338887, -37.9017378 ], [ 145.7324075, -37.9013777 ], [ 145.7294655, -37.8981822 ], [ 145.7279959, -37.8978377 ], [ 145.7279874, -37.8970089 ], [ 145.7237344, -37.8919496 ], [ 145.7226364, -37.8914748 ], [ 145.7227297, -37.8860231 ], [ 145.7219857, -37.8854439 ], [ 145.7189856, -37.8856017 ], [ 145.715808, -37.8842006 ], [ 145.7148486, -37.8842415 ], [ 145.7132909, -37.8860051 ], [ 145.7079935, -37.887092 ], [ 145.7022557, -37.8865168 ], [ 145.699483, -37.8851243 ], [ 145.693888, -37.8860076 ], [ 145.6895475, -37.8838039 ], [ 145.6880244, -37.8815105 ], [ 145.6869618, -37.8809269 ], [ 145.6858252, -37.8813494 ], [ 145.6850034, -37.8831769 ], [ 145.6862467, -37.8856871 ], [ 145.6858253, -37.8874211 ], [ 145.6863108, -37.8888284 ], [ 145.6814234, -37.8912705 ], [ 145.6796442, -37.8935513 ], [ 145.6764444, -37.8931664 ], [ 145.6751455, -37.8938839 ], [ 145.6730277, -37.8932434 ], [ 145.6716823, -37.8934526 ], [ 145.6711784, -37.8944004 ], [ 145.6705356, -37.8943105 ], [ 145.670846, -37.8957378 ], [ 145.6692622, -37.8970715 ], [ 145.6690714, -37.8995424 ], [ 145.6711271, -37.9034205 ], [ 145.6706124, -37.9083716 ], [ 145.6689973, -37.909555 ], [ 145.6651962, -37.9107242 ], [ 145.6603041, -37.9093483 ], [ 145.6565372, -37.9091085 ], [ 145.6531692, -37.9106778 ], [ 145.6505404, -37.9126947 ], [ 145.6509151, -37.9145112 ], [ 145.652684, -37.9165153 ], [ 145.6446998, -37.9171952 ], [ 145.6420701, -37.9182791 ], [ 145.6355167, -37.9178587 ], [ 145.6317317, -37.9189886 ], [ 145.6282504, -37.9172421 ], [ 145.6249008, -37.918157 ], [ 145.6267263, -37.9096018 ], [ 145.6147031, -37.9080998 ], [ 145.6149291, -37.9048564 ], [ 145.6166261, -37.9041234 ], [ 145.6167164, -37.9035727 ], [ 145.6158392, -37.9038395 ], [ 145.6131772, -37.9032974 ], [ 145.6133069, -37.9025135 ], [ 145.6034714, -37.901274 ], [ 145.6041934, -37.8979515 ], [ 145.5899551, -37.8962973 ], [ 145.5881582, -37.8975876 ], [ 145.5853431, -37.8965956 ], [ 145.58027, -37.8969127 ], [ 145.5785605, -37.8976941 ], [ 145.5763096, -37.8975528 ], [ 145.5752331, -37.8993423 ], [ 145.5723999, -37.8982319 ], [ 145.5718663, -37.8969039 ], [ 145.5705906, -37.8959368 ], [ 145.5696365, -37.8980216 ], [ 145.5684222, -37.8976906 ], [ 145.5675442, -37.8970108 ], [ 145.5676409, -37.8959867 ], [ 145.5688368, -37.8933215 ], [ 145.5671762, -37.892227 ], [ 145.5647056, -37.8872231 ], [ 145.5624642, -37.885444 ], [ 145.5622562, -37.8819057 ], [ 145.5612387, -37.8810018 ], [ 145.5553839, -37.8788486 ], [ 145.5540838, -37.8775647 ], [ 145.554251, -37.8762009 ], [ 145.5534084, -37.8750036 ], [ 145.5533177, -37.8735917 ], [ 145.5511911, -37.8721467 ], [ 145.549162, -37.8726706 ], [ 145.5448784, -37.8713884 ], [ 145.5410802, -37.8716152 ], [ 145.5394766, -37.8707003 ], [ 145.5395377, -37.8689671 ], [ 145.5370618, -37.8669703 ], [ 145.5347001, -37.8661394 ], [ 145.5342396, -37.8664717 ], [ 145.5332781, -37.8661707 ], [ 145.5318667, -37.8668633 ], [ 145.5305165, -37.8663783 ], [ 145.5307428, -37.8643838 ], [ 145.529614, -37.8629577 ], [ 145.5233444, -37.858241 ], [ 145.5214154, -37.8576588 ], [ 145.5191625, -37.85773 ], [ 145.5251805, -37.8601081 ], [ 145.5258231, -37.8607839 ], [ 145.5252711, -37.8618814 ], [ 145.5263027, -37.8629801 ], [ 145.5270355, -37.8629351 ], [ 145.5266618, -37.8644266 ], [ 145.5272912, -37.8649764 ], [ 145.5260987, -37.8668588 ], [ 145.5266461, -37.8671039 ], [ 145.5264989, -37.8683117 ], [ 145.5280962, -37.869732 ], [ 145.5282049, -37.87412 ], [ 145.5290057, -37.8750332 ], [ 145.5288104, -37.8758504 ], [ 145.5280835, -37.8758394 ], [ 145.529022, -37.8763451 ], [ 145.5265098, -37.8791587 ], [ 145.5270997, -37.8808605 ], [ 145.5264647, -37.8809076 ], [ 145.526332, -37.8815581 ], [ 145.5268162, -37.8820533 ], [ 145.5255737, -37.8827381 ], [ 145.525923, -37.8841046 ], [ 145.5269158, -37.8843674 ], [ 145.5268573, -37.8853198 ], [ 145.5261111, -37.8854055 ], [ 145.5255127, -37.887403 ], [ 145.5224006, -37.8870812 ], [ 145.5212677, -37.888181 ], [ 145.5209199, -37.889843 ], [ 145.519811, -37.8902428 ], [ 145.5176094, -37.8923419 ], [ 145.5150185, -37.8935455 ], [ 145.512834, -37.8956885 ], [ 145.5125842, -37.8966878 ], [ 145.5098893, -37.8970921 ], [ 145.5074857, -37.8997659 ], [ 145.5057362, -37.8995189 ], [ 145.5032171, -37.9008033 ], [ 145.5002878, -37.8995638 ], [ 145.4978191, -37.9003659 ], [ 145.4947885, -37.8999953 ], [ 145.4928928, -37.8989807 ], [ 145.4899359, -37.8982938 ], [ 145.4897328, -37.8993024 ], [ 145.4816681, -37.8983374 ], [ 145.4796633, -37.9006698 ], [ 145.4738267, -37.8999819 ], [ 145.471989, -37.9013116 ], [ 145.4705139, -37.9011341 ], [ 145.4691076, -37.9101972 ], [ 145.4666701, -37.9120245 ], [ 145.4647418, -37.9108211 ], [ 145.4633227, -37.9079637 ], [ 145.460282, -37.9071987 ], [ 145.4594464, -37.9053564 ], [ 145.4585794, -37.9053077 ], [ 145.4565443, -37.9072139 ], [ 145.4547113, -37.9063354 ], [ 145.4513739, -37.9070607 ], [ 145.4503405, -37.906253 ], [ 145.4473817, -37.9058292 ], [ 145.4468715, -37.9067531 ], [ 145.4446008, -37.906261 ], [ 145.4426509, -37.9070186 ], [ 145.4426532, -37.9089868 ], [ 145.4420242, -37.9097499 ], [ 145.4396748, -37.9100332 ], [ 145.4396504, -37.9114282 ], [ 145.4384629, -37.9137468 ], [ 145.4387096, -37.914577 ], [ 145.4284682, -37.9134906 ], [ 145.4254791, -37.9199462 ], [ 145.4229213, -37.9192078 ], [ 145.419623, -37.9263202 ], [ 145.4181749, -37.9250088 ], [ 145.4171971, -37.9263159 ], [ 145.4163682, -37.9263317 ], [ 145.4159864, -37.9282846 ], [ 145.4112492, -37.927665 ], [ 145.4115517, -37.926146 ], [ 145.4103531, -37.9259962 ], [ 145.4101641, -37.9269455 ], [ 145.4092631, -37.9274168 ], [ 145.4007531, -37.9264574 ], [ 145.4009124, -37.92377 ], [ 145.3994869, -37.9216124 ], [ 145.3984776, -37.9212921 ], [ 145.3974804, -37.9222434 ], [ 145.395189, -37.923138 ], [ 145.3918983, -37.9233939 ], [ 145.3898031, -37.9242859 ], [ 145.384671, -37.9286421 ], [ 145.3842288, -37.9308019 ], [ 145.3856655, -37.9360533 ], [ 145.3835188, -37.9382727 ], [ 145.3821685, -37.941172 ], [ 145.3851261, -37.9528495 ], [ 145.3844232, -37.9544055 ], [ 145.381784, -37.9566428 ], [ 145.3880112, -37.9583211 ], [ 145.3875271, -37.9600366 ], [ 145.3880326, -37.9709813 ], [ 145.3863245, -37.9714781 ], [ 145.3841644, -37.9707031 ], [ 145.383432, -37.9747329 ], [ 145.3826255, -37.9749573 ], [ 145.3812705, -37.9741481 ], [ 145.3808921, -37.9744308 ], [ 145.3795378, -37.9739877 ], [ 145.3792436, -37.9766185 ], [ 145.3819526, -37.9804543 ], [ 145.3816436, -37.9825166 ], [ 145.3824626, -37.9846016 ], [ 145.3810807, -37.9851327 ], [ 145.380141, -37.9873829 ], [ 145.3777668, -37.9881652 ], [ 145.3778276, -37.9890367 ], [ 145.3761214, -37.9903868 ], [ 145.3777141, -37.9943102 ], [ 145.37741, -37.995281 ], [ 145.3793327, -37.9959122 ], [ 145.3797485, -37.9969188 ], [ 145.3796774, -37.9984224 ], [ 145.3787816, -37.9990062 ], [ 145.3778156, -38.0014039 ], [ 145.3785948, -38.0018659 ], [ 145.3786963, -38.0028845 ], [ 145.3802297, -38.0026307 ], [ 145.3806669, -38.0037592 ], [ 145.3824198, -38.0051786 ], [ 145.3820739, -38.0055614 ], [ 145.3833949, -38.0063618 ], [ 145.3830808, -38.0079732 ], [ 145.3847649, -38.0085186 ], [ 145.3850118, -38.0095149 ], [ 145.3833352, -38.0104667 ], [ 145.3853469, -38.0134071 ], [ 145.3841159, -38.0148833 ], [ 145.3836405, -38.0165805 ], [ 145.3794722, -38.0181822 ], [ 145.3792848, -38.0190503 ], [ 145.3800637, -38.0202568 ], [ 145.3787515, -38.0210017 ], [ 145.3784542, -38.0231795 ], [ 145.3775199, -38.0240918 ], [ 145.3778911, -38.024905 ], [ 145.3764789, -38.0260636 ], [ 145.3769004, -38.0267832 ], [ 145.3765101, -38.0275561 ], [ 145.3753196, -38.0288738 ], [ 145.3745438, -38.0286566 ], [ 145.3722436, -38.0322699 ], [ 145.3714814, -38.0319451 ], [ 145.3700091, -38.0328478 ], [ 145.369692, -38.0348157 ], [ 145.368789, -38.0354165 ], [ 145.3683419, -38.0368687 ], [ 145.3659889, -38.0388135 ], [ 145.3670679, -38.0410054 ], [ 145.3664861, -38.0427797 ], [ 145.3647816, -38.0444626 ], [ 145.365223, -38.0453492 ], [ 145.3663916, -38.0457945 ], [ 145.3666823, -38.0473913 ], [ 145.3662761, -38.0485978 ], [ 145.3643675, -38.0495752 ], [ 145.3647823, -38.0506177 ], [ 145.364086, -38.051577 ], [ 145.3647307, -38.0525481 ], [ 145.367409, -38.0529281 ], [ 145.3669687, -38.0537369 ], [ 145.3684697, -38.0540788 ], [ 145.3682912, -38.0547858 ], [ 145.3700103, -38.0560945 ], [ 145.371583, -38.0563659 ], [ 145.3704933, -38.0574152 ], [ 145.3716492, -38.0579699 ], [ 145.3712864, -38.058471 ], [ 145.3718384, -38.059126 ], [ 145.3752246, -38.0595506 ], [ 145.3750966, -38.0605902 ], [ 145.3760801, -38.0608794 ], [ 145.3756859, -38.0615601 ], [ 145.3763453, -38.0618608 ], [ 145.3758948, -38.0629546 ], [ 145.3765397, -38.0636343 ], [ 145.3758101, -38.0644996 ], [ 145.3767747, -38.0649966 ], [ 145.3765902, -38.0653616 ], [ 145.3807756, -38.0668353 ], [ 145.3799451, -38.0687342 ], [ 145.3818394, -38.0698377 ], [ 145.3783855, -38.0703293 ], [ 145.3777528, -38.0708552 ], [ 145.3783956, -38.072421 ], [ 145.3779286, -38.0742609 ], [ 145.3766948, -38.0750733 ], [ 145.3773223, -38.075886 ], [ 145.3765893, -38.0767684 ], [ 145.3764916, -38.0782118 ], [ 145.3758417, -38.0784486 ], [ 145.3764592, -38.0795906 ], [ 145.3785842, -38.0797619 ], [ 145.3789729, -38.0809051 ], [ 145.3797146, -38.0808671 ], [ 145.3803851, -38.0815737 ], [ 145.3805273, -38.0823203 ], [ 145.3799237, -38.082558 ], [ 145.3805764, -38.0837642 ], [ 145.3800964, -38.0840956 ], [ 145.3804335, -38.0849768 ], [ 145.3818391, -38.0857419 ], [ 145.3819782, -38.0864328 ], [ 145.3808601, -38.0875231 ], [ 145.3820937, -38.0896953 ], [ 145.3827827, -38.0892483 ], [ 145.382359, -38.0908452 ], [ 145.383509, -38.091733 ], [ 145.3843856, -38.0917098 ], [ 145.3851971, -38.0925246 ], [ 145.3851518, -38.0935436 ], [ 145.3877709, -38.0942 ], [ 145.3891142, -38.0938291 ], [ 145.3907644, -38.0947147 ], [ 145.3916944, -38.0962435 ], [ 145.3925169, -38.0962331 ], [ 145.3922954, -38.0968204 ], [ 145.3928986, -38.0973157 ], [ 145.3950151, -38.0976633 ], [ 145.3965443, -38.0994345 ], [ 145.397764, -38.0998129 ], [ 145.3992639, -38.1021432 ], [ 145.3985888, -38.1050358 ], [ 145.4005963, -38.1078126 ], [ 145.4008117, -38.1107003 ], [ 145.3989994, -38.113303 ], [ 145.3999029, -38.1155573 ], [ 145.4018039, -38.1179188 ], [ 145.4017892, -38.1191051 ], [ 145.3884604, -38.1205451 ], [ 145.3845281, -38.1239698 ], [ 145.3833847, -38.1256381 ], [ 145.3994761, -38.1429979 ], [ 145.3888599, -38.1925166 ], [ 145.3956696, -38.1933886 ], [ 145.395231, -38.1954938 ], [ 145.4183157, -38.1984913 ], [ 145.4166635, -38.203837 ], [ 145.4217652, -38.2096511 ], [ 145.4270401, -38.2112315 ], [ 145.4280812, -38.2133722 ], [ 145.4304723, -38.214245 ], [ 145.430271, -38.2150284 ], [ 145.4320297, -38.2159876 ], [ 145.4336697, -38.2160596 ], [ 145.4352295, -38.2146392 ], [ 145.4361977, -38.2172796 ], [ 145.4374883, -38.2175591 ], [ 145.4397717, -38.216201 ], [ 145.4422107, -38.2176294 ], [ 145.4418047, -38.2182912 ], [ 145.4427609, -38.2189541 ], [ 145.4466419, -38.2188231 ], [ 145.4482404, -38.219368 ], [ 145.4520089, -38.2189247 ], [ 145.4540998, -38.2217884 ], [ 145.4570366, -38.2231863 ], [ 145.4573982, -38.2255839 ], [ 145.460316, -38.2277643 ], [ 145.461531, -38.2278012 ], [ 145.4636509, -38.2288019 ], [ 145.4699474, -38.2290628 ], [ 145.4743095, -38.2298708 ], [ 145.4791037, -38.2323585 ], [ 145.4828014, -38.2316248 ], [ 145.4856236, -38.23419 ], [ 145.4885308, -38.2333846 ], [ 145.4893058, -38.2351703 ], [ 145.4880099, -38.2365517 ], [ 145.4885636, -38.23873 ], [ 145.4895578, -38.2397454 ], [ 145.4909528, -38.2397847 ], [ 145.4914077, -38.2411375 ], [ 145.4908844, -38.2424893 ], [ 145.4924348, -38.2439067 ], [ 145.4907212, -38.2455107 ], [ 145.4903734, -38.2507588 ], [ 145.4914324, -38.25227 ], [ 145.4914988, -38.2534524 ], [ 145.4929453, -38.2543252 ], [ 145.4944366, -38.2562404 ], [ 145.4949145, -38.2575263 ], [ 145.4946764, -38.2609564 ], [ 145.4959513, -38.261867 ], [ 145.4965581, -38.2630551 ], [ 145.4960205, -38.2636542 ], [ 145.4973605, -38.2647278 ], [ 145.4964066, -38.2679908 ], [ 145.4972266, -38.2687908 ], [ 145.4967688, -38.2692346 ], [ 145.4973131, -38.2697145 ], [ 145.4970072, -38.27267 ], [ 145.4976239, -38.275764 ], [ 145.499924, -38.2776271 ], [ 145.5003354, -38.2794898 ], [ 145.5014697, -38.2796938 ], [ 145.5014313, -38.2803259 ], [ 145.5046456, -38.2835071 ], [ 145.5085302, -38.2853616 ], [ 145.5095507, -38.2853266 ], [ 145.5120985, -38.2874934 ], [ 145.5133334, -38.2875796 ], [ 145.5178481, -38.2907557 ], [ 145.5177517, -38.2913773 ], [ 145.5197791, -38.2935902 ], [ 145.5223621, -38.2995946 ], [ 145.5206667, -38.3066531 ], [ 145.5418041, -38.309377 ], [ 145.5457808, -38.2913355 ], [ 145.5476869, -38.2924851 ], [ 145.5536655, -38.2935689 ], [ 145.558153, -38.2961198 ], [ 145.5634886, -38.301977 ], [ 145.5653969, -38.303367 ], [ 145.5693493, -38.304554 ], [ 145.5783514, -38.3110804 ], [ 145.5821247, -38.3126773 ], [ 145.5841287, -38.3156184 ], [ 145.5847908, -38.3207543 ], [ 145.5870135, -38.3232176 ], [ 145.5886811, -38.3262594 ], [ 145.5936115, -38.330096 ], [ 145.6056892, -38.3324322 ], [ 145.6092479, -38.3150648 ], [ 145.6071811, -38.3156541 ], [ 145.612452, -38.2855734 ], [ 145.6147326, -38.2879884 ], [ 145.6189128, -38.2890709 ], [ 145.6217983, -38.2886008 ], [ 145.6250516, -38.2860693 ], [ 145.6294226, -38.2867496 ], [ 145.6312839, -38.2862331 ], [ 145.6357651, -38.2843356 ], [ 145.6385603, -38.2824965 ], [ 145.6381189, -38.2847655 ], [ 145.6801892, -38.2894788 ], [ 145.6814678, -38.2821781 ], [ 145.6909068, -38.2830998 ], [ 145.6895922, -38.290131 ], [ 145.6987229, -38.291125 ], [ 145.6997103, -38.2856626 ], [ 145.7326807, -38.2893539 ], [ 145.7365397, -38.2688604 ], [ 145.7329445, -38.2685971 ], [ 145.7363557, -38.2489757 ], [ 145.7340863, -38.2493106 ], [ 145.7324591, -38.2508285 ], [ 145.7314442, -38.2510565 ], [ 145.7255015, -38.250053 ], [ 145.72452, -38.2491732 ], [ 145.7218553, -38.2497166 ], [ 145.7191216, -38.2493888 ], [ 145.7153918, -38.2514676 ], [ 145.7139442, -38.2519441 ], [ 145.712526, -38.2517611 ], [ 145.7148844, -38.2390145 ], [ 145.7129634, -38.2395676 ], [ 145.716294, -38.2215445 ], [ 145.7147088, -38.2213601 ], [ 145.7165017, -38.2116913 ], [ 145.7094628, -38.2109639 ], [ 145.7102199, -38.2068992 ], [ 145.7009294, -38.2059385 ], [ 145.7029925, -38.1949476 ], [ 145.7080618, -38.1906661 ], [ 145.7297292, -38.1539808 ], [ 145.7484783, -38.1428232 ], [ 145.7550184, -38.1259077 ] ] ] } },
{ "type": "Feature", "properties": { "lga_name": "Nillumbik" }, "geometry": { "type": "Polygon", "coordinates": [ [ [ 145.1187693, -37.6874334 ], [ 145.1304876, -37.6860602 ], [ 145.1376596, -37.6831449 ], [ 145.1437047, -37.6826195 ], [ 145.1403561, -37.7012629 ], [ 145.131569, -37.7003531 ], [ 145.1280229, -37.7023023 ], [ 145.1281432, -37.7047271 ], [ 145.1303579, -37.7059258 ], [ 145.1328194, -37.7101929 ], [ 145.1336198, -37.7133325 ], [ 145.1371209, -37.7165761 ], [ 145.1377886, -37.7179644 ], [ 145.1348856, -37.7320991 ], [ 145.137731, -37.7331797 ], [ 145.1363701, -37.7333255 ], [ 145.1350713, -37.7343081 ], [ 145.13415, -37.7382288 ], [ 145.1356269, -37.7408544 ], [ 145.1365032, -37.7405238 ], [ 145.1379999, -37.738281 ], [ 145.1428555, -37.7390088 ], [ 145.1459025, -37.7385185 ], [ 145.1483657, -37.7372292 ], [ 145.1499673, -37.738453 ], [ 145.1516242, -37.7356853 ], [ 145.1536237, -37.7342714 ], [ 145.1552398, -37.7339693 ], [ 145.1625179, -37.7377288 ], [ 145.1641311, -37.7346519 ], [ 145.1652338, -37.7342374 ], [ 145.1699775, -37.7349628 ], [ 145.1758709, -37.7349416 ], [ 145.1765789, -37.7354006 ], [ 145.1769174, -37.7382879 ], [ 145.177601, -37.7384832 ], [ 145.1798095, -37.737435 ], [ 145.1783561, -37.7338316 ], [ 145.1804589, -37.7320901 ], [ 145.1814924, -37.7298018 ], [ 145.1848819, -37.7308972 ], [ 145.1881758, -37.7304206 ], [ 145.1890647, -37.7317683 ], [ 145.1901498, -37.7322358 ], [ 145.1928557, -37.731584 ], [ 145.193968, -37.7318435 ], [ 145.1943139, -37.7328601 ], [ 145.1918023, -37.734846 ], [ 145.1918927, -37.7380774 ], [ 145.1928039, -37.7390635 ], [ 145.1973071, -37.7413567 ], [ 145.1986651, -37.7403261 ], [ 145.1984309, -37.7337303 ], [ 145.1998648, -37.7316473 ], [ 145.2016324, -37.7303699 ], [ 145.2061313, -37.7311943 ], [ 145.2096735, -37.729722 ], [ 145.2119745, -37.7296463 ], [ 145.214131, -37.7305866 ], [ 145.2153593, -37.7319224 ], [ 145.2148606, -37.7340663 ], [ 145.2109666, -37.7359538 ], [ 145.2069658, -37.737193 ], [ 145.2033797, -37.737211 ], [ 145.2023312, -37.7377572 ], [ 145.2013033, -37.7387724 ], [ 145.2014836, -37.7393931 ], [ 145.2050387, -37.7417631 ], [ 145.2096392, -37.740741 ], [ 145.2125503, -37.7393892 ], [ 145.2160203, -37.7389593 ], [ 145.2202066, -37.7361479 ], [ 145.226011, -37.7361089 ], [ 145.2299663, -37.7387703 ], [ 145.230581, -37.7376616 ], [ 145.2287624, -37.7364342 ], [ 145.2270194, -37.7331036 ], [ 145.228864, -37.7316432 ], [ 145.2362525, -37.7314855 ], [ 145.2392895, -37.7347713 ], [ 145.2420719, -37.7360725 ], [ 145.2431663, -37.7352471 ], [ 145.2431113, -37.7342143 ], [ 145.2422496, -37.7328154 ], [ 145.2406187, -37.7322475 ], [ 145.2402801, -37.7315882 ], [ 145.2417081, -37.7301726 ], [ 145.2422205, -37.7279843 ], [ 145.2402533, -37.7271905 ], [ 145.236531, -37.7270027 ], [ 145.2363957, -37.7238518 ], [ 145.2347236, -37.7214327 ], [ 145.2349596, -37.7207382 ], [ 145.2367311, -37.7200543 ], [ 145.2409667, -37.7250585 ], [ 145.2424967, -37.7254259 ], [ 145.2437517, -37.7232537 ], [ 145.2428815, -37.7206336 ], [ 145.2431475, -37.7189544 ], [ 145.247136, -37.7207714 ], [ 145.2487495, -37.7206546 ], [ 145.2498352, -37.7183587 ], [ 145.2537917, -37.7171505 ], [ 145.2561006, -37.7141209 ], [ 145.2564959, -37.7121572 ], [ 145.2547941, -37.7109648 ], [ 145.2548648, -37.7099717 ], [ 145.2579402, -37.7099748 ], [ 145.2594344, -37.7093059 ], [ 145.2607073, -37.7078573 ], [ 145.2630354, -37.7080567 ], [ 145.2640308, -37.70721 ], [ 145.2652975, -37.7084236 ], [ 145.26822, -37.7074932 ], [ 145.270358, -37.7054941 ], [ 145.2695216, -37.7049794 ], [ 145.2676498, -37.7056323 ], [ 145.2672122, -37.7041388 ], [ 145.2679301, -37.7033201 ], [ 145.2723613, -37.7038833 ], [ 145.2730309, -37.7051024 ], [ 145.2727394, -37.7084038 ], [ 145.2757859, -37.7100976 ], [ 145.2724816, -37.7154011 ], [ 145.2727278, -37.7160597 ], [ 145.2769435, -37.7158717 ], [ 145.2772951, -37.7135483 ], [ 145.279148, -37.7132694 ], [ 145.282588, -37.7147295 ], [ 145.2831136, -37.7159468 ], [ 145.2827726, -37.7182932 ], [ 145.283232, -37.7188482 ], [ 145.2839504, -37.7186519 ], [ 145.286201, -37.716517 ], [ 145.2869672, -37.7149309 ], [ 145.2850595, -37.7142626 ], [ 145.2849917, -37.7117974 ], [ 145.2829489, -37.7097164 ], [ 145.2827829, -37.7083527 ], [ 145.2860758, -37.7034382 ], [ 145.2920162, -37.7023912 ], [ 145.2925161, -37.7028853 ], [ 145.2914831, -37.7064987 ], [ 145.2905019, -37.7081352 ], [ 145.2891044, -37.7089698 ], [ 145.2899296, -37.709732 ], [ 145.2920567, -37.7087138 ], [ 145.2931802, -37.7093595 ], [ 145.2930678, -37.7100625 ], [ 145.2914458, -37.7111766 ], [ 145.2917944, -37.7117898 ], [ 145.2957796, -37.7128809 ], [ 145.2959758, -37.7138836 ], [ 145.2994692, -37.7128258 ], [ 145.3024801, -37.7149324 ], [ 145.3014495, -37.715716 ], [ 145.3025578, -37.716667 ], [ 145.3039331, -37.7159504 ], [ 145.3077978, -37.7162986 ], [ 145.3118992, -37.7158579 ], [ 145.3127248, -37.7142152 ], [ 145.3113462, -37.7131565 ], [ 145.3124551, -37.7122036 ], [ 145.311116, -37.7120443 ], [ 145.3122958, -37.7111266 ], [ 145.3113257, -37.7090146 ], [ 145.3139322, -37.7101167 ], [ 145.3143659, -37.7089141 ], [ 145.3122937, -37.7082562 ], [ 145.3140998, -37.7080383 ], [ 145.3137962, -37.7067751 ], [ 145.3149753, -37.7065726 ], [ 145.3161773, -37.7081364 ], [ 145.316258, -37.7066469 ], [ 145.3187143, -37.7079515 ], [ 145.3201971, -37.7071445 ], [ 145.3214127, -37.7075648 ], [ 145.3219809, -37.7072622 ], [ 145.3214631, -37.706277 ], [ 145.3202055, -37.7064821 ], [ 145.3147852, -37.6995722 ], [ 145.315198, -37.698381 ], [ 145.3180222, -37.697607 ], [ 145.3189032, -37.6966917 ], [ 145.3190708, -37.693302 ], [ 145.317008, -37.6919777 ], [ 145.3183413, -37.6911569 ], [ 145.3267152, -37.6888996 ], [ 145.3283646, -37.6900226 ], [ 145.3286992, -37.6915492 ], [ 145.3310353, -37.6921365 ], [ 145.3312275, -37.6875429 ], [ 145.3333008, -37.6862042 ], [ 145.3356114, -37.6821004 ], [ 145.3323849, -37.6799977 ], [ 145.3319069, -37.6779368 ], [ 145.3325519, -37.6770198 ], [ 145.3313341, -37.6760676 ], [ 145.3315261, -37.6747162 ], [ 145.3304222, -37.6719141 ], [ 145.3326339, -37.6705623 ], [ 145.3355601, -37.662389 ], [ 145.338718, -37.6613237 ], [ 145.3390928, -37.6601754 ], [ 145.3419825, -37.658585 ], [ 145.3439003, -37.6560331 ], [ 145.3457853, -37.6557537 ], [ 145.3464438, -37.6544422 ], [ 145.3463047, -37.6523006 ], [ 145.3471629, -37.6514643 ], [ 145.3477925, -37.6486714 ], [ 145.3538785, -37.64391 ], [ 145.3531837, -37.639935 ], [ 145.3555599, -37.6307969 ], [ 145.3583832, -37.627495 ], [ 145.358271, -37.6251557 ], [ 145.356069, -37.6225545 ], [ 145.3580186, -37.6184955 ], [ 145.3562727, -37.6173034 ], [ 145.3555374, -37.6151652 ], [ 145.3564623, -37.6133273 ], [ 145.3553851, -37.6118318 ], [ 145.3568122, -37.6086901 ], [ 145.3567143, -37.6054706 ], [ 145.3548876, -37.6024888 ], [ 145.3551195, -37.6003215 ], [ 145.3558167, -37.5995863 ], [ 145.3644056, -37.5627996 ], [ 145.3664117, -37.5451248 ], [ 145.3607436, -37.5445481 ], [ 145.3609393, -37.5433466 ], [ 145.3478687, -37.541313 ], [ 145.3474108, -37.54419 ], [ 145.341503, -37.5435929 ], [ 145.3400522, -37.5411515 ], [ 145.3387147, -37.5403121 ], [ 145.3325857, -37.539642 ], [ 145.3338052, -37.5326274 ], [ 145.327966, -37.5319419 ], [ 145.3284725, -37.5291194 ], [ 145.3205356, -37.5282131 ], [ 145.3210106, -37.5252465 ], [ 145.312365, -37.5246325 ], [ 145.3139426, -37.524045 ], [ 145.3146188, -37.5230259 ], [ 145.30473, -37.5219255 ], [ 145.3090804, -37.5197547 ], [ 145.3138297, -37.5155626 ], [ 145.2970446, -37.5136359 ], [ 145.2979437, -37.5083795 ], [ 145.2937913, -37.5079559 ], [ 145.2927019, -37.5069456 ], [ 145.2944123, -37.4985923 ], [ 145.2763135, -37.4965006 ], [ 145.2754883, -37.5010034 ], [ 145.267533, -37.5000784 ], [ 145.2641458, -37.5017457 ], [ 145.2624065, -37.5119129 ], [ 145.2515782, -37.5106115 ], [ 145.2528555, -37.5075737 ], [ 145.2538678, -37.5072674 ], [ 145.2567109, -37.491977 ], [ 145.2478238, -37.4909627 ], [ 145.2481542, -37.4892195 ], [ 145.2392636, -37.4877551 ], [ 145.2375543, -37.4966077 ], [ 145.2352403, -37.498853 ], [ 145.2359789, -37.4999336 ], [ 145.2360284, -37.5014242 ], [ 145.2352352, -37.5020928 ], [ 145.2355927, -37.5035586 ], [ 145.2312509, -37.5029783 ], [ 145.2263212, -37.5087322 ], [ 145.2354725, -37.5100995 ], [ 145.2344236, -37.517251 ], [ 145.2267167, -37.5159359 ], [ 145.2284609, -37.5195057 ], [ 145.2284268, -37.521411 ], [ 145.2117329, -37.5194153 ], [ 145.2107339, -37.5252171 ], [ 145.1968465, -37.5237382 ], [ 145.196974, -37.5270438 ], [ 145.1940081, -37.5304633 ], [ 145.2070088, -37.5320502 ], [ 145.2056094, -37.5393279 ], [ 145.1799313, -37.5364883 ], [ 145.1778231, -37.5401773 ], [ 145.1752066, -37.5430825 ], [ 145.1715988, -37.5447595 ], [ 145.1688626, -37.5474379 ], [ 145.1669238, -37.5482316 ], [ 145.1666628, -37.5493295 ], [ 145.1688864, -37.5513247 ], [ 145.1649911, -37.5580033 ], [ 145.1574554, -37.561085 ], [ 145.1494607, -37.5653001 ], [ 145.1460091, -37.5694487 ], [ 145.1444389, -37.5702936 ], [ 145.1357704, -37.619903 ], [ 145.1286569, -37.6191941 ], [ 145.1279752, -37.6229425 ], [ 145.1224795, -37.6225855 ], [ 145.1226996, -37.6235634 ], [ 145.1216047, -37.6249741 ], [ 145.1223311, -37.6267853 ], [ 145.1201351, -37.6262916 ], [ 145.1186254, -37.6279977 ], [ 145.1165549, -37.6271776 ], [ 145.1147919, -37.6272918 ], [ 145.1132383, -37.6284401 ], [ 145.1146801, -37.6298243 ], [ 145.1143491, -37.6305076 ], [ 145.1123125, -37.6305442 ], [ 145.1106719, -37.6314791 ], [ 145.1087263, -37.6312312 ], [ 145.109001, -37.6318261 ], [ 145.1114117, -37.6327105 ], [ 145.1111468, -37.6331602 ], [ 145.1089459, -37.6332617 ], [ 145.1097145, -37.6350827 ], [ 145.1081582, -37.6378253 ], [ 145.1089786, -37.6381068 ], [ 145.1101676, -37.637392 ], [ 145.1097241, -37.638862 ], [ 145.1079311, -37.6401133 ], [ 145.1022638, -37.6384213 ], [ 145.1018784, -37.6387682 ], [ 145.1025846, -37.6396738 ], [ 145.101553, -37.6403808 ], [ 145.1021039, -37.6407876 ], [ 145.1045932, -37.6405452 ], [ 145.1030481, -37.6427698 ], [ 145.1036633, -37.6443282 ], [ 145.1056741, -37.6450857 ], [ 145.1056077, -37.6460767 ], [ 145.1043448, -37.6467644 ], [ 145.1076254, -37.6485701 ], [ 145.1043513, -37.6495268 ], [ 145.1032592, -37.6504219 ], [ 145.1043438, -37.6512786 ], [ 145.1037297, -37.6521178 ], [ 145.1045005, -37.6526208 ], [ 145.1069829, -37.6527936 ], [ 145.1073766, -37.6536217 ], [ 145.1050537, -37.6542184 ], [ 145.1024134, -37.6527134 ], [ 145.1019428, -37.6547573 ], [ 145.1025564, -37.6553163 ], [ 145.1043702, -37.6551828 ], [ 145.1061925, -37.6561956 ], [ 145.1077913, -37.6582324 ], [ 145.1072413, -37.6585953 ], [ 145.1040592, -37.6569663 ], [ 145.1033287, -37.6571499 ], [ 145.1027191, -37.6581407 ], [ 145.1037722, -37.6612684 ], [ 145.1018296, -37.6613985 ], [ 145.1005966, -37.6629586 ], [ 145.0993946, -37.6623563 ], [ 145.0976894, -37.662512 ], [ 145.0971344, -37.6644548 ], [ 145.0964542, -37.6648101 ], [ 145.0953182, -37.6641472 ], [ 145.0959403, -37.6625881 ], [ 145.0950558, -37.6618594 ], [ 145.0932691, -37.6642313 ], [ 145.0924228, -37.6634381 ], [ 145.0906013, -37.6632343 ], [ 145.089203, -37.6643973 ], [ 145.091842, -37.6652831 ], [ 145.0922076, -37.667132 ], [ 145.0907624, -37.6670866 ], [ 145.0889536, -37.6686093 ], [ 145.0874052, -37.6677072 ], [ 145.0855054, -37.6690245 ], [ 145.0838556, -37.6691657 ], [ 145.0840802, -37.6701157 ], [ 145.0865521, -37.6706698 ], [ 145.0863353, -37.6722643 ], [ 145.0884227, -37.6729351 ], [ 145.0891158, -37.6741039 ], [ 145.0886827, -37.6746982 ], [ 145.086967, -37.6741099 ], [ 145.0857404, -37.6742667 ], [ 145.0860676, -37.6757772 ], [ 145.0871153, -37.6767741 ], [ 145.0865856, -37.6775802 ], [ 145.0845334, -37.6765418 ], [ 145.0834128, -37.676786 ], [ 145.0845969, -37.6774938 ], [ 145.0848801, -37.6784414 ], [ 145.0843333, -37.6802783 ], [ 145.085437, -37.6811328 ], [ 145.0865516, -37.6812252 ], [ 145.0916522, -37.6793965 ], [ 145.0916741, -37.680209 ], [ 145.0903147, -37.6809809 ], [ 145.0903595, -37.6815205 ], [ 145.0951691, -37.6807767 ], [ 145.0972317, -37.6812736 ], [ 145.0984557, -37.6822935 ], [ 145.1015642, -37.6817278 ], [ 145.1036559, -37.6831133 ], [ 145.1021132, -37.6838644 ], [ 145.102534, -37.6850603 ], [ 145.1018409, -37.6873271 ], [ 145.0996154, -37.6894555 ], [ 145.0686524, -37.6860982 ], [ 145.0678389, -37.6866437 ], [ 145.0743165, -37.6870565 ], [ 145.0789501, -37.6878984 ], [ 145.0890625, -37.6910209 ], [ 145.0930555, -37.6936133 ], [ 145.0949862, -37.6927263 ], [ 145.1044647, -37.6921201 ], [ 145.110338, -37.6908338 ], [ 145.1187693, -37.6874334 ] ] ] } },
{ "type": "Feature", "properties": { "lga_name": "Hume" }, "geometry": { "type": "Polygon", "coordinates": [ [ [ 144.9529596, -37.6233637 ], [ 144.9531829, -37.6227746 ], [ 144.9550037, -37.6225824 ], [ 144.957329, -37.6208476 ], [ 144.957139, -37.6202062 ], [ 144.9560085, -37.6203398 ], [ 144.9553914, -37.6192132 ], [ 144.955974, -37.6167802 ], [ 144.9546318, -37.6159303 ], [ 144.9548, -37.6147717 ], [ 144.9539466, -37.613658 ], [ 144.9526894, -37.6140284 ], [ 144.9518712, -37.613182 ], [ 144.9528425, -37.6120803 ], [ 144.9524105, -37.6106795 ], [ 144.9517404, -37.6104761 ], [ 144.9503116, -37.6111488 ], [ 144.9482566, -37.6083139 ], [ 144.9467332, -37.6078352 ], [ 144.946475, -37.6072587 ], [ 144.9487027, -37.6068277 ], [ 144.9522627, -37.6069635 ], [ 144.9520561, -37.604196 ], [ 144.9530968, -37.6037079 ], [ 144.9528136, -37.6027482 ], [ 144.9534221, -37.6013082 ], [ 144.9522091, -37.5996659 ], [ 144.9531301, -37.5976973 ], [ 144.9530048, -37.5964195 ], [ 144.9547976, -37.5954136 ], [ 144.9549028, -37.5933164 ], [ 144.9556803, -37.5927383 ], [ 144.9558775, -37.5912628 ], [ 144.9574305, -37.5915998 ], [ 144.9588029, -37.5911438 ], [ 144.9573241, -37.5890823 ], [ 144.9579122, -37.5879873 ], [ 144.9569474, -37.5857658 ], [ 144.958491, -37.5851185 ], [ 144.9565902, -37.5825093 ], [ 144.9575507, -37.5815633 ], [ 144.9599726, -37.5818268 ], [ 144.9603498, -37.5803624 ], [ 144.9632878, -37.5792855 ], [ 144.9623608, -37.5775744 ], [ 144.9644436, -37.5751845 ], [ 144.9653522, -37.5721813 ], [ 144.9637605, -37.5716785 ], [ 144.9641417, -37.5687398 ], [ 144.963231, -37.5671773 ], [ 144.9640484, -37.5664865 ], [ 144.9636874, -37.5654976 ], [ 144.9647123, -37.5627824 ], [ 144.9643984, -37.5618573 ], [ 144.9655625, -37.5603904 ], [ 144.9639475, -37.5573367 ], [ 144.9607831, -37.556686 ], [ 144.9608094, -37.5557882 ], [ 144.9599555, -37.5556912 ], [ 144.9600499, -37.5546176 ], [ 144.9587585, -37.5540478 ], [ 144.9554048, -37.5505467 ], [ 144.9538832, -37.5498699 ], [ 144.953133, -37.5474529 ], [ 144.9537843, -37.5450554 ], [ 144.9549076, -37.5436373 ], [ 144.9577821, -37.5424391 ], [ 144.9595586, -37.542444 ], [ 144.9605516, -37.5405246 ], [ 144.9602616, -37.539477 ], [ 144.9632111, -37.5396812 ], [ 144.964639, -37.537421 ], [ 144.9659274, -37.5370339 ], [ 144.9689004, -37.5346771 ], [ 144.9724268, -37.5353884 ], [ 144.9722946, -37.5339076 ], [ 144.9735067, -37.5316022 ], [ 144.9747273, -37.5304453 ], [ 144.976302, -37.5300916 ], [ 144.9767593, -37.5288389 ], [ 144.9760195, -37.528424 ], [ 144.9761114, -37.5274867 ], [ 144.9727511, -37.5258764 ], [ 144.9743219, -37.5253957 ], [ 144.9738874, -37.5241185 ], [ 144.9757216, -37.5215329 ], [ 144.9751346, -37.5205759 ], [ 144.9762189, -37.5198387 ], [ 144.9751302, -37.5190913 ], [ 144.9756261, -37.5180585 ], [ 144.9743608, -37.5160311 ], [ 144.9759805, -37.5150455 ], [ 144.9758797, -37.5140836 ], [ 144.9770275, -37.514201 ], [ 144.9772044, -37.5137397 ], [ 144.9500015, -37.511286 ], [ 144.8900546, -37.5039369 ], [ 144.8888094, -37.504793 ], [ 144.8866028, -37.504744 ], [ 144.8846789, -37.5028391 ], [ 144.883458, -37.5034474 ], [ 144.8839393, -37.5043965 ], [ 144.8833224, -37.5048513 ], [ 144.8777232, -37.5053508 ], [ 144.8763236, -37.5039845 ], [ 144.8762704, -37.5025872 ], [ 144.8755326, -37.5020666 ], [ 144.8732549, -37.5035996 ], [ 144.8737892, -37.5043997 ], [ 144.8723581, -37.5050173 ], [ 144.8700181, -37.5043416 ], [ 144.8692856, -37.5031126 ], [ 144.8677571, -37.5034126 ], [ 144.8682894, -37.5049755 ], [ 144.8709707, -37.505318 ], [ 144.8712037, -37.5060455 ], [ 144.8702285, -37.5059731 ], [ 144.8697065, -37.5068321 ], [ 144.8680334, -37.5057524 ], [ 144.866153, -37.5071898 ], [ 144.8665527, -37.5080412 ], [ 144.8693188, -37.5096962 ], [ 144.8668465, -37.5112205 ], [ 144.8667855, -37.5120162 ], [ 144.870055, -37.5124218 ], [ 144.8719627, -37.5131968 ], [ 144.8708003, -37.5155736 ], [ 144.7733211, -37.5029281 ], [ 144.7703773, -37.5017861 ], [ 144.7668916, -37.5050273 ], [ 144.7659213, -37.5045682 ], [ 144.7662636, -37.5026557 ], [ 144.762691, -37.4995053 ], [ 144.7605071, -37.4995865 ], [ 144.7610702, -37.5013927 ], [ 144.7597233, -37.501226 ], [ 144.7575304, -37.4948384 ], [ 144.7522535, -37.497012 ], [ 144.7518197, -37.4963981 ], [ 144.7497562, -37.4960133 ], [ 144.7482603, -37.4947045 ], [ 144.7463018, -37.4939414 ], [ 144.7457275, -37.4920106 ], [ 144.7407236, -37.4890821 ], [ 144.7395254, -37.4891792 ], [ 144.7392512, -37.4899699 ], [ 144.7407171, -37.4931039 ], [ 144.740114, -37.4935784 ], [ 144.7387488, -37.4934991 ], [ 144.7357176, -37.4919404 ], [ 144.7318767, -37.487163 ], [ 144.7261954, -37.4865424 ], [ 144.7218825, -37.4835584 ], [ 144.7205639, -37.4832022 ], [ 144.7198048, -37.4834164 ], [ 144.7190716, -37.4848128 ], [ 144.7183395, -37.4875733 ], [ 144.7169206, -37.4877035 ], [ 144.7151454, -37.4866227 ], [ 144.712465, -37.4877064 ], [ 144.7118958, -37.485986 ], [ 144.7135383, -37.4840741 ], [ 144.7120475, -37.4826014 ], [ 144.7096788, -37.4819579 ], [ 144.704568, -37.4825043 ], [ 144.7019578, -37.4853254 ], [ 144.7013424, -37.4822792 ], [ 144.7005997, -37.482015 ], [ 144.6998691, -37.4845802 ], [ 144.6960867, -37.4851827 ], [ 144.6965838, -37.4871367 ], [ 144.6976773, -37.4881818 ], [ 144.6973792, -37.4892416 ], [ 144.6929847, -37.4891639 ], [ 144.6920592, -37.488415 ], [ 144.6925718, -37.487581 ], [ 144.6921865, -37.4867769 ], [ 144.691417, -37.4867905 ], [ 144.6881701, -37.4898232 ], [ 144.6881097, -37.4918488 ], [ 144.688962, -37.4931307 ], [ 144.6859275, -37.4930231 ], [ 144.6861424, -37.4944339 ], [ 144.6848958, -37.4955682 ], [ 144.6843294, -37.4955926 ], [ 144.6835213, -37.4925696 ], [ 144.678745, -37.4939689 ], [ 144.6779998, -37.4948109 ], [ 144.6777962, -37.4964238 ], [ 144.6799998, -37.496389 ], [ 144.6807293, -37.4979978 ], [ 144.6815965, -37.4980614 ], [ 144.679069, -37.4993645 ], [ 144.6751458, -37.4988923 ], [ 144.6737427, -37.5005377 ], [ 144.6711468, -37.4992265 ], [ 144.66986, -37.499786 ], [ 144.6681959, -37.4990989 ], [ 144.6671905, -37.5020603 ], [ 144.6665461, -37.5022935 ], [ 144.6638246, -37.4990573 ], [ 144.6608986, -37.4992054 ], [ 144.6597642, -37.4982989 ], [ 144.656264, -37.4997852 ], [ 144.6537107, -37.4984807 ], [ 144.6529391, -37.4992172 ], [ 144.6513289, -37.498119 ], [ 144.6511522, -37.4964459 ], [ 144.648509, -37.4960697 ], [ 144.6477858, -37.4964539 ], [ 144.6460644, -37.4956198 ], [ 144.6443681, -37.4954681 ], [ 144.6380762, -37.4995326 ], [ 144.6324816, -37.5298361 ], [ 144.6418827, -37.5385956 ], [ 144.648591, -37.5428523 ], [ 144.6567173, -37.5532578 ], [ 144.6595272, -37.5558379 ], [ 144.6647345, -37.5593696 ], [ 144.6742381, -37.5698511 ], [ 144.6838261, -37.5821354 ], [ 144.6879306, -37.5886926 ], [ 144.6951088, -37.5980724 ], [ 144.7087786, -37.6132532 ], [ 144.7140999, -37.619995 ], [ 144.7209644, -37.6238588 ], [ 144.7244865, -37.6267398 ], [ 144.7342638, -37.6425524 ], [ 144.7414346, -37.6578222 ], [ 144.7434798, -37.6603953 ], [ 144.7465879, -37.663209 ], [ 144.757297, -37.6642389 ], [ 144.7576676, -37.6627842 ], [ 144.7592318, -37.6631787 ], [ 144.7595369, -37.6637268 ], [ 144.7616585, -37.6640206 ], [ 144.7625413, -37.6648413 ], [ 144.7635609, -37.6643631 ], [ 144.7646083, -37.6658522 ], [ 144.7659255, -37.6646102 ], [ 144.7675301, -37.6640583 ], [ 144.7722168, -37.6640425 ], [ 144.7716154, -37.6652654 ], [ 144.768276, -37.6669439 ], [ 144.7684714, -37.6684525 ], [ 144.7700146, -37.6698401 ], [ 144.7734779, -37.6702267 ], [ 144.7744518, -37.6708807 ], [ 144.7755754, -37.6752892 ], [ 144.7765656, -37.6768025 ], [ 144.779841, -37.6765935 ], [ 144.7818983, -37.675067 ], [ 144.7835628, -37.6756686 ], [ 144.7867762, -37.6758824 ], [ 144.7920323, -37.6754079 ], [ 144.7957444, -37.6735954 ], [ 144.797871, -37.6716133 ], [ 144.7986712, -37.6723762 ], [ 144.7982239, -37.6734908 ], [ 144.8007939, -37.6737856 ], [ 144.8011642, -37.6755166 ], [ 144.8023473, -37.6737814 ], [ 144.8016718, -37.6713147 ], [ 144.8037055, -37.6695681 ], [ 144.8046796, -37.6694904 ], [ 144.8036458, -37.672203 ], [ 144.8033794, -37.6756395 ], [ 144.803786, -37.6770239 ], [ 144.805771, -37.6785847 ], [ 144.8052916, -37.6804075 ], [ 144.8063845, -37.6831772 ], [ 144.8073382, -37.6830808 ], [ 144.8095189, -37.6815236 ], [ 144.8122604, -37.6816445 ], [ 144.8154684, -37.6824525 ], [ 144.8186363, -37.6823828 ], [ 144.8200512, -37.6829409 ], [ 144.8204797, -37.6843921 ], [ 144.8187569, -37.6872427 ], [ 144.8209127, -37.6907121 ], [ 144.820687, -37.6922267 ], [ 144.8155088, -37.6937048 ], [ 144.8149769, -37.6943668 ], [ 144.811003, -37.6956703 ], [ 144.8095218, -37.697268 ], [ 144.8096753, -37.6979056 ], [ 144.8119036, -37.6990892 ], [ 144.8181277, -37.6994012 ], [ 144.8184857, -37.700043 ], [ 144.8205405, -37.6986933 ], [ 144.8211431, -37.6991584 ], [ 144.8226475, -37.6983361 ], [ 144.8249084, -37.6983571 ], [ 144.8254783, -37.6992263 ], [ 144.8280894, -37.7006324 ], [ 144.8251242, -37.7011525 ], [ 144.8248466, -37.7022591 ], [ 144.8251383, -37.7033562 ], [ 144.8266504, -37.7043785 ], [ 144.8280777, -37.7044846 ], [ 144.8287562, -37.7056876 ], [ 144.8277598, -37.7055413 ], [ 144.8272696, -37.7060561 ], [ 144.8286074, -37.7067619 ], [ 144.8311403, -37.7065061 ], [ 144.8319037, -37.7068432 ], [ 144.8318225, -37.7058951 ], [ 144.8308405, -37.7058142 ], [ 144.8309779, -37.7053693 ], [ 144.8337829, -37.7034361 ], [ 144.8350712, -37.7032688 ], [ 144.8368382, -37.7054598 ], [ 144.8378679, -37.7054163 ], [ 144.8382689, -37.7059425 ], [ 144.8380395, -37.7093264 ], [ 144.8475102, -37.7103813 ], [ 144.8474445, -37.711095 ], [ 144.8594052, -37.7124134 ], [ 144.8607558, -37.7058231 ], [ 144.88287, -37.7086263 ], [ 144.8857916, -37.7071566 ], [ 144.8862264, -37.7077492 ], [ 144.8893437, -37.7045919 ], [ 144.9021112, -37.6948042 ], [ 144.9045911, -37.6939208 ], [ 144.921159, -37.6945473 ], [ 144.9401946, -37.6928117 ], [ 144.9659053, -37.6915961 ], [ 144.9728223, -37.6906063 ], [ 144.9736834, -37.6895946 ], [ 144.9733685, -37.6889526 ], [ 144.9713399, -37.6887806 ], [ 144.9706229, -37.6880287 ], [ 144.9713939, -37.6862682 ], [ 144.9713446, -37.6842201 ], [ 144.9728312, -37.6825188 ], [ 144.9724549, -37.6811678 ], [ 144.9745118, -37.6802459 ], [ 144.9737613, -37.6799792 ], [ 144.9740383, -37.6788312 ], [ 144.9722679, -37.6771578 ], [ 144.975032, -37.6759663 ], [ 144.9761047, -37.6761572 ], [ 144.9765984, -37.6769313 ], [ 144.9777691, -37.6765825 ], [ 144.9748688, -37.6738455 ], [ 144.9763145, -37.672646 ], [ 144.9763301, -37.6718886 ], [ 144.9739088, -37.6713333 ], [ 144.9739838, -37.669174 ], [ 144.9759119, -37.6676688 ], [ 144.9759011, -37.6659366 ], [ 144.9752183, -37.6648637 ], [ 144.9730441, -37.6641749 ], [ 144.9720638, -37.6633215 ], [ 144.9734688, -37.6608694 ], [ 144.9723417, -37.6592707 ], [ 144.9739814, -37.6587861 ], [ 144.9749416, -37.659266 ], [ 144.9768176, -37.6584631 ], [ 144.9748943, -37.6557754 ], [ 144.9755778, -37.6544528 ], [ 144.9745548, -37.6527074 ], [ 144.9762742, -37.6500113 ], [ 144.9744466, -37.6468725 ], [ 144.9715765, -37.6452593 ], [ 144.9710484, -37.6432606 ], [ 144.9693332, -37.6430906 ], [ 144.9702337, -37.6405052 ], [ 144.9689198, -37.6385581 ], [ 144.9668951, -37.6382642 ], [ 144.9649852, -37.6354919 ], [ 144.9612174, -37.635629 ], [ 144.9585473, -37.6344202 ], [ 144.9586518, -37.6333524 ], [ 144.9574358, -37.631898 ], [ 144.9590223, -37.6286038 ], [ 144.958743, -37.6277008 ], [ 144.9556442, -37.6260627 ], [ 144.9554799, -37.623791 ], [ 144.9529596, -37.6233637 ] ] ] } },
{ "type": "Feature", "properties": { "lga_name": "Glen Eira" }, "geometry": { "type": "Polygon", "coordinates": [ [ [ 145.0259877, -37.9021653 ], [ 145.0224565, -37.920614 ], [ 145.0343927, -37.9330272 ], [ 145.0795334, -37.9387524 ], [ 145.0853064, -37.9095149 ], [ 145.0742074, -37.908145 ], [ 145.0781825, -37.8871518 ], [ 145.0711048, -37.8846804 ], [ 145.0628886, -37.8846729 ], [ 145.052165, -37.8829277 ], [ 145.0500305, -37.8815152 ], [ 145.0460262, -37.8765628 ], [ 145.0392762, -37.8745796 ], [ 145.0324494, -37.8683436 ], [ 145.031433, -37.8683879 ], [ 145.0293662, -37.8670397 ], [ 145.0151365, -37.8608404 ], [ 145.0105215, -37.8602254 ], [ 145.0091663, -37.8675964 ], [ 145.0000359, -37.866455 ], [ 144.996745, -37.8835011 ], [ 145.0010384, -37.8885875 ], [ 145.0063218, -37.8998207 ], [ 145.0259877, -37.9021653 ] ] ] } },
{ "type": "Feature", "properties": { "lga_name": "Whittlesea" }, "geometry": { "type": "Polygon", "coordinates": [ [ [ 144.9702337, -37.6405052 ], [ 144.9693332, -37.6430906 ], [ 144.9710484, -37.6432606 ], [ 144.9715765, -37.6452593 ], [ 144.9744466, -37.6468725 ], [ 144.9762277, -37.6498907 ], [ 144.9745548, -37.6527074 ], [ 144.9755778, -37.6544528 ], [ 144.9748943, -37.6557754 ], [ 144.9769016, -37.6581797 ], [ 144.9752064, -37.6592143 ], [ 144.9735372, -37.6588083 ], [ 144.9722334, -37.6594384 ], [ 144.9734688, -37.6608694 ], [ 144.9720852, -37.6634285 ], [ 144.9752183, -37.6648637 ], [ 144.9759857, -37.6663266 ], [ 144.9758576, -37.6677538 ], [ 144.9739838, -37.669174 ], [ 144.9739111, -37.6713457 ], [ 144.9763301, -37.6718886 ], [ 144.9763145, -37.672646 ], [ 144.9748688, -37.6738455 ], [ 144.9777691, -37.6765825 ], [ 144.9765984, -37.6769313 ], [ 144.9761047, -37.6761572 ], [ 144.975032, -37.6759663 ], [ 144.9722679, -37.6771578 ], [ 144.9740383, -37.6788312 ], [ 144.9737613, -37.6799792 ], [ 144.9745118, -37.6802459 ], [ 144.9724744, -37.6811366 ], [ 144.9728312, -37.6825188 ], [ 144.9713446, -37.6842201 ], [ 144.9713939, -37.6862682 ], [ 144.9706503, -37.6881954 ], [ 144.9719927, -37.6889328 ], [ 144.9730279, -37.6887068 ], [ 144.9737033, -37.6894245 ], [ 144.9721314, -37.6910049 ], [ 145.0408097, -37.6982697 ], [ 145.0407112, -37.6989473 ], [ 145.0418775, -37.6987573 ], [ 145.0434442, -37.6995933 ], [ 145.0447583, -37.6986847 ], [ 145.0582192, -37.6999826 ], [ 145.0599036, -37.6952073 ], [ 145.0682396, -37.6860631 ], [ 145.0996154, -37.6894555 ], [ 145.1018409, -37.6873271 ], [ 145.102534, -37.6850603 ], [ 145.1021132, -37.6838644 ], [ 145.1036559, -37.6831133 ], [ 145.1015642, -37.6817278 ], [ 145.0984557, -37.6822935 ], [ 145.0972317, -37.6812736 ], [ 145.0951691, -37.6807767 ], [ 145.0903595, -37.6815205 ], [ 145.0903147, -37.6809809 ], [ 145.0916741, -37.680209 ], [ 145.0916522, -37.6793965 ], [ 145.0865516, -37.6812252 ], [ 145.085437, -37.6811328 ], [ 145.0843333, -37.6802783 ], [ 145.0848801, -37.6784414 ], [ 145.0845969, -37.6774938 ], [ 145.0834128, -37.676786 ], [ 145.0845334, -37.6765418 ], [ 145.0865856, -37.6775802 ], [ 145.0871153, -37.6767741 ], [ 145.0860676, -37.6757772 ], [ 145.0857404, -37.6742667 ], [ 145.086967, -37.6741099 ], [ 145.0886827, -37.6746982 ], [ 145.0891158, -37.6741039 ], [ 145.0884227, -37.6729351 ], [ 145.0863353, -37.6722643 ], [ 145.0865521, -37.6706698 ], [ 145.0840802, -37.6701157 ], [ 145.0838556, -37.6691657 ], [ 145.0855054, -37.6690245 ], [ 145.0874052, -37.6677072 ], [ 145.0889536, -37.6686093 ], [ 145.0907624, -37.6670866 ], [ 145.0922076, -37.667132 ], [ 145.091842, -37.6652831 ], [ 145.089203, -37.6643973 ], [ 145.0906013, -37.6632343 ], [ 145.0924228, -37.6634381 ], [ 145.0932691, -37.6642313 ], [ 145.0950558, -37.6618594 ], [ 145.0959403, -37.6625881 ], [ 145.0953182, -37.6641472 ], [ 145.0964542, -37.6648101 ], [ 145.0971344, -37.6644548 ], [ 145.0976894, -37.662512 ], [ 145.0993946, -37.6623563 ], [ 145.1005966, -37.6629586 ], [ 145.1018296, -37.6613985 ], [ 145.1037722, -37.6612684 ], [ 145.1027191, -37.6581407 ], [ 145.1033287, -37.6571499 ], [ 145.1040592, -37.6569663 ], [ 145.1072413, -37.6585953 ], [ 145.1077913, -37.6582324 ], [ 145.1061925, -37.6561956 ], [ 145.1043702, -37.6551828 ], [ 145.1025564, -37.6553163 ], [ 145.1019428, -37.6547573 ], [ 145.1024134, -37.6527134 ], [ 145.1050537, -37.6542184 ], [ 145.1073766, -37.6536217 ], [ 145.1069829, -37.6527936 ], [ 145.1045005, -37.6526208 ], [ 145.1037297, -37.6521178 ], [ 145.1043438, -37.6512786 ], [ 145.1032592, -37.6504219 ], [ 145.1043513, -37.6495268 ], [ 145.1076254, -37.6485701 ], [ 145.1043448, -37.6467644 ], [ 145.1056077, -37.6460767 ], [ 145.1056741, -37.6450857 ], [ 145.1036633, -37.6443282 ], [ 145.1030481, -37.6427698 ], [ 145.1045932, -37.6405452 ], [ 145.1021039, -37.6407876 ], [ 145.101553, -37.6403808 ], [ 145.1025846, -37.6396738 ], [ 145.1018784, -37.6387682 ], [ 145.1022638, -37.6384213 ], [ 145.1079311, -37.6401133 ], [ 145.1097241, -37.638862 ], [ 145.1101676, -37.637392 ], [ 145.1089786, -37.6381068 ], [ 145.1081582, -37.6378253 ], [ 145.1097145, -37.6350827 ], [ 145.1089459, -37.6332617 ], [ 145.1111468, -37.6331602 ], [ 145.1114117, -37.6327105 ], [ 145.109001, -37.6318261 ], [ 145.1087263, -37.6312312 ], [ 145.1106719, -37.6314791 ], [ 145.1123125, -37.6305442 ], [ 145.1143491, -37.6305076 ], [ 145.1146801, -37.6298243 ], [ 145.1132383, -37.6284401 ], [ 145.1147919, -37.6272918 ], [ 145.1165549, -37.6271776 ], [ 145.1186254, -37.6279977 ], [ 145.1201351, -37.6262916 ], [ 145.1223311, -37.6267853 ], [ 145.1216047, -37.6249741 ], [ 145.1226996, -37.6235634 ], [ 145.1224795, -37.6225855 ], [ 145.1279752, -37.6229425 ], [ 145.1286569, -37.6191941 ], [ 145.1357704, -37.619903 ], [ 145.1444389, -37.5702936 ], [ 145.1460091, -37.5694487 ], [ 145.1494607, -37.5653001 ], [ 145.1574554, -37.561085 ], [ 145.1649911, -37.5580033 ], [ 145.1688864, -37.5513247 ], [ 145.1666628, -37.5493295 ], [ 145.1669238, -37.5482316 ], [ 145.1688626, -37.5474379 ], [ 145.1715988, -37.5447595 ], [ 145.1752066, -37.5430825 ], [ 145.1778231, -37.5401773 ], [ 145.1799313, -37.5364883 ], [ 145.2056094, -37.5393279 ], [ 145.2070088, -37.5320502 ], [ 145.1940081, -37.5304633 ], [ 145.196974, -37.5270438 ], [ 145.1968465, -37.5237382 ], [ 145.2107339, -37.5252171 ], [ 145.2117329, -37.5194153 ], [ 145.2284268, -37.521411 ], [ 145.2284609, -37.5195057 ], [ 145.2267167, -37.5159359 ], [ 145.2344236, -37.517251 ], [ 145.2354725, -37.5100995 ], [ 145.2263212, -37.5087322 ], [ 145.2312509, -37.5029783 ], [ 145.2357402, -37.5033181 ], [ 145.2352352, -37.5020928 ], [ 145.2360284, -37.5014242 ], [ 145.2359725, -37.4998632 ], [ 145.2352403, -37.498853 ], [ 145.237459, -37.4968206 ], [ 145.2379453, -37.4951882 ], [ 145.2410435, -37.4776774 ], [ 145.2335166, -37.4752333 ], [ 145.2254633, -37.4743108 ], [ 145.2209659, -37.4716507 ], [ 145.2192218, -37.4680919 ], [ 145.2164435, -37.4644326 ], [ 145.2095366, -37.4593989 ], [ 145.2054078, -37.4535914 ], [ 145.2039026, -37.4488741 ], [ 145.2004069, -37.4438894 ], [ 145.1995306, -37.4436595 ], [ 145.1956781, -37.4447517 ], [ 145.1905567, -37.4449164 ], [ 145.1856633, -37.4439294 ], [ 145.1854415, -37.4429652 ], [ 145.186923, -37.4416604 ], [ 145.1886793, -37.4366286 ], [ 145.1871758, -37.4324886 ], [ 145.1882305, -37.430459 ], [ 145.1867897, -37.426036 ], [ 145.1872653, -37.4232405 ], [ 145.1864998, -37.4221605 ], [ 145.1846742, -37.4219366 ], [ 145.1802014, -37.4236147 ], [ 145.1785105, -37.4236043 ], [ 145.1770793, -37.423062 ], [ 145.1737149, -37.4203038 ], [ 145.171417, -37.4200286 ], [ 145.1698671, -37.4165254 ], [ 145.1672651, -37.4149638 ], [ 145.1658902, -37.413141 ], [ 145.1617714, -37.4149562 ], [ 145.1570233, -37.4130323 ], [ 145.1545589, -37.4128803 ], [ 145.150322, -37.4149124 ], [ 145.1497749, -37.4195861 ], [ 145.1469529, -37.4219514 ], [ 145.1474221, -37.4246161 ], [ 145.1462359, -37.42828 ], [ 145.1456037, -37.4285965 ], [ 145.1412966, -37.42825 ], [ 145.1367735, -37.4255714 ], [ 145.136162, -37.4239784 ], [ 145.1327729, -37.4203272 ], [ 145.1314634, -37.4193535 ], [ 145.129758, -37.4189867 ], [ 145.1249695, -37.4102631 ], [ 145.1223598, -37.4094504 ], [ 145.11528, -37.4102134 ], [ 145.1155539, -37.4092671 ], [ 145.1139619, -37.4070241 ], [ 145.1128692, -37.4022318 ], [ 145.1110692, -37.4017504 ], [ 145.1107234, -37.4032126 ], [ 145.1078842, -37.403961 ], [ 145.1050829, -37.4055522 ], [ 145.1076756, -37.4083043 ], [ 145.1046485, -37.4124178 ], [ 145.0960215, -37.4179858 ], [ 145.095117, -37.4194974 ], [ 145.0928262, -37.4198388 ], [ 145.0918299, -37.4210902 ], [ 145.0873633, -37.4232054 ], [ 145.0855373, -37.4249718 ], [ 145.0792851, -37.4263461 ], [ 145.0795383, -37.4275452 ], [ 145.0788042, -37.4284868 ], [ 145.0795113, -37.4295279 ], [ 145.0789263, -37.432427 ], [ 145.0805604, -37.4348838 ], [ 145.0823779, -37.4354321 ], [ 145.0817988, -37.4372096 ], [ 145.0821561, -37.4380626 ], [ 145.0807833, -37.4398386 ], [ 145.0757825, -37.438571 ], [ 145.0732397, -37.4394891 ], [ 145.0677744, -37.4386214 ], [ 145.0669041, -37.442132 ], [ 145.0682894, -37.4450385 ], [ 145.0678777, -37.4460627 ], [ 145.0698368, -37.4484317 ], [ 145.0716324, -37.4490618 ], [ 145.0729791, -37.4506573 ], [ 145.0552805, -37.4483051 ], [ 145.000099, -37.4423013 ], [ 144.9899243, -37.5002221 ], [ 145.007223, -37.5021837 ], [ 145.0068396, -37.5026746 ], [ 145.0059741, -37.502464 ], [ 145.0042942, -37.5030727 ], [ 145.0036973, -37.5037595 ], [ 145.0043394, -37.50645 ], [ 145.0018977, -37.5091733 ], [ 145.0020391, -37.5097208 ], [ 145.0005482, -37.5095563 ], [ 144.9995706, -37.5085287 ], [ 144.9970835, -37.5084505 ], [ 144.9975404, -37.5101565 ], [ 144.9971041, -37.5117159 ], [ 144.99308, -37.5133971 ], [ 144.9931543, -37.5141937 ], [ 144.9919276, -37.51539 ], [ 144.9772044, -37.5137397 ], [ 144.9770275, -37.514201 ], [ 144.9758797, -37.5140836 ], [ 144.9759805, -37.5150455 ], [ 144.9743608, -37.5160311 ], [ 144.9756261, -37.5180585 ], [ 144.9751302, -37.5190913 ], [ 144.9762189, -37.5198387 ], [ 144.9751346, -37.5205759 ], [ 144.9757216, -37.5215329 ], [ 144.9738874, -37.5241185 ], [ 144.9743219, -37.5253957 ], [ 144.9727511, -37.5258764 ], [ 144.9761114, -37.5274867 ], [ 144.9760195, -37.528424 ], [ 144.9767593, -37.5288389 ], [ 144.976302, -37.5300916 ], [ 144.9747273, -37.5304453 ], [ 144.9735067, -37.5316022 ], [ 144.9722946, -37.5339076 ], [ 144.9724268, -37.5353884 ], [ 144.9689004, -37.5346771 ], [ 144.9659274, -37.5370339 ], [ 144.964639, -37.537421 ], [ 144.9632111, -37.5396812 ], [ 144.9602616, -37.539477 ], [ 144.9605516, -37.5405246 ], [ 144.9595586, -37.542444 ], [ 144.9577821, -37.5424391 ], [ 144.9549076, -37.5436373 ], [ 144.9537843, -37.5450554 ], [ 144.953133, -37.5474529 ], [ 144.9538832, -37.5498699 ], [ 144.9554048, -37.5505467 ], [ 144.9587585, -37.5540478 ], [ 144.9600499, -37.5546176 ], [ 144.9599555, -37.5556912 ], [ 144.9608094, -37.5557882 ], [ 144.9607831, -37.556686 ], [ 144.9639475, -37.5573367 ], [ 144.9655363, -37.5602375 ], [ 144.9643984, -37.5618573 ], [ 144.9647123, -37.5627824 ], [ 144.9636874, -37.5654976 ], [ 144.9640484, -37.5664865 ], [ 144.963231, -37.5671773 ], [ 144.9641417, -37.5687398 ], [ 144.9637605, -37.5716785 ], [ 144.9653186, -37.5720523 ], [ 144.9652833, -37.5735447 ], [ 144.9623608, -37.5775744 ], [ 144.9632646, -37.57933 ], [ 144.9603498, -37.5803624 ], [ 144.9599726, -37.5818268 ], [ 144.9575507, -37.5815633 ], [ 144.9565902, -37.5825093 ], [ 144.958491, -37.5851185 ], [ 144.9569474, -37.5857658 ], [ 144.9579122, -37.5879873 ], [ 144.9573241, -37.5890823 ], [ 144.9588029, -37.5911438 ], [ 144.9574305, -37.5915998 ], [ 144.9558775, -37.5912628 ], [ 144.9556803, -37.5927383 ], [ 144.9549028, -37.5933164 ], [ 144.9547976, -37.5954136 ], [ 144.9530048, -37.5964195 ], [ 144.9531301, -37.5976973 ], [ 144.9522091, -37.5996659 ], [ 144.9534221, -37.6013082 ], [ 144.9528136, -37.6027482 ], [ 144.9530968, -37.6037079 ], [ 144.9520561, -37.604196 ], [ 144.9523486, -37.6068217 ], [ 144.946854, -37.6069754 ], [ 144.9464606, -37.6074257 ], [ 144.9482566, -37.6083139 ], [ 144.9504833, -37.6112467 ], [ 144.9515402, -37.6105239 ], [ 144.9524105, -37.6106795 ], [ 144.9528425, -37.6120803 ], [ 144.9518712, -37.613182 ], [ 144.9526894, -37.6140284 ], [ 144.9539466, -37.613658 ], [ 144.9548, -37.6147717 ], [ 144.9546318, -37.6159303 ], [ 144.955974, -37.6167802 ], [ 144.9553914, -37.6192132 ], [ 144.9560085, -37.6203398 ], [ 144.957139, -37.6202062 ], [ 144.957329, -37.6208476 ], [ 144.9551385, -37.6225152 ], [ 144.9536339, -37.6225817 ], [ 144.952795, -37.6232054 ], [ 144.9554799, -37.623791 ], [ 144.9556442, -37.6260627 ], [ 144.958743, -37.6277008 ], [ 144.9590223, -37.6286038 ], [ 144.9574358, -37.631898 ], [ 144.9586518, -37.6333524 ], [ 144.9585473, -37.6344202 ], [ 144.9612174, -37.635629 ], [ 144.9653007, -37.6356982 ], [ 144.9668951, -37.6382642 ], [ 144.9687702, -37.6384269 ], [ 144.9698183, -37.6396099 ], [ 144.9702337, -37.6405052 ] ] ] } },
{ "type": "Feature", "properties": { "lga_name": "Greater Dandenong" }, "geometry": { "type": "Polygon", "coordinates": [ [ [ 145.2274531, -38.0007334 ], [ 145.2287661, -37.9937366 ], [ 145.2263863, -37.9934694 ], [ 145.2274588, -37.9932343 ], [ 145.226985, -37.9924809 ], [ 145.2276784, -37.9920025 ], [ 145.226846, -37.991177 ], [ 145.2293614, -37.989514 ], [ 145.229494, -37.9885728 ], [ 145.2301046, -37.9885984 ], [ 145.2309068, -37.9855128 ], [ 145.2320413, -37.9854726 ], [ 145.232318, -37.983874 ], [ 145.2317652, -37.9835778 ], [ 145.2325335, -37.9830196 ], [ 145.2326371, -37.9819444 ], [ 145.231854, -37.9809453 ], [ 145.2331369, -37.9805804 ], [ 145.2324829, -37.9805594 ], [ 145.2328742, -37.979571 ], [ 145.2342725, -37.97951 ], [ 145.2341424, -37.9785429 ], [ 145.2349258, -37.978387 ], [ 145.2349374, -37.9768124 ], [ 145.235509, -37.9767639 ], [ 145.2356829, -37.9741494 ], [ 145.2339729, -37.9722772 ], [ 145.2328835, -37.9689936 ], [ 145.2337474, -37.9661548 ], [ 145.2326308, -37.9610387 ], [ 145.2337011, -37.9599396 ], [ 145.2341589, -37.9569145 ], [ 145.2327367, -37.9530735 ], [ 145.2300962, -37.9523796 ], [ 145.2295088, -37.9529713 ], [ 145.2283963, -37.9521718 ], [ 145.2258349, -37.9493784 ], [ 145.225744, -37.947868 ], [ 145.2225789, -37.9450829 ], [ 145.2224148, -37.9436421 ], [ 145.2207485, -37.9430738 ], [ 145.2205189, -37.941875 ], [ 145.2194597, -37.941586 ], [ 145.2199918, -37.9410477 ], [ 145.2191118, -37.9406845 ], [ 145.219558, -37.9402384 ], [ 145.1924952, -37.9375997 ], [ 145.1567263, -37.9331459 ], [ 145.1434401, -37.9246061 ], [ 145.1427073, -37.9257871 ], [ 145.1367075, -37.9601928 ], [ 145.1315937, -37.9600343 ], [ 145.1296578, -37.961477 ], [ 145.1328995, -37.9636297 ], [ 145.1409403, -37.9773757 ], [ 145.146009, -37.9831561 ], [ 145.1392998, -38.0187825 ], [ 145.1335121, -38.0253838 ], [ 145.1364293, -38.0297264 ], [ 145.1375644, -38.0325742 ], [ 145.1499748, -38.0671015 ], [ 145.1579967, -38.0675322 ], [ 145.2394563, -38.077663 ], [ 145.2462446, -38.0421861 ], [ 145.2469621, -38.0365107 ], [ 145.2466969, -38.0272892 ], [ 145.2519932, -38.0036518 ], [ 145.2274531, -38.0007334 ] ] ] } },
{ "type": "Feature", "properties": { "lga_name": "Bayside" }, "geometry": { "type": "Polygon", "coordinates": [ [ [ 145.0089243, -37.9596571 ], [ 145.0110428, -37.9632024 ], [ 145.0110586, -37.9641017 ], [ 145.010338, -37.9642959 ], [ 145.0113583, -37.9667528 ], [ 145.0108696, -37.9689858 ], [ 145.0098004, -37.9693042 ], [ 145.0095914, -37.9681791 ], [ 145.0097999, -37.9693042 ], [ 145.0093099, -37.9695157 ], [ 145.0139037, -37.9743585 ], [ 145.0171348, -37.9793283 ], [ 145.0180515, -37.9812975 ], [ 145.0177439, -37.9819349 ], [ 145.0213257, -37.9829448 ], [ 145.0235112, -37.9856556 ], [ 145.0249335, -37.9861086 ], [ 145.0269928, -37.9882258 ], [ 145.0281875, -37.9907633 ], [ 145.0298426, -37.9922728 ], [ 145.0293476, -37.9936296 ], [ 145.0308083, -37.9937328 ], [ 145.0307218, -37.9943571 ], [ 145.0298692, -37.9945902 ], [ 145.0305648, -37.9952912 ], [ 145.0314087, -37.9945375 ], [ 145.0333049, -37.9946546 ], [ 145.0383714, -37.9964308 ], [ 145.0392973, -37.9948314 ], [ 145.0422748, -37.9927823 ], [ 145.043078, -37.9910908 ], [ 145.0440454, -37.9908737 ], [ 145.0445724, -37.9912722 ], [ 145.0440129, -37.9907051 ], [ 145.0446148, -37.9901899 ], [ 145.0459895, -37.9901512 ], [ 145.0455613, -37.9898493 ], [ 145.051696, -37.9868232 ], [ 145.0551971, -37.9680418 ], [ 145.037848, -37.9425724 ], [ 145.036444, -37.9385787 ], [ 145.0365293, -37.9355964 ], [ 145.0224565, -37.920614 ], [ 145.0259877, -37.9021653 ], [ 145.0063218, -37.8998207 ], [ 145.0010384, -37.8885875 ], [ 144.9970522, -37.8838652 ], [ 144.9922644, -37.8832738 ], [ 144.9906719, -37.8917367 ], [ 144.9848233, -37.8909842 ], [ 144.985885, -37.8936102 ], [ 144.9858099, -37.8965234 ], [ 144.9833587, -37.9012716 ], [ 144.9839636, -37.9032752 ], [ 144.9800601, -37.9051359 ], [ 144.9802096, -37.9074036 ], [ 144.9811575, -37.9083821 ], [ 144.9853424, -37.9096871 ], [ 144.9837391, -37.9093639 ], [ 144.9834969, -37.9098207 ], [ 144.9850981, -37.9103577 ], [ 144.9847253, -37.9119334 ], [ 144.9863992, -37.9148047 ], [ 144.9861452, -37.9175027 ], [ 144.9874615, -37.9201263 ], [ 144.9870579, -37.9218331 ], [ 144.9861546, -37.9224044 ], [ 144.9866417, -37.9235497 ], [ 144.9858492, -37.9239133 ], [ 144.9855104, -37.9265078 ], [ 144.986108, -37.9262433 ], [ 144.9869433, -37.9266789 ], [ 144.990124, -37.9293412 ], [ 144.9977504, -37.9378603 ], [ 144.9990344, -37.9400457 ], [ 144.9991208, -37.941672 ], [ 144.9921505, -37.9400202 ], [ 144.993125, -37.9441598 ], [ 144.9949939, -37.9450721 ], [ 144.9957051, -37.9467921 ], [ 144.997447, -37.947301 ], [ 145.0013388, -37.9508612 ], [ 145.0089243, -37.9596571 ] ] ] } },
{ "type": "Feature", "properties": { "lga_name": "Hobsons Bay" }, "geometry": { "type": "Polygon", "coordinates": [ [ [ 144.885041, -37.8682931 ], [ 144.8896222, -37.868505 ], [ 144.8894871, -37.8673788 ], [ 144.8922832, -37.8672719 ], [ 144.8934061, -37.8677925 ], [ 144.8941173, -37.8687277 ], [ 144.8935318, -37.8691352 ], [ 144.894233, -37.8689633 ], [ 144.8955191, -37.8705725 ], [ 144.8981758, -37.8706738 ], [ 144.8996142, -37.8719112 ], [ 144.902811, -37.8729624 ], [ 144.9041512, -37.8727456 ], [ 144.9054972, -37.871366 ], [ 144.9085931, -37.87133 ], [ 144.9081892, -37.8705557 ], [ 144.9091175, -37.8699013 ], [ 144.9098553, -37.8713725 ], [ 144.9104393, -37.8710399 ], [ 144.9098834, -37.8700653 ], [ 144.9104312, -37.870129 ], [ 144.9104012, -37.8695925 ], [ 144.9125291, -37.8682426 ], [ 144.9134595, -37.8668177 ], [ 144.9178832, -37.8642571 ], [ 144.9188655, -37.864313 ], [ 144.9177619, -37.8640697 ], [ 144.9156224, -37.8652073 ], [ 144.914344, -37.864216 ], [ 144.9161494, -37.8615456 ], [ 144.9133038, -37.8648996 ], [ 144.9134709, -37.8640533 ], [ 144.912541, -37.8631703 ], [ 144.9140743, -37.861932 ], [ 144.9126596, -37.8629301 ], [ 144.911916, -37.8623742 ], [ 144.9143547, -37.8604398 ], [ 144.9117169, -37.8622068 ], [ 144.912913, -37.8607676 ], [ 144.9113065, -37.8620254 ], [ 144.9116975, -37.860264 ], [ 144.9108244, -37.8619106 ], [ 144.910516, -37.8613897 ], [ 144.9103262, -37.8617427 ], [ 144.9093799, -37.8614092 ], [ 144.9101907, -37.8595537 ], [ 144.9090375, -37.8617181 ], [ 144.9086255, -37.8614146 ], [ 144.9082893, -37.8620363 ], [ 144.9085889, -37.8603461 ], [ 144.9069217, -37.8622801 ], [ 144.9038976, -37.861754 ], [ 144.9034595, -37.8601481 ], [ 144.9039829, -37.8596551 ], [ 144.9024881, -37.8586746 ], [ 144.9028857, -37.8579426 ], [ 144.9034164, -37.8580489 ], [ 144.9030055, -37.8578017 ], [ 144.9035971, -37.8578811 ], [ 144.9030031, -37.8577714 ], [ 144.9028256, -37.8566411 ], [ 144.9033893, -37.8564048 ], [ 144.9034718, -37.8563111 ], [ 144.9034615, -37.8561554 ], [ 144.9026209, -37.8562497 ], [ 144.9033609, -37.8559435 ], [ 144.9025478, -37.8559708 ], [ 144.9015474, -37.8536852 ], [ 144.8952788, -37.8487252 ], [ 144.8962679, -37.8475223 ], [ 144.8979392, -37.847668 ], [ 144.8991341, -37.8496299 ], [ 144.8996245, -37.8493345 ], [ 144.9008506, -37.8501313 ], [ 144.9037495, -37.8514081 ], [ 144.9046394, -37.851672 ], [ 144.9055398, -37.8517478 ], [ 144.9006685, -37.8499118 ], [ 144.8991206, -37.8482157 ], [ 144.8971896, -37.8440982 ], [ 144.8985227, -37.8449242 ], [ 144.9005144, -37.8483165 ], [ 144.9016985, -37.8491577 ], [ 144.9038422, -37.8500282 ], [ 144.9012043, -37.8487652 ], [ 144.9001367, -37.8476186 ], [ 144.8994126, -37.8455041 ], [ 144.9011973, -37.8471796 ], [ 144.9023208, -37.8466334 ], [ 144.8978728, -37.8413278 ], [ 144.8969813, -37.8346349 ], [ 144.8978507, -37.8306004 ], [ 144.8993341, -37.8284327 ], [ 144.9054146, -37.822872 ], [ 144.8958571, -37.8217965 ], [ 144.8949339, -37.8269553 ], [ 144.8932126, -37.8255706 ], [ 144.8913557, -37.8255332 ], [ 144.8891155, -37.82476 ], [ 144.8880333, -37.823008 ], [ 144.8868591, -37.8225813 ], [ 144.8857334, -37.8228805 ], [ 144.8842649, -37.8246649 ], [ 144.8813074, -37.8247252 ], [ 144.8811814, -37.8254059 ], [ 144.8704445, -37.8242549 ], [ 144.8577518, -37.8245495 ], [ 144.8598326, -37.8138418 ], [ 144.8251577, -37.823496 ], [ 144.8196783, -37.8267324 ], [ 144.813991, -37.8309992 ], [ 144.7851322, -37.8445178 ], [ 144.7819473, -37.8441451 ], [ 144.7809277, -37.8457903 ], [ 144.7763719, -37.8466103 ], [ 144.7689455, -37.851191 ], [ 144.7706308, -37.8553915 ], [ 144.7700337, -37.8582723 ], [ 144.7670343, -37.8577805 ], [ 144.7661911, -37.8647554 ], [ 144.7614906, -37.8659468 ], [ 144.7616066, -37.8664166 ], [ 144.760212, -37.8667471 ], [ 144.7600688, -37.8689642 ], [ 144.754813, -37.8694571 ], [ 144.7535502, -37.876485 ], [ 144.7523869, -37.8764631 ], [ 144.7514328, -37.8823971 ], [ 144.752462, -37.8825196 ], [ 144.7517125, -37.8866639 ], [ 144.7559999, -37.8871411 ], [ 144.7558479, -37.8879621 ], [ 144.7623875, -37.8886489 ], [ 144.7633261, -37.8835874 ], [ 144.7666426, -37.8839387 ], [ 144.7679523, -37.8849657 ], [ 144.7705241, -37.8840495 ], [ 144.7735534, -37.8855439 ], [ 144.777549, -37.8921377 ], [ 144.7802987, -37.8936174 ], [ 144.7804467, -37.8986436 ], [ 144.7811337, -37.8992883 ], [ 144.7827865, -37.8998661 ], [ 144.7863194, -37.9000551 ], [ 144.7889687, -37.8987998 ], [ 144.7917313, -37.8985344 ], [ 144.7973333, -37.8996123 ], [ 144.7996052, -37.8989202 ], [ 144.7999618, -37.8968161 ], [ 144.8011659, -37.8951296 ], [ 144.8025299, -37.894599 ], [ 144.803437, -37.8950534 ], [ 144.8070036, -37.8913642 ], [ 144.8069849, -37.8907134 ], [ 144.8060756, -37.8914619 ], [ 144.8077821, -37.8890463 ], [ 144.8072614, -37.888026 ], [ 144.8074871, -37.8855349 ], [ 144.8091223, -37.8799972 ], [ 144.8133336, -37.8757576 ], [ 144.821529, -37.8717497 ], [ 144.82601, -37.8707304 ], [ 144.8300109, -37.8707182 ], [ 144.8301287, -37.873454 ], [ 144.8301655, -37.8707381 ], [ 144.8351534, -37.8715339 ], [ 144.8402437, -37.8714621 ], [ 144.8423565, -37.8694393 ], [ 144.8456562, -37.8681796 ], [ 144.8464989, -37.866916 ], [ 144.8511817, -37.8637752 ], [ 144.8531002, -37.8632703 ], [ 144.8563208, -37.8634483 ], [ 144.8583625, -37.8620106 ], [ 144.8612502, -37.8610526 ], [ 144.8607071, -37.860506 ], [ 144.8626241, -37.8607894 ], [ 144.8681613, -37.8589421 ], [ 144.8707782, -37.8613206 ], [ 144.8721021, -37.8602229 ], [ 144.8732725, -37.8606086 ], [ 144.8732497, -37.8613118 ], [ 144.8742555, -37.8614752 ], [ 144.8746967, -37.8620029 ], [ 144.8739691, -37.8630816 ], [ 144.8742627, -37.8638532 ], [ 144.8761214, -37.8651982 ], [ 144.8774248, -37.8674618 ], [ 144.8787442, -37.868381 ], [ 144.8798915, -37.8676518 ], [ 144.8791939, -37.8672134 ], [ 144.8794849, -37.8664169 ], [ 144.8815424, -37.8660267 ], [ 144.8827983, -37.8663969 ], [ 144.8838388, -37.8661212 ], [ 144.8839032, -37.8666439 ], [ 144.8835775, -37.8675062 ], [ 144.8836589, -37.8677385 ], [ 144.8843164, -37.8675414 ], [ 144.885041, -37.8682931 ] ] ] } },
{ "type": "Feature", "properties": { "lga_name": "Mornington Peninsula" }, "geometry": { "type": "Polygon", "coordinates": [ [ [ 145.2079717, -38.381156 ], [ 145.2039553, -38.3790831 ], [ 145.2006675, -38.3791251 ], [ 145.1994735, -38.3785549 ], [ 145.19661, -38.3784452 ], [ 145.1957853, -38.3777579 ], [ 145.1963314, -38.3769332 ], [ 145.1951491, -38.3760357 ], [ 145.1930816, -38.3762825 ], [ 145.1843568, -38.3749714 ], [ 145.1839568, -38.3746174 ], [ 145.1845366, -38.3722776 ], [ 145.1850403, -38.3718176 ], [ 145.1858811, -38.3722636 ], [ 145.1883393, -38.3720972 ], [ 145.1881447, -38.3726545 ], [ 145.1888869, -38.372887 ], [ 145.1896488, -38.3724076 ], [ 145.1905838, -38.3729345 ], [ 145.1915309, -38.3724224 ], [ 145.1925797, -38.3728914 ], [ 145.1930128, -38.3714094 ], [ 145.1927448, -38.365187 ], [ 145.1931253, -38.3648133 ], [ 145.195313, -38.3648276 ], [ 145.1990292, -38.3668262 ], [ 145.2002425, -38.3680458 ], [ 145.2014136, -38.370018 ], [ 145.201108, -38.3709168 ], [ 145.2016583, -38.3718882 ], [ 145.2011172, -38.3731298 ], [ 145.2020593, -38.3738701 ], [ 145.2066968, -38.3749026 ], [ 145.2085527, -38.3758448 ], [ 145.2119005, -38.3788622 ], [ 145.215331, -38.3798366 ], [ 145.2186488, -38.3786473 ], [ 145.2215051, -38.3782577 ], [ 145.2216835, -38.3751569 ], [ 145.2224315, -38.3738267 ], [ 145.2246367, -38.3723975 ], [ 145.2254002, -38.3728115 ], [ 145.2243427, -38.3712806 ], [ 145.2243609, -38.3723793 ], [ 145.2234072, -38.3730178 ], [ 145.2224596, -38.3722419 ], [ 145.2208335, -38.3732971 ], [ 145.220703, -38.3732784 ], [ 145.2189009, -38.3724978 ], [ 145.2172564, -38.3703821 ], [ 145.2147922, -38.368756 ], [ 145.2134619, -38.3659072 ], [ 145.2137074, -38.3611459 ], [ 145.2131504, -38.3577256 ], [ 145.214284, -38.3545603 ], [ 145.218151, -38.3501652 ], [ 145.2238022, -38.3500676 ], [ 145.2243644, -38.3562181 ], [ 145.2279293, -38.356016 ], [ 145.2270803, -38.3463715 ], [ 145.223671, -38.3463956 ], [ 145.2238004, -38.347854 ], [ 145.2184195, -38.347947 ], [ 145.2170361, -38.3458734 ], [ 145.2151824, -38.345268 ], [ 145.2142101, -38.3442002 ], [ 145.2146969, -38.3423039 ], [ 145.2128601, -38.3417705 ], [ 145.2099394, -38.3423219 ], [ 145.209083, -38.3431733 ], [ 145.2077085, -38.3418209 ], [ 145.2077118, -38.3411088 ], [ 145.2068221, -38.341674 ], [ 145.2055173, -38.3411857 ], [ 145.2045135, -38.3400225 ], [ 145.2039533, -38.338473 ], [ 145.2046701, -38.3370885 ], [ 145.201426, -38.3360997 ], [ 145.1975633, -38.3329572 ], [ 145.1970183, -38.3313292 ], [ 145.1978693, -38.329236 ], [ 145.1951784, -38.328543 ], [ 145.1960184, -38.3272676 ], [ 145.1956946, -38.3250465 ], [ 145.193289, -38.3234755 ], [ 145.1915177, -38.3206148 ], [ 145.193519, -38.3230074 ], [ 145.1946991, -38.3236719 ], [ 145.1960123, -38.3235459 ], [ 145.1980534, -38.3209953 ], [ 145.1953042, -38.3166923 ], [ 145.1953875, -38.3138768 ], [ 145.1958957, -38.3138368 ], [ 145.1974432, -38.3156224 ], [ 145.1985476, -38.3155853 ], [ 145.2005095, -38.3117104 ], [ 145.1997938, -38.3100407 ], [ 145.1987184, -38.3098993 ], [ 145.1982136, -38.3104332 ], [ 145.1980844, -38.3081536 ], [ 145.1965802, -38.3066889 ], [ 145.1955566, -38.3027148 ], [ 145.1964254, -38.3011007 ], [ 145.1992066, -38.2993926 ], [ 145.199683, -38.2998639 ], [ 145.2007189, -38.2993028 ], [ 145.2022031, -38.2998232 ], [ 145.203871, -38.2994811 ], [ 145.2057102, -38.3014919 ], [ 145.2057972, -38.3042833 ], [ 145.2087504, -38.3040258 ], [ 145.2129193, -38.3049256 ], [ 145.2129295, -38.3092722 ], [ 145.222522, -38.3152061 ], [ 145.2240957, -38.3152015 ], [ 145.2240551, -38.3053441 ], [ 145.2272403, -38.3068351 ], [ 145.2277957, -38.3090704 ], [ 145.2287373, -38.3067115 ], [ 145.2280691, -38.3066331 ], [ 145.2279622, -38.3052566 ], [ 145.2271378, -38.3065129 ], [ 145.2240488, -38.3050123 ], [ 145.2240292, -38.3013258 ], [ 145.2233075, -38.3013279 ], [ 145.2230293, -38.3001243 ], [ 145.2246482, -38.2997155 ], [ 145.2256208, -38.2987476 ], [ 145.2260992, -38.2935655 ], [ 145.2225666, -38.293192 ], [ 145.2211614, -38.2862827 ], [ 145.2218307, -38.2806833 ], [ 145.2234591, -38.2767029 ], [ 145.2260709, -38.2726496 ], [ 145.2330861, -38.2666755 ], [ 145.2367977, -38.2646106 ], [ 145.2442376, -38.2560683 ], [ 145.2471132, -38.2539144 ], [ 145.2494061, -38.2488943 ], [ 145.2513465, -38.2489061 ], [ 145.2513724, -38.247516 ], [ 145.2501457, -38.2474822 ], [ 145.2503412, -38.2468984 ], [ 145.2617584, -38.2429341 ], [ 145.261405, -38.2407118 ], [ 145.2598336, -38.2387477 ], [ 145.2587943, -38.2382155 ], [ 145.2569067, -38.2384106 ], [ 145.255072, -38.2375302 ], [ 145.2532581, -38.233972 ], [ 145.2523325, -38.2333073 ], [ 145.2528469, -38.231931 ], [ 145.2520238, -38.2311991 ], [ 145.25432, -38.2323171 ], [ 145.2557412, -38.2323393 ], [ 145.2542303, -38.2278676 ], [ 145.2552669, -38.2277909 ], [ 145.2555265, -38.2262104 ], [ 145.2528063, -38.2262452 ], [ 145.2524497, -38.2257989 ], [ 145.2537105, -38.2251536 ], [ 145.2546894, -38.2236852 ], [ 145.2299994, -38.2205827 ], [ 145.2280125, -38.2199068 ], [ 145.2264285, -38.2188397 ], [ 145.2202121, -38.2121225 ], [ 145.2148284, -38.2082844 ], [ 145.2157663, -38.200652 ], [ 145.2095988, -38.1999105 ], [ 145.1818531, -38.1990964 ], [ 145.1819503, -38.1985953 ], [ 145.1808697, -38.1984157 ], [ 145.1592863, -38.1817423 ], [ 145.154457, -38.1920387 ], [ 145.1525874, -38.1945086 ], [ 145.1479945, -38.1940731 ], [ 145.1396629, -38.1972784 ], [ 145.1335289, -38.1956667 ], [ 145.1287503, -38.2000794 ], [ 145.1020726, -38.1659209 ], [ 145.100395, -38.1666097 ], [ 145.0999222, -38.1644165 ], [ 145.0979076, -38.1625896 ], [ 145.0933818, -38.1642919 ], [ 145.0911951, -38.1626092 ], [ 145.0896094, -38.1636517 ], [ 145.0882655, -38.1635599 ], [ 145.083773, -38.1712226 ], [ 145.0825161, -38.1718625 ], [ 145.0816082, -38.1713284 ], [ 145.0808293, -38.1727766 ], [ 145.0781995, -38.1736898 ], [ 145.0785177, -38.1753186 ], [ 145.0764292, -38.1780174 ], [ 145.0753207, -38.1781712 ], [ 145.0754444, -38.1787836 ], [ 145.0737246, -38.1802011 ], [ 145.0728129, -38.1854375 ], [ 145.0697531, -38.1917569 ], [ 145.0677138, -38.193351 ], [ 145.0658895, -38.196534 ], [ 145.0649595, -38.1977108 ], [ 145.0638223, -38.1981586 ], [ 145.0619615, -38.2009559 ], [ 145.0577056, -38.2027976 ], [ 145.0539866, -38.2057651 ], [ 145.0504323, -38.2074783 ], [ 145.0490063, -38.210479 ], [ 145.0442541, -38.2138897 ], [ 145.0429827, -38.2129796 ], [ 145.0408782, -38.2124376 ], [ 145.0388218, -38.2143667 ], [ 145.0350351, -38.2149967 ], [ 145.0339435, -38.2143953 ], [ 145.0345189, -38.2135581 ], [ 145.0341029, -38.2136111 ], [ 145.034928, -38.2132735 ], [ 145.0343515, -38.213324 ], [ 145.0351404, -38.2114143 ], [ 145.0323771, -38.2126215 ], [ 145.0325469, -38.2156752 ], [ 145.0310528, -38.2200678 ], [ 145.031412, -38.2236905 ], [ 145.0282624, -38.2267309 ], [ 145.0252606, -38.227005 ], [ 145.0260508, -38.228075 ], [ 145.0253224, -38.2300725 ], [ 145.0263893, -38.2323489 ], [ 145.0258086, -38.2345344 ], [ 145.0273113, -38.2356375 ], [ 145.0280516, -38.2383047 ], [ 145.0273091, -38.242961 ], [ 145.0275048, -38.245781 ], [ 145.0282493, -38.2466385 ], [ 145.0255026, -38.2534235 ], [ 145.0194566, -38.2600362 ], [ 145.0103117, -38.2683688 ], [ 145.0064014, -38.270866 ], [ 145.0034552, -38.2707369 ], [ 145.002799, -38.270214 ], [ 145.0013014, -38.2708786 ], [ 145.0011162, -38.2750363 ], [ 144.9999727, -38.2759727 ], [ 144.9997258, -38.2775204 ], [ 144.9952906, -38.281152 ], [ 144.9950242, -38.2821453 ], [ 144.9934415, -38.2829094 ], [ 144.9912027, -38.2866456 ], [ 144.9892346, -38.2879087 ], [ 144.986984, -38.2907576 ], [ 144.9842512, -38.2955446 ], [ 144.98283, -38.2964126 ], [ 144.9836312, -38.2983526 ], [ 144.9896613, -38.3007793 ], [ 144.9916766, -38.3039648 ], [ 144.9934003, -38.3044528 ], [ 144.9938176, -38.3052619 ], [ 144.9941125, -38.3063213 ], [ 144.9931739, -38.3096397 ], [ 144.9888716, -38.3162097 ], [ 144.9819611, -38.3223245 ], [ 144.9684851, -38.3301793 ], [ 144.964716, -38.331482 ], [ 144.9639539, -38.3305014 ], [ 144.9645497, -38.3315849 ], [ 144.9536388, -38.3369345 ], [ 144.9387612, -38.3422746 ], [ 144.9258357, -38.3482081 ], [ 144.9195915, -38.3503745 ], [ 144.9085832, -38.3529033 ], [ 144.9072428, -38.3494883 ], [ 144.9082952, -38.3530547 ], [ 144.8834623, -38.3600917 ], [ 144.8802538, -38.3606042 ], [ 144.8634977, -38.365978 ], [ 144.8555343, -38.3677368 ], [ 144.8456055, -38.369335 ], [ 144.8283489, -38.370088 ], [ 144.8255171, -38.3696511 ], [ 144.8245768, -38.3688048 ], [ 144.8224946, -38.3687881 ], [ 144.8231157, -38.3656683 ], [ 144.8235203, -38.3657157 ], [ 144.8229841, -38.365513 ], [ 144.8223378, -38.368761 ], [ 144.8155782, -38.3684643 ], [ 144.8116696, -38.3674209 ], [ 144.8107643, -38.3665895 ], [ 144.7992709, -38.3649564 ], [ 144.7768923, -38.3599582 ], [ 144.7737556, -38.3589262 ], [ 144.7719832, -38.3575415 ], [ 144.7700989, -38.3574665 ], [ 144.7672014, -38.3562778 ], [ 144.7638347, -38.3540296 ], [ 144.7626208, -38.3522747 ], [ 144.7625527, -38.3501857 ], [ 144.7637198, -38.3489881 ], [ 144.7634801, -38.348258 ], [ 144.7598489, -38.3468813 ], [ 144.758412, -38.3449066 ], [ 144.7499223, -38.3422972 ], [ 144.7447529, -38.3386693 ], [ 144.744254, -38.3377059 ], [ 144.7456908, -38.335957 ], [ 144.7449398, -38.336327 ], [ 144.7439275, -38.3358547 ], [ 144.7424414, -38.3347316 ], [ 144.7423668, -38.3342755 ], [ 144.743191, -38.3343101 ], [ 144.7401198, -38.3325867 ], [ 144.7394692, -38.3301517 ], [ 144.7399391, -38.3273986 ], [ 144.7387787, -38.3265613 ], [ 144.7391452, -38.3246819 ], [ 144.7361569, -38.3242259 ], [ 144.736502, -38.3239256 ], [ 144.7353598, -38.3238776 ], [ 144.7341441, -38.3225724 ], [ 144.7316924, -38.3224591 ], [ 144.7232122, -38.3204968 ], [ 144.7209498, -38.3195952 ], [ 144.7185996, -38.3177481 ], [ 144.7159767, -38.3188008 ], [ 144.7134989, -38.3190078 ], [ 144.7134247, -38.3179171 ], [ 144.7141158, -38.3177628 ], [ 144.7132523, -38.3177866 ], [ 144.7132609, -38.3190082 ], [ 144.708004, -38.3179197 ], [ 144.7048461, -38.3167453 ], [ 144.7054572, -38.3158085 ], [ 144.7047701, -38.3152107 ], [ 144.7029445, -38.3148548 ], [ 144.6984216, -38.3125966 ], [ 144.6919991, -38.3107978 ], [ 144.6878495, -38.30909 ], [ 144.6838435, -38.3065929 ], [ 144.679813, -38.3050716 ], [ 144.6748889, -38.3057391 ], [ 144.6673352, -38.3081587 ], [ 144.6651815, -38.3071767 ], [ 144.6626178, -38.3074574 ], [ 144.6601955, -38.3069483 ], [ 144.6570144, -38.3052926 ], [ 144.6552098, -38.3052066 ], [ 144.6529287, -38.3026842 ], [ 144.6527338, -38.3015655 ], [ 144.6512081, -38.3022742 ], [ 144.6517501, -38.3040654 ], [ 144.6563016, -38.3065825 ], [ 144.6576882, -38.3081962 ], [ 144.6593864, -38.3083371 ], [ 144.6620123, -38.3104192 ], [ 144.6624742, -38.3109723 ], [ 144.6619526, -38.3119255 ], [ 144.663901, -38.3114584 ], [ 144.6660163, -38.3122833 ], [ 144.6698232, -38.3154464 ], [ 144.669204, -38.3161029 ], [ 144.6699329, -38.3167602 ], [ 144.6706942, -38.3163791 ], [ 144.6720098, -38.317431 ], [ 144.6728042, -38.3171034 ], [ 144.673533, -38.3174259 ], [ 144.6745185, -38.318499 ], [ 144.6746353, -38.3200378 ], [ 144.6754092, -38.3195334 ], [ 144.6775584, -38.3194568 ], [ 144.6811342, -38.3214594 ], [ 144.6830188, -38.3235183 ], [ 144.6843429, -38.3240395 ], [ 144.6846699, -38.324952 ], [ 144.6885434, -38.3260261 ], [ 144.6903649, -38.3289398 ], [ 144.6911774, -38.328674 ], [ 144.6920874, -38.3291624 ], [ 144.6918244, -38.3299964 ], [ 144.6925889, -38.3295002 ], [ 144.6933363, -38.3302634 ], [ 144.6971073, -38.3315658 ], [ 144.7003044, -38.3336283 ], [ 144.7090924, -38.3374861 ], [ 144.7206381, -38.3439575 ], [ 144.7228715, -38.3446051 ], [ 144.7249897, -38.346452 ], [ 144.7266178, -38.3459747 ], [ 144.7287082, -38.3475628 ], [ 144.7303108, -38.3477858 ], [ 144.7304696, -38.3487943 ], [ 144.7316247, -38.3493392 ], [ 144.7321512, -38.3507389 ], [ 144.7336751, -38.351772 ], [ 144.7360131, -38.3523089 ], [ 144.7355981, -38.353355 ], [ 144.736482, -38.3541828 ], [ 144.7368849, -38.3533641 ], [ 144.7384581, -38.3530678 ], [ 144.7395827, -38.3534835 ], [ 144.7399707, -38.3544003 ], [ 144.741064, -38.3536294 ], [ 144.7419445, -38.3538546 ], [ 144.7424335, -38.3547672 ], [ 144.7411767, -38.355276 ], [ 144.7430599, -38.3572448 ], [ 144.7431427, -38.3580667 ], [ 144.743769, -38.3579147 ], [ 144.7433655, -38.3593019 ], [ 144.7451219, -38.3596158 ], [ 144.7458567, -38.3609151 ], [ 144.7473913, -38.3605162 ], [ 144.7526808, -38.3640163 ], [ 144.7534803, -38.3660097 ], [ 144.7528395, -38.3669238 ], [ 144.7532019, -38.3677369 ], [ 144.7554393, -38.3676738 ], [ 144.7587026, -38.3695114 ], [ 144.7609559, -38.3719017 ], [ 144.7639362, -38.3729744 ], [ 144.7642222, -38.3747723 ], [ 144.7651905, -38.3748935 ], [ 144.7663572, -38.3739349 ], [ 144.7673447, -38.3742652 ], [ 144.7680784, -38.3754909 ], [ 144.7675043, -38.376584 ], [ 144.7683678, -38.3766578 ], [ 144.7709837, -38.3787167 ], [ 144.7717201, -38.3785187 ], [ 144.7720689, -38.3804104 ], [ 144.7730238, -38.3800272 ], [ 144.7742422, -38.3804043 ], [ 144.7749084, -38.3809965 ], [ 144.7742538, -38.3816178 ], [ 144.7746744, -38.3813737 ], [ 144.7773083, -38.3829478 ], [ 144.7796984, -38.3852791 ], [ 144.7815877, -38.3860993 ], [ 144.7821535, -38.3871188 ], [ 144.7838694, -38.3878352 ], [ 144.7844785, -38.3893697 ], [ 144.786484, -38.3900465 ], [ 144.7873531, -38.3897781 ], [ 144.7874075, -38.3903163 ], [ 144.7885079, -38.3901189 ], [ 144.7874727, -38.390541 ], [ 144.7881536, -38.3917812 ], [ 144.7894156, -38.392817 ], [ 144.7912021, -38.3932108 ], [ 144.7938186, -38.3953975 ], [ 144.7962841, -38.3980806 ], [ 144.7987522, -38.3996129 ], [ 144.7986558, -38.4006622 ], [ 144.8001572, -38.4006054 ], [ 144.8014118, -38.4014557 ], [ 144.8076186, -38.4063185 ], [ 144.8093774, -38.4082984 ], [ 144.812401, -38.4100714 ], [ 144.8185548, -38.4159583 ], [ 144.8226428, -38.4182651 ], [ 144.8283412, -38.4225899 ], [ 144.8319888, -38.4263034 ], [ 144.8375117, -38.4296611 ], [ 144.843706, -38.4350471 ], [ 144.8463855, -38.4389774 ], [ 144.8474733, -38.4391909 ], [ 144.850536, -38.4416458 ], [ 144.8511509, -38.4432257 ], [ 144.8519044, -38.4433331 ], [ 144.8519103, -38.4442169 ], [ 144.8532651, -38.4441645 ], [ 144.8546373, -38.4448546 ], [ 144.8563908, -38.4466951 ], [ 144.856019, -38.4479193 ], [ 144.8569975, -38.4473474 ], [ 144.857914, -38.4477039 ], [ 144.8661809, -38.4555111 ], [ 144.87198, -38.4596023 ], [ 144.8765596, -38.4665834 ], [ 144.8768402, -38.4679818 ], [ 144.8778593, -38.4681631 ], [ 144.8819979, -38.4722803 ], [ 144.8848358, -38.4762867 ], [ 144.8866903, -38.4769996 ], [ 144.8851417, -38.4806858 ], [ 144.8849654, -38.4832633 ], [ 144.8840582, -38.4837497 ], [ 144.8846575, -38.48505 ], [ 144.8842512, -38.4871439 ], [ 144.8851491, -38.4869809 ], [ 144.8848344, -38.4881375 ], [ 144.8853339, -38.4883457 ], [ 144.884087, -38.4892324 ], [ 144.8850736, -38.4898773 ], [ 144.88367, -38.4910817 ], [ 144.884444, -38.4917044 ], [ 144.8847376, -38.4913429 ], [ 144.8851087, -38.4919927 ], [ 144.8842356, -38.4922764 ], [ 144.8848755, -38.4936629 ], [ 144.8860452, -38.4940706 ], [ 144.8862783, -38.4937695 ], [ 144.8868834, -38.4943172 ], [ 144.8864955, -38.4949375 ], [ 144.8869771, -38.4955144 ], [ 144.8860007, -38.4955301 ], [ 144.8858565, -38.4965522 ], [ 144.8872554, -38.4975194 ], [ 144.8862931, -38.4977736 ], [ 144.8867627, -38.4991193 ], [ 144.8880094, -38.4994213 ], [ 144.8879285, -38.4999345 ], [ 144.8896593, -38.4993163 ], [ 144.8891566, -38.4982239 ], [ 144.8904076, -38.4986451 ], [ 144.890666, -38.4982139 ], [ 144.8886951, -38.497121 ], [ 144.8885143, -38.496446 ], [ 144.8912266, -38.494386 ], [ 144.8919928, -38.4931008 ], [ 144.8937457, -38.4925719 ], [ 144.8943196, -38.491808 ], [ 144.8968042, -38.4922136 ], [ 144.8986341, -38.4914158 ], [ 144.9014079, -38.4917849 ], [ 144.9027143, -38.4910722 ], [ 144.9029239, -38.4902832 ], [ 144.9043099, -38.4902873 ], [ 144.9041683, -38.4911002 ], [ 144.9052342, -38.4907165 ], [ 144.9063157, -38.491454 ], [ 144.9080634, -38.4905283 ], [ 144.9077154, -38.4900725 ], [ 144.9084448, -38.4897494 ], [ 144.9100136, -38.4902892 ], [ 144.9110988, -38.4894336 ], [ 144.913373, -38.4899693 ], [ 144.914748, -38.4909787 ], [ 144.9133813, -38.4928991 ], [ 144.913976, -38.4939421 ], [ 144.9193355, -38.4945731 ], [ 144.9191322, -38.4955511 ], [ 144.9178738, -38.4962158 ], [ 144.918112, -38.4971104 ], [ 144.9192804, -38.4976276 ], [ 144.9235914, -38.4975388 ], [ 144.9232467, -38.4992851 ], [ 144.9238658, -38.4995734 ], [ 144.9259459, -38.4976637 ], [ 144.9259367, -38.4967076 ], [ 144.9279155, -38.4960596 ], [ 144.9288113, -38.4966369 ], [ 144.9328445, -38.4961385 ], [ 144.9367314, -38.4975012 ], [ 144.9380015, -38.4970313 ], [ 144.9373486, -38.4952654 ], [ 144.9401204, -38.4960781 ], [ 144.942843, -38.4953882 ], [ 144.9432428, -38.4936027 ], [ 144.9425238, -38.4907298 ], [ 144.944071, -38.49088 ], [ 144.944627, -38.4902958 ], [ 144.9454509, -38.4909798 ], [ 144.9473103, -38.4906653 ], [ 144.9485609, -38.4902919 ], [ 144.9492176, -38.4891486 ], [ 144.9511139, -38.4889511 ], [ 144.9530762, -38.4899443 ], [ 144.9561972, -38.4885063 ], [ 144.9576835, -38.4886548 ], [ 144.9588021, -38.4871791 ], [ 144.9595829, -38.486995 ], [ 144.9611965, -38.4876109 ], [ 144.9646503, -38.4867522 ], [ 144.966093, -38.4873458 ], [ 144.9672943, -38.4870811 ], [ 144.9679542, -38.4876246 ], [ 144.9705083, -38.4877203 ], [ 144.9711055, -38.4896716 ], [ 144.9723661, -38.4901503 ], [ 144.9730785, -38.4897639 ], [ 144.9731543, -38.4907079 ], [ 144.9756701, -38.4910988 ], [ 144.9772117, -38.4906566 ], [ 144.9774552, -38.4900619 ], [ 144.9796929, -38.4897935 ], [ 144.9793716, -38.4889554 ], [ 144.9802041, -38.487572 ], [ 144.9828764, -38.4875307 ], [ 144.9835743, -38.4859155 ], [ 144.9842942, -38.4860815 ], [ 144.9849537, -38.4855562 ], [ 144.9876228, -38.4864552 ], [ 144.9889965, -38.4844786 ], [ 144.9901002, -38.484803 ], [ 144.9901538, -38.4858524 ], [ 144.9909784, -38.4859231 ], [ 144.9920639, -38.485168 ], [ 144.9937198, -38.4863768 ], [ 144.9967455, -38.4843252 ], [ 144.999496, -38.484116 ], [ 145.0030817, -38.4825471 ], [ 145.0050202, -38.4823371 ], [ 145.0063163, -38.4813975 ], [ 145.0083053, -38.4816724 ], [ 145.0109129, -38.480819 ], [ 145.0109957, -38.4800488 ], [ 145.0117764, -38.4798895 ], [ 145.0138145, -38.4803696 ], [ 145.0170098, -38.4833233 ], [ 145.0183356, -38.4837588 ], [ 145.0214751, -38.4839123 ], [ 145.0251638, -38.4829952 ], [ 145.0266217, -38.4831972 ], [ 145.0300942, -38.4851984 ], [ 145.0299102, -38.4862245 ], [ 145.030817, -38.4858865 ], [ 145.031266, -38.487082 ], [ 145.0332932, -38.4854822 ], [ 145.0331333, -38.4846197 ], [ 145.0310723, -38.4837568 ], [ 145.0297637, -38.4818108 ], [ 145.0278307, -38.4816406 ], [ 145.0259012, -38.4798597 ], [ 145.0263805, -38.4799197 ], [ 145.0256285, -38.4755888 ], [ 145.028764, -38.4759242 ], [ 145.0295653, -38.4750693 ], [ 145.0287326, -38.47573 ], [ 145.0256402, -38.4754554 ], [ 145.0257037, -38.4748555 ], [ 145.0265004, -38.4744615 ], [ 145.0263675, -38.473869 ], [ 145.0270627, -38.4738521 ], [ 145.0269381, -38.4731771 ], [ 145.0289647, -38.4706119 ], [ 145.0286793, -38.4702521 ], [ 145.0310607, -38.468225 ], [ 145.0340502, -38.4639379 ], [ 145.0346414, -38.4616864 ], [ 145.0334009, -38.4612503 ], [ 145.0332599, -38.4603802 ], [ 145.0325794, -38.4602126 ], [ 145.0340784, -38.4582474 ], [ 145.033358, -38.4570299 ], [ 145.0341822, -38.4563428 ], [ 145.03301, -38.4561496 ], [ 145.0337207, -38.4551102 ], [ 145.0353012, -38.4546539 ], [ 145.0368482, -38.4534007 ], [ 145.0384531, -38.4512379 ], [ 145.0381306, -38.4497916 ], [ 145.0401018, -38.4477906 ], [ 145.0409478, -38.447807 ], [ 145.0415708, -38.4464476 ], [ 145.0406618, -38.44549 ], [ 145.0396805, -38.4453962 ], [ 145.0397756, -38.4446495 ], [ 145.0418583, -38.442364 ], [ 145.0426372, -38.4426507 ], [ 145.0436736, -38.4420641 ], [ 145.0452733, -38.4400032 ], [ 145.0466163, -38.4401911 ], [ 145.0472789, -38.4396181 ], [ 145.0474006, -38.4379375 ], [ 145.0457156, -38.4372153 ], [ 145.0473395, -38.4349356 ], [ 145.0470344, -38.4344364 ], [ 145.0472322, -38.4337591 ], [ 145.0455627, -38.4331497 ], [ 145.0453844, -38.432637 ], [ 145.0448477, -38.4326349 ], [ 145.0446252, -38.4325165 ], [ 145.0454464, -38.4326263 ], [ 145.0456673, -38.4331637 ], [ 145.0473371, -38.4336929 ], [ 145.0473989, -38.4347747 ], [ 145.0487517, -38.4351511 ], [ 145.0500983, -38.4339141 ], [ 145.0506104, -38.4323524 ], [ 145.050163, -38.4314476 ], [ 145.0508426, -38.4306302 ], [ 145.0533666, -38.4300015 ], [ 145.0557321, -38.4303611 ], [ 145.054982, -38.4324401 ], [ 145.056501, -38.4323857 ], [ 145.0584339, -38.4335243 ], [ 145.0595719, -38.4308609 ], [ 145.0583071, -38.4300888 ], [ 145.0587905, -38.4290083 ], [ 145.0608165, -38.4276539 ], [ 145.0651251, -38.4262014 ], [ 145.0696063, -38.4254555 ], [ 145.0752002, -38.4260674 ], [ 145.0757144, -38.4264997 ], [ 145.0746072, -38.4283634 ], [ 145.075845, -38.4283331 ], [ 145.0756914, -38.4275381 ], [ 145.0769296, -38.4280362 ], [ 145.0763092, -38.4268328 ], [ 145.0769571, -38.4267085 ], [ 145.0772571, -38.4253616 ], [ 145.0788321, -38.4250264 ], [ 145.0805248, -38.4237674 ], [ 145.0792668, -38.422554 ], [ 145.0773596, -38.4225095 ], [ 145.0769647, -38.4208857 ], [ 145.0784049, -38.4195965 ], [ 145.0784953, -38.4178033 ], [ 145.0807736, -38.4152974 ], [ 145.0823446, -38.414592 ], [ 145.0836834, -38.4124346 ], [ 145.0852154, -38.4120793 ], [ 145.0856074, -38.4106531 ], [ 145.0878174, -38.4099752 ], [ 145.088609, -38.4091712 ], [ 145.0894669, -38.4093105 ], [ 145.0944791, -38.4039062 ], [ 145.1016035, -38.4021821 ], [ 145.1060096, -38.4023068 ], [ 145.1070342, -38.4013803 ], [ 145.1087985, -38.401791 ], [ 145.1121017, -38.4010836 ], [ 145.1140336, -38.3994102 ], [ 145.1148342, -38.397638 ], [ 145.1168706, -38.3954263 ], [ 145.1215026, -38.3938789 ], [ 145.1236782, -38.3941766 ], [ 145.1240588, -38.3949596 ], [ 145.1254867, -38.3944071 ], [ 145.1259165, -38.3936602 ], [ 145.1252998, -38.3930052 ], [ 145.126079, -38.3924713 ], [ 145.1306842, -38.3910775 ], [ 145.1356853, -38.3913043 ], [ 145.1412781, -38.3929473 ], [ 145.1452949, -38.3927368 ], [ 145.1478363, -38.3932509 ], [ 145.1530468, -38.3932956 ], [ 145.1591872, -38.3944862 ], [ 145.1651189, -38.3969929 ], [ 145.1675603, -38.3969114 ], [ 145.1685516, -38.3976999 ], [ 145.1730341, -38.3965128 ], [ 145.1747545, -38.3966377 ], [ 145.1770014, -38.3978739 ], [ 145.1801996, -38.39829 ], [ 145.1804477, -38.3987055 ], [ 145.1818035, -38.3982009 ], [ 145.182773, -38.3988035 ], [ 145.1841081, -38.3983458 ], [ 145.1860362, -38.3984908 ], [ 145.1921653, -38.4011111 ], [ 145.1923068, -38.4008075 ], [ 145.2047623, -38.4050262 ], [ 145.2164665, -38.407447 ], [ 145.2247044, -38.407536 ], [ 145.2347636, -38.4093887 ], [ 145.2351704, -38.4086485 ], [ 145.234671, -38.4058347 ], [ 145.2319874, -38.4061426 ], [ 145.2294251, -38.4044639 ], [ 145.2295024, -38.4008594 ], [ 145.2288696, -38.3993555 ], [ 145.2264341, -38.3977416 ], [ 145.2222311, -38.3982182 ], [ 145.2216101, -38.3968548 ], [ 145.2230829, -38.3963943 ], [ 145.2207019, -38.3947333 ], [ 145.2190239, -38.3944648 ], [ 145.2180798, -38.393497 ], [ 145.2191221, -38.3927515 ], [ 145.219335, -38.3905274 ], [ 145.2186363, -38.3878589 ], [ 145.2165317, -38.3843515 ], [ 145.2133376, -38.3827265 ], [ 145.2079717, -38.381156 ] ] ] } },
{ "type": "Feature", "properties": { "lga_name": "Casey" }, "geometry": { "type": "Polygon", "coordinates": [ [ [ 145.373509, -38.2206985 ], [ 145.37082, -38.2195038 ], [ 145.3719753, -38.2182819 ], [ 145.3703034, -38.21688 ], [ 145.370588, -38.2158677 ], [ 145.3717719, -38.2165951 ], [ 145.3737102, -38.215887 ], [ 145.3716931, -38.2151028 ], [ 145.3717967, -38.2130914 ], [ 145.3757253, -38.2127928 ], [ 145.3772521, -38.2134572 ], [ 145.3781413, -38.2131172 ], [ 145.3796628, -38.2134705 ], [ 145.378465, -38.2144771 ], [ 145.3767356, -38.2149548 ], [ 145.3771922, -38.2158776 ], [ 145.3768146, -38.2172081 ], [ 145.3784714, -38.2175454 ], [ 145.3799874, -38.2172406 ], [ 145.3810537, -38.2177189 ], [ 145.378438, -38.2183486 ], [ 145.3783198, -38.2205634 ], [ 145.3796433, -38.2214899 ], [ 145.3816082, -38.2213915 ], [ 145.3821583, -38.2218013 ], [ 145.3840782, -38.2211416 ], [ 145.3860604, -38.22154 ], [ 145.3870735, -38.2227001 ], [ 145.3900701, -38.222304 ], [ 145.3901102, -38.223098 ], [ 145.3913542, -38.2226632 ], [ 145.3919299, -38.2233127 ], [ 145.3911806, -38.2239159 ], [ 145.3931327, -38.2244601 ], [ 145.3937916, -38.2252565 ], [ 145.3953428, -38.2249569 ], [ 145.3972586, -38.2257702 ], [ 145.4020628, -38.2265091 ], [ 145.407231, -38.2266859 ], [ 145.4079137, -38.2273525 ], [ 145.4088418, -38.2271417 ], [ 145.4095887, -38.2280462 ], [ 145.4131456, -38.2278976 ], [ 145.417929, -38.2245083 ], [ 145.419174, -38.2206886 ], [ 145.4226125, -38.2171011 ], [ 145.424988, -38.2161866 ], [ 145.429959, -38.2167668 ], [ 145.4297148, -38.2150006 ], [ 145.4306581, -38.2145354 ], [ 145.4280812, -38.2133722 ], [ 145.4270401, -38.2112315 ], [ 145.4217652, -38.2096511 ], [ 145.4166635, -38.203837 ], [ 145.4183157, -38.1984913 ], [ 145.395231, -38.1954938 ], [ 145.3956696, -38.1933886 ], [ 145.3888599, -38.1925166 ], [ 145.3994761, -38.1429979 ], [ 145.3833847, -38.1256381 ], [ 145.3845281, -38.1239698 ], [ 145.3884604, -38.1205451 ], [ 145.4017892, -38.1191051 ], [ 145.4018039, -38.1179188 ], [ 145.3999029, -38.1155573 ], [ 145.3989994, -38.113303 ], [ 145.4008117, -38.1107003 ], [ 145.4005963, -38.1078126 ], [ 145.3985888, -38.1050358 ], [ 145.3992639, -38.1021432 ], [ 145.397764, -38.0998129 ], [ 145.3965443, -38.0994345 ], [ 145.3950151, -38.0976633 ], [ 145.3928986, -38.0973157 ], [ 145.3922954, -38.0968204 ], [ 145.3925169, -38.0962331 ], [ 145.3916944, -38.0962435 ], [ 145.3907644, -38.0947147 ], [ 145.3891142, -38.0938291 ], [ 145.3877709, -38.0942 ], [ 145.3851518, -38.0935436 ], [ 145.3851971, -38.0925246 ], [ 145.3843856, -38.0917098 ], [ 145.383509, -38.091733 ], [ 145.382359, -38.0908452 ], [ 145.3827827, -38.0892483 ], [ 145.3820937, -38.0896953 ], [ 145.3808601, -38.0875231 ], [ 145.3819782, -38.0864328 ], [ 145.3818391, -38.0857419 ], [ 145.3804335, -38.0849768 ], [ 145.3800964, -38.0840956 ], [ 145.3805764, -38.0837642 ], [ 145.3799237, -38.082558 ], [ 145.3805273, -38.0823203 ], [ 145.3803851, -38.0815737 ], [ 145.3797146, -38.0808671 ], [ 145.3789729, -38.0809051 ], [ 145.3785842, -38.0797619 ], [ 145.3764592, -38.0795906 ], [ 145.3758417, -38.0784486 ], [ 145.3764916, -38.0782118 ], [ 145.3765893, -38.0767684 ], [ 145.3773223, -38.075886 ], [ 145.3766948, -38.0750733 ], [ 145.3779286, -38.0742609 ], [ 145.3783956, -38.072421 ], [ 145.3777528, -38.0708552 ], [ 145.3783855, -38.0703293 ], [ 145.3818394, -38.0698377 ], [ 145.3799451, -38.0687342 ], [ 145.3807756, -38.0668353 ], [ 145.3765902, -38.0653616 ], [ 145.3767747, -38.0649966 ], [ 145.3758101, -38.0644996 ], [ 145.3765397, -38.0636343 ], [ 145.3758948, -38.0629546 ], [ 145.3763453, -38.0618608 ], [ 145.3756859, -38.0615601 ], [ 145.3760801, -38.0608794 ], [ 145.3750966, -38.0605902 ], [ 145.3752246, -38.0595506 ], [ 145.3718384, -38.059126 ], [ 145.3712864, -38.058471 ], [ 145.3716492, -38.0579699 ], [ 145.3704933, -38.0574152 ], [ 145.371583, -38.0563659 ], [ 145.3700103, -38.0560945 ], [ 145.3682912, -38.0547858 ], [ 145.3684697, -38.0540788 ], [ 145.3669687, -38.0537369 ], [ 145.367409, -38.0529281 ], [ 145.3647307, -38.0525481 ], [ 145.364086, -38.051577 ], [ 145.3647823, -38.0506177 ], [ 145.3643675, -38.0495752 ], [ 145.3662761, -38.0485978 ], [ 145.3666823, -38.0473913 ], [ 145.3663916, -38.0457945 ], [ 145.365223, -38.0453492 ], [ 145.3647816, -38.0444626 ], [ 145.3664861, -38.0427797 ], [ 145.3670679, -38.0410054 ], [ 145.3659889, -38.0388135 ], [ 145.3683419, -38.0368687 ], [ 145.368789, -38.0354165 ], [ 145.369692, -38.0348157 ], [ 145.3700091, -38.0328478 ], [ 145.3714814, -38.0319451 ], [ 145.3722436, -38.0322699 ], [ 145.3745438, -38.0286566 ], [ 145.3753196, -38.0288738 ], [ 145.3765101, -38.0275561 ], [ 145.3769004, -38.0267832 ], [ 145.3764789, -38.0260636 ], [ 145.3778911, -38.024905 ], [ 145.3775199, -38.0240918 ], [ 145.3784542, -38.0231795 ], [ 145.3787515, -38.0210017 ], [ 145.3800637, -38.0202568 ], [ 145.3792848, -38.0190503 ], [ 145.3794722, -38.0181822 ], [ 145.3836405, -38.0165805 ], [ 145.3841159, -38.0148833 ], [ 145.3853419, -38.0134313 ], [ 145.3833352, -38.0104667 ], [ 145.3850118, -38.0095149 ], [ 145.3847711, -38.0085285 ], [ 145.3830808, -38.0079732 ], [ 145.3833949, -38.0063618 ], [ 145.3820739, -38.0055614 ], [ 145.3824198, -38.0051786 ], [ 145.3806669, -38.0037592 ], [ 145.3802297, -38.0026307 ], [ 145.3786963, -38.0028845 ], [ 145.3785948, -38.0018659 ], [ 145.3778156, -38.0014039 ], [ 145.3787816, -37.9990062 ], [ 145.3796774, -37.9984224 ], [ 145.3797485, -37.9969188 ], [ 145.3793327, -37.9959122 ], [ 145.37741, -37.995281 ], [ 145.3777141, -37.9943102 ], [ 145.3761236, -37.9904319 ], [ 145.3778276, -37.9890367 ], [ 145.377722, -37.9882026 ], [ 145.380141, -37.9873829 ], [ 145.3809705, -37.9852427 ], [ 145.3824538, -37.984633 ], [ 145.3816436, -37.9825166 ], [ 145.3819074, -37.9803562 ], [ 145.379255, -37.976643 ], [ 145.3796789, -37.9761571 ], [ 145.379062, -37.97512 ], [ 145.366756, -37.973555 ], [ 145.3579608, -37.9712912 ], [ 145.3192413, -37.9663333 ], [ 145.3177494, -37.966797 ], [ 145.3169985, -37.9678445 ], [ 145.3010222, -37.9658488 ], [ 145.2890345, -37.9629186 ], [ 145.2885813, -37.9591721 ], [ 145.2899043, -37.9576074 ], [ 145.2872126, -37.9571452 ], [ 145.2848163, -37.955299 ], [ 145.2835658, -37.9551443 ], [ 145.2837607, -37.9541229 ], [ 145.2822937, -37.9536509 ], [ 145.28208, -37.9505874 ], [ 145.2796305, -37.947606 ], [ 145.2339189, -37.9419713 ], [ 145.2300219, -37.9503672 ], [ 145.2295241, -37.9529731 ], [ 145.2300962, -37.9523796 ], [ 145.2325604, -37.9528851 ], [ 145.2341589, -37.9569145 ], [ 145.2337011, -37.9599396 ], [ 145.2326308, -37.9610387 ], [ 145.2337474, -37.9661548 ], [ 145.2328835, -37.9689936 ], [ 145.2339729, -37.9722772 ], [ 145.2356829, -37.9741494 ], [ 145.235509, -37.9767639 ], [ 145.2349374, -37.9768124 ], [ 145.2349258, -37.978387 ], [ 145.2341424, -37.9785429 ], [ 145.2342725, -37.97951 ], [ 145.2328742, -37.979571 ], [ 145.2324829, -37.9805594 ], [ 145.2331369, -37.9805804 ], [ 145.231854, -37.9809453 ], [ 145.2326371, -37.9819444 ], [ 145.2325335, -37.9830196 ], [ 145.2317652, -37.9835778 ], [ 145.232318, -37.983874 ], [ 145.2320413, -37.9854726 ], [ 145.2309068, -37.9855128 ], [ 145.2301046, -37.9885984 ], [ 145.229494, -37.9885728 ], [ 145.2293614, -37.989514 ], [ 145.226846, -37.991177 ], [ 145.2276784, -37.9920025 ], [ 145.226985, -37.9924809 ], [ 145.2274588, -37.9932343 ], [ 145.2263863, -37.9934694 ], [ 145.2287661, -37.9937366 ], [ 145.2274531, -38.0007334 ], [ 145.2519932, -38.0036518 ], [ 145.2466969, -38.0272892 ], [ 145.2469621, -38.0365107 ], [ 145.2454092, -38.0476968 ], [ 145.2279237, -38.135347 ], [ 145.2157663, -38.200652 ], [ 145.2148284, -38.2082844 ], [ 145.2202121, -38.2121225 ], [ 145.2264285, -38.2188397 ], [ 145.2280125, -38.2199068 ], [ 145.2299994, -38.2205827 ], [ 145.2546894, -38.2236852 ], [ 145.2546114, -38.2226989 ], [ 145.25548, -38.2225223 ], [ 145.256026, -38.2229735 ], [ 145.255751, -38.2241209 ], [ 145.2584684, -38.2252068 ], [ 145.259075, -38.2236764 ], [ 145.2563041, -38.2205389 ], [ 145.2560371, -38.2191697 ], [ 145.2580033, -38.2223456 ], [ 145.2593848, -38.2234013 ], [ 145.2602481, -38.2213168 ], [ 145.2608804, -38.2210711 ], [ 145.264241, -38.2222501 ], [ 145.2680903, -38.2245772 ], [ 145.2703835, -38.2239837 ], [ 145.2723025, -38.2226219 ], [ 145.2732751, -38.2237187 ], [ 145.2743773, -38.2231982 ], [ 145.2760668, -38.2237205 ], [ 145.2754819, -38.221959 ], [ 145.2745385, -38.2212173 ], [ 145.2751434, -38.2192659 ], [ 145.2749902, -38.2211049 ], [ 145.2759959, -38.2217374 ], [ 145.2762835, -38.2230358 ], [ 145.2773298, -38.2229225 ], [ 145.2772471, -38.2239609 ], [ 145.2800654, -38.2233587 ], [ 145.2830281, -38.2203358 ], [ 145.285312, -38.2192106 ], [ 145.2853669, -38.2200098 ], [ 145.2860901, -38.2199641 ], [ 145.2867109, -38.218846 ], [ 145.2857372, -38.2189126 ], [ 145.2882407, -38.2171001 ], [ 145.2875786, -38.2184651 ], [ 145.288681, -38.2181048 ], [ 145.2904907, -38.2155237 ], [ 145.2903104, -38.2145879 ], [ 145.2905732, -38.2156321 ], [ 145.2929486, -38.2147481 ], [ 145.2942704, -38.2148408 ], [ 145.2953497, -38.215602 ], [ 145.2966324, -38.2151163 ], [ 145.296759, -38.2141031 ], [ 145.2936467, -38.2126557 ], [ 145.2909903, -38.2095713 ], [ 145.2924759, -38.2106295 ], [ 145.2947673, -38.2110988 ], [ 145.2948057, -38.2105687 ], [ 145.2976579, -38.2130616 ], [ 145.3011875, -38.2129284 ], [ 145.3031042, -38.2134966 ], [ 145.3044422, -38.2126916 ], [ 145.306825, -38.2138365 ], [ 145.3080264, -38.2149214 ], [ 145.3086582, -38.2184839 ], [ 145.308064, -38.2191695 ], [ 145.30765, -38.218096 ], [ 145.3067377, -38.2176368 ], [ 145.3055418, -38.219859 ], [ 145.3061373, -38.2203881 ], [ 145.3083166, -38.2206133 ], [ 145.3076495, -38.2196874 ], [ 145.3087828, -38.2199912 ], [ 145.3094151, -38.2194142 ], [ 145.3093783, -38.2158295 ], [ 145.3103645, -38.2147787 ], [ 145.3132171, -38.2139561 ], [ 145.3149447, -38.2144413 ], [ 145.3180691, -38.2164909 ], [ 145.320216, -38.2163986 ], [ 145.3207132, -38.2150357 ], [ 145.3193546, -38.2130788 ], [ 145.321538, -38.2155617 ], [ 145.3245128, -38.2145946 ], [ 145.3255764, -38.2133344 ], [ 145.3250405, -38.2125163 ], [ 145.3256257, -38.2120479 ], [ 145.3260075, -38.2124293 ], [ 145.3267037, -38.2115948 ], [ 145.3257349, -38.2109439 ], [ 145.3332663, -38.2085907 ], [ 145.3351646, -38.2045968 ], [ 145.3350098, -38.2074894 ], [ 145.3336962, -38.2088284 ], [ 145.3282752, -38.2111076 ], [ 145.3260797, -38.2149204 ], [ 145.3230622, -38.2159033 ], [ 145.3226619, -38.2164807 ], [ 145.3198955, -38.217537 ], [ 145.3175851, -38.2177058 ], [ 145.3133752, -38.2155357 ], [ 145.310782, -38.2154427 ], [ 145.3116648, -38.2177563 ], [ 145.3116041, -38.2198028 ], [ 145.3109043, -38.2205523 ], [ 145.3102411, -38.220454 ], [ 145.3098578, -38.2215428 ], [ 145.3087738, -38.2207421 ], [ 145.3083508, -38.2208764 ], [ 145.3096166, -38.2218381 ], [ 145.306605, -38.2231093 ], [ 145.3060534, -38.2238899 ], [ 145.3060767, -38.2264271 ], [ 145.3066511, -38.2272396 ], [ 145.3049664, -38.2280327 ], [ 145.3051185, -38.2282338 ], [ 145.3066915, -38.2273779 ], [ 145.3083448, -38.2288971 ], [ 145.3087132, -38.2281597 ], [ 145.3106999, -38.2282478 ], [ 145.3124301, -38.2289922 ], [ 145.3146462, -38.227574 ], [ 145.3162289, -38.2277052 ], [ 145.3160182, -38.2285315 ], [ 145.3166839, -38.229565 ], [ 145.3162461, -38.2298074 ], [ 145.3171677, -38.2300497 ], [ 145.3189891, -38.2355671 ], [ 145.3240515, -38.2386112 ], [ 145.3210734, -38.2394894 ], [ 145.3204579, -38.2412954 ], [ 145.3190478, -38.2429293 ], [ 145.3196151, -38.2431583 ], [ 145.3215113, -38.2425376 ], [ 145.3222552, -38.2409942 ], [ 145.3231418, -38.2426051 ], [ 145.3243042, -38.2425481 ], [ 145.3256743, -38.2414951 ], [ 145.3257191, -38.2406804 ], [ 145.324206, -38.2403968 ], [ 145.3249803, -38.2398359 ], [ 145.3247463, -38.2388736 ], [ 145.3255814, -38.2380067 ], [ 145.3250514, -38.2370433 ], [ 145.3261713, -38.2372282 ], [ 145.32646, -38.2368516 ], [ 145.3258338, -38.236361 ], [ 145.3267015, -38.2363736 ], [ 145.3267279, -38.2351511 ], [ 145.3275526, -38.2349825 ], [ 145.3278401, -38.2355857 ], [ 145.3293594, -38.2361419 ], [ 145.3302756, -38.2360497 ], [ 145.3307968, -38.2352134 ], [ 145.3311933, -38.2360399 ], [ 145.3329583, -38.2360404 ], [ 145.334143, -38.235269 ], [ 145.3339307, -38.2345246 ], [ 145.3351105, -38.2338471 ], [ 145.3341, -38.2330954 ], [ 145.3354742, -38.2333522 ], [ 145.3350933, -38.2323056 ], [ 145.3372841, -38.2329751 ], [ 145.3418079, -38.2292504 ], [ 145.3422608, -38.228484 ], [ 145.3418713, -38.2281977 ], [ 145.3426294, -38.2277122 ], [ 145.342477, -38.2267236 ], [ 145.3432265, -38.2262331 ], [ 145.3425314, -38.2255334 ], [ 145.3417982, -38.2256231 ], [ 145.3398709, -38.2231524 ], [ 145.3395754, -38.22191 ], [ 145.3406181, -38.2183529 ], [ 145.3411009, -38.2178832 ], [ 145.3420378, -38.2182261 ], [ 145.3426027, -38.2172649 ], [ 145.3432495, -38.2174824 ], [ 145.3441066, -38.2165615 ], [ 145.3426193, -38.2159519 ], [ 145.3437253, -38.2144913 ], [ 145.3475478, -38.2134354 ], [ 145.3533724, -38.2145713 ], [ 145.3610471, -38.2198501 ], [ 145.3662319, -38.2221531 ], [ 145.3724939, -38.2225906 ], [ 145.3740331, -38.2214565 ], [ 145.373509, -38.2206985 ] ] ] } },
{ "type": "Feature", "properties": { "lga_name": "Knox" }, "geometry": { "type": "Polygon", "coordinates": [ [ [ 145.3099076, -37.8896429 ], [ 145.3079855, -37.8894301 ], [ 145.3085548, -37.8882829 ], [ 145.3068988, -37.8885996 ], [ 145.3057321, -37.8882787 ], [ 145.3060416, -37.8877276 ], [ 145.3054699, -37.8873816 ], [ 145.3051507, -37.8878383 ], [ 145.3044853, -37.8876602 ], [ 145.3037453, -37.88614 ], [ 145.3036953, -37.8856426 ], [ 145.3048117, -37.885637 ], [ 145.304918, -37.8849017 ], [ 145.3040252, -37.8844031 ], [ 145.3050618, -37.8824699 ], [ 145.3041801, -37.8815202 ], [ 145.3062392, -37.8811978 ], [ 145.3064484, -37.8804054 ], [ 145.3051276, -37.8802763 ], [ 145.3053133, -37.879151 ], [ 145.3061432, -37.8761072 ], [ 145.307846, -37.8762803 ], [ 145.3084995, -37.8709828 ], [ 145.3053002, -37.8682825 ], [ 145.3054019, -37.8676722 ], [ 145.3033869, -37.8664031 ], [ 145.3022339, -37.8642392 ], [ 145.3029584, -37.8636069 ], [ 145.3038264, -37.8634495 ], [ 145.3039226, -37.8629289 ], [ 145.3136643, -37.8644958 ], [ 145.3135463, -37.8633598 ], [ 145.3164412, -37.8627837 ], [ 145.3166775, -37.8647807 ], [ 145.3185454, -37.8650811 ], [ 145.3188086, -37.8655726 ], [ 145.3244626, -37.8657985 ], [ 145.3242086, -37.8670706 ], [ 145.3246434, -37.8658203 ], [ 145.3265419, -37.8660497 ], [ 145.3266001, -37.8665868 ], [ 145.330587, -37.8617938 ], [ 145.3336263, -37.8615365 ], [ 145.335985, -37.8631316 ], [ 145.3357774, -37.8597946 ], [ 145.3341439, -37.8579679 ], [ 145.3366197, -37.8561852 ], [ 145.3404437, -37.8571606 ], [ 145.3394569, -37.8585827 ], [ 145.340512, -37.8591997 ], [ 145.341127, -37.8609972 ], [ 145.3430625, -37.8615391 ], [ 145.3434606, -37.862322 ], [ 145.3454463, -37.8594892 ], [ 145.3476242, -37.8594079 ], [ 145.3475722, -37.8585546 ], [ 145.34307, -37.8565473 ], [ 145.3435097, -37.8557775 ], [ 145.3412391, -37.8537757 ], [ 145.3377895, -37.8531847 ], [ 145.3384798, -37.8523583 ], [ 145.3361523, -37.8510484 ], [ 145.3351895, -37.8513926 ], [ 145.3321298, -37.8510301 ], [ 145.3328386, -37.8474328 ], [ 145.3230494, -37.8461975 ], [ 145.3201528, -37.8448928 ], [ 145.3177589, -37.844956 ], [ 145.317974, -37.8439173 ], [ 145.3086676, -37.8426631 ], [ 145.3088584, -37.8417293 ], [ 145.2935278, -37.8340595 ], [ 145.2815922, -37.8328402 ], [ 145.2804703, -37.8331517 ], [ 145.279926, -37.8348433 ], [ 145.2784072, -37.8359057 ], [ 145.2744421, -37.8357489 ], [ 145.2716771, -37.8363612 ], [ 145.2698235, -37.8357543 ], [ 145.2670695, -37.836972 ], [ 145.2616505, -37.8359807 ], [ 145.2587797, -37.8368014 ], [ 145.2567929, -37.835749 ], [ 145.2561862, -37.8366434 ], [ 145.255894, -37.8361566 ], [ 145.2548624, -37.8363489 ], [ 145.2503929, -37.8380817 ], [ 145.2499127, -37.8376213 ], [ 145.2494925, -37.8383117 ], [ 145.249061, -37.8375806 ], [ 145.2484743, -37.8381135 ], [ 145.247683, -37.8375936 ], [ 145.2443022, -37.8386305 ], [ 145.2392046, -37.8385443 ], [ 145.2383642, -37.8390562 ], [ 145.2378324, -37.838784 ], [ 145.236879, -37.8400404 ], [ 145.2360663, -37.8394787 ], [ 145.232959, -37.8393732 ], [ 145.2325016, -37.8403115 ], [ 145.2310744, -37.8401397 ], [ 145.2308249, -37.8397005 ], [ 145.2305008, -37.8403026 ], [ 145.2301847, -37.8394582 ], [ 145.2271449, -37.8393752 ], [ 145.2267981, -37.8387853 ], [ 145.2255287, -37.838839 ], [ 145.2246488, -37.8383036 ], [ 145.2244302, -37.8386468 ], [ 145.2232441, -37.8377978 ], [ 145.2230159, -37.8385102 ], [ 145.2222315, -37.8378041 ], [ 145.2212643, -37.8378355 ], [ 145.2211417, -37.838598 ], [ 145.2203685, -37.8379042 ], [ 145.2201695, -37.8384266 ], [ 145.2191867, -37.8379483 ], [ 145.21887, -37.8383467 ], [ 145.218808, -37.8374719 ], [ 145.2176675, -37.8373784 ], [ 145.2175501, -37.8385268 ], [ 145.2171213, -37.8383255 ], [ 145.2170154, -37.8387596 ], [ 145.2166258, -37.8383018 ], [ 145.215051, -37.838845 ], [ 145.215715, -37.8395056 ], [ 145.2133751, -37.8400457 ], [ 145.213817, -37.8407661 ], [ 145.2127296, -37.8410315 ], [ 145.2134143, -37.8413971 ], [ 145.2124524, -37.8416942 ], [ 145.2125326, -37.842441 ], [ 145.2118746, -37.8428791 ], [ 145.2126647, -37.8430399 ], [ 145.211333, -37.8443437 ], [ 145.2113825, -37.8450942 ], [ 145.2101267, -37.8459275 ], [ 145.2107571, -37.8471145 ], [ 145.2101698, -37.8469004 ], [ 145.2098867, -37.8473496 ], [ 145.2106472, -37.8475162 ], [ 145.2099528, -37.8485009 ], [ 145.2099929, -37.8504127 ], [ 145.2091709, -37.8503982 ], [ 145.2091578, -37.8511078 ], [ 145.2097176, -37.851282 ], [ 145.20807, -37.8518428 ], [ 145.2085799, -37.8519904 ], [ 145.2086932, -37.8526675 ], [ 145.2083562, -37.8522693 ], [ 145.2079286, -37.8526637 ], [ 145.2068078, -37.8523164 ], [ 145.2067779, -37.8537389 ], [ 145.2058264, -37.8542121 ], [ 145.2063543, -37.8544872 ], [ 145.2060691, -37.8548363 ], [ 145.2066934, -37.8547825 ], [ 145.2061795, -37.8552816 ], [ 145.2065849, -37.855777 ], [ 145.2075308, -37.8560679 ], [ 145.2069377, -37.8563657 ], [ 145.2066054, -37.855995 ], [ 145.2062734, -37.8564452 ], [ 145.2058945, -37.8559964 ], [ 145.204873, -37.8573446 ], [ 145.2035997, -37.8569562 ], [ 145.2023604, -37.8585033 ], [ 145.2007079, -37.8585141 ], [ 145.1997831, -37.8593838 ], [ 145.1996473, -37.8597955 ], [ 145.2014029, -37.8610395 ], [ 145.2010207, -37.8621106 ], [ 145.2004218, -37.8613835 ], [ 145.1997396, -37.861602 ], [ 145.1986088, -37.8626804 ], [ 145.1993877, -37.8628555 ], [ 145.1989636, -37.8635036 ], [ 145.1976739, -37.863396 ], [ 145.197901, -37.8638645 ], [ 145.1967322, -37.8640854 ], [ 145.1970991, -37.8649393 ], [ 145.1963103, -37.8651891 ], [ 145.1961139, -37.8645972 ], [ 145.1947241, -37.8653794 ], [ 145.195515, -37.8659044 ], [ 145.1941644, -37.8662696 ], [ 145.1951222, -37.866919 ], [ 145.1943655, -37.8673138 ], [ 145.1949834, -37.8675064 ], [ 145.1940216, -37.8687959 ], [ 145.1948216, -37.8686307 ], [ 145.1936339, -37.8691927 ], [ 145.1937781, -37.8700738 ], [ 145.19286, -37.8707637 ], [ 145.1933433, -37.8707971 ], [ 145.1932624, -37.8715864 ], [ 145.1922561, -37.8715471 ], [ 145.1920616, -37.8720835 ], [ 145.1931108, -37.8725421 ], [ 145.1934769, -37.8734636 ], [ 145.1927398, -37.873912 ], [ 145.1933959, -37.8742622 ], [ 145.1921933, -37.8740366 ], [ 145.1923997, -37.8744956 ], [ 145.1918105, -37.874463 ], [ 145.1926296, -37.8747651 ], [ 145.1926586, -37.8757211 ], [ 145.1912422, -37.8768541 ], [ 145.1920934, -37.8793561 ], [ 145.1908891, -37.8806079 ], [ 145.1924156, -37.8808725 ], [ 145.1921718, -37.881297 ], [ 145.1929701, -37.8814429 ], [ 145.1931315, -37.882453 ], [ 145.1939271, -37.8825093 ], [ 145.1941178, -37.8820872 ], [ 145.1945332, -37.8831718 ], [ 145.1954353, -37.88323 ], [ 145.1947193, -37.8835725 ], [ 145.1953951, -37.8838464 ], [ 145.1945472, -37.8844838 ], [ 145.1954752, -37.8849218 ], [ 145.1946697, -37.8849379 ], [ 145.1943568, -37.8856981 ], [ 145.1959587, -37.8860832 ], [ 145.1953142, -37.8872064 ], [ 145.1962048, -37.8885969 ], [ 145.1966394, -37.8884347 ], [ 145.1971783, -37.8892371 ], [ 145.1984215, -37.889162 ], [ 145.1990226, -37.8897773 ], [ 145.1998655, -37.8911353 ], [ 145.1993053, -37.8921551 ], [ 145.2006675, -37.8931044 ], [ 145.2003724, -37.8936291 ], [ 145.2018531, -37.8951522 ], [ 145.201458, -37.8952971 ], [ 145.2029094, -37.8960366 ], [ 145.2045739, -37.8956303 ], [ 145.206288, -37.8969302 ], [ 145.2069052, -37.8966349 ], [ 145.2072883, -37.8986852 ], [ 145.2080698, -37.898551 ], [ 145.2083408, -37.8990482 ], [ 145.2075965, -37.8999664 ], [ 145.2072479, -37.899704 ], [ 145.2074362, -37.9006008 ], [ 145.206862, -37.9006194 ], [ 145.2076035, -37.9010987 ], [ 145.2073483, -37.90156 ], [ 145.206098, -37.9024217 ], [ 145.2050941, -37.9020628 ], [ 145.2045338, -37.9028215 ], [ 145.2040572, -37.9023535 ], [ 145.2033666, -37.9033193 ], [ 145.2037676, -37.9038927 ], [ 145.2043495, -37.9036095 ], [ 145.2040312, -37.9048383 ], [ 145.2052019, -37.9053449 ], [ 145.2051763, -37.9059958 ], [ 145.2046279, -37.9060389 ], [ 145.2058614, -37.9105532 ], [ 145.2048377, -37.9107688 ], [ 145.2055702, -37.9122576 ], [ 145.2048447, -37.9124172 ], [ 145.2051134, -37.9130354 ], [ 145.2045343, -37.9130029 ], [ 145.2044924, -37.9137728 ], [ 145.2052201, -37.9135306 ], [ 145.204981, -37.9140621 ], [ 145.2038804, -37.9141405 ], [ 145.2042998, -37.9147606 ], [ 145.2033744, -37.9150981 ], [ 145.2040726, -37.9161149 ], [ 145.2026719, -37.9178953 ], [ 145.2033296, -37.9180329 ], [ 145.2029059, -37.9186773 ], [ 145.2034385, -37.9188475 ], [ 145.2027735, -37.9192012 ], [ 145.2048035, -37.9218389 ], [ 145.2045333, -37.9221334 ], [ 145.2059427, -37.9230227 ], [ 145.2054785, -37.9249978 ], [ 145.2047118, -37.9252836 ], [ 145.2056212, -37.9278504 ], [ 145.206821, -37.9281454 ], [ 145.2061926, -37.9287049 ], [ 145.2069637, -37.928915 ], [ 145.2062911, -37.9300029 ], [ 145.2069778, -37.9305919 ], [ 145.2067285, -37.9315262 ], [ 145.2074114, -37.9312738 ], [ 145.2076208, -37.932267 ], [ 145.2110582, -37.9336912 ], [ 145.2097484, -37.9340731 ], [ 145.2113032, -37.9343541 ], [ 145.2104033, -37.9347792 ], [ 145.2112576, -37.9357215 ], [ 145.2120326, -37.9350125 ], [ 145.2135046, -37.9361921 ], [ 145.2140637, -37.935591 ], [ 145.2155841, -37.9371265 ], [ 145.2180278, -37.9370496 ], [ 145.219321, -37.9387767 ], [ 145.2199701, -37.938604 ], [ 145.220034, -37.9396138 ], [ 145.2191977, -37.9398948 ], [ 145.2196037, -37.9403172 ], [ 145.2191118, -37.9406845 ], [ 145.2199867, -37.9409795 ], [ 145.2194391, -37.9415571 ], [ 145.2205189, -37.941875 ], [ 145.2207485, -37.9430738 ], [ 145.2224148, -37.9436421 ], [ 145.2225789, -37.9450829 ], [ 145.225744, -37.947868 ], [ 145.2258349, -37.9493784 ], [ 145.2283963, -37.9521718 ], [ 145.2295241, -37.9529731 ], [ 145.2300219, -37.9503672 ], [ 145.2339189, -37.9419713 ], [ 145.2796305, -37.947606 ], [ 145.28208, -37.9505874 ], [ 145.2822937, -37.9536509 ], [ 145.2837607, -37.9541229 ], [ 145.2835658, -37.9551443 ], [ 145.2848163, -37.955299 ], [ 145.2872126, -37.9571452 ], [ 145.2899043, -37.9576074 ], [ 145.2885813, -37.9591721 ], [ 145.2890345, -37.9629186 ], [ 145.2933597, -37.9639759 ], [ 145.2998769, -37.931462 ], [ 145.3038574, -37.9334247 ], [ 145.3027766, -37.923177 ], [ 145.3004076, -37.9203928 ], [ 145.3006282, -37.9172599 ], [ 145.2979778, -37.9135063 ], [ 145.2986541, -37.9128601 ], [ 145.2986836, -37.9116928 ], [ 145.297717, -37.9106532 ], [ 145.2962518, -37.9104663 ], [ 145.2927199, -37.9072252 ], [ 145.2954895, -37.9051009 ], [ 145.2958933, -37.9031302 ], [ 145.29465, -37.9006269 ], [ 145.294947, -37.9002287 ], [ 145.2968922, -37.9011197 ], [ 145.3038761, -37.9046469 ], [ 145.3050049, -37.9057105 ], [ 145.3072843, -37.9038395 ], [ 145.3092528, -37.9039751 ], [ 145.3096705, -37.9033029 ], [ 145.308916, -37.9019211 ], [ 145.309463, -37.8994808 ], [ 145.3112529, -37.9009163 ], [ 145.3138745, -37.9016355 ], [ 145.3164281, -37.9010811 ], [ 145.3165492, -37.9005292 ], [ 145.3213814, -37.9002207 ], [ 145.3205682, -37.899203 ], [ 145.3226615, -37.8991728 ], [ 145.3241592, -37.8999378 ], [ 145.3242402, -37.8994593 ], [ 145.3161696, -37.8948958 ], [ 145.3156575, -37.8922478 ], [ 145.3137963, -37.892823 ], [ 145.3119013, -37.8926996 ], [ 145.3121758, -37.8911555 ], [ 145.310719, -37.8908425 ], [ 145.3099076, -37.8896429 ] ] ] } },
{ "type": "Feature", "properties": { "lga_name": "Monash" }, "geometry": { "type": "Polygon", "coordinates": [ [ [ 145.0853064, -37.9095149 ], [ 145.0824756, -37.9239978 ], [ 145.1417018, -37.9313859 ], [ 145.1427073, -37.9257871 ], [ 145.1434401, -37.9246061 ], [ 145.1567263, -37.9331459 ], [ 145.1924952, -37.9375997 ], [ 145.2192657, -37.9401113 ], [ 145.2201029, -37.9394625 ], [ 145.2199701, -37.938604 ], [ 145.219321, -37.9387767 ], [ 145.2180278, -37.9370496 ], [ 145.2155841, -37.9371265 ], [ 145.2141367, -37.9356262 ], [ 145.2135046, -37.9361921 ], [ 145.2121021, -37.9350182 ], [ 145.2112576, -37.9357215 ], [ 145.2104033, -37.9347792 ], [ 145.2113032, -37.9343541 ], [ 145.2097484, -37.9340731 ], [ 145.2110582, -37.9336912 ], [ 145.2076208, -37.932267 ], [ 145.2074114, -37.9312738 ], [ 145.2067035, -37.9314608 ], [ 145.2069778, -37.9305919 ], [ 145.2062911, -37.9300029 ], [ 145.2069637, -37.928915 ], [ 145.2061926, -37.9287049 ], [ 145.206821, -37.9281454 ], [ 145.2056212, -37.9278504 ], [ 145.2047118, -37.9252836 ], [ 145.2054785, -37.9249978 ], [ 145.2059427, -37.9230227 ], [ 145.2045333, -37.9221334 ], [ 145.2048035, -37.9218389 ], [ 145.2027735, -37.9192012 ], [ 145.2034385, -37.9188475 ], [ 145.2029059, -37.9186773 ], [ 145.2033296, -37.9180329 ], [ 145.2026719, -37.9178953 ], [ 145.2040726, -37.9161149 ], [ 145.2033744, -37.9150981 ], [ 145.2042998, -37.9147606 ], [ 145.2038804, -37.9141405 ], [ 145.204981, -37.9140621 ], [ 145.2052201, -37.9135306 ], [ 145.2044924, -37.9137728 ], [ 145.2045343, -37.9130029 ], [ 145.2051134, -37.9130354 ], [ 145.2048447, -37.9124172 ], [ 145.2055702, -37.9122576 ], [ 145.2048377, -37.9107688 ], [ 145.2058614, -37.9105532 ], [ 145.2046279, -37.9060389 ], [ 145.2051763, -37.9059958 ], [ 145.2052019, -37.9053449 ], [ 145.2040312, -37.9048383 ], [ 145.2043495, -37.9036095 ], [ 145.2037676, -37.9038927 ], [ 145.2033666, -37.9033193 ], [ 145.2040572, -37.9023535 ], [ 145.2045338, -37.9028215 ], [ 145.2050941, -37.9020628 ], [ 145.206098, -37.9024217 ], [ 145.2073483, -37.90156 ], [ 145.2076035, -37.9010987 ], [ 145.206862, -37.9006194 ], [ 145.2074362, -37.9006008 ], [ 145.2072479, -37.899704 ], [ 145.2075965, -37.8999664 ], [ 145.2083408, -37.8990482 ], [ 145.2080698, -37.898551 ], [ 145.2072883, -37.8986852 ], [ 145.2069052, -37.8966349 ], [ 145.206288, -37.8969302 ], [ 145.2045739, -37.8956303 ], [ 145.2029094, -37.8960366 ], [ 145.201458, -37.8952971 ], [ 145.2018531, -37.8951522 ], [ 145.2003724, -37.8936291 ], [ 145.2006675, -37.8931044 ], [ 145.1993053, -37.8921551 ], [ 145.1998655, -37.8911353 ], [ 145.1990226, -37.8897773 ], [ 145.1984215, -37.889162 ], [ 145.1971783, -37.8892371 ], [ 145.1966394, -37.8884347 ], [ 145.1962048, -37.8885969 ], [ 145.1953142, -37.8872064 ], [ 145.1959587, -37.8860832 ], [ 145.1943568, -37.8856981 ], [ 145.1946697, -37.8849379 ], [ 145.1954752, -37.8849218 ], [ 145.1945472, -37.8844838 ], [ 145.1953951, -37.8838464 ], [ 145.1947193, -37.8835725 ], [ 145.1954353, -37.88323 ], [ 145.1945332, -37.8831718 ], [ 145.1941178, -37.8820872 ], [ 145.1939271, -37.8825093 ], [ 145.1931315, -37.882453 ], [ 145.1929701, -37.8814429 ], [ 145.1921718, -37.881297 ], [ 145.1924156, -37.8808725 ], [ 145.1911991, -37.8809779 ], [ 145.1908672, -37.8805643 ], [ 145.191632, -37.8803542 ], [ 145.1920934, -37.8793561 ], [ 145.1912422, -37.8768541 ], [ 145.1926586, -37.8757211 ], [ 145.1926296, -37.8747651 ], [ 145.1918105, -37.874463 ], [ 145.1923997, -37.8744956 ], [ 145.1921933, -37.8740366 ], [ 145.1933959, -37.8742622 ], [ 145.1927398, -37.873912 ], [ 145.1934769, -37.8734636 ], [ 145.1931204, -37.872559 ], [ 145.1920704, -37.8721075 ], [ 145.1921711, -37.8716396 ], [ 145.1932687, -37.8715759 ], [ 145.1928848, -37.870657 ], [ 145.1937781, -37.8700738 ], [ 145.1936339, -37.8691927 ], [ 145.1948171, -37.8686414 ], [ 145.194014, -37.8685023 ], [ 145.1949834, -37.8675064 ], [ 145.1944141, -37.8672411 ], [ 145.1951222, -37.866919 ], [ 145.1941644, -37.8662696 ], [ 145.1953982, -37.8661947 ], [ 145.1946997, -37.8654226 ], [ 145.1957105, -37.8651712 ], [ 145.095111, -37.8533495 ], [ 145.0882259, -37.8929764 ], [ 145.0841081, -37.8918078 ], [ 145.081032, -37.8883758 ], [ 145.0781825, -37.8871518 ], [ 145.0742074, -37.908145 ], [ 145.0853064, -37.9095149 ] ] ] } },
{ "type": "Feature", "properties": { "lga_name": "Moonee Valley" }, "geometry": { "type": "Polygon", "coordinates": [ [ [ 144.8710667, -37.7667953 ], [ 144.870632, -37.7659189 ], [ 144.872923, -37.7617502 ], [ 144.8782405, -37.7591873 ], [ 144.8815955, -37.7560377 ], [ 144.8852369, -37.7560314 ], [ 144.8856834, -37.7567215 ], [ 144.8841154, -37.7603189 ], [ 144.8848519, -37.7615588 ], [ 144.889367, -37.7620585 ], [ 144.8937521, -37.7657569 ], [ 144.8982983, -37.7646503 ], [ 144.9004167, -37.7648344 ], [ 144.9018133, -37.7657164 ], [ 144.9020445, -37.7695733 ], [ 144.8982885, -37.7709123 ], [ 144.8958604, -37.7731762 ], [ 144.8975666, -37.7801438 ], [ 144.9039899, -37.784585 ], [ 144.902627, -37.7896614 ], [ 144.9042499, -37.7887185 ], [ 144.9049272, -37.7872945 ], [ 144.9063202, -37.7874504 ], [ 144.9069145, -37.784623 ], [ 144.9082783, -37.782504 ], [ 144.9135861, -37.7793901 ], [ 144.9213086, -37.7874588 ], [ 144.9294715, -37.7881574 ], [ 144.9295791, -37.7886099 ], [ 144.9309669, -37.78876 ], [ 144.9319923, -37.7888497 ], [ 144.9321714, -37.7883355 ], [ 144.9382539, -37.7889859 ], [ 144.9403796, -37.7876444 ], [ 144.9389238, -37.7814368 ], [ 144.9364966, -37.7757284 ], [ 144.9363299, -37.7742837 ], [ 144.9383106, -37.7712565 ], [ 144.9352477, -37.7706639 ], [ 144.9355963, -37.7698295 ], [ 144.9378704, -37.7686442 ], [ 144.9384132, -37.7609324 ], [ 144.9365291, -37.7601836 ], [ 144.9341409, -37.7605526 ], [ 144.9340535, -37.759566 ], [ 144.9329978, -37.7588651 ], [ 144.9335899, -37.7574712 ], [ 144.9345609, -37.7568064 ], [ 144.933617, -37.7551417 ], [ 144.934872, -37.7541993 ], [ 144.9348988, -37.7532357 ], [ 144.9324385, -37.7526108 ], [ 144.9305462, -37.7536621 ], [ 144.9293621, -37.7519525 ], [ 144.9284261, -37.7526234 ], [ 144.9267219, -37.751459 ], [ 144.9274081, -37.7492774 ], [ 144.9292054, -37.747597 ], [ 144.9282886, -37.7470713 ], [ 144.9285523, -37.7457131 ], [ 144.9328332, -37.7454673 ], [ 144.9346246, -37.7438977 ], [ 144.9333763, -37.7424565 ], [ 144.9316454, -37.7421609 ], [ 144.930125, -37.7403416 ], [ 144.9299378, -37.7381139 ], [ 144.9287649, -37.7374408 ], [ 144.9282483, -37.7348086 ], [ 144.9245507, -37.7326884 ], [ 144.9246127, -37.731004 ], [ 144.9256425, -37.7302406 ], [ 144.9247277, -37.7297403 ], [ 144.9247566, -37.7290188 ], [ 144.9225368, -37.7289504 ], [ 144.9221759, -37.7273339 ], [ 144.9180917, -37.7240267 ], [ 144.9145507, -37.7237993 ], [ 144.9145714, -37.7231028 ], [ 144.9133448, -37.7226536 ], [ 144.9123218, -37.7208251 ], [ 144.9112672, -37.7208623 ], [ 144.9113587, -37.7215056 ], [ 144.9105147, -37.721949 ], [ 144.9092736, -37.7199779 ], [ 144.9093531, -37.7193998 ], [ 144.9106737, -37.7188931 ], [ 144.9098867, -37.7177135 ], [ 144.9078134, -37.7170305 ], [ 144.9055136, -37.7173775 ], [ 144.9046947, -37.715757 ], [ 144.9034924, -37.7169155 ], [ 144.902311, -37.7167826 ], [ 144.9029597, -37.7144757 ], [ 144.898147, -37.7092269 ], [ 144.8920424, -37.7098707 ], [ 144.8884622, -37.7108183 ], [ 144.8710373, -37.720857 ], [ 144.8461186, -37.7474385 ], [ 144.8484035, -37.7510277 ], [ 144.8495442, -37.7544133 ], [ 144.8483628, -37.7599202 ], [ 144.8492417, -37.7611121 ], [ 144.8538698, -37.7624469 ], [ 144.8540545, -37.7655065 ], [ 144.8510562, -37.7689679 ], [ 144.8518206, -37.7723017 ], [ 144.8526005, -37.773195 ], [ 144.8578364, -37.7758116 ], [ 144.8607063, -37.7761544 ], [ 144.8646128, -37.7737921 ], [ 144.8651908, -37.7722777 ], [ 144.8671731, -37.7721 ], [ 144.8715987, -37.7727607 ], [ 144.8740849, -37.7714042 ], [ 144.8744952, -37.7694134 ], [ 144.8710667, -37.7667953 ] ] ] } },
{ "type": "Feature", "properties": { "lga_name": "Merri-Bek" }, "geometry": { "type": "Polygon", "coordinates": [ [ [ 144.9340466, -37.7604925 ], [ 144.9367906, -37.7602318 ], [ 144.9384514, -37.7611031 ], [ 144.9378704, -37.7686442 ], [ 144.9355963, -37.7698295 ], [ 144.9352513, -37.7705912 ], [ 144.9383106, -37.7712565 ], [ 144.9363299, -37.7742837 ], [ 144.9370795, -37.777787 ], [ 144.938042, -37.7779066 ], [ 144.937709, -37.7770609 ], [ 144.9388069, -37.7754476 ], [ 144.9781346, -37.7800731 ], [ 144.978878, -37.775349 ], [ 144.9885183, -37.776407 ], [ 144.9885356, -37.7750858 ], [ 144.9870179, -37.7745617 ], [ 144.9842997, -37.770949 ], [ 144.9845459, -37.7672051 ], [ 144.9855715, -37.7661813 ], [ 144.9836649, -37.7638428 ], [ 144.9815844, -37.7631187 ], [ 144.9815026, -37.7622813 ], [ 144.9831933, -37.7615898 ], [ 144.9817529, -37.7605017 ], [ 144.9802299, -37.7579879 ], [ 144.9792042, -37.7542639 ], [ 144.9800349, -37.7530438 ], [ 144.981791, -37.7521542 ], [ 144.9805917, -37.7498881 ], [ 144.9814021, -37.7487916 ], [ 144.9802012, -37.7463891 ], [ 144.9814751, -37.7462098 ], [ 144.9819691, -37.7455837 ], [ 144.9789894, -37.7427112 ], [ 144.9797859, -37.7427552 ], [ 144.9829423, -37.7359591 ], [ 144.9852655, -37.7213692 ], [ 144.9818151, -37.7210636 ], [ 144.9814258, -37.7217114 ], [ 144.9786129, -37.7214277 ], [ 144.9781867, -37.7203702 ], [ 144.9794329, -37.7197244 ], [ 144.9787085, -37.7192414 ], [ 144.9781065, -37.71667 ], [ 144.9796401, -37.7166694 ], [ 144.9804577, -37.7161501 ], [ 144.9808741, -37.7147801 ], [ 144.9805671, -37.7143459 ], [ 144.9770244, -37.7136513 ], [ 144.9790055, -37.7125499 ], [ 144.9788299, -37.7113684 ], [ 144.97711, -37.7102119 ], [ 144.9788515, -37.7079544 ], [ 144.9808221, -37.7074091 ], [ 144.9785199, -37.7047525 ], [ 144.9802951, -37.7038932 ], [ 144.9819201, -37.7038991 ], [ 144.9825363, -37.703041 ], [ 144.981065, -37.7011648 ], [ 144.9798276, -37.7010181 ], [ 144.9794342, -37.700306 ], [ 144.9806921, -37.6980293 ], [ 144.9803922, -37.6975145 ], [ 144.9787144, -37.6970753 ], [ 144.9783851, -37.6961603 ], [ 144.9789913, -37.6945382 ], [ 144.9772604, -37.6939525 ], [ 144.9760644, -37.6949788 ], [ 144.9729414, -37.6924876 ], [ 144.9704444, -37.6926796 ], [ 144.9703992, -37.6919578 ], [ 144.9721314, -37.6910049 ], [ 144.9401946, -37.6928117 ], [ 144.921159, -37.6945473 ], [ 144.9045911, -37.6939208 ], [ 144.9021112, -37.6948042 ], [ 144.8893437, -37.7045919 ], [ 144.8862264, -37.7077492 ], [ 144.8884622, -37.7108183 ], [ 144.8920424, -37.7098707 ], [ 144.898147, -37.7092269 ], [ 144.9029597, -37.7144757 ], [ 144.902311, -37.7167826 ], [ 144.9034924, -37.7169155 ], [ 144.9046947, -37.715757 ], [ 144.9055136, -37.7173775 ], [ 144.9078134, -37.7170305 ], [ 144.9098867, -37.7177135 ], [ 144.9106737, -37.7188931 ], [ 144.9093531, -37.7193998 ], [ 144.9092736, -37.7199779 ], [ 144.9105147, -37.721949 ], [ 144.9113587, -37.7215056 ], [ 144.9112672, -37.7208623 ], [ 144.9123218, -37.7208251 ], [ 144.9133448, -37.7226536 ], [ 144.9145714, -37.7231028 ], [ 144.9145507, -37.7237993 ], [ 144.9180917, -37.7240267 ], [ 144.9221759, -37.7273339 ], [ 144.9225368, -37.7289504 ], [ 144.9247566, -37.7290188 ], [ 144.9247277, -37.7297403 ], [ 144.9256425, -37.7302406 ], [ 144.9246127, -37.731004 ], [ 144.9245507, -37.7326884 ], [ 144.9282483, -37.7348086 ], [ 144.9287649, -37.7374408 ], [ 144.9299378, -37.7381139 ], [ 144.930125, -37.7403416 ], [ 144.9316454, -37.7421609 ], [ 144.9333763, -37.7424565 ], [ 144.934666, -37.7440507 ], [ 144.9328332, -37.7454673 ], [ 144.9285523, -37.7457131 ], [ 144.9282886, -37.7470713 ], [ 144.9292054, -37.747597 ], [ 144.9274081, -37.7492774 ], [ 144.9267394, -37.7515201 ], [ 144.9284261, -37.7526234 ], [ 144.9293621, -37.7519525 ], [ 144.9305462, -37.7536621 ], [ 144.9324385, -37.7526108 ], [ 144.9349509, -37.7532898 ], [ 144.934872, -37.7541993 ], [ 144.933617, -37.7551417 ], [ 144.9345609, -37.7568064 ], [ 144.9329657, -37.7587216 ], [ 144.9340535, -37.759566 ], [ 144.9340466, -37.7604925 ] ] ] } },
{ "type": "Feature", "properties": { "lga_name": "Manningham" }, "geometry": { "type": "Polygon", "coordinates": [ [ [ 145.2359655, -37.7900863 ], [ 145.2405733, -37.7647776 ], [ 145.2539714, -37.7662313 ], [ 145.2576697, -37.7650117 ], [ 145.2653839, -37.7669208 ], [ 145.2685832, -37.7659982 ], [ 145.2716549, -37.7638347 ], [ 145.2719207, -37.763106 ], [ 145.2782052, -37.7618451 ], [ 145.2895722, -37.762819 ], [ 145.2907654, -37.7555138 ], [ 145.2897155, -37.752681 ], [ 145.2837597, -37.7472 ], [ 145.2816669, -37.7425808 ], [ 145.2835125, -37.7325377 ], [ 145.284568, -37.7315104 ], [ 145.2915819, -37.7283212 ], [ 145.2925406, -37.727277 ], [ 145.2939326, -37.7228899 ], [ 145.2923667, -37.7192495 ], [ 145.2935629, -37.712408 ], [ 145.2914148, -37.7113324 ], [ 145.2932487, -37.7095282 ], [ 145.2920567, -37.7087138 ], [ 145.2902743, -37.7097284 ], [ 145.2891044, -37.7089698 ], [ 145.2905019, -37.7081352 ], [ 145.2913639, -37.7067645 ], [ 145.2923107, -37.7024442 ], [ 145.2860758, -37.7034382 ], [ 145.2827829, -37.7083527 ], [ 145.2829489, -37.7097164 ], [ 145.2849917, -37.7117974 ], [ 145.2850595, -37.7142626 ], [ 145.2869672, -37.7149309 ], [ 145.286201, -37.716517 ], [ 145.283702, -37.7188123 ], [ 145.2827726, -37.7182932 ], [ 145.2831136, -37.7159468 ], [ 145.282588, -37.7147295 ], [ 145.279148, -37.7132694 ], [ 145.2772951, -37.7135483 ], [ 145.2769435, -37.7158717 ], [ 145.2724617, -37.7159378 ], [ 145.2757859, -37.7100976 ], [ 145.2727394, -37.7084038 ], [ 145.2730309, -37.7051024 ], [ 145.2723613, -37.7038833 ], [ 145.2679301, -37.7033201 ], [ 145.2672122, -37.7041388 ], [ 145.2676498, -37.7056323 ], [ 145.2695216, -37.7049794 ], [ 145.270358, -37.7054941 ], [ 145.26822, -37.7074932 ], [ 145.2652975, -37.7084236 ], [ 145.2640308, -37.70721 ], [ 145.2630354, -37.7080567 ], [ 145.2607073, -37.7078573 ], [ 145.2594344, -37.7093059 ], [ 145.2579402, -37.7099748 ], [ 145.2548648, -37.7099717 ], [ 145.2547941, -37.7109648 ], [ 145.2564959, -37.7121572 ], [ 145.2561006, -37.7141209 ], [ 145.2537917, -37.7171505 ], [ 145.2498352, -37.7183587 ], [ 145.2487495, -37.7206546 ], [ 145.247136, -37.7207714 ], [ 145.2431475, -37.7189544 ], [ 145.2428815, -37.7206336 ], [ 145.2437517, -37.7232537 ], [ 145.2424967, -37.7254259 ], [ 145.2409667, -37.7250585 ], [ 145.2375152, -37.7205853 ], [ 145.2365486, -37.7199873 ], [ 145.2354892, -37.7203118 ], [ 145.2347236, -37.7214327 ], [ 145.2363957, -37.7238518 ], [ 145.236531, -37.7270027 ], [ 145.2402533, -37.7271905 ], [ 145.2422205, -37.7279843 ], [ 145.2417081, -37.7301726 ], [ 145.2402801, -37.7315882 ], [ 145.2406187, -37.7322475 ], [ 145.2422496, -37.7328154 ], [ 145.2431113, -37.7342143 ], [ 145.2431663, -37.7352471 ], [ 145.2420719, -37.7360725 ], [ 145.2392895, -37.7347713 ], [ 145.2362525, -37.7314855 ], [ 145.228864, -37.7316432 ], [ 145.2270194, -37.7331036 ], [ 145.2287624, -37.7364342 ], [ 145.230581, -37.7376616 ], [ 145.2299663, -37.7387703 ], [ 145.226011, -37.7361089 ], [ 145.2202066, -37.7361479 ], [ 145.2160203, -37.7389593 ], [ 145.2125503, -37.7393892 ], [ 145.2096392, -37.740741 ], [ 145.2050387, -37.7417631 ], [ 145.2014836, -37.7393931 ], [ 145.2013033, -37.7387724 ], [ 145.2023312, -37.7377572 ], [ 145.2033797, -37.737211 ], [ 145.2069658, -37.737193 ], [ 145.2109666, -37.7359538 ], [ 145.2148606, -37.7340663 ], [ 145.2153593, -37.7319224 ], [ 145.214131, -37.7305866 ], [ 145.2119745, -37.7296463 ], [ 145.2096735, -37.729722 ], [ 145.2061313, -37.7311943 ], [ 145.2016324, -37.7303699 ], [ 145.1998648, -37.7316473 ], [ 145.1984309, -37.7337303 ], [ 145.1986651, -37.7403261 ], [ 145.1973071, -37.7413567 ], [ 145.1928039, -37.7390635 ], [ 145.1918927, -37.7380774 ], [ 145.1918023, -37.734846 ], [ 145.1943139, -37.7328601 ], [ 145.193968, -37.7318435 ], [ 145.1928557, -37.731584 ], [ 145.1901498, -37.7322358 ], [ 145.1890647, -37.7317683 ], [ 145.1881758, -37.7304206 ], [ 145.1848819, -37.7308972 ], [ 145.1814924, -37.7298018 ], [ 145.1804589, -37.7320901 ], [ 145.1783561, -37.7338316 ], [ 145.1798095, -37.737435 ], [ 145.177601, -37.7384832 ], [ 145.1769174, -37.7382879 ], [ 145.1765789, -37.7354006 ], [ 145.1758709, -37.7349416 ], [ 145.1699775, -37.7349628 ], [ 145.1652338, -37.7342374 ], [ 145.1641311, -37.7346519 ], [ 145.1625179, -37.7377288 ], [ 145.1552398, -37.7339693 ], [ 145.1536237, -37.7342714 ], [ 145.1516242, -37.7356853 ], [ 145.1499673, -37.738453 ], [ 145.1483657, -37.7372292 ], [ 145.1459025, -37.7385185 ], [ 145.1428555, -37.7390088 ], [ 145.1377182, -37.7383535 ], [ 145.1365032, -37.7405238 ], [ 145.1350561, -37.7410951 ], [ 145.1332474, -37.7428494 ], [ 145.126325, -37.7403741 ], [ 145.122657, -37.7405316 ], [ 145.1199501, -37.7446979 ], [ 145.1202288, -37.7478736 ], [ 145.1186739, -37.74951 ], [ 145.1199037, -37.7496456 ], [ 145.122972, -37.7475237 ], [ 145.1253895, -37.74952 ], [ 145.1260358, -37.7510692 ], [ 145.1241834, -37.7506648 ], [ 145.1226861, -37.7492256 ], [ 145.1212812, -37.7522886 ], [ 145.1150375, -37.7531438 ], [ 145.1128546, -37.7552399 ], [ 145.1090848, -37.7553564 ], [ 145.1048411, -37.7540107 ], [ 145.1010292, -37.7519601 ], [ 145.0980485, -37.7489817 ], [ 145.0957063, -37.7491861 ], [ 145.0929227, -37.7537176 ], [ 145.0915988, -37.7543273 ], [ 145.0878257, -37.7527947 ], [ 145.0855089, -37.7529729 ], [ 145.0843938, -37.751733 ], [ 145.0824503, -37.7513932 ], [ 145.0815983, -37.7541093 ], [ 145.083267, -37.7548516 ], [ 145.0818012, -37.7562961 ], [ 145.080958, -37.7560569 ], [ 145.0806879, -37.754559 ], [ 145.0798206, -37.7539197 ], [ 145.0782925, -37.7539516 ], [ 145.0772498, -37.7557454 ], [ 145.0780499, -37.7566213 ], [ 145.0802301, -37.7572477 ], [ 145.0804762, -37.757948 ], [ 145.0791564, -37.758318 ], [ 145.0747562, -37.7569416 ], [ 145.072951, -37.7590115 ], [ 145.0734583, -37.7596022 ], [ 145.0767798, -37.7585227 ], [ 145.0774005, -37.7608776 ], [ 145.0791863, -37.7622309 ], [ 145.0783092, -37.7642919 ], [ 145.0765557, -37.7661715 ], [ 145.0763765, -37.7673933 ], [ 145.0728959, -37.7665498 ], [ 145.071538, -37.7671103 ], [ 145.0720175, -37.7691736 ], [ 145.0754738, -37.7707498 ], [ 145.0755081, -37.7720625 ], [ 145.0766005, -37.7736018 ], [ 145.0756597, -37.7738384 ], [ 145.0737406, -37.772249 ], [ 145.0722312, -37.772009 ], [ 145.0709428, -37.7710968 ], [ 145.0689843, -37.7729453 ], [ 145.069456, -37.7747429 ], [ 145.0674484, -37.7791519 ], [ 145.0675237, -37.7797048 ], [ 145.0685643, -37.7796259 ], [ 145.0683508, -37.7810616 ], [ 145.0693582, -37.7812669 ], [ 145.0711365, -37.7807734 ], [ 145.0716369, -37.7796885 ], [ 145.0745871, -37.7796694 ], [ 145.0762703, -37.7774261 ], [ 145.0774762, -37.7769557 ], [ 145.0782552, -37.7773024 ], [ 145.0787956, -37.7768364 ], [ 145.0792701, -37.7774839 ], [ 145.0803711, -37.7774562 ], [ 145.080514, -37.7783953 ], [ 145.0818288, -37.7788765 ], [ 145.0818167, -37.7793992 ], [ 145.096155, -37.7796686 ], [ 145.0990885, -37.7815755 ], [ 145.1010774, -37.7861003 ], [ 145.1047614, -37.7893274 ], [ 145.1046991, -37.791262 ], [ 145.1071272, -37.7924337 ], [ 145.1084577, -37.7924998 ], [ 145.1095347, -37.7940213 ], [ 145.1089926, -37.7946825 ], [ 145.1097345, -37.7946148 ], [ 145.1103279, -37.7955579 ], [ 145.1125225, -37.7952517 ], [ 145.1144652, -37.7961333 ], [ 145.1156602, -37.7955357 ], [ 145.1168341, -37.7956267 ], [ 145.1180413, -37.7965733 ], [ 145.1189618, -37.7963644 ], [ 145.1204537, -37.7977436 ], [ 145.121983, -37.7976532 ], [ 145.1241027, -37.7987487 ], [ 145.125128, -37.798878 ], [ 145.1253759, -37.7982814 ], [ 145.1260815, -37.7984198 ], [ 145.1270698, -37.7975935 ], [ 145.1281248, -37.7974781 ], [ 145.1300016, -37.7960079 ], [ 145.1328553, -37.7953361 ], [ 145.1334422, -37.7963115 ], [ 145.1366916, -37.7963574 ], [ 145.137158, -37.7982225 ], [ 145.1394342, -37.7980052 ], [ 145.1420745, -37.7966142 ], [ 145.1430164, -37.7976121 ], [ 145.1442498, -37.7974786 ], [ 145.1454646, -37.7980802 ], [ 145.1464993, -37.7999739 ], [ 145.1472686, -37.7998233 ], [ 145.1480466, -37.8004586 ], [ 145.1488293, -37.8002796 ], [ 145.1498272, -37.7987664 ], [ 145.1513936, -37.7988334 ], [ 145.1529412, -37.8004777 ], [ 145.1531958, -37.8001015 ], [ 145.154312, -37.8008171 ], [ 145.1582149, -37.8004588 ], [ 145.1607653, -37.801926 ], [ 145.1630876, -37.801793 ], [ 145.1715165, -37.8029498 ], [ 145.1737067, -37.8040361 ], [ 145.1780778, -37.8034449 ], [ 145.1779594, -37.8052913 ], [ 145.1838897, -37.8061122 ], [ 145.1850218, -37.8012206 ], [ 145.1888822, -37.8035814 ], [ 145.1902863, -37.8055549 ], [ 145.2053427, -37.8055434 ], [ 145.2058257, -37.8061463 ], [ 145.205478, -37.8071755 ], [ 145.2072441, -37.8063716 ], [ 145.2087168, -37.8088592 ], [ 145.2108079, -37.8084896 ], [ 145.2135211, -37.8117799 ], [ 145.2172062, -37.790883 ], [ 145.2181836, -37.7909806 ], [ 145.2202509, -37.7925756 ], [ 145.2221027, -37.7923098 ], [ 145.2228317, -37.7889487 ], [ 145.2359655, -37.7900863 ] ] ] } },
{ "type": "Feature", "properties": { "lga_name": "Whitehorse" }, "geometry": { "type": "Polygon", "coordinates": [ [ [ 145.1027058, -37.8120261 ], [ 145.1000715, -37.8238692 ], [ 145.0987914, -37.8244418 ], [ 145.0991929, -37.8261638 ], [ 145.0999293, -37.8262472 ], [ 145.095111, -37.8533495 ], [ 145.1953243, -37.8651293 ], [ 145.1961936, -37.8645987 ], [ 145.1966075, -37.8652042 ], [ 145.1971191, -37.8649024 ], [ 145.1967322, -37.8640854 ], [ 145.1979643, -37.8637851 ], [ 145.1976389, -37.8634139 ], [ 145.1989775, -37.8634901 ], [ 145.1993877, -37.8628555 ], [ 145.1986088, -37.8626804 ], [ 145.1997396, -37.861602 ], [ 145.2004218, -37.8613835 ], [ 145.2010207, -37.8621106 ], [ 145.2013905, -37.8610173 ], [ 145.1996326, -37.8597648 ], [ 145.200692, -37.8585265 ], [ 145.2023604, -37.8585033 ], [ 145.2039184, -37.8568591 ], [ 145.2049077, -37.8573323 ], [ 145.2058945, -37.8559964 ], [ 145.2062734, -37.8564452 ], [ 145.2066054, -37.855995 ], [ 145.2069377, -37.8563657 ], [ 145.2075308, -37.8560679 ], [ 145.2065849, -37.855777 ], [ 145.2061795, -37.8552816 ], [ 145.2066934, -37.8547825 ], [ 145.2060691, -37.8548363 ], [ 145.2063543, -37.8544872 ], [ 145.2058264, -37.8542121 ], [ 145.2067779, -37.8537389 ], [ 145.2068078, -37.8523164 ], [ 145.2079286, -37.8526637 ], [ 145.2083562, -37.8522693 ], [ 145.2086932, -37.8526675 ], [ 145.20807, -37.8518428 ], [ 145.2097176, -37.851282 ], [ 145.2091578, -37.8511078 ], [ 145.2091709, -37.8503982 ], [ 145.2099929, -37.8504127 ], [ 145.2099528, -37.8485009 ], [ 145.2106472, -37.8475162 ], [ 145.2098867, -37.8473496 ], [ 145.2101698, -37.8469004 ], [ 145.2107571, -37.8471145 ], [ 145.2101305, -37.8459146 ], [ 145.2113825, -37.8450942 ], [ 145.211333, -37.8443437 ], [ 145.2126647, -37.8430399 ], [ 145.2118746, -37.8428791 ], [ 145.2125326, -37.842441 ], [ 145.2124524, -37.8416942 ], [ 145.2134143, -37.8413971 ], [ 145.2127541, -37.840988 ], [ 145.2138606, -37.8406599 ], [ 145.2133142, -37.8401463 ], [ 145.2135211, -37.8117799 ], [ 145.212853, -37.8107379 ], [ 145.2120555, -37.8105611 ], [ 145.2106128, -37.8083847 ], [ 145.2087387, -37.8088765 ], [ 145.2072441, -37.8063716 ], [ 145.2054933, -37.8071863 ], [ 145.2058257, -37.8061463 ], [ 145.2053427, -37.8055434 ], [ 145.1902863, -37.8055549 ], [ 145.1888822, -37.8035814 ], [ 145.1850218, -37.8012206 ], [ 145.1838897, -37.8061122 ], [ 145.1779594, -37.8052913 ], [ 145.1780778, -37.8034449 ], [ 145.1737067, -37.8040361 ], [ 145.1715165, -37.8029498 ], [ 145.1630876, -37.801793 ], [ 145.1607653, -37.801926 ], [ 145.1582149, -37.8004588 ], [ 145.154312, -37.8008171 ], [ 145.1531958, -37.8001015 ], [ 145.1529412, -37.8004777 ], [ 145.1513936, -37.7988334 ], [ 145.1498272, -37.7987664 ], [ 145.1488293, -37.8002796 ], [ 145.1480466, -37.8004586 ], [ 145.1472686, -37.7998233 ], [ 145.1464993, -37.7999739 ], [ 145.1454646, -37.7980802 ], [ 145.1442498, -37.7974786 ], [ 145.1430164, -37.7976121 ], [ 145.1420745, -37.7966142 ], [ 145.1394342, -37.7980052 ], [ 145.137158, -37.7982225 ], [ 145.1366916, -37.7963574 ], [ 145.1334422, -37.7963115 ], [ 145.1328553, -37.7953361 ], [ 145.1300016, -37.7960079 ], [ 145.1281248, -37.7974781 ], [ 145.1270698, -37.7975935 ], [ 145.1260815, -37.7984198 ], [ 145.1253759, -37.7982814 ], [ 145.125128, -37.798878 ], [ 145.124152, -37.7987589 ], [ 145.121983, -37.7976532 ], [ 145.1204537, -37.7977436 ], [ 145.1189618, -37.7963644 ], [ 145.1180413, -37.7965733 ], [ 145.1168341, -37.7956267 ], [ 145.1156602, -37.7955357 ], [ 145.1145184, -37.7961384 ], [ 145.1125225, -37.7952517 ], [ 145.1102858, -37.7955467 ], [ 145.1097345, -37.7946148 ], [ 145.1089543, -37.7946442 ], [ 145.1095347, -37.7940213 ], [ 145.1084775, -37.7925159 ], [ 145.1067556, -37.792129 ], [ 145.1053568, -37.7933327 ], [ 145.1066825, -37.7939951 ], [ 145.1040651, -37.7963142 ], [ 145.1034598, -37.7975333 ], [ 145.1044233, -37.8008769 ], [ 145.1040647, -37.8021383 ], [ 145.1048802, -37.8031727 ], [ 145.1035538, -37.8092879 ], [ 145.1026785, -37.8096704 ], [ 145.1028253, -37.8106134 ], [ 145.1016083, -37.8118869 ], [ 145.1027058, -37.8120261 ] ] ] } },
{ "type": "Feature", "properties": { "lga_name": "Melton" }, "geometry": { "type": "Polygon", "coordinates": [ [ [ 144.4907679, -37.7055721 ], [ 144.4776783, -37.7810142 ], [ 144.5235431, -37.7862128 ], [ 144.5209333, -37.8002568 ], [ 144.5663541, -37.8056825 ], [ 144.5676443, -37.7988494 ], [ 144.5775683, -37.8040847 ], [ 144.5773907, -37.806622 ], [ 144.5788158, -37.8042339 ], [ 144.580057, -37.8044308 ], [ 144.5807365, -37.8040452 ], [ 144.582481, -37.8013826 ], [ 144.5821092, -37.8009325 ], [ 144.5795168, -37.800534 ], [ 144.5783724, -37.7999564 ], [ 144.5783353, -37.7994051 ], [ 144.5835306, -37.795238 ], [ 144.5882885, -37.7943658 ], [ 144.5889258, -37.7931462 ], [ 144.6959413, -37.8050197 ], [ 144.7088859, -37.8068631 ], [ 144.7508764, -37.8104188 ], [ 144.7580235, -37.7572609 ], [ 144.7591784, -37.7560855 ], [ 144.756565, -37.754243 ], [ 144.757344, -37.7521081 ], [ 144.7568648, -37.750698 ], [ 144.7572513, -37.7482444 ], [ 144.7591402, -37.7477039 ], [ 144.7594338, -37.7448325 ], [ 144.7603819, -37.7439406 ], [ 144.7605461, -37.7422063 ], [ 144.7629078, -37.7398215 ], [ 144.7623931, -37.7381552 ], [ 144.7640254, -37.7256517 ], [ 144.7681486, -37.7096291 ], [ 144.7605624, -37.7087622 ], [ 144.7609499, -37.7067337 ], [ 144.7517599, -37.7056223 ], [ 144.7541314, -37.6931406 ], [ 144.7564268, -37.6934207 ], [ 144.7583343, -37.6810331 ], [ 144.7441761, -37.6629526 ], [ 144.7465879, -37.663209 ], [ 144.7414346, -37.6578222 ], [ 144.7342638, -37.6425524 ], [ 144.7244865, -37.6267398 ], [ 144.7209644, -37.6238588 ], [ 144.7140999, -37.619995 ], [ 144.6925719, -37.5949234 ], [ 144.6838261, -37.5821354 ], [ 144.6723797, -37.5677941 ], [ 144.6262094, -37.5629048 ], [ 144.6267549, -37.5600559 ], [ 144.5697124, -37.5534626 ], [ 144.5679845, -37.5524949 ], [ 144.5673877, -37.5532167 ], [ 144.5612002, -37.5521707 ], [ 144.5611001, -37.5533619 ], [ 144.5593517, -37.5555731 ], [ 144.5584838, -37.5557467 ], [ 144.558605, -37.5562654 ], [ 144.556927, -37.5567152 ], [ 144.5560345, -37.5562963 ], [ 144.5561186, -37.5595471 ], [ 144.5529819, -37.5615053 ], [ 144.5514072, -37.5612632 ], [ 144.5508186, -37.5637352 ], [ 144.5487499, -37.564659 ], [ 144.5489459, -37.5659711 ], [ 144.5479459, -37.5660755 ], [ 144.5478668, -37.5672624 ], [ 144.5469836, -37.5673943 ], [ 144.5461847, -37.5696416 ], [ 144.5451038, -37.5695878 ], [ 144.5450316, -37.5712377 ], [ 144.5427685, -37.5731501 ], [ 144.542561, -37.5741088 ], [ 144.5416499, -37.5739752 ], [ 144.5406412, -37.5747716 ], [ 144.5391775, -37.5743304 ], [ 144.5393716, -37.5749343 ], [ 144.5379634, -37.5764652 ], [ 144.5388186, -37.5773438 ], [ 144.5379588, -37.5789223 ], [ 144.5387719, -37.5835764 ], [ 144.534345, -37.5884045 ], [ 144.5360149, -37.5881788 ], [ 144.5363891, -37.5894349 ], [ 144.5349015, -37.5904827 ], [ 144.5334432, -37.5902437 ], [ 144.5342399, -37.5915868 ], [ 144.532596, -37.5941949 ], [ 144.5310638, -37.5953981 ], [ 144.5298229, -37.5951167 ], [ 144.5287877, -37.5974222 ], [ 144.5275427, -37.5982509 ], [ 144.528307, -37.5990904 ], [ 144.5273833, -37.5997069 ], [ 144.5283142, -37.6019389 ], [ 144.5270949, -37.6019915 ], [ 144.5257912, -37.6009348 ], [ 144.5246016, -37.6029863 ], [ 144.523299, -37.6029471 ], [ 144.5225891, -37.6045385 ], [ 144.522946, -37.605636 ], [ 144.5244569, -37.6058688 ], [ 144.5236938, -37.6077072 ], [ 144.5256065, -37.6081532 ], [ 144.5239586, -37.6095805 ], [ 144.5261627, -37.610925 ], [ 144.5258934, -37.6123819 ], [ 144.5268865, -37.6142389 ], [ 144.5279067, -37.6141453 ], [ 144.5276068, -37.6159755 ], [ 144.5264892, -37.6168603 ], [ 144.5272883, -37.6183307 ], [ 144.5243395, -37.6217729 ], [ 144.5241648, -37.622824 ], [ 144.522926, -37.6227122 ], [ 144.5230028, -37.624111 ], [ 144.5218847, -37.626149 ], [ 144.5192803, -37.6279505 ], [ 144.5216475, -37.629236 ], [ 144.5198119, -37.6295929 ], [ 144.5201746, -37.6334996 ], [ 144.5190402, -37.6357058 ], [ 144.5191327, -37.6370431 ], [ 144.5205299, -37.6378486 ], [ 144.5209482, -37.6398726 ], [ 144.5194246, -37.6389013 ], [ 144.518933, -37.6420003 ], [ 144.5167227, -37.6429402 ], [ 144.517779, -37.6438157 ], [ 144.5177061, -37.6452347 ], [ 144.5163792, -37.6458441 ], [ 144.5166859, -37.6470559 ], [ 144.5188309, -37.6476225 ], [ 144.5193295, -37.6483381 ], [ 144.5183072, -37.6492658 ], [ 144.5188658, -37.6500941 ], [ 144.51726, -37.650678 ], [ 144.518529, -37.6527901 ], [ 144.5176819, -37.6538364 ], [ 144.5188385, -37.654934 ], [ 144.5177466, -37.6555344 ], [ 144.5184914, -37.6569838 ], [ 144.5193825, -37.6571568 ], [ 144.5182675, -37.6581021 ], [ 144.5195149, -37.6587167 ], [ 144.5189182, -37.659982 ], [ 144.5206056, -37.6608135 ], [ 144.5186213, -37.6626621 ], [ 144.5195148, -37.6633465 ], [ 144.5190608, -37.6646625 ], [ 144.5211215, -37.6659385 ], [ 144.5195829, -37.6657782 ], [ 144.5191969, -37.6661685 ], [ 144.5202438, -37.6681332 ], [ 144.5192765, -37.668081 ], [ 144.5180488, -37.6669024 ], [ 144.5152813, -37.6682688 ], [ 144.516031, -37.6698329 ], [ 144.516826, -37.6694135 ], [ 144.5186055, -37.6702891 ], [ 144.5179962, -37.671277 ], [ 144.5159355, -37.6717715 ], [ 144.5184681, -37.6727703 ], [ 144.5173178, -37.6737285 ], [ 144.5173024, -37.6744881 ], [ 144.5165302, -37.6746164 ], [ 144.5152652, -37.6726887 ], [ 144.5139509, -37.6743952 ], [ 144.5120684, -37.6756034 ], [ 144.5141931, -37.6772316 ], [ 144.5140468, -37.6781385 ], [ 144.5123735, -37.6770434 ], [ 144.5120878, -37.6775625 ], [ 144.5135498, -37.6795177 ], [ 144.5140387, -37.6845297 ], [ 144.5163521, -37.6847875 ], [ 144.5163803, -37.6856821 ], [ 144.514543, -37.685627 ], [ 144.5143682, -37.686538 ], [ 144.516021, -37.6873209 ], [ 144.5179343, -37.6923536 ], [ 144.516526, -37.6934844 ], [ 144.5164603, -37.6951021 ], [ 144.5150376, -37.6964053 ], [ 144.5147914, -37.6978784 ], [ 144.5161201, -37.6992414 ], [ 144.5167061, -37.6989337 ], [ 144.5173361, -37.6993735 ], [ 144.5176808, -37.7009986 ], [ 144.5192217, -37.7018122 ], [ 144.5190717, -37.7023332 ], [ 144.5181329, -37.7024466 ], [ 144.5190151, -37.7035281 ], [ 144.5197522, -37.7035143 ], [ 144.5203048, -37.7051241 ], [ 144.5179163, -37.7070011 ], [ 144.5152439, -37.7078424 ], [ 144.5015863, -37.7087826 ], [ 144.498506, -37.7078122 ], [ 144.495426, -37.7040826 ], [ 144.4936794, -37.7036083 ], [ 144.4907679, -37.7055721 ] ] ] } },
{ "type": "Feature", "properties": { "lga_name": "Wyndham" }, "geometry": { "type": "Polygon", "coordinates": [ [ [ 144.6840097, -37.9735501 ], [ 144.6777157, -37.9745473 ], [ 144.6717577, -37.9730443 ], [ 144.6703899, -37.9723172 ], [ 144.6682818, -37.9681574 ], [ 144.6696397, -37.968923 ], [ 144.6720269, -37.9722714 ], [ 144.6749048, -37.9730435 ], [ 144.6779542, -37.9734136 ], [ 144.680659, -37.9725886 ], [ 144.6855891, -37.9722192 ], [ 144.6903275, -37.9745412 ], [ 144.6905047, -37.9750976 ], [ 144.6990784, -37.9731615 ], [ 144.6996972, -37.9721891 ], [ 144.701382, -37.9717345 ], [ 144.7053085, -37.9688455 ], [ 144.7074662, -37.9654171 ], [ 144.7136212, -37.9618381 ], [ 144.7194379, -37.9561917 ], [ 144.7214695, -37.9549085 ], [ 144.721065, -37.9538966 ], [ 144.7232314, -37.9515677 ], [ 144.7319628, -37.9468299 ], [ 144.733718, -37.9441591 ], [ 144.735767, -37.9429797 ], [ 144.7411781, -37.9413194 ], [ 144.7413421, -37.9404417 ], [ 144.7442558, -37.9393566 ], [ 144.7496681, -37.9389544 ], [ 144.7501433, -37.9393156 ], [ 144.7505584, -37.938928 ], [ 144.7534859, -37.939195 ], [ 144.7609225, -37.9374896 ], [ 144.7673034, -37.9325558 ], [ 144.7724534, -37.9296931 ], [ 144.7796809, -37.9278391 ], [ 144.7919612, -37.9275701 ], [ 144.7938669, -37.9268151 ], [ 144.7960005, -37.923827 ], [ 144.7991095, -37.9230927 ], [ 144.7973964, -37.9191206 ], [ 144.7975505, -37.9095851 ], [ 144.7973522, -37.9094634 ], [ 144.796847, -37.9086865 ], [ 144.797499, -37.9095 ], [ 144.7983189, -37.9057523 ], [ 144.8014753, -37.9007605 ], [ 144.8019636, -37.897851 ], [ 144.8039635, -37.894407 ], [ 144.8033738, -37.8950744 ], [ 144.8025299, -37.894599 ], [ 144.801456, -37.8948535 ], [ 144.7999618, -37.8968161 ], [ 144.7996052, -37.8989202 ], [ 144.7973333, -37.8996123 ], [ 144.7917313, -37.8985344 ], [ 144.7889687, -37.8987998 ], [ 144.7863194, -37.9000551 ], [ 144.7817485, -37.8995738 ], [ 144.7804852, -37.8988327 ], [ 144.7802987, -37.8936174 ], [ 144.777549, -37.8921377 ], [ 144.77526, -37.8876768 ], [ 144.7729202, -37.8850044 ], [ 144.7702467, -37.8840152 ], [ 144.7679523, -37.8849657 ], [ 144.7666426, -37.8839387 ], [ 144.7633261, -37.8835874 ], [ 144.7623875, -37.8886489 ], [ 144.7558479, -37.8879621 ], [ 144.7559999, -37.8871411 ], [ 144.7517125, -37.8866639 ], [ 144.752462, -37.8825196 ], [ 144.7514328, -37.8823971 ], [ 144.7523869, -37.8764631 ], [ 144.7535502, -37.876485 ], [ 144.754813, -37.8694571 ], [ 144.7600688, -37.8689642 ], [ 144.760212, -37.8667471 ], [ 144.7616066, -37.8664166 ], [ 144.7614906, -37.8659468 ], [ 144.7661911, -37.8647554 ], [ 144.7670343, -37.8577805 ], [ 144.7700337, -37.8582723 ], [ 144.7706308, -37.8553915 ], [ 144.7689455, -37.851191 ], [ 144.7763719, -37.8466103 ], [ 144.7809277, -37.8457903 ], [ 144.7819473, -37.8441451 ], [ 144.7851322, -37.8445178 ], [ 144.813991, -37.8309992 ], [ 144.8238438, -37.8241228 ], [ 144.8274876, -37.822804 ], [ 144.8261716, -37.8214085 ], [ 144.8250488, -37.8185604 ], [ 144.8266702, -37.8168888 ], [ 144.7088859, -37.8068631 ], [ 144.6959413, -37.8050197 ], [ 144.5889258, -37.7931462 ], [ 144.5882885, -37.7943658 ], [ 144.5835306, -37.795238 ], [ 144.5783353, -37.7994051 ], [ 144.5783724, -37.7999564 ], [ 144.5795168, -37.800534 ], [ 144.5821092, -37.8009325 ], [ 144.582481, -37.8013826 ], [ 144.5807365, -37.8040452 ], [ 144.580057, -37.8044308 ], [ 144.5788158, -37.8042339 ], [ 144.5773907, -37.806622 ], [ 144.5775683, -37.8040847 ], [ 144.5676443, -37.7988494 ], [ 144.5663541, -37.8056825 ], [ 144.5209333, -37.8002568 ], [ 144.5235431, -37.7862128 ], [ 144.4776783, -37.7810142 ], [ 144.4669643, -37.8391986 ], [ 144.4489637, -37.8371408 ], [ 144.4440772, -37.8638395 ], [ 144.4466719, -37.8643546 ], [ 144.4474775, -37.8654488 ], [ 144.4470027, -37.8672947 ], [ 144.4486288, -37.8684608 ], [ 144.4493612, -37.8685803 ], [ 144.4502595, -37.867541 ], [ 144.4514689, -37.8671753 ], [ 144.4533267, -37.8669978 ], [ 144.4547016, -37.8676141 ], [ 144.4543576, -37.869328 ], [ 144.4556668, -37.8699691 ], [ 144.4560395, -37.8719733 ], [ 144.4583218, -37.8739645 ], [ 144.460362, -37.8736114 ], [ 144.4628649, -37.8752004 ], [ 144.4634093, -37.8770808 ], [ 144.4645641, -37.8778333 ], [ 144.4693037, -37.8841871 ], [ 144.4729294, -37.8827029 ], [ 144.4714927, -37.8866712 ], [ 144.4724486, -37.8881079 ], [ 144.4730676, -37.8882258 ], [ 144.474723, -37.8866375 ], [ 144.4796852, -37.8885565 ], [ 144.4807422, -37.8901592 ], [ 144.4808277, -37.8909035 ], [ 144.4801754, -37.8913377 ], [ 144.4803092, -37.8944003 ], [ 144.479547, -37.8952445 ], [ 144.4813453, -37.8970206 ], [ 144.4816235, -37.89832 ], [ 144.4810143, -37.8995352 ], [ 144.4825929, -37.9022885 ], [ 144.4839572, -37.9024667 ], [ 144.4843146, -37.9029569 ], [ 144.4841855, -37.9071895 ], [ 144.4847095, -37.9090424 ], [ 144.4811041, -37.9090785 ], [ 144.4783504, -37.9104231 ], [ 144.478014, -37.911005 ], [ 144.4787277, -37.912661 ], [ 144.4783015, -37.9150754 ], [ 144.4764615, -37.9165914 ], [ 144.4773771, -37.9181668 ], [ 144.4767937, -37.9201654 ], [ 144.4770591, -37.9221603 ], [ 144.478932, -37.9224064 ], [ 144.4797703, -37.9215256 ], [ 144.4810153, -37.9215008 ], [ 144.4826809, -37.9231216 ], [ 144.4822086, -37.9236644 ], [ 144.4809567, -37.9235603 ], [ 144.4807018, -37.9250889 ], [ 144.4791044, -37.9276468 ], [ 144.4751793, -37.9281547 ], [ 144.4767812, -37.9301741 ], [ 144.4770513, -37.9320146 ], [ 144.4763738, -37.9332937 ], [ 144.4743228, -37.9339682 ], [ 144.474027, -37.9358594 ], [ 144.4748357, -37.936704 ], [ 144.4767581, -37.9365448 ], [ 144.4789147, -37.9390182 ], [ 144.4767457, -37.9398705 ], [ 144.4764964, -37.9417828 ], [ 144.4795018, -37.9423796 ], [ 144.4796178, -37.9433895 ], [ 144.4813375, -37.9442593 ], [ 144.480611, -37.9449735 ], [ 144.4797557, -37.9444678 ], [ 144.4784343, -37.9445406 ], [ 144.477123, -37.9455472 ], [ 144.4799429, -37.9489615 ], [ 144.4801044, -37.950235 ], [ 144.484399, -37.9533032 ], [ 144.4852824, -37.9551084 ], [ 144.4862791, -37.9551697 ], [ 144.4883531, -37.957325 ], [ 144.48911, -37.9610664 ], [ 144.4909239, -37.9610393 ], [ 144.4964457, -37.9641466 ], [ 144.4952385, -37.9656177 ], [ 144.4947185, -37.9680704 ], [ 144.4947995, -37.9708463 ], [ 144.4958139, -37.9742869 ], [ 144.4976287, -37.9739985 ], [ 144.5016258, -37.9756099 ], [ 144.5050642, -37.9741053 ], [ 144.507321, -37.973978 ], [ 144.5086445, -37.9747552 ], [ 144.5087528, -37.9783978 ], [ 144.5093867, -37.9784792 ], [ 144.5104843, -37.9776326 ], [ 144.5114604, -37.9777727 ], [ 144.5136666, -37.9797418 ], [ 144.5157571, -37.9793669 ], [ 144.5176677, -37.9808616 ], [ 144.5192701, -37.9809493 ], [ 144.5203714, -37.9801683 ], [ 144.5221509, -37.980397 ], [ 144.5231162, -37.9794886 ], [ 144.5226407, -37.9761781 ], [ 144.5236497, -37.9752505 ], [ 144.5240646, -37.9733874 ], [ 144.5266932, -37.9740447 ], [ 144.5319595, -37.9712679 ], [ 144.5336772, -37.971334 ], [ 144.5363846, -37.9724678 ], [ 144.5402827, -37.9713726 ], [ 144.5422223, -37.9713967 ], [ 144.5454479, -37.9724298 ], [ 144.5475212, -37.9718181 ], [ 144.5480907, -37.9724465 ], [ 144.547694, -37.9735167 ], [ 144.5504884, -37.9758642 ], [ 144.5496168, -37.9788134 ], [ 144.5510925, -37.9795891 ], [ 144.5522009, -37.9823523 ], [ 144.5535134, -37.9830147 ], [ 144.5546434, -37.9847855 ], [ 144.555788, -37.9852931 ], [ 144.5568162, -37.9848059 ], [ 144.5606784, -37.9846668 ], [ 144.5629335, -37.9862562 ], [ 144.5654335, -37.9867406 ], [ 144.5661398, -37.9866183 ], [ 144.5671211, -37.9859775 ], [ 144.5666108, -37.9862121 ], [ 144.5663914, -37.9858232 ], [ 144.5666141, -37.9840563 ], [ 144.5678241, -37.9845153 ], [ 144.5683815, -37.9853572 ], [ 144.5673658, -37.985845 ], [ 144.5685233, -37.9865986 ], [ 144.5683529, -37.9883773 ], [ 144.573387, -37.9943628 ], [ 144.5734241, -37.9958106 ], [ 144.5719852, -37.9964325 ], [ 144.5717817, -37.9970918 ], [ 144.5733821, -37.9992073 ], [ 144.5771564, -38.0015482 ], [ 144.5802121, -38.0024771 ], [ 144.5832459, -38.0025262 ], [ 144.5897335, -38.0041272 ], [ 144.5935479, -38.0044099 ], [ 144.5945906, -38.0047101 ], [ 144.5944215, -38.005296 ], [ 144.5947884, -38.0047514 ], [ 144.5958434, -38.0048018 ], [ 144.5980856, -38.0063858 ], [ 144.5996976, -38.0058343 ], [ 144.6006614, -38.0037005 ], [ 144.6025484, -38.0025512 ], [ 144.6158836, -38.0008382 ], [ 144.6200163, -38.0010425 ], [ 144.6220614, -38.000311 ], [ 144.6274252, -38.0005546 ], [ 144.6334324, -38.0017454 ], [ 144.6347166, -38.0012393 ], [ 144.6401707, -38.0020077 ], [ 144.6508632, -38.001917 ], [ 144.6600153, -37.9941892 ], [ 144.6790384, -37.9811617 ], [ 144.6793773, -37.9800955 ], [ 144.6815839, -37.9788763 ], [ 144.6838251, -37.9766044 ], [ 144.6878894, -37.974337 ], [ 144.6876836, -37.9736921 ], [ 144.6872713, -37.9740576 ], [ 144.6840097, -37.9735501 ] ] ] } },
{ "type": "Feature", "properties": { "lga_name": "Melbourne" }, "geometry": { "type": "Polygon", "coordinates": [ [ [ 144.9561884, -37.8283719 ], [ 144.9618917, -37.8281587 ], [ 144.9658451, -37.8314823 ], [ 144.9713216, -37.8298949 ], [ 144.9718001, -37.8322802 ], [ 144.9754707, -37.8360528 ], [ 144.9806426, -37.8502194 ], [ 144.9842013, -37.8506674 ], [ 144.9913307, -37.809857 ], [ 144.9731882, -37.8079229 ], [ 144.9757157, -37.7930474 ], [ 144.9683899, -37.7922602 ], [ 144.969517, -37.7856188 ], [ 144.9635867, -37.7850048 ], [ 144.9640054, -37.7823762 ], [ 144.9629006, -37.7814112 ], [ 144.9626068, -37.7791751 ], [ 144.9614729, -37.7781955 ], [ 144.9388069, -37.7754476 ], [ 144.937709, -37.7770609 ], [ 144.938042, -37.7779066 ], [ 144.9370795, -37.777787 ], [ 144.9389238, -37.7814368 ], [ 144.9403796, -37.7876444 ], [ 144.9382539, -37.7889859 ], [ 144.9321714, -37.7883355 ], [ 144.9319923, -37.7888497 ], [ 144.9309669, -37.78876 ], [ 144.9295791, -37.7886099 ], [ 144.9294715, -37.7881574 ], [ 144.9213086, -37.7874588 ], [ 144.9135861, -37.7793901 ], [ 144.9082783, -37.782504 ], [ 144.9069145, -37.784623 ], [ 144.9063202, -37.7874504 ], [ 144.9049272, -37.7872945 ], [ 144.9042499, -37.7887185 ], [ 144.902627, -37.7896614 ], [ 144.9028318, -37.7905469 ], [ 144.9040601, -37.7918303 ], [ 144.913677, -37.7955155 ], [ 144.9157162, -37.7967865 ], [ 144.9165043, -37.798071 ], [ 144.9149882, -37.8001799 ], [ 144.9127351, -37.7995228 ], [ 144.9110576, -37.800011 ], [ 144.9092199, -37.8024702 ], [ 144.9066842, -37.8082325 ], [ 144.9054681, -37.8134539 ], [ 144.906641, -37.8210053 ], [ 144.9060648, -37.8222442 ], [ 144.8993341, -37.8284327 ], [ 144.8972662, -37.832495 ], [ 144.8970341, -37.8375501 ], [ 144.8978728, -37.8413278 ], [ 144.9023208, -37.8466334 ], [ 144.903658, -37.8460249 ], [ 144.9072538, -37.8494664 ], [ 144.902971, -37.8394646 ], [ 144.9056782, -37.8390971 ], [ 144.9064805, -37.8393761 ], [ 144.9064913, -37.8420234 ], [ 144.9121895, -37.849285 ], [ 144.9169811, -37.8475289 ], [ 144.912468, -37.8409918 ], [ 144.9152408, -37.8395061 ], [ 144.9154211, -37.838623 ], [ 144.9132608, -37.8340247 ], [ 144.9181592, -37.8322541 ], [ 144.9222793, -37.8287053 ], [ 144.9322809, -37.8264717 ], [ 144.9383991, -37.8258787 ], [ 144.9428232, -37.8260531 ], [ 144.9561884, -37.8283719 ] ] ] } },
{ "type": "Feature", "properties": { "lga_name": "Port Phillip" }, "geometry": { "type": "Polygon", "coordinates": [ [ [ 144.961179, -37.85459 ], [ 144.9640577, -37.8563531 ], [ 144.960875, -37.8607756 ], [ 144.9622275, -37.8613388 ], [ 144.9637592, -37.8644081 ], [ 144.9661697, -37.8653188 ], [ 144.9709392, -37.864527 ], [ 144.9752642, -37.8692137 ], [ 144.9740767, -37.8699788 ], [ 144.9751302, -37.8696876 ], [ 144.9754662, -37.8715587 ], [ 144.9732794, -37.8721633 ], [ 144.9743305, -37.8737791 ], [ 144.9743633, -37.8759575 ], [ 144.9757655, -37.8795442 ], [ 144.9756977, -37.8822535 ], [ 144.9794034, -37.884733 ], [ 144.9848233, -37.8909842 ], [ 144.9906719, -37.8917367 ], [ 144.9922644, -37.8832738 ], [ 144.9970522, -37.8838652 ], [ 145.0000359, -37.866455 ], [ 145.0091663, -37.8675964 ], [ 145.0105215, -37.8602254 ], [ 144.9931279, -37.857884 ], [ 144.98992, -37.8565443 ], [ 144.9833216, -37.855657 ], [ 144.9842013, -37.8506674 ], [ 144.9806426, -37.8502194 ], [ 144.9754707, -37.8360528 ], [ 144.9718001, -37.8322802 ], [ 144.9713216, -37.8298949 ], [ 144.9658451, -37.8314823 ], [ 144.9631969, -37.8288082 ], [ 144.9618375, -37.8281462 ], [ 144.9575005, -37.8285427 ], [ 144.9428232, -37.8260531 ], [ 144.9372082, -37.8259262 ], [ 144.9322809, -37.8264717 ], [ 144.9222793, -37.8287053 ], [ 144.9181592, -37.8322541 ], [ 144.9132608, -37.8340247 ], [ 144.9154211, -37.838623 ], [ 144.9152408, -37.8395061 ], [ 144.912468, -37.8409918 ], [ 144.9131942, -37.8422844 ], [ 144.9156956, -37.8406536 ], [ 144.9184292, -37.8398294 ], [ 144.9229344, -37.839943 ], [ 144.9233786, -37.8406545 ], [ 144.9266984, -37.8406705 ], [ 144.9263126, -37.8418271 ], [ 144.9269358, -37.8419587 ], [ 144.9275206, -37.8402085 ], [ 144.931368, -37.8410331 ], [ 144.9315328, -37.8416525 ], [ 144.9306715, -37.8416494 ], [ 144.9316073, -37.8420098 ], [ 144.9310843, -37.8420187 ], [ 144.9306824, -37.8427618 ], [ 144.9314433, -37.8422072 ], [ 144.9298639, -37.8473266 ], [ 144.9306058, -37.8471677 ], [ 144.9324592, -37.8428057 ], [ 144.9334113, -37.84241 ], [ 144.9357566, -37.842898 ], [ 144.961179, -37.85459 ] ] ] } },
{ "type": "Feature", "properties": { "lga_name": "Kingston" }, "geometry": { "type": "Polygon", "coordinates": [ [ [ 145.1084616, -38.0428186 ], [ 145.1168295, -38.0621482 ], [ 145.1190525, -38.0706683 ], [ 145.1167285, -38.0708917 ], [ 145.1173064, -38.0736527 ], [ 145.1186679, -38.077537 ], [ 145.1209329, -38.0772516 ], [ 145.1213562, -38.0780731 ], [ 145.1227806, -38.085095 ], [ 145.1244932, -38.0847471 ], [ 145.1239469, -38.0823886 ], [ 145.1268863, -38.0817221 ], [ 145.127883, -38.0817472 ], [ 145.1319409, -38.0838389 ], [ 145.1363491, -38.0825352 ], [ 145.1386198, -38.0831593 ], [ 145.1415063, -38.0824752 ], [ 145.1488729, -38.0834518 ], [ 145.1500832, -38.0750856 ], [ 145.1546332, -38.0756624 ], [ 145.1562341, -38.0674527 ], [ 145.1499748, -38.0671015 ], [ 145.1375644, -38.0325742 ], [ 145.1364293, -38.0297264 ], [ 145.1335121, -38.0253838 ], [ 145.1392998, -38.0187825 ], [ 145.146009, -37.9831561 ], [ 145.1409403, -37.9773757 ], [ 145.1328995, -37.9636297 ], [ 145.1296578, -37.961477 ], [ 145.1316965, -37.9600172 ], [ 145.1365886, -37.9604974 ], [ 145.1418983, -37.9314112 ], [ 145.0824341, -37.9239922 ], [ 145.0795334, -37.9387524 ], [ 145.0344011, -37.9330281 ], [ 145.0365293, -37.9355964 ], [ 145.036444, -37.9385787 ], [ 145.037848, -37.9425724 ], [ 145.0551971, -37.9680418 ], [ 145.051696, -37.9868232 ], [ 145.0577892, -37.9886621 ], [ 145.0657249, -37.9928963 ], [ 145.0722116, -37.9974948 ], [ 145.0803676, -38.0045298 ], [ 145.0844486, -38.0105805 ], [ 145.0840912, -38.0111937 ], [ 145.0826633, -38.0092713 ], [ 145.0829656, -38.0130102 ], [ 145.0885097, -38.0137564 ], [ 145.0891033, -38.0133974 ], [ 145.0933473, -38.0178204 ], [ 145.1003768, -38.0279525 ], [ 145.1084616, -38.0428186 ] ] ] } },
{ "type": "Feature", "properties": { "lga_name": "Maribyrnong" }, "geometry": { "type": "Polygon", "coordinates": [ [ [ 144.8858577, -37.822788 ], [ 144.8880333, -37.823008 ], [ 144.8891155, -37.82476 ], [ 144.8913557, -37.8255332 ], [ 144.8932126, -37.8255706 ], [ 144.8949339, -37.8269553 ], [ 144.8958571, -37.8217965 ], [ 144.9054146, -37.822872 ], [ 144.906641, -37.8210053 ], [ 144.9054681, -37.8134539 ], [ 144.9063061, -37.8093929 ], [ 144.9086955, -37.8035468 ], [ 144.9110576, -37.800011 ], [ 144.9127351, -37.7995228 ], [ 144.9149882, -37.8001799 ], [ 144.9165043, -37.798071 ], [ 144.9157162, -37.7967865 ], [ 144.913677, -37.7955155 ], [ 144.9035151, -37.7914655 ], [ 144.9026135, -37.7898064 ], [ 144.9039899, -37.784585 ], [ 144.8979488, -37.78058 ], [ 144.8972501, -37.779505 ], [ 144.895899, -37.7730103 ], [ 144.8982885, -37.7709123 ], [ 144.9020445, -37.7695733 ], [ 144.9016914, -37.7655046 ], [ 144.9004167, -37.7648344 ], [ 144.8982983, -37.7646503 ], [ 144.8937521, -37.7657569 ], [ 144.889367, -37.7620585 ], [ 144.8848519, -37.7615588 ], [ 144.8841499, -37.7599156 ], [ 144.8856753, -37.7564936 ], [ 144.8847797, -37.7559208 ], [ 144.8826507, -37.7558247 ], [ 144.8813097, -37.7561895 ], [ 144.8782405, -37.7591873 ], [ 144.8725289, -37.7621418 ], [ 144.870577, -37.7661321 ], [ 144.8744263, -37.7691004 ], [ 144.8742593, -37.7711868 ], [ 144.8728288, -37.7722473 ], [ 144.8713436, -37.7727781 ], [ 144.867416, -37.772119 ], [ 144.8651908, -37.7722777 ], [ 144.8646128, -37.7737921 ], [ 144.861081, -37.7760204 ], [ 144.8585177, -37.7760099 ], [ 144.8524865, -37.7731041 ], [ 144.85126, -37.769768 ], [ 144.8505667, -37.7734085 ], [ 144.8482153, -37.7731133 ], [ 144.8447992, -37.7935562 ], [ 144.8438385, -37.7952068 ], [ 144.8418337, -37.7962719 ], [ 144.8425394, -37.7973156 ], [ 144.8391574, -37.7969234 ], [ 144.844302, -37.8036182 ], [ 144.855852, -37.8148899 ], [ 144.8598326, -37.8138418 ], [ 144.8577518, -37.8245495 ], [ 144.8704445, -37.8242549 ], [ 144.8810683, -37.8254135 ], [ 144.8813074, -37.8247252 ], [ 144.8842649, -37.8246649 ], [ 144.8858577, -37.822788 ] ] ] } },
{ "type": "Feature", "properties": { "lga_name": "Maroondah" }, "geometry": { "type": "Polygon", "coordinates": [ [ [ 145.3087775, -37.7978468 ], [ 145.3088381, -37.7940022 ], [ 145.3079051, -37.7939425 ], [ 145.3069963, -37.7924282 ], [ 145.3077834, -37.7916773 ], [ 145.3072927, -37.7907734 ], [ 145.308739, -37.7900594 ], [ 145.3086185, -37.7895775 ], [ 145.3056874, -37.7892306 ], [ 145.3063281, -37.7856371 ], [ 145.3052656, -37.7843521 ], [ 145.3054652, -37.7831352 ], [ 145.3074135, -37.7836843 ], [ 145.3062735, -37.7818321 ], [ 145.3059476, -37.7799074 ], [ 145.306432, -37.7788979 ], [ 145.3077613, -37.7782962 ], [ 145.3078724, -37.7775377 ], [ 145.3070219, -37.7765903 ], [ 145.3034624, -37.7757551 ], [ 145.3005529, -37.7734291 ], [ 145.2991665, -37.7714496 ], [ 145.2973397, -37.7703828 ], [ 145.2972371, -37.7692761 ], [ 145.3003414, -37.7673943 ], [ 145.2998186, -37.7668481 ], [ 145.2959095, -37.7664084 ], [ 145.296443, -37.7634537 ], [ 145.2782052, -37.7618451 ], [ 145.2719207, -37.763106 ], [ 145.2716549, -37.7638347 ], [ 145.2685832, -37.7659982 ], [ 145.2653839, -37.7669208 ], [ 145.2576697, -37.7650117 ], [ 145.2539714, -37.7662313 ], [ 145.2405733, -37.7647776 ], [ 145.2359655, -37.7900863 ], [ 145.2228317, -37.7889487 ], [ 145.2221027, -37.7923098 ], [ 145.2202509, -37.7925756 ], [ 145.2181836, -37.7909806 ], [ 145.2172062, -37.790883 ], [ 145.2134035, -37.8122483 ], [ 145.2133388, -37.8401006 ], [ 145.215715, -37.8395056 ], [ 145.215051, -37.838845 ], [ 145.2166258, -37.8383018 ], [ 145.2170154, -37.8387596 ], [ 145.2171213, -37.8383255 ], [ 145.2175501, -37.8385268 ], [ 145.2176675, -37.8373784 ], [ 145.218808, -37.8374719 ], [ 145.21887, -37.8383467 ], [ 145.2191867, -37.8379483 ], [ 145.2201695, -37.8384266 ], [ 145.2203685, -37.8379042 ], [ 145.2211417, -37.838598 ], [ 145.2212643, -37.8378355 ], [ 145.2222315, -37.8378041 ], [ 145.2230159, -37.8385102 ], [ 145.2232441, -37.8377978 ], [ 145.2244302, -37.8386468 ], [ 145.2246488, -37.8383036 ], [ 145.2255287, -37.838839 ], [ 145.2267981, -37.8387853 ], [ 145.2271449, -37.8393752 ], [ 145.2280874, -37.8391026 ], [ 145.2291506, -37.8397292 ], [ 145.2291785, -37.8393509 ], [ 145.2301847, -37.8394582 ], [ 145.2305008, -37.8403026 ], [ 145.2308249, -37.8397005 ], [ 145.2323778, -37.8403155 ], [ 145.232959, -37.8393732 ], [ 145.2360663, -37.8394787 ], [ 145.236879, -37.8400404 ], [ 145.2378324, -37.838784 ], [ 145.2383642, -37.8390562 ], [ 145.2392046, -37.8385443 ], [ 145.2443022, -37.8386305 ], [ 145.247683, -37.8375936 ], [ 145.2484743, -37.8381135 ], [ 145.249061, -37.8375806 ], [ 145.2494925, -37.8383117 ], [ 145.2499127, -37.8376213 ], [ 145.2503929, -37.8380817 ], [ 145.2548624, -37.8363489 ], [ 145.255894, -37.8361566 ], [ 145.2561862, -37.8366434 ], [ 145.2567929, -37.835749 ], [ 145.2587797, -37.8368014 ], [ 145.2616505, -37.8359807 ], [ 145.2670695, -37.836972 ], [ 145.2698235, -37.8357543 ], [ 145.2716771, -37.8363612 ], [ 145.2744421, -37.8357489 ], [ 145.2784072, -37.8359057 ], [ 145.279926, -37.8348433 ], [ 145.2805039, -37.83312 ], [ 145.2817193, -37.8328364 ], [ 145.2935278, -37.8340595 ], [ 145.3088584, -37.8417293 ], [ 145.3086676, -37.8426631 ], [ 145.317974, -37.8439173 ], [ 145.3187268, -37.8402801 ], [ 145.3187223, -37.8317215 ], [ 145.3168078, -37.8181589 ], [ 145.3042874, -37.8215381 ], [ 145.3087775, -37.7978468 ] ] ] } },
{ "type": "Feature", "properties": { "lga_name": "Darebin" }, "geometry": { "type": "Polygon", "coordinates": [ [ [ 144.9845459, -37.7672051 ], [ 144.9844105, -37.7711707 ], [ 144.9870179, -37.7745617 ], [ 144.9885356, -37.7750858 ], [ 144.9885183, -37.776407 ], [ 144.9897508, -37.7778761 ], [ 144.990049, -37.7795706 ], [ 144.9919973, -37.7804129 ], [ 144.9919948, -37.7825515 ], [ 144.9975228, -37.7855922 ], [ 144.9993697, -37.7852284 ], [ 145.0021929, -37.7829897 ], [ 145.004228, -37.7843704 ], [ 145.0072582, -37.7839109 ], [ 145.0121429, -37.7842087 ], [ 145.0350016, -37.7798562 ], [ 145.0359891, -37.7788641 ], [ 145.0343824, -37.7788084 ], [ 145.0351051, -37.7778124 ], [ 145.0350671, -37.776078 ], [ 145.0359347, -37.7750371 ], [ 145.0340659, -37.7725564 ], [ 145.0367928, -37.7726181 ], [ 145.0370741, -37.771188 ], [ 145.0367334, -37.7705442 ], [ 145.0353845, -37.7702734 ], [ 145.0321869, -37.7705388 ], [ 145.0308107, -37.7651627 ], [ 145.0278281, -37.763877 ], [ 145.0281497, -37.7620245 ], [ 145.0299607, -37.7602177 ], [ 145.0291096, -37.7576979 ], [ 145.032267, -37.7569308 ], [ 145.0306044, -37.7547007 ], [ 145.0317518, -37.7528638 ], [ 145.031359, -37.75097 ], [ 145.0323076, -37.7499483 ], [ 145.0320637, -37.7491577 ], [ 145.0348262, -37.7483909 ], [ 145.0360882, -37.7467742 ], [ 145.0353048, -37.7458116 ], [ 145.0334045, -37.7457248 ], [ 145.0351262, -37.7437472 ], [ 145.0340731, -37.741963 ], [ 145.0330074, -37.7413656 ], [ 145.0320426, -37.7376441 ], [ 145.0336161, -37.7367884 ], [ 145.0337347, -37.7351539 ], [ 145.0373321, -37.7350658 ], [ 145.0381502, -37.7338118 ], [ 145.0399691, -37.7326988 ], [ 145.0401572, -37.7320593 ], [ 145.0381277, -37.7302433 ], [ 145.0389507, -37.729907 ], [ 145.0403349, -37.7303904 ], [ 145.0405164, -37.7300464 ], [ 145.0394267, -37.7282913 ], [ 145.0383198, -37.7284847 ], [ 145.0385882, -37.7273134 ], [ 145.0608371, -37.7297795 ], [ 145.0615271, -37.7242114 ], [ 145.067494, -37.7248611 ], [ 145.0678185, -37.7245348 ], [ 145.0646785, -37.7202215 ], [ 145.0678406, -37.716602 ], [ 145.0692311, -37.7155678 ], [ 145.0745274, -37.7161301 ], [ 145.0754023, -37.7110497 ], [ 145.0745734, -37.7109599 ], [ 145.0749446, -37.7087888 ], [ 145.0695773, -37.7082057 ], [ 145.0645804, -37.7094567 ], [ 145.0513197, -37.7083897 ], [ 145.0574504, -37.7024731 ], [ 145.0582192, -37.6999826 ], [ 145.0447583, -37.6986847 ], [ 145.0434442, -37.6995933 ], [ 145.0418775, -37.6987573 ], [ 145.0407112, -37.6989473 ], [ 145.0408097, -37.6982697 ], [ 145.0114022, -37.6948515 ], [ 144.9721314, -37.6910049 ], [ 144.9705777, -37.6918194 ], [ 144.9704444, -37.6926796 ], [ 144.9729414, -37.6924876 ], [ 144.9759966, -37.6949623 ], [ 144.9772022, -37.6939626 ], [ 144.9787937, -37.6943218 ], [ 144.9787144, -37.6970753 ], [ 144.9803922, -37.6975145 ], [ 144.9806921, -37.6980293 ], [ 144.9794342, -37.6998767 ], [ 144.979577, -37.7006449 ], [ 144.9810473, -37.70115 ], [ 144.9825363, -37.703041 ], [ 144.9819201, -37.7038991 ], [ 144.9802951, -37.7038932 ], [ 144.9784797, -37.7048164 ], [ 144.9808221, -37.7074091 ], [ 144.9788515, -37.7079544 ], [ 144.9771345, -37.7101049 ], [ 144.9788299, -37.7113684 ], [ 144.9790055, -37.7125499 ], [ 144.9769904, -37.7135203 ], [ 144.9808672, -37.7147406 ], [ 144.9804577, -37.7161501 ], [ 144.9796401, -37.7166694 ], [ 144.9781065, -37.71667 ], [ 144.9787085, -37.7192414 ], [ 144.9794329, -37.7197244 ], [ 144.9781867, -37.7203702 ], [ 144.9786129, -37.7214277 ], [ 144.9814258, -37.7217114 ], [ 144.9818151, -37.7210636 ], [ 144.9852655, -37.7213692 ], [ 144.9829423, -37.7359591 ], [ 144.9797859, -37.7427552 ], [ 144.9789757, -37.7428504 ], [ 144.9819311, -37.74534 ], [ 144.9816675, -37.7461163 ], [ 144.9802012, -37.7463891 ], [ 144.9814021, -37.7487916 ], [ 144.9805917, -37.7498881 ], [ 144.981791, -37.7521542 ], [ 144.9800349, -37.7530438 ], [ 144.9792042, -37.7542639 ], [ 144.9802299, -37.7579879 ], [ 144.9817529, -37.7605017 ], [ 144.9831933, -37.7615898 ], [ 144.9815026, -37.7622813 ], [ 144.9815844, -37.7631187 ], [ 144.9836649, -37.7638428 ], [ 144.9855715, -37.7661813 ], [ 144.9845459, -37.7672051 ] ] ] } },
{ "type": "Feature", "properties": { "lga_name": "Brimbank" }, "geometry": { "type": "Polygon", "coordinates": [ [ [ 144.764638, -37.72323 ], [ 144.7623931, -37.7381552 ], [ 144.7629078, -37.7398215 ], [ 144.7605461, -37.7422063 ], [ 144.7603819, -37.7439406 ], [ 144.7594338, -37.7448325 ], [ 144.7591402, -37.7477039 ], [ 144.7572513, -37.7482444 ], [ 144.7568648, -37.750698 ], [ 144.757344, -37.7521081 ], [ 144.756565, -37.754243 ], [ 144.7591784, -37.7560855 ], [ 144.7580235, -37.7572609 ], [ 144.7508764, -37.8104188 ], [ 144.8266702, -37.8168888 ], [ 144.8250488, -37.8185604 ], [ 144.8261716, -37.8214085 ], [ 144.8274876, -37.822804 ], [ 144.855852, -37.8148899 ], [ 144.844302, -37.8036182 ], [ 144.8391574, -37.7969234 ], [ 144.8425394, -37.7973156 ], [ 144.8418337, -37.7962719 ], [ 144.8438385, -37.7952068 ], [ 144.8447992, -37.7935562 ], [ 144.8482153, -37.7731133 ], [ 144.8505667, -37.7734085 ], [ 144.8511896, -37.7685399 ], [ 144.8531865, -37.7668932 ], [ 144.854267, -37.7644699 ], [ 144.8537879, -37.7623595 ], [ 144.8492417, -37.7611121 ], [ 144.8483628, -37.7599202 ], [ 144.8495442, -37.7544133 ], [ 144.8484035, -37.7510277 ], [ 144.8461186, -37.7474385 ], [ 144.87019, -37.7214872 ], [ 144.8884622, -37.7108183 ], [ 144.8857916, -37.7071566 ], [ 144.88287, -37.7086263 ], [ 144.8607558, -37.7058231 ], [ 144.8594052, -37.7124134 ], [ 144.8474445, -37.711095 ], [ 144.8475102, -37.7103813 ], [ 144.8380395, -37.7093264 ], [ 144.8382689, -37.7059425 ], [ 144.8378679, -37.7054163 ], [ 144.8368382, -37.7054598 ], [ 144.8350712, -37.7032688 ], [ 144.8337829, -37.7034361 ], [ 144.8309779, -37.7053693 ], [ 144.8308405, -37.7058142 ], [ 144.8318225, -37.7058951 ], [ 144.8319037, -37.7068432 ], [ 144.8311403, -37.7065061 ], [ 144.8286074, -37.7067619 ], [ 144.8272696, -37.7060561 ], [ 144.8277598, -37.7055413 ], [ 144.8287562, -37.7056876 ], [ 144.8280777, -37.7044846 ], [ 144.8266504, -37.7043785 ], [ 144.8251383, -37.7033562 ], [ 144.8248466, -37.7022591 ], [ 144.8251242, -37.7011525 ], [ 144.8280894, -37.7006324 ], [ 144.8254783, -37.6992263 ], [ 144.8249084, -37.6983571 ], [ 144.8226475, -37.6983361 ], [ 144.8211431, -37.6991584 ], [ 144.8205405, -37.6986933 ], [ 144.8184857, -37.700043 ], [ 144.8181277, -37.6994012 ], [ 144.8119036, -37.6990892 ], [ 144.8096753, -37.6979056 ], [ 144.8095218, -37.697268 ], [ 144.811003, -37.6956703 ], [ 144.8149769, -37.6943668 ], [ 144.8155088, -37.6937048 ], [ 144.820687, -37.6922267 ], [ 144.8209127, -37.6907121 ], [ 144.8187569, -37.6872427 ], [ 144.8204797, -37.6843921 ], [ 144.8200512, -37.6829409 ], [ 144.8186363, -37.6823828 ], [ 144.8154684, -37.6824525 ], [ 144.8122604, -37.6816445 ], [ 144.8095189, -37.6815236 ], [ 144.8073382, -37.6830808 ], [ 144.8063845, -37.6831772 ], [ 144.8052916, -37.6804075 ], [ 144.805771, -37.6785847 ], [ 144.803786, -37.6770239 ], [ 144.8033794, -37.6756395 ], [ 144.8036458, -37.672203 ], [ 144.8046796, -37.6694904 ], [ 144.8037055, -37.6695681 ], [ 144.8016718, -37.6713147 ], [ 144.8023473, -37.6737814 ], [ 144.8011642, -37.6755166 ], [ 144.8007939, -37.6737856 ], [ 144.7982239, -37.6734908 ], [ 144.7986712, -37.6723762 ], [ 144.797871, -37.6716133 ], [ 144.7957444, -37.6735954 ], [ 144.7920323, -37.6754079 ], [ 144.7867762, -37.6758824 ], [ 144.7835628, -37.6756686 ], [ 144.7818983, -37.675067 ], [ 144.779841, -37.6765935 ], [ 144.7765656, -37.6768025 ], [ 144.7755754, -37.6752892 ], [ 144.7744518, -37.6708807 ], [ 144.7734779, -37.6702267 ], [ 144.7700146, -37.6698401 ], [ 144.7684714, -37.6684525 ], [ 144.768276, -37.6669439 ], [ 144.7716154, -37.6652654 ], [ 144.7722168, -37.6640425 ], [ 144.7675301, -37.6640583 ], [ 144.7659255, -37.6646102 ], [ 144.7646083, -37.6658522 ], [ 144.7635609, -37.6643631 ], [ 144.7625413, -37.6648413 ], [ 144.7616585, -37.6640206 ], [ 144.7595369, -37.6637268 ], [ 144.7592318, -37.6631787 ], [ 144.7576676, -37.6627842 ], [ 144.757297, -37.6642389 ], [ 144.7441761, -37.6629526 ], [ 144.7583343, -37.6810331 ], [ 144.7564268, -37.6934207 ], [ 144.7541314, -37.6931406 ], [ 144.7517599, -37.7056223 ], [ 144.7609499, -37.7067337 ], [ 144.7605624, -37.7087622 ], [ 144.7681486, -37.7096291 ], [ 144.764638, -37.72323 ] ] ] } },
{ "type": "Feature", "properties": { "lga_name": "Boroondara" }, "geometry": { "type": "Polygon", "coordinates": [ [ [ 145.0246178, -37.8344992 ], [ 145.0280698, -37.8376802 ], [ 145.0298291, -37.8378428 ], [ 145.0320422, -37.8372834 ], [ 145.0353349, -37.8379195 ], [ 145.0352414, -37.837214 ], [ 145.0368477, -37.8371354 ], [ 145.0375561, -37.8381912 ], [ 145.0390765, -37.8386876 ], [ 145.0392803, -37.8394711 ], [ 145.0402613, -37.8398749 ], [ 145.0404191, -37.8409042 ], [ 145.0396501, -37.8421989 ], [ 145.0404285, -37.843801 ], [ 145.0402912, -37.8454634 ], [ 145.0426638, -37.8475533 ], [ 145.0443912, -37.8483334 ], [ 145.0469568, -37.8484032 ], [ 145.0510542, -37.8511521 ], [ 145.0550074, -37.8522166 ], [ 145.0577326, -37.8543002 ], [ 145.0597206, -37.8547172 ], [ 145.0594323, -37.857673 ], [ 145.0628842, -37.8600078 ], [ 145.0617966, -37.8616935 ], [ 145.0621972, -37.8636825 ], [ 145.061799, -37.8655603 ], [ 145.0635587, -37.8667351 ], [ 145.0640146, -37.8681892 ], [ 145.0653976, -37.8675513 ], [ 145.0665071, -37.868155 ], [ 145.0669713, -37.8696901 ], [ 145.0689146, -37.8721695 ], [ 145.0685484, -37.8747343 ], [ 145.0702301, -37.8746012 ], [ 145.0730105, -37.8758929 ], [ 145.0749066, -37.8760033 ], [ 145.0782353, -37.874666 ], [ 145.0798018, -37.8732 ], [ 145.0821916, -37.8730873 ], [ 145.0873962, -37.8714949 ], [ 145.0902928, -37.8722153 ], [ 145.0921486, -37.8718098 ], [ 145.0999293, -37.8262472 ], [ 145.0991929, -37.8261638 ], [ 145.0987914, -37.8244418 ], [ 145.1000715, -37.8238692 ], [ 145.1003511, -37.8229036 ], [ 145.1027058, -37.8120261 ], [ 145.1016083, -37.8118869 ], [ 145.1028253, -37.8106134 ], [ 145.1026785, -37.8096704 ], [ 145.1035538, -37.8092879 ], [ 145.1048802, -37.8031727 ], [ 145.1040647, -37.8021383 ], [ 145.1044233, -37.8008769 ], [ 145.1034598, -37.7975333 ], [ 145.1040651, -37.7963142 ], [ 145.1066825, -37.7939951 ], [ 145.1053568, -37.7933327 ], [ 145.1067556, -37.792129 ], [ 145.1046991, -37.791262 ], [ 145.1047614, -37.7893274 ], [ 145.1010774, -37.7861003 ], [ 145.0994052, -37.7820132 ], [ 145.098301, -37.7807767 ], [ 145.094685, -37.7793574 ], [ 145.086877, -37.7797119 ], [ 145.0818167, -37.7793992 ], [ 145.0818288, -37.7788765 ], [ 145.080514, -37.7783953 ], [ 145.0803276, -37.7774307 ], [ 145.0792701, -37.7774839 ], [ 145.0788075, -37.7768369 ], [ 145.0781805, -37.7773092 ], [ 145.0774762, -37.7769557 ], [ 145.0761506, -37.7775254 ], [ 145.0745871, -37.7796694 ], [ 145.0716369, -37.7796885 ], [ 145.0709516, -37.7808658 ], [ 145.0684011, -37.7811038 ], [ 145.0685643, -37.7796259 ], [ 145.0677132, -37.7795607 ], [ 145.0668111, -37.7815527 ], [ 145.0677476, -37.7831194 ], [ 145.0667694, -37.7837041 ], [ 145.0642524, -37.7828604 ], [ 145.0644676, -37.7815864 ], [ 145.0621635, -37.7811813 ], [ 145.0609498, -37.7799597 ], [ 145.0555722, -37.7824693 ], [ 145.0546871, -37.7810887 ], [ 145.0533737, -37.7836573 ], [ 145.0537329, -37.78411 ], [ 145.0556521, -37.7839206 ], [ 145.0548297, -37.7850925 ], [ 145.0523551, -37.7840653 ], [ 145.0513698, -37.7818616 ], [ 145.0477648, -37.7810072 ], [ 145.0477759, -37.7799011 ], [ 145.0464625, -37.7806909 ], [ 145.0450154, -37.7800065 ], [ 145.0447404, -37.7810841 ], [ 145.0438157, -37.7802108 ], [ 145.0432107, -37.7814559 ], [ 145.0422522, -37.7817898 ], [ 145.0404631, -37.7838008 ], [ 145.0401032, -37.7850307 ], [ 145.0411342, -37.7854652 ], [ 145.0448266, -37.7839424 ], [ 145.0452714, -37.7843812 ], [ 145.0430905, -37.7869957 ], [ 145.0418982, -37.7859889 ], [ 145.0413051, -37.7860653 ], [ 145.040979, -37.786883 ], [ 145.0417664, -37.7881681 ], [ 145.0406426, -37.7906461 ], [ 145.0388179, -37.7895245 ], [ 145.0374601, -37.7894707 ], [ 145.0378949, -37.7905826 ], [ 145.0343993, -37.78997 ], [ 145.0323678, -37.7901305 ], [ 145.029728, -37.78868 ], [ 145.028093, -37.7868304 ], [ 145.0225566, -37.7864581 ], [ 145.0209145, -37.7869231 ], [ 145.01624, -37.7858505 ], [ 145.013126, -37.785708 ], [ 145.0195648, -37.792176 ], [ 145.0191698, -37.7928695 ], [ 145.0142419, -37.7920856 ], [ 145.0138753, -37.7936914 ], [ 145.0148761, -37.7945248 ], [ 145.0177492, -37.7954397 ], [ 145.0175791, -37.7972207 ], [ 145.0208915, -37.7983287 ], [ 145.0207569, -37.7989797 ], [ 145.0184922, -37.8002466 ], [ 145.0210673, -37.8028969 ], [ 145.0194713, -37.8036452 ], [ 145.0163608, -37.8029338 ], [ 145.0154455, -37.8022697 ], [ 145.0147928, -37.8001 ], [ 145.0123146, -37.7991006 ], [ 145.0110016, -37.7990381 ], [ 145.0071033, -37.8009401 ], [ 145.0064787, -37.8003243 ], [ 145.0066852, -37.7988176 ], [ 145.009208, -37.7973095 ], [ 145.0096006, -37.7965102 ], [ 145.0081486, -37.7963037 ], [ 145.0046838, -37.7981081 ], [ 145.0039712, -37.7960838 ], [ 145.0029743, -37.7957581 ], [ 145.0015453, -37.7970348 ], [ 144.9993825, -37.7968671 ], [ 144.9992422, -37.7974858 ], [ 145.0070914, -37.8028201 ], [ 145.007638, -37.8040909 ], [ 145.0045418, -37.8053376 ], [ 145.0005357, -37.8041083 ], [ 144.9992609, -37.8054633 ], [ 145.0007816, -37.8072191 ], [ 145.007358, -37.8072238 ], [ 145.0086007, -37.8076073 ], [ 145.0094001, -37.8104598 ], [ 145.0158051, -37.8106972 ], [ 145.0143856, -37.8160629 ], [ 145.0161527, -37.8245384 ], [ 145.0182537, -37.8262019 ], [ 145.0215641, -37.8252594 ], [ 145.0230973, -37.8280181 ], [ 145.0283144, -37.831004 ], [ 145.0270849, -37.8327225 ], [ 145.0246178, -37.8344992 ] ] ] } },
{ "type": "Feature", "properties": { "lga_name": "Stonnington" }, "geometry": { "type": "Polygon", "coordinates": [ [ [ 144.9879252, -37.8296175 ], [ 144.9833216, -37.855657 ], [ 144.98992, -37.8565443 ], [ 144.9932625, -37.8579064 ], [ 145.0151365, -37.8608404 ], [ 145.0293662, -37.8670397 ], [ 145.031433, -37.8683879 ], [ 145.0324919, -37.8683674 ], [ 145.0392762, -37.8745796 ], [ 145.0460262, -37.8765628 ], [ 145.0500305, -37.8815152 ], [ 145.0518736, -37.8828048 ], [ 145.0627072, -37.8846547 ], [ 145.0716887, -37.8848078 ], [ 145.0803371, -37.8879407 ], [ 145.0841081, -37.8918078 ], [ 145.0882259, -37.8929764 ], [ 145.0921486, -37.8718098 ], [ 145.0902928, -37.8722153 ], [ 145.0873962, -37.8714949 ], [ 145.0821916, -37.8730873 ], [ 145.0798018, -37.8732 ], [ 145.0782353, -37.874666 ], [ 145.0749066, -37.8760033 ], [ 145.0730105, -37.8758929 ], [ 145.0702301, -37.8746012 ], [ 145.0685484, -37.8747343 ], [ 145.0689146, -37.8721695 ], [ 145.0669713, -37.8696901 ], [ 145.0665071, -37.868155 ], [ 145.0653976, -37.8675513 ], [ 145.0640146, -37.8681892 ], [ 145.0635587, -37.8667351 ], [ 145.061799, -37.8655603 ], [ 145.0621972, -37.8636825 ], [ 145.0617966, -37.8616935 ], [ 145.0628842, -37.8600078 ], [ 145.0594323, -37.857673 ], [ 145.0597455, -37.8547421 ], [ 145.0577326, -37.8543002 ], [ 145.0550074, -37.8522166 ], [ 145.0510542, -37.8511521 ], [ 145.0469568, -37.8484032 ], [ 145.0443912, -37.8483334 ], [ 145.0426638, -37.8475533 ], [ 145.0402912, -37.8454634 ], [ 145.0404285, -37.843801 ], [ 145.0396501, -37.8421989 ], [ 145.0404191, -37.8409042 ], [ 145.0402613, -37.8398749 ], [ 145.0392803, -37.8394711 ], [ 145.0390765, -37.8386876 ], [ 145.0375561, -37.8381912 ], [ 145.0368477, -37.8371354 ], [ 145.0352414, -37.837214 ], [ 145.0353349, -37.8379195 ], [ 145.0320422, -37.8372834 ], [ 145.0284142, -37.8377852 ], [ 145.0246178, -37.8344992 ], [ 145.0229382, -37.8341958 ], [ 145.0217256, -37.8323482 ], [ 145.0191786, -37.8316197 ], [ 145.0167583, -37.8322354 ], [ 145.0130352, -37.8305133 ], [ 145.0106863, -37.8315251 ], [ 145.0096842, -37.8336171 ], [ 145.0075551, -37.8318148 ], [ 145.0047262, -37.8311768 ], [ 145.0038036, -37.8316791 ], [ 145.0042694, -37.8336559 ], [ 145.003799, -37.8344589 ], [ 145.0009584, -37.8335278 ], [ 144.9964691, -37.8343163 ], [ 144.9911427, -37.8330519 ], [ 144.9879252, -37.8296175 ] ] ] } },
{ "type": "Feature", "properties": { "lga_name": "Banyule" }, "geometry": { "type": "Polygon", "coordinates": [ [ [ 145.0718054, -37.7668395 ], [ 145.0728959, -37.7665498 ], [ 145.0764676, -37.7673133 ], [ 145.0765557, -37.7661715 ], [ 145.0783092, -37.7642919 ], [ 145.0791863, -37.7622309 ], [ 145.0774005, -37.7608776 ], [ 145.0767798, -37.7585227 ], [ 145.0733027, -37.7596151 ], [ 145.0730639, -37.7586348 ], [ 145.0747562, -37.7569416 ], [ 145.0791564, -37.758318 ], [ 145.0804762, -37.757948 ], [ 145.0802301, -37.7572477 ], [ 145.0780499, -37.7566213 ], [ 145.0772498, -37.7557454 ], [ 145.0782925, -37.7539516 ], [ 145.0798206, -37.7539197 ], [ 145.0806879, -37.754559 ], [ 145.080958, -37.7560569 ], [ 145.0818012, -37.7562961 ], [ 145.083267, -37.7548516 ], [ 145.0815983, -37.7541093 ], [ 145.0824503, -37.7513932 ], [ 145.0843938, -37.751733 ], [ 145.0855089, -37.7529729 ], [ 145.0878257, -37.7527947 ], [ 145.0915988, -37.7543273 ], [ 145.0929227, -37.7537176 ], [ 145.0957063, -37.7491861 ], [ 145.0980485, -37.7489817 ], [ 145.1010292, -37.7519601 ], [ 145.1048411, -37.7540107 ], [ 145.1090848, -37.7553564 ], [ 145.1128546, -37.7552399 ], [ 145.1150375, -37.7531438 ], [ 145.1212812, -37.7522886 ], [ 145.1226861, -37.7492256 ], [ 145.1241834, -37.7506648 ], [ 145.1260358, -37.7510692 ], [ 145.1253895, -37.74952 ], [ 145.122972, -37.7475237 ], [ 145.1199037, -37.7496456 ], [ 145.1186739, -37.74951 ], [ 145.1202288, -37.7478736 ], [ 145.1199501, -37.7446979 ], [ 145.122657, -37.7405316 ], [ 145.126325, -37.7403741 ], [ 145.1332474, -37.7428494 ], [ 145.1356269, -37.7408544 ], [ 145.13415, -37.7382288 ], [ 145.1350713, -37.7343081 ], [ 145.1363701, -37.7333255 ], [ 145.137731, -37.7331797 ], [ 145.1348856, -37.7320991 ], [ 145.1377886, -37.7179644 ], [ 145.1371209, -37.7165761 ], [ 145.1336198, -37.7133325 ], [ 145.1328194, -37.7101929 ], [ 145.1303579, -37.7059258 ], [ 145.1281432, -37.7047271 ], [ 145.1280229, -37.7023023 ], [ 145.131569, -37.7003531 ], [ 145.1403561, -37.7012629 ], [ 145.1437047, -37.6826195 ], [ 145.1376596, -37.6831449 ], [ 145.1304876, -37.6860602 ], [ 145.1187693, -37.6874334 ], [ 145.110338, -37.6908338 ], [ 145.1044647, -37.6921201 ], [ 145.0951092, -37.6927089 ], [ 145.0930555, -37.6936133 ], [ 145.0890625, -37.6910209 ], [ 145.0789501, -37.6878984 ], [ 145.0743165, -37.6870565 ], [ 145.0678389, -37.6866437 ], [ 145.0605161, -37.6944018 ], [ 145.0574504, -37.7024731 ], [ 145.0513197, -37.7083897 ], [ 145.0645804, -37.7094567 ], [ 145.0695773, -37.7082057 ], [ 145.0749446, -37.7087888 ], [ 145.0745734, -37.7109599 ], [ 145.0754023, -37.7110497 ], [ 145.0745274, -37.7161301 ], [ 145.0692311, -37.7155678 ], [ 145.0678406, -37.716602 ], [ 145.0646785, -37.7202215 ], [ 145.0678185, -37.7245348 ], [ 145.067494, -37.7248611 ], [ 145.0615271, -37.7242114 ], [ 145.0608371, -37.7297795 ], [ 145.0385882, -37.7273134 ], [ 145.0381201, -37.72773 ], [ 145.0383198, -37.7284847 ], [ 145.0394117, -37.7282829 ], [ 145.0402673, -37.7292995 ], [ 145.0403802, -37.7303816 ], [ 145.0389507, -37.729907 ], [ 145.0381277, -37.7302433 ], [ 145.0401572, -37.7320593 ], [ 145.0399691, -37.7326988 ], [ 145.0381502, -37.7338118 ], [ 145.0373321, -37.7350658 ], [ 145.0337347, -37.7351539 ], [ 145.0336161, -37.7367884 ], [ 145.0319869, -37.7377663 ], [ 145.0330074, -37.7413656 ], [ 145.0340731, -37.741963 ], [ 145.0351262, -37.7437472 ], [ 145.0333614, -37.7456275 ], [ 145.0354994, -37.7459009 ], [ 145.0360324, -37.746985 ], [ 145.0348262, -37.7483909 ], [ 145.0320637, -37.7491577 ], [ 145.0323076, -37.7499483 ], [ 145.031359, -37.75097 ], [ 145.0317518, -37.7528638 ], [ 145.0306044, -37.7547007 ], [ 145.032267, -37.7569308 ], [ 145.0291096, -37.7576979 ], [ 145.0299607, -37.7602177 ], [ 145.0281497, -37.7620245 ], [ 145.0278281, -37.763877 ], [ 145.0308107, -37.7651627 ], [ 145.0321869, -37.7705388 ], [ 145.0352329, -37.7702632 ], [ 145.0368166, -37.7706392 ], [ 145.0368335, -37.772595 ], [ 145.034077, -37.7725181 ], [ 145.0359347, -37.7750371 ], [ 145.0350671, -37.776078 ], [ 145.0351051, -37.7778124 ], [ 145.0343847, -37.7789483 ], [ 145.0361037, -37.7788924 ], [ 145.03726, -37.7797095 ], [ 145.0386107, -37.7793483 ], [ 145.0380388, -37.7812904 ], [ 145.0369603, -37.7815379 ], [ 145.0368664, -37.7820045 ], [ 145.0377896, -37.7823965 ], [ 145.0382238, -37.7835287 ], [ 145.0402011, -37.7842128 ], [ 145.0422522, -37.7817898 ], [ 145.0432107, -37.7814559 ], [ 145.0437375, -37.7802393 ], [ 145.0447404, -37.7810841 ], [ 145.0450154, -37.7800065 ], [ 145.0464625, -37.7806909 ], [ 145.0475378, -37.7798639 ], [ 145.0477648, -37.7810072 ], [ 145.0513698, -37.7818616 ], [ 145.0523551, -37.7840653 ], [ 145.0546682, -37.7850703 ], [ 145.0553544, -37.7848394 ], [ 145.0556521, -37.7839206 ], [ 145.0537329, -37.78411 ], [ 145.0533737, -37.7836573 ], [ 145.0543943, -37.7812996 ], [ 145.0551629, -37.7811872 ], [ 145.0555722, -37.7824693 ], [ 145.0606931, -37.7799286 ], [ 145.0621635, -37.7811813 ], [ 145.0644676, -37.7815864 ], [ 145.0642524, -37.7828604 ], [ 145.0662336, -37.7836763 ], [ 145.0671945, -37.7835704 ], [ 145.0677448, -37.7826745 ], [ 145.0668451, -37.7813517 ], [ 145.0679149, -37.7773534 ], [ 145.0693964, -37.7749771 ], [ 145.0689181, -37.7739077 ], [ 145.0692535, -37.7724043 ], [ 145.0711898, -37.7710922 ], [ 145.0722312, -37.772009 ], [ 145.0738279, -37.7723 ], [ 145.0756597, -37.7738384 ], [ 145.0766432, -37.7735055 ], [ 145.0755081, -37.7720625 ], [ 145.0752836, -37.7705666 ], [ 145.0720175, -37.7691736 ], [ 145.0718054, -37.7668395 ] ] ] } },
{ "type": "Feature", "properties": { "lga_name": "Yarra" }, "geometry": { "type": "Polygon", "coordinates": [ [ [ 145.0283558, -37.8310964 ], [ 145.0230251, -37.8279332 ], [ 145.0215641, -37.8252594 ], [ 145.0182537, -37.8262019 ], [ 145.0161527, -37.8245384 ], [ 145.0143856, -37.8160629 ], [ 145.0157383, -37.8106286 ], [ 145.0094001, -37.8104598 ], [ 145.0089689, -37.8079607 ], [ 145.008121, -37.8074095 ], [ 145.0010221, -37.8072432 ], [ 144.9999625, -37.8066378 ], [ 144.9992529, -37.8053136 ], [ 145.0001322, -37.8042072 ], [ 145.0012413, -37.8041377 ], [ 145.0046821, -37.8053363 ], [ 145.0075324, -37.8041804 ], [ 145.0077261, -37.8035324 ], [ 145.0025508, -37.7995623 ], [ 144.999758, -37.7981432 ], [ 144.9992703, -37.796974 ], [ 145.001479, -37.797059 ], [ 145.0025064, -37.7959487 ], [ 145.0034536, -37.7957664 ], [ 145.0047972, -37.7981094 ], [ 145.0078006, -37.7964184 ], [ 145.0093444, -37.7963508 ], [ 145.009375, -37.7971578 ], [ 145.0066852, -37.7988176 ], [ 145.0068076, -37.8008139 ], [ 145.0087911, -37.8003957 ], [ 145.0110016, -37.7990381 ], [ 145.0133625, -37.7993134 ], [ 145.014905, -37.8002377 ], [ 145.0158228, -37.8025998 ], [ 145.0197033, -37.8036158 ], [ 145.0211106, -37.8026572 ], [ 145.0184948, -37.8001089 ], [ 145.0209624, -37.7984456 ], [ 145.0175791, -37.7972207 ], [ 145.0178395, -37.7955265 ], [ 145.0142295, -37.7942157 ], [ 145.0138664, -37.7934177 ], [ 145.0142419, -37.7920856 ], [ 145.0191698, -37.7928695 ], [ 145.0195648, -37.792176 ], [ 145.013126, -37.785708 ], [ 145.01624, -37.7858505 ], [ 145.0209145, -37.7869231 ], [ 145.0225566, -37.7864581 ], [ 145.028093, -37.7868304 ], [ 145.029728, -37.78868 ], [ 145.0323678, -37.7901305 ], [ 145.0343993, -37.78997 ], [ 145.0378949, -37.7905826 ], [ 145.0374601, -37.7894707 ], [ 145.0388179, -37.7895245 ], [ 145.0406426, -37.7906461 ], [ 145.0417664, -37.7881681 ], [ 145.0411386, -37.7863011 ], [ 145.041756, -37.7859404 ], [ 145.0431877, -37.7869454 ], [ 145.04515, -37.7839659 ], [ 145.0411342, -37.7854652 ], [ 145.040359, -37.7853316 ], [ 145.0402011, -37.7842128 ], [ 145.0382238, -37.7835287 ], [ 145.0377896, -37.7823965 ], [ 145.0368601, -37.7819842 ], [ 145.0380388, -37.7812904 ], [ 145.0386352, -37.7793741 ], [ 145.036724, -37.7796315 ], [ 145.0359891, -37.7788641 ], [ 145.0339379, -37.7802442 ], [ 145.0124982, -37.7841702 ], [ 145.0072582, -37.7839109 ], [ 145.004228, -37.7843704 ], [ 145.0021929, -37.7829897 ], [ 144.9993697, -37.7852284 ], [ 144.997689, -37.7856281 ], [ 144.9919948, -37.7825515 ], [ 144.9919973, -37.7804129 ], [ 144.9901366, -37.7796985 ], [ 144.9897508, -37.7778761 ], [ 144.9885183, -37.776407 ], [ 144.978878, -37.775349 ], [ 144.9781346, -37.7800731 ], [ 144.9614729, -37.7781955 ], [ 144.9626068, -37.7791751 ], [ 144.9629006, -37.7814112 ], [ 144.9640054, -37.7823762 ], [ 144.9635867, -37.7850048 ], [ 144.969517, -37.7856188 ], [ 144.9683899, -37.7922602 ], [ 144.9757157, -37.7930474 ], [ 144.9731882, -37.8079229 ], [ 144.9913307, -37.809857 ], [ 144.9879252, -37.8296175 ], [ 144.9909174, -37.8329001 ], [ 144.9964691, -37.8343163 ], [ 145.0009584, -37.8335278 ], [ 145.0034587, -37.8345208 ], [ 145.0042574, -37.83389 ], [ 145.0037998, -37.8317829 ], [ 145.0042669, -37.8312726 ], [ 145.0075551, -37.8318148 ], [ 145.0095073, -37.8336458 ], [ 145.0108074, -37.8314145 ], [ 145.0130352, -37.8305133 ], [ 145.0167583, -37.8322354 ], [ 145.0190537, -37.8316227 ], [ 145.0210455, -37.8320858 ], [ 145.0222125, -37.8327131 ], [ 145.0229382, -37.8341958 ], [ 145.0246178, -37.8344992 ], [ 145.0283558, -37.8310964 ] ] ] } },
{ "type": "Feature", "properties": { "lga_name": "Yarra Ranges" }, "geometry": { "type": "Polygon", "coordinates": [ [ [ 145.8036209, -37.8259516 ], [ 145.7937292, -37.8262325 ], [ 145.7961984, -37.8196134 ], [ 145.7947154, -37.8158865 ], [ 145.795437, -37.8147933 ], [ 145.7999988, -37.8145481 ], [ 145.8029827, -37.8134124 ], [ 145.8035502, -37.8140862 ], [ 145.8041578, -37.8140139 ], [ 145.8066958, -37.8124396 ], [ 145.8068986, -37.8109825 ], [ 145.8085562, -37.8090889 ], [ 145.8087861, -37.8079476 ], [ 145.8096121, -37.8075489 ], [ 145.8109471, -37.8079787 ], [ 145.8150707, -37.8072365 ], [ 145.8164302, -37.8085272 ], [ 145.81843, -37.8089938 ], [ 145.819971, -37.8101475 ], [ 145.825267, -37.8105916 ], [ 145.826898, -37.8110969 ], [ 145.8280343, -37.8122662 ], [ 145.8292422, -37.81211 ], [ 145.8310293, -37.8087529 ], [ 145.8348964, -37.8071885 ], [ 145.8349236, -37.8060176 ], [ 145.8359252, -37.8051315 ], [ 145.8384223, -37.8043369 ], [ 145.8379093, -37.8013159 ], [ 145.8391581, -37.7986228 ], [ 145.8408162, -37.7979629 ], [ 145.8447058, -37.7976257 ], [ 145.8504994, -37.7998381 ], [ 145.8537664, -37.7998152 ], [ 145.8570862, -37.8008314 ], [ 145.8579899, -37.8023213 ], [ 145.8610045, -37.8037151 ], [ 145.8626774, -37.8061027 ], [ 145.8633053, -37.8063 ], [ 145.8642256, -37.8057751 ], [ 145.8656569, -37.8075648 ], [ 145.8667449, -37.8066671 ], [ 145.8671115, -37.8087977 ], [ 145.8689672, -37.8108989 ], [ 145.8710822, -37.8108327 ], [ 145.872382, -37.8116143 ], [ 145.8770989, -37.8162523 ], [ 145.8784672, -37.8183822 ], [ 145.8818495, -37.818554 ], [ 145.8834813, -37.8199159 ], [ 145.8862368, -37.8208344 ], [ 145.8927436, -37.8254487 ], [ 145.8948673, -37.8258182 ], [ 145.8969815, -37.8247672 ], [ 145.8979622, -37.8239597 ], [ 145.8985195, -37.8213866 ], [ 145.9019534, -37.8187639 ], [ 145.9029439, -37.817205 ], [ 145.9054639, -37.8163825 ], [ 145.9072724, -37.8169416 ], [ 145.9124776, -37.8227198 ], [ 145.9147027, -37.8260694 ], [ 145.9171345, -37.8260823 ], [ 145.9190593, -37.8279932 ], [ 145.9224796, -37.828382 ], [ 145.9256636, -37.8297652 ], [ 145.9263778, -37.8296452 ], [ 145.9261066, -37.8258829 ], [ 145.9267517, -37.8226392 ], [ 145.9279984, -37.8216168 ], [ 145.9313073, -37.8213582 ], [ 145.931627, -37.8199753 ], [ 145.9290612, -37.817914 ], [ 145.9263732, -37.8132772 ], [ 145.9233862, -37.8114908 ], [ 145.9226226, -37.8084298 ], [ 145.9229802, -37.8070046 ], [ 145.924845, -37.8050932 ], [ 145.9266685, -37.8012985 ], [ 145.9290062, -37.7983742 ], [ 145.9254355, -37.7942419 ], [ 145.9223798, -37.7919148 ], [ 145.9180587, -37.7860058 ], [ 145.9176398, -37.7834382 ], [ 145.9187126, -37.7819946 ], [ 145.9185149, -37.7792092 ], [ 145.9178626, -37.7790124 ], [ 145.9174698, -37.7775235 ], [ 145.9181677, -37.7761398 ], [ 145.9222189, -37.7735277 ], [ 145.9237048, -37.77161 ], [ 145.9367709, -37.7715788 ], [ 145.9372008, -37.7686925 ], [ 145.9364039, -37.7651906 ], [ 145.9436124, -37.7582277 ], [ 145.9536742, -37.7624469 ], [ 145.960249, -37.7639185 ], [ 145.9615014, -37.7653836 ], [ 145.9635758, -37.7659551 ], [ 145.9683247, -37.7646953 ], [ 145.9701753, -37.7648386 ], [ 145.972747, -37.7651649 ], [ 145.9739992, -37.7663238 ], [ 145.9773886, -37.7675812 ], [ 145.9802234, -37.7673725 ], [ 145.9814108, -37.7686558 ], [ 145.9902789, -37.7687877 ], [ 145.9995153, -37.7654473 ], [ 146.0034756, -37.768528 ], [ 146.0049136, -37.7686695 ], [ 146.0083753, -37.7676979 ], [ 146.0097455, -37.7678714 ], [ 146.0106794, -37.7688364 ], [ 146.0125438, -37.7687733 ], [ 146.0166395, -37.7715617 ], [ 146.0191448, -37.77178 ], [ 146.0203901, -37.7726999 ], [ 146.021452, -37.7748399 ], [ 146.0241444, -37.7741689 ], [ 146.0292324, -37.7744574 ], [ 146.0312453, -37.7734449 ], [ 146.033157, -37.7733589 ], [ 146.0369023, -37.7734598 ], [ 146.0386328, -37.7744546 ], [ 146.0407802, -37.7737728 ], [ 146.0441608, -37.774023 ], [ 146.0468966, -37.7726795 ], [ 146.0495125, -37.7725067 ], [ 146.0523212, -37.7710011 ], [ 146.0607446, -37.7701956 ], [ 146.0640845, -37.7687425 ], [ 146.0663914, -37.7692845 ], [ 146.0677676, -37.7689803 ], [ 146.0683571, -37.7670338 ], [ 146.0730827, -37.7654929 ], [ 146.0734054, -37.7637426 ], [ 146.0746869, -37.7630883 ], [ 146.0768914, -37.7624288 ], [ 146.0811444, -37.7632836 ], [ 146.0843413, -37.7610956 ], [ 146.089097, -37.7537945 ], [ 146.0909129, -37.7553859 ], [ 146.0938834, -37.7565218 ], [ 146.0960959, -37.7566513 ], [ 146.0977987, -37.758143 ], [ 146.1000168, -37.7619855 ], [ 146.1030309, -37.7630925 ], [ 146.1038686, -37.7641729 ], [ 146.1032723, -37.7682282 ], [ 146.1048027, -37.7687706 ], [ 146.104899, -37.77019 ], [ 146.1073157, -37.7719553 ], [ 146.108606, -37.7742397 ], [ 146.1096754, -37.7748703 ], [ 146.1122349, -37.7751463 ], [ 146.1130439, -37.7763095 ], [ 146.1170996, -37.7777163 ], [ 146.1166542, -37.7822254 ], [ 146.1208261, -37.7865829 ], [ 146.1213239, -37.7881918 ], [ 146.1248664, -37.7894834 ], [ 146.1262326, -37.7880204 ], [ 146.1283175, -37.7891751 ], [ 146.1337615, -37.7880258 ], [ 146.1345085, -37.7852725 ], [ 146.1375483, -37.7826367 ], [ 146.1382393, -37.7807772 ], [ 146.1375521, -37.777826 ], [ 146.1417285, -37.7750822 ], [ 146.1421865, -37.7735975 ], [ 146.1416293, -37.7727334 ], [ 146.1422699, -37.7718817 ], [ 146.1446289, -37.7703545 ], [ 146.1481388, -37.7690641 ], [ 146.1509493, -37.7691128 ], [ 146.1522188, -37.768606 ], [ 146.1542931, -37.7670172 ], [ 146.1550311, -37.7653927 ], [ 146.1568759, -37.7650608 ], [ 146.156785, -37.7634853 ], [ 146.1588572, -37.7619541 ], [ 146.1579724, -37.7604606 ], [ 146.1592491, -37.759124 ], [ 146.1584762, -37.757345 ], [ 146.160468, -37.7533246 ], [ 146.1603518, -37.7508637 ], [ 146.1632249, -37.747349 ], [ 146.1631012, -37.7446163 ], [ 146.1618457, -37.7423525 ], [ 146.1623875, -37.7405592 ], [ 146.1600095, -37.7389019 ], [ 146.1603096, -37.7362077 ], [ 146.1597836, -37.7340823 ], [ 146.1587846, -37.732872 ], [ 146.1590471, -37.7304492 ], [ 146.1567825, -37.728079 ], [ 146.1558382, -37.7259934 ], [ 146.1537983, -37.7249495 ], [ 146.1517664, -37.7199308 ], [ 146.1518088, -37.7193331 ], [ 146.1531116, -37.7187136 ], [ 146.153083, -37.7180783 ], [ 146.150558, -37.7151991 ], [ 146.1473615, -37.7144908 ], [ 146.1457215, -37.7110235 ], [ 146.14374, -37.7097429 ], [ 146.1423809, -37.7095379 ], [ 146.1408145, -37.7102364 ], [ 146.1383022, -37.709906 ], [ 146.1380335, -37.7082768 ], [ 146.1394948, -37.7061891 ], [ 146.1381521, -37.7041253 ], [ 146.1355485, -37.7020777 ], [ 146.1364319, -37.7004264 ], [ 146.1364271, -37.6976531 ], [ 146.1397542, -37.6952435 ], [ 146.1423681, -37.6924889 ], [ 146.1426675, -37.6914294 ], [ 146.1420992, -37.6908182 ], [ 146.1422294, -37.6879152 ], [ 146.1403674, -37.6820507 ], [ 146.1373784, -37.6791589 ], [ 146.1339262, -37.6790965 ], [ 146.1323199, -37.6769009 ], [ 146.1322243, -37.6757115 ], [ 146.1331821, -37.674054 ], [ 146.1321298, -37.6709569 ], [ 146.132159, -37.6684409 ], [ 146.1339522, -37.6644246 ], [ 146.1325884, -37.6535703 ], [ 146.131042, -37.6508303 ], [ 146.1311212, -37.649167 ], [ 146.1297488, -37.6480731 ], [ 146.1305304, -37.6472084 ], [ 146.1309491, -37.6439087 ], [ 146.1345547, -37.642651 ], [ 146.1398112, -37.6390796 ], [ 146.1412937, -37.6370123 ], [ 146.1412452, -37.6347176 ], [ 146.1394839, -37.6333691 ], [ 146.1393257, -37.6325479 ], [ 146.1441485, -37.6274255 ], [ 146.1509818, -37.6253256 ], [ 146.1536351, -37.6271536 ], [ 146.1556546, -37.6299315 ], [ 146.1585336, -37.6302849 ], [ 146.1594313, -37.6291255 ], [ 146.1580151, -37.6251745 ], [ 146.1595781, -37.6232655 ], [ 146.1592851, -37.6224002 ], [ 146.1606327, -37.6217572 ], [ 146.1622099, -37.6231167 ], [ 146.1648177, -37.6229977 ], [ 146.1655446, -37.6172103 ], [ 146.1641821, -37.6159638 ], [ 146.1630782, -37.6139426 ], [ 146.1633611, -37.6127288 ], [ 146.1614079, -37.6101405 ], [ 146.1624503, -37.6080555 ], [ 146.1588294, -37.6008908 ], [ 146.1612602, -37.5993997 ], [ 146.1612994, -37.5962605 ], [ 146.1620887, -37.595815 ], [ 146.1636603, -37.5963544 ], [ 146.168463, -37.5995617 ], [ 146.1719824, -37.5994843 ], [ 146.1716483, -37.5965124 ], [ 146.1698297, -37.5940746 ], [ 146.1716582, -37.5936639 ], [ 146.1722433, -37.5916446 ], [ 146.1733674, -37.5908366 ], [ 146.1732476, -37.5886994 ], [ 146.1742284, -37.587652 ], [ 146.175244, -37.5875413 ], [ 146.1761445, -37.5848724 ], [ 146.1783124, -37.584561 ], [ 146.1796071, -37.5829586 ], [ 146.1811883, -37.5827218 ], [ 146.1864016, -37.5800651 ], [ 146.187228, -37.5801883 ], [ 146.1883081, -37.5815918 ], [ 146.1876183, -37.5847305 ], [ 146.1880012, -37.5855825 ], [ 146.1894857, -37.5870089 ], [ 146.1919226, -37.5875303 ], [ 146.1895429, -37.5851987 ], [ 146.1925219, -37.5813824 ], [ 146.1910871, -37.5782539 ], [ 146.1897223, -37.5775344 ], [ 146.190721, -37.5716519 ], [ 146.1891104, -37.5678084 ], [ 146.1847537, -37.5617453 ], [ 146.1847593, -37.5585852 ], [ 146.1863904, -37.554902 ], [ 146.1853954, -37.5509914 ], [ 146.1829181, -37.5492131 ], [ 146.1836429, -37.5467763 ], [ 146.1862661, -37.5448911 ], [ 146.1870676, -37.543559 ], [ 146.1874129, -37.5362092 ], [ 146.1865059, -37.5351381 ], [ 145.8896914, -37.5322581 ], [ 145.883631, -37.5268657 ], [ 145.881684, -37.52678 ], [ 145.8806125, -37.5250902 ], [ 145.8789698, -37.5255012 ], [ 145.8708498, -37.5303024 ], [ 145.8687582, -37.5301296 ], [ 145.8662461, -37.5318948 ], [ 145.863815, -37.5321697 ], [ 145.8620574, -37.5316301 ], [ 145.8573216, -37.532455 ], [ 145.8562, -37.5309911 ], [ 145.8518651, -37.5297979 ], [ 145.8494985, -37.528237 ], [ 145.8472063, -37.527996 ], [ 145.8412872, -37.5308734 ], [ 145.8406442, -37.5320601 ], [ 145.8341984, -37.5315819 ], [ 145.8308974, -37.5307967 ], [ 145.8267109, -37.5274811 ], [ 145.8249397, -37.5301935 ], [ 145.8236069, -37.5307604 ], [ 145.8242291, -37.5331989 ], [ 145.8205142, -37.5339681 ], [ 145.8198893, -37.5346194 ], [ 145.8196848, -37.535918 ], [ 145.8215657, -37.5376032 ], [ 145.8220685, -37.5398314 ], [ 145.8188446, -37.5440937 ], [ 145.8185418, -37.5485105 ], [ 145.8169423, -37.5516514 ], [ 145.8162506, -37.5563273 ], [ 145.8145179, -37.558112 ], [ 145.8121617, -37.55897 ], [ 145.810348, -37.5588743 ], [ 145.809038, -37.5600509 ], [ 145.8098213, -37.5636062 ], [ 145.809184, -37.5643914 ], [ 145.8069268, -37.5646299 ], [ 145.8026128, -37.5633078 ], [ 145.79546, -37.5639098 ], [ 145.7930087, -37.562103 ], [ 145.7908441, -37.5620197 ], [ 145.7892216, -37.5633017 ], [ 145.7885214, -37.5649791 ], [ 145.7869577, -37.5654163 ], [ 145.7851113, -37.565087 ], [ 145.7808992, -37.5664944 ], [ 145.7740413, -37.5698764 ], [ 145.7697887, -37.5702709 ], [ 145.7660844, -37.5736257 ], [ 145.7614699, -37.5735086 ], [ 145.7598128, -37.5740954 ], [ 145.7569485, -37.5737348 ], [ 145.7553547, -37.5747646 ], [ 145.7528243, -37.5729276 ], [ 145.7517208, -37.5735098 ], [ 145.7488001, -37.5733617 ], [ 145.7450897, -37.5719089 ], [ 145.7405514, -37.5666647 ], [ 145.7386889, -37.5663918 ], [ 145.7363892, -37.5684919 ], [ 145.7365654, -37.5709196 ], [ 145.7337253, -37.5731196 ], [ 145.7311917, -37.5788777 ], [ 145.7305728, -37.582107 ], [ 145.7311253, -37.5857502 ], [ 145.7330815, -37.5859597 ], [ 145.7359999, -37.5895522 ], [ 145.7373416, -37.5939916 ], [ 145.6758518, -37.6241966 ], [ 145.6734186, -37.6223095 ], [ 145.6695052, -37.6226334 ], [ 145.66734, -37.622147 ], [ 145.6658417, -37.620446 ], [ 145.6624775, -37.6183369 ], [ 145.6592942, -37.6177906 ], [ 145.6591091, -37.6151793 ], [ 145.6577366, -37.6113519 ], [ 145.6557834, -37.6104348 ], [ 145.6544992, -37.6085894 ], [ 145.655062, -37.6069951 ], [ 145.6541136, -37.6021988 ], [ 145.6497555, -37.5984368 ], [ 145.6468938, -37.5940028 ], [ 145.644626, -37.5930866 ], [ 145.6406743, -37.5892385 ], [ 145.63262, -37.587564 ], [ 145.6299328, -37.5855802 ], [ 145.6273392, -37.580818 ], [ 145.6208189, -37.5770868 ], [ 145.6180239, -37.5723008 ], [ 145.6149197, -37.571045 ], [ 145.6138382, -37.5716355 ], [ 145.6123574, -37.574066 ], [ 145.6092614, -37.5752095 ], [ 145.6024752, -37.5760529 ], [ 145.6024007, -37.5680897 ], [ 145.5998663, -37.5660789 ], [ 145.5936087, -37.565895 ], [ 145.5923036, -37.5676521 ], [ 145.587708, -37.5668648 ], [ 145.5830489, -37.5691744 ], [ 145.5816555, -37.5712499 ], [ 145.5800439, -37.5712185 ], [ 145.5780238, -37.5720541 ], [ 145.5765055, -37.5756986 ], [ 145.5750198, -37.5768447 ], [ 145.5732798, -37.5799146 ], [ 145.5732095, -37.586314 ], [ 145.5665263, -37.5889475 ], [ 145.5640687, -37.592416 ], [ 145.5625973, -37.5932443 ], [ 145.5582245, -37.5903379 ], [ 145.5536604, -37.5838487 ], [ 145.5526131, -37.5811787 ], [ 145.5495822, -37.5782556 ], [ 145.5476447, -37.5745926 ], [ 145.5443708, -37.5738735 ], [ 145.5401965, -37.5716613 ], [ 145.5374841, -37.5662467 ], [ 145.5375151, -37.5626392 ], [ 145.5345142, -37.5609498 ], [ 145.533526, -37.5582672 ], [ 145.5312125, -37.557302 ], [ 145.5288718, -37.557935 ], [ 145.5255712, -37.5636172 ], [ 145.5254857, -37.5671191 ], [ 145.5226136, -37.5637768 ], [ 145.5196774, -37.5629257 ], [ 145.5187146, -37.5617367 ], [ 145.5153295, -37.5605543 ], [ 145.5114934, -37.5568628 ], [ 145.5079361, -37.5556949 ], [ 145.5025035, -37.5558745 ], [ 145.5065209, -37.5600843 ], [ 145.5087573, -37.563642 ], [ 145.4967266, -37.5636131 ], [ 145.4967326, -37.5601901 ], [ 145.491517, -37.5601646 ], [ 145.4868545, -37.5617647 ], [ 145.485729, -37.5612857 ], [ 145.4826929, -37.5614098 ], [ 145.4821132, -37.5607588 ], [ 145.4804804, -37.5612839 ], [ 145.4787681, -37.5570822 ], [ 145.477798, -37.556041 ], [ 145.4800029, -37.5554171 ], [ 145.4803697, -37.5546881 ], [ 145.4741435, -37.5546796 ], [ 145.4734296, -37.5581652 ], [ 145.4699122, -37.557669 ], [ 145.4678064, -37.5498626 ], [ 145.4629563, -37.5491587 ], [ 145.4645819, -37.5403861 ], [ 145.4614606, -37.5416079 ], [ 145.459861, -37.5413296 ], [ 145.4593534, -37.5437595 ], [ 145.4534367, -37.5429754 ], [ 145.4539848, -37.5423959 ], [ 145.4480764, -37.5415939 ], [ 145.4452558, -37.5441247 ], [ 145.4383192, -37.5432362 ], [ 145.440564, -37.5334785 ], [ 145.4326425, -37.5308646 ], [ 145.4259986, -37.5350002 ], [ 145.4253608, -37.5338075 ], [ 145.4214062, -37.5332614 ], [ 145.4185166, -37.5314937 ], [ 145.4191935, -37.5291481 ], [ 145.4188828, -37.5270293 ], [ 145.4178154, -37.5262087 ], [ 145.4050222, -37.5265441 ], [ 145.4034495, -37.5271448 ], [ 145.4025441, -37.5288434 ], [ 145.4023984, -37.5363414 ], [ 145.401161, -37.5374821 ], [ 145.3972405, -37.5383898 ], [ 145.3938987, -37.5408938 ], [ 145.392698, -37.5409103 ], [ 145.3895218, -37.5397423 ], [ 145.3864598, -37.5434001 ], [ 145.3855755, -37.542813 ], [ 145.3842817, -37.5428609 ], [ 145.3834486, -37.5419653 ], [ 145.382259, -37.5420975 ], [ 145.3817349, -37.5428488 ], [ 145.3798967, -37.5428719 ], [ 145.3758221, -37.5405421 ], [ 145.3684302, -37.5453377 ], [ 145.3664117, -37.5451248 ], [ 145.3644056, -37.5627996 ], [ 145.3558167, -37.5995863 ], [ 145.3551195, -37.6003215 ], [ 145.3548876, -37.6024888 ], [ 145.3567143, -37.6054706 ], [ 145.3568122, -37.6086901 ], [ 145.3553851, -37.6118318 ], [ 145.3564623, -37.6133273 ], [ 145.3555374, -37.6151652 ], [ 145.3562727, -37.6173034 ], [ 145.3580186, -37.6184955 ], [ 145.356069, -37.6225545 ], [ 145.358271, -37.6251557 ], [ 145.3583832, -37.627495 ], [ 145.3555599, -37.6307969 ], [ 145.3531837, -37.639935 ], [ 145.3538785, -37.64391 ], [ 145.3477925, -37.6486714 ], [ 145.3471629, -37.6514643 ], [ 145.3463047, -37.6523006 ], [ 145.3464438, -37.6544422 ], [ 145.3457853, -37.6557537 ], [ 145.3439003, -37.6560331 ], [ 145.3419825, -37.658585 ], [ 145.3390928, -37.6601754 ], [ 145.338718, -37.6613237 ], [ 145.3355601, -37.662389 ], [ 145.3326339, -37.6705623 ], [ 145.3304222, -37.6719141 ], [ 145.3315261, -37.6747162 ], [ 145.3313341, -37.6760676 ], [ 145.3325519, -37.6770198 ], [ 145.3319069, -37.6779368 ], [ 145.3323849, -37.6799977 ], [ 145.3356114, -37.6821004 ], [ 145.3333008, -37.6862042 ], [ 145.3312275, -37.6875429 ], [ 145.3310353, -37.6921365 ], [ 145.3286992, -37.6915492 ], [ 145.3283646, -37.6900226 ], [ 145.3267152, -37.6888996 ], [ 145.3183413, -37.6911569 ], [ 145.317008, -37.6919777 ], [ 145.3190708, -37.693302 ], [ 145.3189032, -37.6966917 ], [ 145.3180222, -37.697607 ], [ 145.315198, -37.698381 ], [ 145.3147852, -37.6995722 ], [ 145.3202055, -37.7064821 ], [ 145.3217758, -37.7065124 ], [ 145.3218633, -37.7075413 ], [ 145.3201971, -37.7071445 ], [ 145.3187143, -37.7079515 ], [ 145.316258, -37.7066469 ], [ 145.3161773, -37.7081364 ], [ 145.3149753, -37.7065726 ], [ 145.3137962, -37.7067751 ], [ 145.3140998, -37.7080383 ], [ 145.3122937, -37.7082562 ], [ 145.3143659, -37.7089141 ], [ 145.3139322, -37.7101167 ], [ 145.3113257, -37.7090146 ], [ 145.3122958, -37.7111266 ], [ 145.311116, -37.7120443 ], [ 145.3124551, -37.7122036 ], [ 145.3113462, -37.7131565 ], [ 145.3127248, -37.7144038 ], [ 145.3123345, -37.7155567 ], [ 145.31123, -37.7161219 ], [ 145.3039331, -37.7159504 ], [ 145.3025578, -37.716667 ], [ 145.3014495, -37.715716 ], [ 145.3024801, -37.7149324 ], [ 145.2994692, -37.7128258 ], [ 145.2959758, -37.7138836 ], [ 145.2957796, -37.7128809 ], [ 145.2934018, -37.712187 ], [ 145.2923667, -37.7192495 ], [ 145.2939326, -37.7228899 ], [ 145.2925406, -37.727277 ], [ 145.2915819, -37.7283212 ], [ 145.284568, -37.7315104 ], [ 145.2835125, -37.7325377 ], [ 145.2820269, -37.7395059 ], [ 145.2816669, -37.7425808 ], [ 145.2837597, -37.7472 ], [ 145.2889687, -37.7516351 ], [ 145.2907654, -37.7555138 ], [ 145.2895722, -37.762819 ], [ 145.296443, -37.7634537 ], [ 145.2959095, -37.7664084 ], [ 145.2998186, -37.7668481 ], [ 145.3003414, -37.7673943 ], [ 145.2972371, -37.7692761 ], [ 145.2973397, -37.7703828 ], [ 145.2991665, -37.7714496 ], [ 145.3005529, -37.7734291 ], [ 145.3034624, -37.7757551 ], [ 145.3070219, -37.7765903 ], [ 145.3078778, -37.777553 ], [ 145.3077613, -37.7782962 ], [ 145.306432, -37.7788979 ], [ 145.3059476, -37.7799074 ], [ 145.3062735, -37.7818321 ], [ 145.3074135, -37.7836843 ], [ 145.3054652, -37.7831352 ], [ 145.3052656, -37.7843521 ], [ 145.3063281, -37.7856371 ], [ 145.3056874, -37.7892306 ], [ 145.3086152, -37.7895659 ], [ 145.308739, -37.7900594 ], [ 145.3072927, -37.7907734 ], [ 145.3077834, -37.7916773 ], [ 145.3069963, -37.7924282 ], [ 145.3079051, -37.7939425 ], [ 145.3088381, -37.7940022 ], [ 145.3085755, -37.7953563 ], [ 145.3091399, -37.7954203 ], [ 145.3042874, -37.8215381 ], [ 145.3168078, -37.8181589 ], [ 145.3187223, -37.8317215 ], [ 145.3187268, -37.8402801 ], [ 145.3177589, -37.844956 ], [ 145.3201528, -37.8448928 ], [ 145.3230494, -37.8461975 ], [ 145.3328386, -37.8474328 ], [ 145.3321298, -37.8510301 ], [ 145.3351895, -37.8513926 ], [ 145.3361523, -37.8510484 ], [ 145.3384798, -37.8523583 ], [ 145.3377895, -37.8531847 ], [ 145.3412391, -37.8537757 ], [ 145.3435097, -37.8557775 ], [ 145.34307, -37.8565473 ], [ 145.3475722, -37.8585546 ], [ 145.3476242, -37.8594079 ], [ 145.3457758, -37.8591974 ], [ 145.3434606, -37.862322 ], [ 145.3430625, -37.8615391 ], [ 145.341127, -37.8609972 ], [ 145.340512, -37.8591997 ], [ 145.3394569, -37.8585827 ], [ 145.3404437, -37.8571606 ], [ 145.3366197, -37.8561852 ], [ 145.3341439, -37.8579679 ], [ 145.3357774, -37.8597946 ], [ 145.335985, -37.8631316 ], [ 145.3336263, -37.8615365 ], [ 145.330587, -37.8617938 ], [ 145.3266001, -37.8665868 ], [ 145.3265419, -37.8660497 ], [ 145.3246434, -37.8658203 ], [ 145.3242086, -37.8670706 ], [ 145.3244626, -37.8657985 ], [ 145.3188086, -37.8655726 ], [ 145.3185454, -37.8650811 ], [ 145.3166775, -37.8647807 ], [ 145.3164412, -37.8627837 ], [ 145.3135463, -37.8633598 ], [ 145.3136643, -37.8644958 ], [ 145.3039226, -37.8629289 ], [ 145.3038264, -37.8634495 ], [ 145.3022339, -37.8642392 ], [ 145.3033869, -37.8664031 ], [ 145.3054019, -37.8676722 ], [ 145.3053002, -37.8682825 ], [ 145.3084995, -37.8709828 ], [ 145.307846, -37.8762803 ], [ 145.3061432, -37.8761072 ], [ 145.3053133, -37.879151 ], [ 145.3051276, -37.8802763 ], [ 145.3064484, -37.8804054 ], [ 145.3062392, -37.8811978 ], [ 145.3041801, -37.8815202 ], [ 145.3050618, -37.8824699 ], [ 145.3040252, -37.8844031 ], [ 145.3048571, -37.8845077 ], [ 145.3048117, -37.885637 ], [ 145.3036953, -37.8856426 ], [ 145.3044853, -37.8876602 ], [ 145.3051507, -37.8878383 ], [ 145.3054699, -37.8873816 ], [ 145.3060416, -37.8877276 ], [ 145.3057321, -37.8882787 ], [ 145.3068988, -37.8885996 ], [ 145.3085548, -37.8882829 ], [ 145.3079855, -37.8894301 ], [ 145.3099076, -37.8896429 ], [ 145.310719, -37.8908425 ], [ 145.3121758, -37.8911555 ], [ 145.3119013, -37.8926996 ], [ 145.3137963, -37.892823 ], [ 145.3156575, -37.8922478 ], [ 145.3161696, -37.8948958 ], [ 145.3242402, -37.8994593 ], [ 145.3241592, -37.8999378 ], [ 145.3226615, -37.8991728 ], [ 145.3205682, -37.899203 ], [ 145.3213814, -37.9002207 ], [ 145.3165492, -37.9005292 ], [ 145.3164281, -37.9010811 ], [ 145.3138745, -37.9016355 ], [ 145.3112529, -37.9009163 ], [ 145.309463, -37.8994808 ], [ 145.308916, -37.9019211 ], [ 145.3096705, -37.9033029 ], [ 145.3092528, -37.9039751 ], [ 145.3072843, -37.9038395 ], [ 145.3050049, -37.9057105 ], [ 145.3038761, -37.9046469 ], [ 145.2968922, -37.9011197 ], [ 145.294947, -37.9002287 ], [ 145.29465, -37.9006269 ], [ 145.2958933, -37.9031302 ], [ 145.2954895, -37.9051009 ], [ 145.2927199, -37.9072252 ], [ 145.2962518, -37.9104663 ], [ 145.297717, -37.9106532 ], [ 145.2986836, -37.9116928 ], [ 145.2986541, -37.9128601 ], [ 145.2979778, -37.9135063 ], [ 145.3006282, -37.9172599 ], [ 145.3004076, -37.9203928 ], [ 145.3027766, -37.923177 ], [ 145.3038574, -37.9334247 ], [ 145.2998769, -37.931462 ], [ 145.2933597, -37.9639759 ], [ 145.3010222, -37.9658488 ], [ 145.3169985, -37.9678445 ], [ 145.3177494, -37.966797 ], [ 145.3192413, -37.9663333 ], [ 145.3579608, -37.9712912 ], [ 145.369159, -37.9738882 ], [ 145.379062, -37.97512 ], [ 145.3798816, -37.9737638 ], [ 145.3823215, -37.9748795 ], [ 145.383432, -37.9747329 ], [ 145.3841644, -37.9707031 ], [ 145.3863245, -37.9714781 ], [ 145.3880326, -37.9709813 ], [ 145.3875271, -37.9600366 ], [ 145.3880112, -37.9583211 ], [ 145.381784, -37.9566428 ], [ 145.3844232, -37.9544055 ], [ 145.3851261, -37.9528495 ], [ 145.3821685, -37.941172 ], [ 145.3835188, -37.9382727 ], [ 145.3856655, -37.9360533 ], [ 145.3840739, -37.9296057 ], [ 145.3855347, -37.9277167 ], [ 145.3898031, -37.9242859 ], [ 145.3918983, -37.9233939 ], [ 145.395189, -37.923138 ], [ 145.3974804, -37.9222434 ], [ 145.3984776, -37.9212921 ], [ 145.3994869, -37.9216124 ], [ 145.4009124, -37.92377 ], [ 145.4007531, -37.9264574 ], [ 145.4092631, -37.9274168 ], [ 145.4101641, -37.9269455 ], [ 145.4103531, -37.9259962 ], [ 145.4115517, -37.926146 ], [ 145.4112492, -37.927665 ], [ 145.4159864, -37.9282846 ], [ 145.4163682, -37.9263317 ], [ 145.4171971, -37.9263159 ], [ 145.4181749, -37.9250088 ], [ 145.419623, -37.9263202 ], [ 145.4229213, -37.9192078 ], [ 145.4254791, -37.9199462 ], [ 145.4284682, -37.9134906 ], [ 145.4387096, -37.914577 ], [ 145.4384629, -37.9137468 ], [ 145.4396504, -37.9114282 ], [ 145.4396748, -37.9100332 ], [ 145.4420242, -37.9097499 ], [ 145.4426532, -37.9089868 ], [ 145.4426509, -37.9070186 ], [ 145.4446008, -37.906261 ], [ 145.4468715, -37.9067531 ], [ 145.4473817, -37.9058292 ], [ 145.4503405, -37.906253 ], [ 145.4513739, -37.9070607 ], [ 145.4547113, -37.9063354 ], [ 145.4565443, -37.9072139 ], [ 145.4585794, -37.9053077 ], [ 145.4594464, -37.9053564 ], [ 145.460282, -37.9071987 ], [ 145.4633227, -37.9079637 ], [ 145.4647418, -37.9108211 ], [ 145.4666701, -37.9120245 ], [ 145.4691076, -37.9101972 ], [ 145.4705139, -37.9011341 ], [ 145.471989, -37.9013116 ], [ 145.4738267, -37.8999819 ], [ 145.4796633, -37.9006698 ], [ 145.4816681, -37.8983374 ], [ 145.4897328, -37.8993024 ], [ 145.4899359, -37.8982938 ], [ 145.4928928, -37.8989807 ], [ 145.4947885, -37.8999953 ], [ 145.4978191, -37.9003659 ], [ 145.5002878, -37.8995638 ], [ 145.5032171, -37.9008033 ], [ 145.5057362, -37.8995189 ], [ 145.5074857, -37.8997659 ], [ 145.5098893, -37.8970921 ], [ 145.5125842, -37.8966878 ], [ 145.512834, -37.8956885 ], [ 145.5150185, -37.8935455 ], [ 145.5176094, -37.8923419 ], [ 145.519811, -37.8902428 ], [ 145.5209199, -37.889843 ], [ 145.5212677, -37.888181 ], [ 145.5224006, -37.8870812 ], [ 145.5255127, -37.887403 ], [ 145.5261111, -37.8854055 ], [ 145.5268573, -37.8853198 ], [ 145.5269158, -37.8843674 ], [ 145.525923, -37.8841046 ], [ 145.5255737, -37.8827381 ], [ 145.5268162, -37.8820533 ], [ 145.526332, -37.8815581 ], [ 145.5264647, -37.8809076 ], [ 145.5270997, -37.8808605 ], [ 145.5265098, -37.8791587 ], [ 145.529022, -37.8763451 ], [ 145.5280835, -37.8758394 ], [ 145.5288104, -37.8758504 ], [ 145.5290057, -37.8750332 ], [ 145.5282049, -37.87412 ], [ 145.5280962, -37.869732 ], [ 145.5264989, -37.8683117 ], [ 145.5266461, -37.8671039 ], [ 145.5260987, -37.8668588 ], [ 145.5272912, -37.8649764 ], [ 145.5266618, -37.8644266 ], [ 145.5270355, -37.8629351 ], [ 145.5263027, -37.8629801 ], [ 145.5252711, -37.8618814 ], [ 145.5258231, -37.8607839 ], [ 145.5251805, -37.8601081 ], [ 145.5194048, -37.8581608 ], [ 145.5191625, -37.85773 ], [ 145.5214154, -37.8576588 ], [ 145.5233444, -37.858241 ], [ 145.529614, -37.8629577 ], [ 145.5307428, -37.8643838 ], [ 145.5305165, -37.8663783 ], [ 145.5318667, -37.8668633 ], [ 145.5332781, -37.8661707 ], [ 145.5342396, -37.8664717 ], [ 145.5347001, -37.8661394 ], [ 145.5370618, -37.8669703 ], [ 145.5395377, -37.8689671 ], [ 145.5394766, -37.8707003 ], [ 145.5410802, -37.8716152 ], [ 145.5448784, -37.8713884 ], [ 145.549162, -37.8726706 ], [ 145.5511911, -37.8721467 ], [ 145.5533177, -37.8735917 ], [ 145.5534084, -37.8750036 ], [ 145.554251, -37.8762009 ], [ 145.5540838, -37.8775647 ], [ 145.5553839, -37.8788486 ], [ 145.5612387, -37.8810018 ], [ 145.5622562, -37.8819057 ], [ 145.5624642, -37.885444 ], [ 145.5647056, -37.8872231 ], [ 145.5671762, -37.892227 ], [ 145.5688368, -37.8933215 ], [ 145.5676409, -37.8959867 ], [ 145.5675442, -37.8970108 ], [ 145.5684222, -37.8976906 ], [ 145.5696365, -37.8980216 ], [ 145.5705906, -37.8959368 ], [ 145.5718663, -37.8969039 ], [ 145.5723999, -37.8982319 ], [ 145.5752331, -37.8993423 ], [ 145.5763096, -37.8975528 ], [ 145.5785605, -37.8976941 ], [ 145.58027, -37.8969127 ], [ 145.5853431, -37.8965956 ], [ 145.5881582, -37.8975876 ], [ 145.5899551, -37.8962973 ], [ 145.6041934, -37.8979515 ], [ 145.6034714, -37.901274 ], [ 145.6133069, -37.9025135 ], [ 145.6131772, -37.9032974 ], [ 145.6158392, -37.9038395 ], [ 145.6167164, -37.9035727 ], [ 145.6166261, -37.9041234 ], [ 145.6149291, -37.9048564 ], [ 145.6147031, -37.9080998 ], [ 145.6267263, -37.9096018 ], [ 145.6249008, -37.918157 ], [ 145.6282504, -37.9172421 ], [ 145.6317317, -37.9189886 ], [ 145.6355167, -37.9178587 ], [ 145.6420701, -37.9182791 ], [ 145.6446998, -37.9171952 ], [ 145.652684, -37.9165153 ], [ 145.6509151, -37.9145112 ], [ 145.6505404, -37.9126947 ], [ 145.6531692, -37.9106778 ], [ 145.6565372, -37.9091085 ], [ 145.6603041, -37.9093483 ], [ 145.6651962, -37.9107242 ], [ 145.6689973, -37.909555 ], [ 145.6706124, -37.9083716 ], [ 145.6711271, -37.9034205 ], [ 145.6690714, -37.8995424 ], [ 145.6692622, -37.8970715 ], [ 145.670846, -37.8957378 ], [ 145.6705356, -37.8943105 ], [ 145.6711784, -37.8944004 ], [ 145.6716823, -37.8934526 ], [ 145.6730277, -37.8932434 ], [ 145.6751455, -37.8938839 ], [ 145.6764444, -37.8931664 ], [ 145.6796442, -37.8935513 ], [ 145.6814234, -37.8912705 ], [ 145.6863108, -37.8888284 ], [ 145.6858253, -37.8874211 ], [ 145.6862467, -37.8856871 ], [ 145.6850034, -37.8831769 ], [ 145.6858252, -37.8813494 ], [ 145.6869618, -37.8809269 ], [ 145.6880244, -37.8815105 ], [ 145.6895475, -37.8838039 ], [ 145.693888, -37.8860076 ], [ 145.699483, -37.8851243 ], [ 145.7022557, -37.8865168 ], [ 145.7079935, -37.887092 ], [ 145.7132909, -37.8860051 ], [ 145.7148486, -37.8842415 ], [ 145.715808, -37.8842006 ], [ 145.7189856, -37.8856017 ], [ 145.7219857, -37.8854439 ], [ 145.7227297, -37.8860231 ], [ 145.7226364, -37.8914748 ], [ 145.7237344, -37.8919496 ], [ 145.7279874, -37.8970089 ], [ 145.7279959, -37.8978377 ], [ 145.7294655, -37.8981822 ], [ 145.7324075, -37.9013777 ], [ 145.7338887, -37.9017378 ], [ 145.7361826, -37.9014531 ], [ 145.7412402, -37.9027354 ], [ 145.7462507, -37.9025271 ], [ 145.7468509, -37.9043601 ], [ 145.7482578, -37.9045163 ], [ 145.7501732, -37.9032388 ], [ 145.7536095, -37.9042802 ], [ 145.754363, -37.9040842 ], [ 145.7574304, -37.902183 ], [ 145.7605518, -37.9014562 ], [ 145.765021, -37.8985768 ], [ 145.7628655, -37.89669 ], [ 145.7628783, -37.8949875 ], [ 145.765606, -37.8903824 ], [ 145.7663433, -37.8875847 ], [ 145.7652627, -37.8862574 ], [ 145.7672375, -37.8846187 ], [ 145.7675159, -37.8833318 ], [ 145.7695029, -37.8808994 ], [ 145.7740839, -37.8798291 ], [ 145.777859, -37.8776977 ], [ 145.7783689, -37.8769011 ], [ 145.7849545, -37.8786214 ], [ 145.7880322, -37.8778167 ], [ 145.7928754, -37.8777034 ], [ 145.7951374, -37.8749302 ], [ 145.7964858, -37.874598 ], [ 145.798193, -37.8732917 ], [ 145.8013574, -37.8721947 ], [ 145.8032619, -37.873675 ], [ 145.8042098, -37.8735304 ], [ 145.8055715, -37.8720167 ], [ 145.8052317, -37.8704984 ], [ 145.8039182, -37.8685246 ], [ 145.8029586, -37.8680387 ], [ 145.8017308, -37.8635282 ], [ 145.8032501, -37.8606872 ], [ 145.8044152, -37.8605826 ], [ 145.8080186, -37.8617042 ], [ 145.8087629, -37.8632625 ], [ 145.8107025, -37.8644638 ], [ 145.8107061, -37.8623343 ], [ 145.8114866, -37.8610458 ], [ 145.8145666, -37.8584343 ], [ 145.817615, -37.8577512 ], [ 145.817362, -37.8562809 ], [ 145.8157089, -37.8542141 ], [ 145.8150653, -37.8542117 ], [ 145.8141126, -37.8552355 ], [ 145.8114058, -37.8556099 ], [ 145.8076954, -37.8528464 ], [ 145.8050447, -37.8521704 ], [ 145.8045486, -37.8516002 ], [ 145.8042127, -37.8493705 ], [ 145.807645, -37.8463035 ], [ 145.8099851, -37.8417631 ], [ 145.8100775, -37.8405096 ], [ 145.811401, -37.8396304 ], [ 145.8112153, -37.8361599 ], [ 145.8105903, -37.8355442 ], [ 145.8088945, -37.8354795 ], [ 145.808167, -37.8294048 ], [ 145.8072005, -37.8289816 ], [ 145.8045769, -37.8296393 ], [ 145.8050362, -37.8272534 ], [ 145.8036209, -37.8259516 ] ] ] } },
{ "type": "Feature", "properties": { "lga_name": "Frankston" }, "geometry": { "type": "Polygon", "coordinates": [ [ [ 145.2157669, -38.2006521 ], [ 145.2394055, -38.0776572 ], [ 145.1562341, -38.0674527 ], [ 145.1546332, -38.0756624 ], [ 145.1500832, -38.0750856 ], [ 145.1488729, -38.0834518 ], [ 145.1415063, -38.0824752 ], [ 145.1386198, -38.0831593 ], [ 145.1363491, -38.0825352 ], [ 145.1319409, -38.0838389 ], [ 145.1277801, -38.081714 ], [ 145.1239469, -38.0823886 ], [ 145.1244932, -38.0847471 ], [ 145.1227806, -38.085095 ], [ 145.1240339, -38.0919612 ], [ 145.1244211, -38.1034263 ], [ 145.122961, -38.1034235 ], [ 145.1244025, -38.1035519 ], [ 145.1242897, -38.112564 ], [ 145.122908, -38.1254215 ], [ 145.1202375, -38.137282 ], [ 145.1166585, -38.1454945 ], [ 145.1157847, -38.1464688 ], [ 145.1130304, -38.1453162 ], [ 145.1128713, -38.1456067 ], [ 145.1156898, -38.1465746 ], [ 145.1121257, -38.1522319 ], [ 145.1099379, -38.1531625 ], [ 145.1035991, -38.1509371 ], [ 145.0994987, -38.1533273 ], [ 145.1019975, -38.1581022 ], [ 145.0980312, -38.1625419 ], [ 145.098749, -38.1638155 ], [ 145.0999222, -38.1644165 ], [ 145.100395, -38.1666097 ], [ 145.1020726, -38.1659209 ], [ 145.1287503, -38.2000794 ], [ 145.1335289, -38.1956667 ], [ 145.1396629, -38.1972784 ], [ 145.1479945, -38.1940731 ], [ 145.1525874, -38.1945086 ], [ 145.154457, -38.1920387 ], [ 145.1592863, -38.1817423 ], [ 145.1808697, -38.1984157 ], [ 145.1819503, -38.1985953 ], [ 145.1818531, -38.1990964 ], [ 145.2095988, -38.1999105 ], [ 145.2157669, -38.2006521 ] ] ] } }
]
}
