{
"type": "FeatureCollection",
"name": "scc_network",
"features": [
{ "type": "Feature", "properties": { "scc_type": "C1" }, "geometry": { "type": "LineString", "coordinates": [ [ 144.9289787, -37.7366686 ], [ 144.927951, -37.730328 ], [ 144.927355, -37.728513 ], [ 144.926268, -37.726494 ], [ 144.922573, -37.721153 ], [ 144.921784, -37.719383 ], [ 144.920312, -37.715114 ], [ 144.917428, -37.706019 ], [ 144.918198, -37.705864 ], [ 144.917104, -37.702397 ], [ 144.916454, -37.699321 ], [ 144.916477, -37.696674 ], [ 144.916668, -37.69565 ], [ 144.916153, -37.694719 ], [ 144.915992, -37.694936 ], [ 144.91597, -37.694716 ], [ 144.915395, -37.694754 ], [ 144.915339, -37.694992 ], [ 144.91525, -37.694754 ] ] } },
{ "type": "Feature", "properties": { "scc_type": "C1" }, "geometry": { "type": "LineString", "coordinates": [ [ 144.933174, -37.744798 ], [ 144.931184, -37.743806 ], [ 144.919941, -37.742584 ], [ 144.91891, -37.748561 ], [ 144.917419, -37.750648 ], [ 144.917046, -37.750605 ], [ 144.916653, -37.752667 ], [ 144.916085, -37.752773 ] ] } },
{ "type": "Feature", "properties": { "scc_type": "C1" }, "geometry": { "type": "LineString", "coordinates": [ [ 144.933174, -37.744798 ], [ 144.932798, -37.745329 ], [ 144.933021, -37.746025 ] ] } },
{ "type": "Feature", "properties": { "scc_type": "C1" }, "geometry": { "type": "LineString", "coordinates": [ [ 144.933752, -37.745091 ], [ 144.933174, -37.744798 ] ] } },
{ "type": "Feature", "properties": { "scc_type": "C1" }, "geometry": { "type": "LineString", "coordinates": [ [ 144.933752, -37.745091 ], [ 144.933021, -37.746025 ] ] } },
{ "type": "Feature", "properties": { "scc_type": "C1" }, "geometry": { "type": "LineString", "coordinates": [ [ 144.934074, -37.745196 ], [ 144.933752, -37.745091 ] ] } },
{ "type": "Feature", "properties": { "scc_type": "C1" }, "geometry": { "type": "LineString", "coordinates": [ [ 144.934074, -37.745196 ], [ 144.934073, -37.745191 ] ] } },
{ "type": "Feature", "properties": { "scc_type": "C1" }, "geometry": { "type": "LineString", "coordinates": [ [ 144.933174, -37.744798 ], [ 144.93355, -37.74455 ], [ 144.934353, -37.744373 ], [ 144.934382, -37.743837 ], [ 144.933297, -37.742543 ], [ 144.93275, -37.742403 ], [ 144.931721, -37.742412 ], [ 144.929902, -37.740698 ], [ 144.929708, -37.740119 ], [ 144.929736, -37.738008 ], [ 144.928822, -37.737779 ], [ 144.928553, -37.737412 ], [ 144.928604, -37.73674 ], [ 144.9289767, -37.7366908 ] ] } },
{ "type": "Feature", "properties": { "scc_type": "C1" }, "geometry": { "type": "LineString", "coordinates": [ [ 144.935153, -37.752935 ], [ 144.935143, -37.752539 ], [ 144.934697, -37.751819 ], [ 144.93477, -37.751358 ], [ 144.933731, -37.748193 ], [ 144.934021, -37.746133 ], [ 144.933021, -37.746025 ] ] } },
{ "type": "Feature", "properties": { "scc_type": "C1" }, "geometry": { "type": "LineString", "coordinates": [ [ 144.936139, -37.809483 ], [ 144.934096, -37.809197 ], [ 144.928866, -37.808923 ], [ 144.916242, -37.807791 ], [ 144.910498, -37.806977 ], [ 144.906058, -37.80581 ], [ 144.90562, -37.805554 ], [ 144.9002369, -37.8039519 ], [ 144.8997527, -37.8039256 ], [ 144.898897, -37.804168 ], [ 144.892492, -37.80335 ], [ 144.892602, -37.802065 ], [ 144.888694, -37.80163 ], [ 144.888492, -37.80191 ], [ 144.888126, -37.801994 ], [ 144.887676, -37.801941 ], [ 144.887236, -37.80162 ] ] } },
{ "type": "Feature", "properties": { "scc_type": "C1" }, "geometry": { "type": "LineString", "coordinates": [ [ 144.81548, -37.784136 ], [ 144.785855, -37.781018 ], [ 144.78265, -37.780357 ], [ 144.773703, -37.777894 ], [ 144.773633, -37.77841 ], [ 144.770629, -37.777586 ], [ 144.746519, -37.770605 ], [ 144.746441, -37.77029 ], [ 144.745835, -37.770096 ], [ 144.7446, -37.767586 ], [ 144.743496, -37.76642 ], [ 144.74126, -37.763424 ] ] } },
{ "type": "Feature", "properties": { "scc_type": "C1" }, "geometry": { "type": "LineString", "coordinates": [ [ 144.881755, -37.800817 ], [ 144.875172, -37.800147 ], [ 144.872274, -37.799237 ], [ 144.871736, -37.798811 ], [ 144.862383, -37.797665 ] ] } },
{ "type": "Feature", "properties": { "scc_type": "C1" }, "geometry": { "type": "LineString", "coordinates": [ [ 144.881697, -37.797879 ], [ 144.881311, -37.800065 ], [ 144.881881, -37.800136 ], [ 144.881755, -37.800817 ] ] } },
{ "type": "Feature", "properties": { "scc_type": "C1" }, "geometry": { "type": "LineString", "coordinates": [ [ 144.939354, -37.827488 ], [ 144.934864, -37.823811 ], [ 144.934115, -37.82407 ], [ 144.925, -37.823795 ], [ 144.921597, -37.824007 ], [ 144.91163, -37.826145 ], [ 144.911795, -37.831695 ], [ 144.912563, -37.833468 ], [ 144.910997, -37.833921 ], [ 144.910964, -37.834128 ], [ 144.91022, -37.834531 ], [ 144.908455, -37.834317 ], [ 144.907524, -37.834347 ], [ 144.905261, -37.833989 ], [ 144.904869, -37.834203 ], [ 144.904163, -37.833911 ], [ 144.90196, -37.833612 ], [ 144.901858, -37.832976 ], [ 144.899766, -37.832 ], [ 144.899682, -37.83138 ], [ 144.899972, -37.830392 ], [ 144.900771, -37.829339 ], [ 144.900373, -37.829191 ], [ 144.895874, -37.831989 ], [ 144.895366, -37.831951 ], [ 144.895317, -37.832625 ], [ 144.885893, -37.831627 ], [ 144.887468, -37.825545 ], [ 144.888016, -37.824302 ], [ 144.887305, -37.824112 ], [ 144.886213, -37.824159 ], [ 144.883605, -37.824834 ], [ 144.879549, -37.824419 ], [ 144.879414, -37.824612 ], [ 144.870222, -37.823847 ], [ 144.866732, -37.824047 ], [ 144.864007, -37.82391 ], [ 144.860958, -37.824203 ], [ 144.853785, -37.824369 ], [ 144.849836, -37.823982 ], [ 144.849002, -37.824014 ], [ 144.8486, -37.82363 ], [ 144.843787, -37.823099 ], [ 144.840111, -37.819275 ] ] } },
{ "type": "Feature", "properties": { "scc_type": "C1" }, "geometry": { "type": "LineString", "coordinates": [ [ 144.9403161, -37.787551 ], [ 144.9394011, -37.78797 ], [ 144.9399941, -37.78758 ], [ 144.9393631, -37.787835 ], [ 144.937832, -37.788941 ], [ 144.936796, -37.790956 ], [ 144.9359061, -37.794731 ], [ 144.935877, -37.796333 ], [ 144.936435, -37.798942 ], [ 144.936221, -37.800168 ], [ 144.936691, -37.801908 ], [ 144.935549, -37.803357 ], [ 144.936514, -37.804592 ], [ 144.936148, -37.806259 ], [ 144.936336, -37.807286 ], [ 144.93577, -37.808849 ], [ 144.93642, -37.809483 ], [ 144.936139, -37.809483 ] ] } },
{ "type": "Feature", "properties": { "scc_type": "C1" }, "geometry": { "type": "LineString", "coordinates": [ [ 144.8246696, -37.8207627 ], [ 144.824342, -37.820731 ], [ 144.824508, -37.820495 ], [ 144.824963, -37.820304 ], [ 144.824462, -37.818368 ], [ 144.824772, -37.817827 ], [ 144.825233, -37.81732 ], [ 144.827717, -37.815911 ], [ 144.828472, -37.815064 ], [ 144.828179, -37.813981 ], [ 144.827836, -37.813589 ], [ 144.827824, -37.812961 ], [ 144.828062, -37.811759 ], [ 144.828701, -37.810868 ], [ 144.828748, -37.810141 ], [ 144.829613, -37.810539 ], [ 144.830555, -37.810297 ], [ 144.831378, -37.808953 ], [ 144.833114, -37.807646 ], [ 144.834659, -37.805918 ], [ 144.834488, -37.80536 ], [ 144.833181, -37.803367 ], [ 144.832447, -37.803229 ], [ 144.832305, -37.802305 ], [ 144.831735, -37.801741 ], [ 144.830621, -37.801477 ], [ 144.830058, -37.80118 ], [ 144.82838, -37.799434 ], [ 144.827281, -37.79885 ], [ 144.827574, -37.798793 ], [ 144.829152, -37.797461 ], [ 144.829222, -37.795896 ], [ 144.830433, -37.796049 ], [ 144.831596, -37.788678 ], [ 144.832197, -37.788682 ], [ 144.832364, -37.788471 ], [ 144.832692, -37.788716 ], [ 144.832306, -37.788197 ] ] } },
{ "type": "Feature", "properties": { "scc_type": "C1" }, "geometry": { "type": "LineString", "coordinates": [ [ 144.967438, -37.817452 ], [ 144.960017, -37.819613 ] ] } },
{ "type": "Feature", "properties": { "scc_type": "C1" }, "geometry": { "type": "LineString", "coordinates": [ [ 144.968475, -37.819713 ], [ 144.967438, -37.817452 ] ] } },
{ "type": "Feature", "properties": { "scc_type": "C1" }, "geometry": { "type": "LineString", "coordinates": [ [ 144.9403161, -37.787551 ], [ 144.9398761, -37.78695 ], [ 144.9400231, -37.786809 ], [ 144.9397691, -37.78648 ], [ 144.9395341, -37.785103 ], [ 144.9391181, -37.784824 ], [ 144.9389141, -37.783758 ], [ 144.9386931, -37.783442 ], [ 144.9388391, -37.782808 ], [ 144.938511, -37.781124 ], [ 144.93783, -37.779965 ], [ 144.936695, -37.778599 ], [ 144.93664, -37.778034 ], [ 144.9368902, -37.7780427 ], [ 144.936156, -37.775016 ], [ 144.936282, -37.77379 ], [ 144.937319, -37.772976 ], [ 144.938245, -37.771535 ], [ 144.937816, -37.771108 ], [ 144.93523, -37.771128 ], [ 144.934963, -37.77071 ], [ 144.935405, -37.769788 ], [ 144.93765, -37.768753 ], [ 144.938297, -37.761042 ], [ 144.937908, -37.76072 ], [ 144.936424, -37.760294 ], [ 144.935535, -37.760286 ], [ 144.93472, -37.760723 ], [ 144.934089, -37.760689 ], [ 144.933729, -37.760271 ], [ 144.933919, -37.759612 ], [ 144.932781, -37.758846 ], [ 144.932844, -37.758535 ], [ 144.933216, -37.758194 ], [ 144.933376, -37.757515 ], [ 144.93441, -37.756728 ], [ 144.934233, -37.756182 ], [ 144.933487, -37.755122 ], [ 144.93491, -37.753834 ], [ 144.935284, -37.75387 ], [ 144.935403, -37.753209 ], [ 144.935154, -37.752935 ] ] } },
{ "type": "Feature", "properties": { "scc_type": "C1" }, "geometry": { "type": "LineString", "coordinates": [ [ 144.944692, -37.815062 ], [ 144.944308, -37.814027 ], [ 144.94363, -37.813349 ], [ 144.940117, -37.811401 ], [ 144.939109, -37.811007 ], [ 144.939096, -37.810887 ], [ 144.937793, -37.810414 ], [ 144.936074, -37.810017 ], [ 144.936139, -37.809483 ] ] } },
{ "type": "Feature", "properties": { "scc_type": "C1" }, "geometry": { "type": "LineString", "coordinates": [ [ 144.947437, -37.821014 ], [ 144.946706, -37.819002 ], [ 144.946334, -37.819104 ], [ 144.946286, -37.819007 ], [ 144.944692, -37.815062 ] ] } },
{ "type": "Feature", "properties": { "scc_type": "C1" }, "geometry": { "type": "LineString", "coordinates": [ [ 144.947437, -37.821014 ], [ 144.945611, -37.821473 ], [ 144.944308, -37.821466 ], [ 144.943119, -37.821733 ], [ 144.941556, -37.822418 ], [ 144.940715, -37.823237 ], [ 144.939991, -37.825298 ], [ 144.940807, -37.826423 ], [ 144.939354, -37.827488 ] ] } },
{ "type": "Feature", "properties": { "scc_type": "C1" }, "geometry": { "type": "LineString", "coordinates": [ [ 144.956446, -37.811755 ], [ 144.944692, -37.815062 ] ] } },
{ "type": "Feature", "properties": { "scc_type": "C1" }, "geometry": { "type": "LineString", "coordinates": [ [ 144.95682, -37.801091 ], [ 144.9408771, -37.788366 ], [ 144.9403161, -37.787551 ] ] } },
{ "type": "Feature", "properties": { "scc_type": "C1" }, "geometry": { "type": "LineString", "coordinates": [ [ 144.700567, -37.7453591 ], [ 144.682972, -37.738933 ], [ 144.670692, -37.734777 ], [ 144.659854, -37.72833 ], [ 144.654921, -37.725623 ], [ 144.651532, -37.723518 ], [ 144.650348, -37.723423 ], [ 144.649506, -37.723779 ], [ 144.648869, -37.724484 ], [ 144.647876, -37.726185 ], [ 144.647604, -37.727529 ] ] } },
{ "type": "Feature", "properties": { "scc_type": "C1" }, "geometry": { "type": "LineString", "coordinates": [ [ 144.700567, -37.745358 ], [ 144.700567, -37.7453591 ] ] } },
{ "type": "Feature", "properties": { "scc_type": "C1" }, "geometry": { "type": "LineString", "coordinates": [ [ 144.681748, -37.884375 ], [ 144.684153, -37.870151 ], [ 144.688144, -37.848268 ], [ 144.691056, -37.834459 ], [ 144.693017, -37.823022 ], [ 144.703928, -37.752506 ], [ 144.703992, -37.751286 ], [ 144.703583, -37.750679 ], [ 144.702335, -37.749646 ], [ 144.700809, -37.746899 ], [ 144.700567, -37.7453591 ] ] } },
{ "type": "Feature", "properties": { "scc_type": "C1" }, "geometry": { "type": "LineString", "coordinates": [ [ 144.74126, -37.763424 ], [ 144.741227, -37.763373 ] ] } },
{ "type": "Feature", "properties": { "scc_type": "C1" }, "geometry": { "type": "LineString", "coordinates": [ [ 144.74126, -37.763424 ], [ 144.739339, -37.761348 ], [ 144.735811, -37.756736 ], [ 144.734082, -37.755072 ], [ 144.731393, -37.753462 ], [ 144.723672, -37.750777 ], [ 144.706091, -37.747439 ], [ 144.700567, -37.7453591 ] ] } },
{ "type": "Feature", "properties": { "scc_type": "C1" }, "geometry": { "type": "LineString", "coordinates": [ [ 144.81548, -37.784136 ], [ 144.815479, -37.784143 ] ] } },
{ "type": "Feature", "properties": { "scc_type": "C1" }, "geometry": { "type": "LineString", "coordinates": [ [ 144.8246696, -37.8207627 ], [ 144.820699, -37.823293 ], [ 144.817161, -37.824208 ], [ 144.816523, -37.824168 ], [ 144.814004, -37.824809 ], [ 144.813413, -37.82472 ], [ 144.811003, -37.825809 ], [ 144.804962, -37.827408 ], [ 144.800072, -37.829178 ], [ 144.799864, -37.82943 ], [ 144.794237, -37.831593 ], [ 144.788881, -37.83548 ], [ 144.770591, -37.836404 ], [ 144.76936, -37.836357 ], [ 144.767944, -37.836607 ], [ 144.764148, -37.84083 ], [ 144.761433, -37.844139 ], [ 144.760456, -37.844431 ], [ 144.759864, -37.845121 ], [ 144.747073, -37.853947 ], [ 144.74703, -37.854163 ], [ 144.746474, -37.854355 ], [ 144.744217, -37.85593 ], [ 144.73897, -37.858907 ], [ 144.732207, -37.862632 ], [ 144.73187, -37.862638 ], [ 144.723024, -37.867648 ], [ 144.720646, -37.868844 ], [ 144.721598, -37.870009 ], [ 144.72175, -37.87062 ], [ 144.721423, -37.872666 ], [ 144.721933, -37.873018 ], [ 144.722091, -37.873337 ], [ 144.721698, -37.874293 ], [ 144.721911, -37.87657 ], [ 144.721743, -37.876825 ], [ 144.712785, -37.879 ], [ 144.710222, -37.879831 ], [ 144.706992, -37.881111 ], [ 144.705592, -37.881771 ], [ 144.705383, -37.882154 ], [ 144.70148, -37.883737 ], [ 144.701349, -37.883827 ], [ 144.701429, -37.884173 ], [ 144.700178, -37.884774 ], [ 144.680494, -37.893831 ] ] } },
{ "type": "Feature", "properties": { "scc_type": "C1" }, "geometry": { "type": "LineString", "coordinates": [ [ 144.832306, -37.788197 ], [ 144.830954, -37.786644 ], [ 144.830039, -37.786017 ], [ 144.82934, -37.785838 ], [ 144.827297, -37.785625 ], [ 144.827337, -37.785372 ], [ 144.81548, -37.784136 ] ] } },
{ "type": "Feature", "properties": { "scc_type": "C1" }, "geometry": { "type": "LineString", "coordinates": [ [ 144.832906, -37.787924 ], [ 144.832306, -37.788197 ] ] } },
{ "type": "Feature", "properties": { "scc_type": "C1" }, "geometry": { "type": "LineString", "coordinates": [ [ 144.840111, -37.819275 ], [ 144.838089, -37.817193 ], [ 144.837489, -37.817042 ], [ 144.828726, -37.819274 ], [ 144.827637, -37.819305 ], [ 144.826261, -37.82026 ], [ 144.8246696, -37.8207627 ] ] } },
{ "type": "Feature", "properties": { "scc_type": "C1" }, "geometry": { "type": "LineString", "coordinates": [ [ 144.859834, -37.813833 ], [ 144.840111, -37.819275 ] ] } },
{ "type": "Feature", "properties": { "scc_type": "C1" }, "geometry": { "type": "LineString", "coordinates": [ [ 144.859834, -37.813833 ], [ 144.859515, -37.81393 ] ] } },
{ "type": "Feature", "properties": { "scc_type": "C1" }, "geometry": { "type": "LineString", "coordinates": [ [ 144.862386, -37.797644 ], [ 144.84423, -37.795516 ], [ 144.844604, -37.79382 ], [ 144.84333, -37.793765 ], [ 144.842773, -37.794102 ], [ 144.841523, -37.79443 ], [ 144.837417, -37.793055 ], [ 144.835501, -37.791192 ], [ 144.832906, -37.787924 ] ] } },
{ "type": "Feature", "properties": { "scc_type": "C1" }, "geometry": { "type": "LineString", "coordinates": [ [ 144.881165, -37.761556 ], [ 144.882024, -37.764137 ], [ 144.886704, -37.768996 ], [ 144.886156, -37.772795 ], [ 144.884101, -37.782949 ], [ 144.881382, -37.797845 ], [ 144.881695, -37.797879 ] ] } },
{ "type": "Feature", "properties": { "scc_type": "C1" }, "geometry": { "type": "LineString", "coordinates": [ [ 144.887236, -37.80162 ], [ 144.873997, -37.808648 ], [ 144.870134, -37.810945 ], [ 144.859834, -37.813833 ] ] } },
{ "type": "Feature", "properties": { "scc_type": "C1" }, "geometry": { "type": "LineString", "coordinates": [ [ 144.887236, -37.80162 ], [ 144.887029, -37.80142 ], [ 144.881755, -37.800817 ] ] } },
{ "type": "Feature", "properties": { "scc_type": "C1" }, "geometry": { "type": "LineString", "coordinates": [ [ 144.889997, -37.751183 ], [ 144.884368, -37.750617 ], [ 144.881683, -37.752898 ], [ 144.881057, -37.752768 ], [ 144.880832, -37.753245 ], [ 144.88049, -37.753197 ], [ 144.880051, -37.753405 ], [ 144.879107, -37.754786 ], [ 144.878354, -37.755145 ], [ 144.877653, -37.756188 ], [ 144.877272, -37.756376 ], [ 144.877367, -37.757266 ], [ 144.876758, -37.757599 ], [ 144.877457, -37.757574 ], [ 144.879251, -37.756832 ], [ 144.879488, -37.75686 ], [ 144.879984, -37.7575 ], [ 144.88011, -37.758425 ], [ 144.881159, -37.761558 ], [ 144.880306, -37.75901 ] ] } },
{ "type": "Feature", "properties": { "scc_type": "C1" }, "geometry": { "type": "LineString", "coordinates": [ [ 144.890003, -37.751154 ], [ 144.889997, -37.751183 ] ] } },
{ "type": "Feature", "properties": { "scc_type": "C1" }, "geometry": { "type": "LineString", "coordinates": [ [ 144.91525, -37.694754 ], [ 144.915086, -37.694749 ], [ 144.915212, -37.693523 ], [ 144.914038, -37.693442 ], [ 144.913072, -37.693519 ], [ 144.912809, -37.693682 ], [ 144.911342, -37.693137 ], [ 144.909036, -37.693082 ], [ 144.908106, -37.692777 ], [ 144.907491, -37.693197 ], [ 144.907066, -37.693149 ], [ 144.906847, -37.693897 ], [ 144.906289, -37.694333 ], [ 144.905039, -37.69485 ], [ 144.903968, -37.69471 ], [ 144.903096, -37.695016 ], [ 144.902215, -37.696572 ], [ 144.901796, -37.696508 ], [ 144.901002, -37.695996 ], [ 144.900406, -37.696482 ], [ 144.900273, -37.696874 ], [ 144.898257, -37.69815 ], [ 144.897908, -37.698578 ], [ 144.892707, -37.702835 ], [ 144.892007, -37.704147 ], [ 144.890809, -37.70738 ], [ 144.890804, -37.708015 ], [ 144.891305, -37.709537 ], [ 144.891747, -37.709541 ], [ 144.890203, -37.709982 ], [ 144.889536, -37.709924 ], [ 144.888574, -37.708847 ], [ 144.888275, -37.708773 ], [ 144.887686, -37.70898 ], [ 144.885154, -37.70887 ], [ 144.884096, -37.709563 ], [ 144.882248, -37.710882 ], [ 144.880629, -37.71231 ], [ 144.878327, -37.713887 ], [ 144.877249, -37.714885 ], [ 144.877186, -37.715173 ], [ 144.877448, -37.715467 ], [ 144.878606, -37.715682 ], [ 144.8785942, -37.7161097 ], [ 144.877137, -37.7169764 ], [ 144.8744705, -37.7174372 ], [ 144.8735327, -37.7178398 ], [ 144.8706786, -37.7197833 ], [ 144.870344, -37.720271 ], [ 144.868527, -37.721781 ], [ 144.867072, -37.722423 ], [ 144.865773, -37.723428 ], [ 144.865389, -37.723972 ], [ 144.864765, -37.724362 ], [ 144.864425, -37.724906 ], [ 144.863968, -37.725069 ], [ 144.863771, -37.725998 ], [ 144.863988, -37.726087 ], [ 144.864224, -37.727568 ], [ 144.863118, -37.728785 ], [ 144.861108, -37.729087 ], [ 144.858345, -37.729833 ], [ 144.857167, -37.730356 ], [ 144.855327, -37.731804 ], [ 144.853859, -37.733542 ], [ 144.852918, -37.736116 ], [ 144.851701, -37.738374 ], [ 144.852042, -37.738597 ], [ 144.852798, -37.738484 ], [ 144.852494, -37.739113 ], [ 144.852211, -37.739111 ], [ 144.851395, -37.738598 ], [ 144.850389, -37.737322 ], [ 144.850075, -37.737405 ], [ 144.849915, -37.737215 ], [ 144.849687, -37.737246 ], [ 144.849197, -37.739439 ], [ 144.849028, -37.739749 ], [ 144.848004, -37.740519 ], [ 144.84483, -37.741038 ], [ 144.844017, -37.74151 ], [ 144.843755, -37.741761 ], [ 144.843265, -37.743243 ], [ 144.842199, -37.744044 ], [ 144.841774, -37.74466 ], [ 144.834736, -37.748686 ], [ 144.833384, -37.749284 ], [ 144.83221, -37.749588 ], [ 144.83161, -37.749965 ], [ 144.83148, -37.749826 ], [ 144.831297, -37.749877 ], [ 144.830819, -37.750551 ], [ 144.829967, -37.751252 ], [ 144.822579, -37.75684 ], [ 144.822604, -37.757331 ], [ 144.820748, -37.760365 ], [ 144.820071, -37.761051 ], [ 144.820092, -37.761475 ], [ 144.819688, -37.761451 ], [ 144.819335, -37.762359 ], [ 144.818401, -37.763727 ], [ 144.817603, -37.764572 ], [ 144.816636, -37.765101 ], [ 144.816167, -37.765551 ], [ 144.817841, -37.768027 ], [ 144.822352, -37.773989 ], [ 144.82439, -37.774792 ], [ 144.825359, -37.776028 ], [ 144.825146, -37.777215 ], [ 144.826926, -37.779747 ], [ 144.826987, -37.780192 ], [ 144.831613, -37.786446 ], [ 144.832906, -37.787924 ] ] } },
{ "type": "Feature", "properties": { "scc_type": "C1" }, "geometry": { "type": "LineString", "coordinates": [ [ 144.915842, -37.752903 ], [ 144.913009, -37.754137 ], [ 144.903792, -37.753016 ], [ 144.903133, -37.752721 ], [ 144.899241, -37.752206 ], [ 144.889997, -37.751183 ] ] } },
{ "type": "Feature", "properties": { "scc_type": "C1" }, "geometry": { "type": "LineString", "coordinates": [ [ 144.91607, -37.75278 ], [ 144.915841, -37.752903 ] ] } },
{ "type": "Feature", "properties": { "scc_type": "C1" }, "geometry": { "type": "LineString", "coordinates": [ [ 144.9250003, -37.6641201 ], [ 144.923857, -37.669338 ], [ 144.922946, -37.675186 ], [ 144.922083, -37.678694 ], [ 144.920998, -37.680788 ], [ 144.918362, -37.683581 ], [ 144.917185, -37.685317 ], [ 144.915575, -37.690795 ], [ 144.91525, -37.694754 ] ] } },
{ "type": "Feature", "properties": { "scc_type": "C1" }, "geometry": { "type": "LineString", "coordinates": [ [ 144.9250003, -37.6641201 ], [ 144.924982, -37.664118 ] ] } },
{ "type": "Feature", "properties": { "scc_type": "C1" }, "geometry": { "type": "LineString", "coordinates": [ [ 144.95682, -37.801091 ], [ 144.955395, -37.809482 ], [ 144.956446, -37.811755 ] ] } },
{ "type": "Feature", "properties": { "scc_type": "C1" }, "geometry": { "type": "LineString", "coordinates": [ [ 144.960017, -37.819613 ], [ 144.952566, -37.821828 ], [ 144.95148, -37.82186 ], [ 144.949806, -37.822295 ], [ 144.949715, -37.822183 ], [ 144.948848, -37.822399 ], [ 144.9474, -37.822477 ], [ 144.947728, -37.822117 ], [ 144.947437, -37.821014 ] ] } },
{ "type": "Feature", "properties": { "scc_type": "C1" }, "geometry": { "type": "LineString", "coordinates": [ [ 144.960017, -37.819613 ], [ 144.956446, -37.811755 ] ] } },
{ "type": "Feature", "properties": { "scc_type": "C1" }, "geometry": { "type": "LineString", "coordinates": [ [ 144.960225, -37.778109 ], [ 144.958178, -37.77783 ], [ 144.957828, -37.779088 ], [ 144.957077, -37.780307 ], [ 144.954927, -37.781303 ], [ 144.953566, -37.781507 ], [ 144.951712, -37.781441 ], [ 144.951452, -37.78135 ], [ 144.951342, -37.780976 ], [ 144.9509541, -37.78065 ], [ 144.9507111, -37.780822 ], [ 144.9495561, -37.780985 ], [ 144.9470151, -37.782571 ], [ 144.9460741, -37.783441 ], [ 144.9457151, -37.783988 ], [ 144.9441511, -37.78537 ], [ 144.942067, -37.786747 ], [ 144.9403161, -37.787551 ] ] } },
{ "type": "Feature", "properties": { "scc_type": "C1" }, "geometry": { "type": "LineString", "coordinates": [ [ 144.960225, -37.778109 ], [ 144.957328, -37.801554 ], [ 144.95682, -37.801091 ] ] } },
{ "type": "Feature", "properties": { "scc_type": "C1" }, "geometry": { "type": "LineString", "coordinates": [ [ 144.964599, -37.778653 ], [ 144.960225, -37.778109 ] ] } },
{ "type": "Feature", "properties": { "scc_type": "C1" }, "geometry": { "type": "LineString", "coordinates": [ [ 144.968744, -37.808158 ], [ 144.956446, -37.811755 ] ] } },
{ "type": "Feature", "properties": { "scc_type": "C1" }, "geometry": { "type": "LineString", "coordinates": [ [ 144.969195, -37.809136 ], [ 144.968744, -37.808158 ] ] } },
{ "type": "Feature", "properties": { "scc_type": "C1" }, "geometry": { "type": "LineString", "coordinates": [ [ 144.969977, -37.542679 ], [ 144.966387, -37.549326 ], [ 144.956528, -37.571471 ], [ 144.943106, -37.602394 ], [ 144.942408, -37.6045 ], [ 144.941764, -37.607406 ], [ 144.934874, -37.6414 ], [ 144.934471, -37.641494 ], [ 144.93328, -37.647518 ], [ 144.932374, -37.649179 ], [ 144.931469, -37.65052 ], [ 144.931244, -37.650553 ], [ 144.926871, -37.657311 ], [ 144.925616, -37.659835 ], [ 144.925842, -37.659869 ], [ 144.9250003, -37.6641201 ] ] } },
{ "type": "Feature", "properties": { "scc_type": "C1" }, "geometry": { "type": "LineString", "coordinates": [ [ 144.970128, -37.823316 ], [ 144.96849, -37.819745 ] ] } },
{ "type": "Feature", "properties": { "scc_type": "C1" }, "geometry": { "type": "LineString", "coordinates": [ [ 144.970128, -37.823316 ], [ 144.968651, -37.823616 ], [ 144.964721, -37.822879 ], [ 144.963645, -37.82226 ], [ 144.9620546, -37.8209722 ], [ 144.961399, -37.821249 ], [ 144.961367, -37.819918 ], [ 144.9603318, -37.8200669 ], [ 144.960017, -37.819613 ] ] } },
{ "type": "Feature", "properties": { "scc_type": "C1" }, "geometry": { "type": "LineString", "coordinates": [ [ 144.971678, -37.808407 ], [ 144.969195, -37.809136 ] ] } },
{ "type": "Feature", "properties": { "scc_type": "C1" }, "geometry": { "type": "LineString", "coordinates": [ [ 144.971678, -37.808407 ], [ 144.971505, -37.807868 ], [ 144.970696, -37.807491 ], [ 144.968744, -37.808158 ] ] } },
{ "type": "Feature", "properties": { "scc_type": "C1" }, "geometry": { "type": "LineString", "coordinates": [ [ 144.9718, -37.83228 ], [ 144.964071, -37.834505 ], [ 144.963053, -37.832291 ], [ 144.949193, -37.836234 ], [ 144.944441, -37.831265 ], [ 144.942027, -37.82967 ], [ 144.939354, -37.827488 ] ] } },
{ "type": "Feature", "properties": { "scc_type": "C1" }, "geometry": { "type": "LineString", "coordinates": [ [ 144.9718, -37.83228 ], [ 144.971368, -37.830755 ], [ 144.971315, -37.8263 ], [ 144.970128, -37.823316 ] ] } },
{ "type": "Feature", "properties": { "scc_type": "C1" }, "geometry": { "type": "LineString", "coordinates": [ [ 144.972383, -37.816009 ], [ 144.967438, -37.817452 ] ] } },
{ "type": "Feature", "properties": { "scc_type": "C1" }, "geometry": { "type": "LineString", "coordinates": [ [ 144.972383, -37.816009 ], [ 144.969195, -37.809136 ] ] } },
{ "type": "Feature", "properties": { "scc_type": "C1" }, "geometry": { "type": "LineString", "coordinates": [ [ 144.975882, -37.779937 ], [ 144.972626, -37.799253 ], [ 144.969941, -37.800755 ], [ 144.968711, -37.80809 ] ] } },
{ "type": "Feature", "properties": { "scc_type": "C1" }, "geometry": { "type": "LineString", "coordinates": [ [ 144.9767084, -37.8232521 ], [ 144.976175, -37.823434 ], [ 144.974987, -37.82236 ], [ 144.974119, -37.822113 ], [ 144.972579, -37.822361 ], [ 144.971088, -37.823052 ], [ 144.970128, -37.823316 ] ] } },
{ "type": "Feature", "properties": { "scc_type": "C1" }, "geometry": { "type": "LineString", "coordinates": [ [ 144.9767084, -37.8232521 ], [ 144.976706, -37.82325 ] ] } },
{ "type": "Feature", "properties": { "scc_type": "C1" }, "geometry": { "type": "LineString", "coordinates": [ [ 144.9767084, -37.8232521 ], [ 144.976706, -37.82325 ] ] } },
{ "type": "Feature", "properties": { "scc_type": "C1" }, "geometry": { "type": "LineString", "coordinates": [ [ 144.977714, -37.528779 ], [ 144.969977, -37.542679 ] ] } },
{ "type": "Feature", "properties": { "scc_type": "C1" }, "geometry": { "type": "LineString", "coordinates": [ [ 144.978038, -37.823292 ], [ 144.978533, -37.823327 ], [ 144.977248, -37.822328 ], [ 144.97627, -37.821309 ], [ 144.976223, -37.81956 ], [ 144.975924, -37.818728 ], [ 144.975188, -37.818126 ], [ 144.973346, -37.817093 ], [ 144.972383, -37.816009 ] ] } },
{ "type": "Feature", "properties": { "scc_type": "C1" }, "geometry": { "type": "LineString", "coordinates": [ [ 144.983553, -37.810412 ], [ 144.972781, -37.809223 ], [ 144.97214, -37.809404 ], [ 144.971678, -37.808407 ] ] } },
{ "type": "Feature", "properties": { "scc_type": "C1" }, "geometry": { "type": "LineString", "coordinates": [ [ 144.989521, -37.7767332 ], [ 144.985795, -37.78103 ] ] } },
{ "type": "Feature", "properties": { "scc_type": "C1" }, "geometry": { "type": "LineString", "coordinates": [ [ 144.989898, -37.775945 ], [ 144.989668, -37.775875 ], [ 144.989521, -37.7767332 ] ] } },
{ "type": "Feature", "properties": { "scc_type": "C1" }, "geometry": { "type": "LineString", "coordinates": [ [ 144.989521, -37.7767332 ], [ 144.989997, -37.776412 ], [ 144.990122, -37.775969 ], [ 144.989898, -37.775945 ] ] } },
{ "type": "Feature", "properties": { "scc_type": "C1" }, "geometry": { "type": "LineString", "coordinates": [ [ 144.984657, -37.780995 ], [ 144.983498, -37.780835 ], [ 144.982006, -37.780395 ], [ 144.979081, -37.780022 ], [ 144.977341, -37.780063 ], [ 144.971688, -37.779388 ], [ 144.970733, -37.779082 ], [ 144.969827, -37.779148 ], [ 144.968107, -37.778967 ], [ 144.967272, -37.779068 ], [ 144.967249, -37.778968 ], [ 144.964611, -37.778654 ] ] } },
{ "type": "Feature", "properties": { "scc_type": "C1" }, "geometry": { "type": "LineString", "coordinates": [ [ 144.98491, -37.828062 ], [ 144.981875, -37.827444 ], [ 144.980125, -37.826616 ], [ 144.979246, -37.825944 ], [ 144.977843, -37.824275 ], [ 144.9767084, -37.8232521 ] ] } },
{ "type": "Feature", "properties": { "scc_type": "C1" }, "geometry": { "type": "LineString", "coordinates": [ [ 144.985088, -37.827127 ], [ 144.98318, -37.826876 ], [ 144.981336, -37.826314 ], [ 144.98013, -37.825516 ], [ 144.978579, -37.823732 ], [ 144.978006, -37.823291 ], [ 144.976706, -37.82325 ] ] } },
{ "type": "Feature", "properties": { "scc_type": "C1" }, "geometry": { "type": "LineString", "coordinates": [ [ 144.985088, -37.827127 ], [ 144.98491, -37.828062 ] ] } },
{ "type": "Feature", "properties": { "scc_type": "C1" }, "geometry": { "type": "LineString", "coordinates": [ [ 144.985661, -37.782706 ], [ 144.985346, -37.781707 ], [ 144.984657, -37.780995 ] ] } },
{ "type": "Feature", "properties": { "scc_type": "C1" }, "geometry": { "type": "LineString", "coordinates": [ [ 145.062746, -37.860076 ], [ 145.062565, -37.859695 ], [ 145.061946, -37.859652 ], [ 145.061113, -37.859266 ], [ 145.060751, -37.85884 ], [ 145.059959, -37.858429 ], [ 145.060279, -37.858132 ], [ 145.059697, -37.857029 ], [ 145.060037, -37.85523 ], [ 145.059678, -37.855194 ], [ 145.059418, -37.854873 ], [ 145.058769, -37.854877 ], [ 145.057566, -37.854506 ], [ 145.056742, -37.853381 ], [ 145.056451, -37.853383 ], [ 145.054557, -37.85222 ], [ 145.053332, -37.851899 ], [ 145.053123, -37.851526 ], [ 145.052816, -37.851433 ] ] } },
{ "type": "Feature", "properties": { "scc_type": "C1" }, "geometry": { "type": "LineString", "coordinates": [ [ 145.03782, -37.756414 ], [ 145.037209, -37.759978 ], [ 145.036545, -37.762304 ], [ 145.035661, -37.763997 ], [ 145.034447, -37.769283 ], [ 145.032562, -37.76907 ], [ 145.032377, -37.770483 ], [ 145.032132, -37.770857 ], [ 145.032635, -37.77093 ], [ 145.032965, -37.771179 ], [ 145.032762, -37.771632 ], [ 145.032764, -37.772332 ], [ 145.032274, -37.77311 ], [ 145.031498, -37.77795 ], [ 145.030365, -37.778313 ], [ 145.029477, -37.778781 ], [ 145.027883, -37.778998 ], [ 145.02378, -37.779009 ], [ 145.019835, -37.778663 ], [ 145.019289, -37.778917 ], [ 145.01583, -37.778919 ], [ 145.015783, -37.779054 ], [ 145.0152243, -37.7791194 ], [ 145.002147, -37.779009 ], [ 145.000984, -37.77925 ], [ 145.000015, -37.779686 ], [ 144.999061, -37.780456 ], [ 144.998524, -37.78125 ], [ 144.9928938, -37.7806595 ], [ 144.992113, -37.779877 ], [ 144.9915472, -37.7796586 ], [ 144.9909839, -37.779211 ], [ 144.990429, -37.778469 ] ] } },
{ "type": "Feature", "properties": { "scc_type": "C1" }, "geometry": { "type": "LineString", "coordinates": [ [ 145.040452, -37.844838 ], [ 145.040443, -37.844837 ] ] } },
{ "type": "Feature", "properties": { "scc_type": "C1" }, "geometry": { "type": "LineString", "coordinates": [ [ 144.990429, -37.778469 ], [ 144.990068, -37.777484 ], [ 144.989521, -37.7767332 ] ] } },
{ "type": "Feature", "properties": { "scc_type": "C1" }, "geometry": { "type": "LineString", "coordinates": [ [ 145.018981, -37.65992 ], [ 145.018172, -37.661837 ], [ 145.018326, -37.66199 ], [ 145.0166, -37.665976 ], [ 145.013009, -37.685726 ], [ 145.011828, -37.695132 ], [ 145.012315, -37.69516 ], [ 145.011892, -37.697634 ], [ 145.011622, -37.697742 ], [ 145.011006, -37.699783 ], [ 145.010225, -37.704407 ], [ 145.010168, -37.70488 ], [ 145.010844, -37.705018 ], [ 145.010759, -37.705506 ], [ 145.010492, -37.70685 ], [ 145.010134, -37.70682 ], [ 145.009916, -37.706955 ], [ 145.009492, -37.709394 ], [ 145.009175, -37.71 ], [ 145.008273, -37.714822 ], [ 145.008524, -37.715043 ], [ 145.008091, -37.715544 ], [ 145.008105, -37.715746 ], [ 145.007586, -37.715981 ], [ 145.007435, -37.716533 ], [ 145.007559, -37.716712 ], [ 145.00745, -37.717798 ], [ 145.006376, -37.724535 ], [ 145.005551, -37.724762 ], [ 145.004391, -37.725453 ], [ 145.002547, -37.730432 ], [ 145.001794, -37.733472 ], [ 145.00153, -37.733432 ], [ 144.996645, -37.747323 ], [ 144.996821, -37.747388 ], [ 144.99599, -37.749409 ] ] } },
{ "type": "Feature", "properties": { "scc_type": "C1" }, "geometry": { "type": "LineString", "coordinates": [ [ 145.023515, -37.651938 ], [ 145.020181, -37.657124 ], [ 145.018981, -37.65992 ] ] } },
{ "type": "Feature", "properties": { "scc_type": "C1" }, "geometry": { "type": "LineString", "coordinates": [ [ 144.969977, -37.542679 ], [ 145.009368, -37.546675 ], [ 145.001358, -37.590978 ], [ 145.019342, -37.592667 ], [ 145.033707, -37.593792 ], [ 145.026342, -37.637541 ], [ 145.026563, -37.64049 ], [ 145.026125, -37.647185 ], [ 145.025909, -37.648414 ], [ 145.023783, -37.651738 ], [ 145.023515, -37.651938 ] ] } },
{ "type": "Feature", "properties": { "scc_type": "C1" }, "geometry": { "type": "LineString", "coordinates": [ [ 145.03782, -37.756414 ], [ 145.033369, -37.755928 ], [ 145.0333331, -37.756035 ], [ 145.032752, -37.755964 ], [ 145.032179, -37.755483 ], [ 145.031657, -37.755665 ], [ 145.031349, -37.756038 ], [ 145.030472, -37.756098 ], [ 145.030277, -37.756032 ], [ 145.030158, -37.755615 ], [ 145.02853, -37.755451 ], [ 145.028557, -37.755293 ], [ 145.001652, -37.752291 ], [ 145.002026, -37.750004 ], [ 144.99599, -37.749409 ] ] } },
{ "type": "Feature", "properties": { "scc_type": "C1" }, "geometry": { "type": "LineString", "coordinates": [ [ 144.985088, -37.827127 ], [ 144.985268, -37.826574 ], [ 144.985748, -37.826272 ], [ 144.985209, -37.826234 ], [ 144.985556, -37.824342 ], [ 144.984808, -37.824231 ], [ 144.984854, -37.824007 ], [ 144.984672, -37.823941 ], [ 144.984955, -37.820974 ], [ 144.98528, -37.820417 ], [ 144.985212, -37.8197 ], [ 144.984894, -37.819073 ], [ 144.984484, -37.818806 ], [ 144.983687, -37.818625 ], [ 144.982774, -37.818716 ], [ 144.982217, -37.816778 ], [ 144.982558, -37.81654 ], [ 144.983553, -37.810412 ] ] } },
{ "type": "Feature", "properties": { "scc_type": "C1" }, "geometry": { "type": "LineString", "coordinates": [ [ 144.985795, -37.78103 ], [ 144.984657, -37.780995 ] ] } },
{ "type": "Feature", "properties": { "scc_type": "C1" }, "geometry": { "type": "LineString", "coordinates": [ [ 144.986384, -37.781206 ], [ 144.986302, -37.781667 ], [ 144.985848, -37.782196 ], [ 144.985661, -37.782706 ] ] } },
{ "type": "Feature", "properties": { "scc_type": "C1" }, "geometry": { "type": "LineString", "coordinates": [ [ 144.988585, -37.791798 ], [ 144.98566, -37.809043 ], [ 144.983812, -37.80885 ], [ 144.983553, -37.810412 ] ] } },
{ "type": "Feature", "properties": { "scc_type": "C1" }, "geometry": { "type": "LineString", "coordinates": [ [ 145.040443, -37.844837 ], [ 145.040578, -37.841172 ], [ 145.040364, -37.840198 ], [ 145.039422, -37.838843 ], [ 145.038226, -37.838403 ], [ 145.037375, -37.837698 ], [ 145.03516, -37.837117 ], [ 145.034858, -37.837269 ], [ 145.034545, -37.837812 ], [ 145.033307, -37.837592 ], [ 145.032924, -37.837766 ], [ 145.032737, -37.83766 ], [ 145.032767, -37.837459 ], [ 145.030438, -37.838115 ], [ 145.027967, -37.837812 ], [ 145.026779, -37.836828 ], [ 145.024211, -37.834144 ], [ 145.023736, -37.834091 ], [ 145.023266, -37.833828 ], [ 145.02245, -37.832433 ], [ 145.021684, -37.831907 ], [ 145.019111, -37.831276 ], [ 145.018539, -37.831303 ], [ 145.017259, -37.831682 ], [ 145.016543, -37.831631 ], [ 145.014135, -37.830421 ] ] } },
{ "type": "Feature", "properties": { "scc_type": "C1" }, "geometry": { "type": "LineString", "coordinates": [ [ 145.045545, -37.672326 ], [ 145.04554, -37.672308 ] ] } },
{ "type": "Feature", "properties": { "scc_type": "C1" }, "geometry": { "type": "LineString", "coordinates": [ [ 145.023515, -37.651938 ], [ 145.027928, -37.652297 ], [ 145.029468, -37.652103 ], [ 145.029587, -37.652423 ], [ 145.035165, -37.65228 ], [ 145.034836, -37.653227 ], [ 145.035262, -37.653402 ], [ 145.034609, -37.65339 ], [ 145.034236, -37.654303 ], [ 145.033811, -37.654839 ], [ 145.03401, -37.655297 ], [ 145.034801, -37.656051 ], [ 145.03563, -37.656335 ], [ 145.035571, -37.657633 ], [ 145.034883, -37.657498 ], [ 145.035019, -37.657866 ], [ 145.034864, -37.658613 ], [ 145.03549, -37.660144 ], [ 145.036243, -37.660675 ], [ 145.036015, -37.661117 ], [ 145.03606, -37.661396 ], [ 145.04119, -37.661892 ], [ 145.041263, -37.663283 ], [ 145.044856, -37.670602 ], [ 145.045545, -37.672326 ] ] } },
{ "type": "Feature", "properties": { "scc_type": "C1" }, "geometry": { "type": "LineString", "coordinates": [ [ 145.052816, -37.851433 ], [ 145.051621, -37.851124 ], [ 145.050271, -37.850405 ], [ 145.04962, -37.849859 ], [ 145.049497, -37.849284 ], [ 145.048044, -37.848964 ], [ 145.047163, -37.848271 ], [ 145.045371, -37.84817 ], [ 145.042673, -37.847393 ], [ 145.040899, -37.845999 ], [ 145.040419, -37.845222 ], [ 145.040443, -37.844837 ] ] } },
{ "type": "Feature", "properties": { "scc_type": "C1" }, "geometry": { "type": "LineString", "coordinates": [ [ 145.052816, -37.851428 ], [ 145.052816, -37.851433 ] ] } },
{ "type": "Feature", "properties": { "scc_type": "C1" }, "geometry": { "type": "LineString", "coordinates": [ [ 145.061577, -37.75887 ], [ 145.060078, -37.758648 ], [ 145.059078, -37.758196 ], [ 145.058615, -37.758554 ], [ 145.058389, -37.758555 ], [ 145.03782, -37.756414 ] ] } },
{ "type": "Feature", "properties": { "scc_type": "C1" }, "geometry": { "type": "LineString", "coordinates": [ [ 145.06178, -37.757721 ], [ 145.061578, -37.75887 ] ] } },
{ "type": "Feature", "properties": { "scc_type": "C1" }, "geometry": { "type": "LineString", "coordinates": [ [ 145.091875, -37.696798 ], [ 145.098983, -37.697573 ], [ 145.099523, -37.698576 ], [ 145.099979, -37.698941 ], [ 145.101449, -37.699353 ], [ 145.102793, -37.699342 ], [ 145.102557, -37.700923 ], [ 145.102671, -37.701292 ], [ 145.103318, -37.701375 ], [ 145.104049, -37.701848 ], [ 145.105643, -37.702455 ], [ 145.106683, -37.703041 ], [ 145.109066, -37.705459 ], [ 145.109871, -37.706745 ], [ 145.112788, -37.709291 ], [ 145.113989, -37.711128 ], [ 145.114271, -37.711022 ], [ 145.116498, -37.713896 ], [ 145.117606, -37.714609 ], [ 145.11881, -37.715025 ], [ 145.121836, -37.715414 ], [ 145.12465, -37.716452 ], [ 145.126965, -37.716716 ], [ 145.129702, -37.716532 ], [ 145.130817, -37.716252 ], [ 145.133812, -37.71482 ], [ 145.134745, -37.714525 ], [ 145.135355, -37.714494 ], [ 145.13687, -37.714796 ], [ 145.13907, -37.716201 ], [ 145.140241, -37.716678 ], [ 145.141612, -37.716774 ], [ 145.144191, -37.716442 ], [ 145.144299, -37.716226 ], [ 145.144648, -37.716301 ], [ 145.144778, -37.716939 ], [ 145.14426, -37.717394 ], [ 145.144254, -37.718182 ], [ 145.14358, -37.718706 ], [ 145.143365, -37.719272 ], [ 145.14333, -37.720146 ], [ 145.142949, -37.720309 ], [ 145.141991, -37.721521 ], [ 145.142406, -37.721942 ], [ 145.142412, -37.722332 ], [ 145.142668, -37.722675 ], [ 145.142477, -37.723489 ], [ 145.143561, -37.724526 ], [ 145.14316, -37.726384 ], [ 145.143283, -37.726921 ], [ 145.142999, -37.727254 ], [ 145.142167, -37.727669 ], [ 145.141759, -37.728126 ], [ 145.14153, -37.72809 ], [ 145.141306, -37.728252 ], [ 145.141356, -37.728699 ], [ 145.141764, -37.729276 ], [ 145.143442, -37.730818 ], [ 145.142165, -37.731153 ], [ 145.140137, -37.732986 ], [ 145.138935, -37.733284 ], [ 145.139908, -37.736514 ], [ 145.140205, -37.736856 ], [ 145.140595, -37.736949 ], [ 145.143114, -37.737216 ], [ 145.142908, -37.739408 ], [ 145.143245, -37.739679 ], [ 145.143709, -37.739245 ], [ 145.144253, -37.739052 ], [ 145.145618, -37.738866 ], [ 145.146579, -37.73852 ], [ 145.147793, -37.738316 ], [ 145.148708, -37.738688 ], [ 145.150507, -37.739132 ], [ 145.150865, -37.738818 ], [ 145.151222, -37.737467 ], [ 145.151989, -37.736336 ], [ 145.153001, -37.736062 ], [ 145.153237, -37.735274 ], [ 145.153745, -37.734855 ], [ 145.154592, -37.734545 ], [ 145.155571, -37.734591 ], [ 145.156887, -37.735262 ], [ 145.159097, -37.736785 ], [ 145.15971, -37.736974 ], [ 145.161886, -37.738135 ], [ 145.162208, -37.738865 ], [ 145.162241, -37.739482 ], [ 145.162573, -37.739841 ], [ 145.162167, -37.740485 ], [ 145.162193, -37.740969 ], [ 145.163037, -37.741893 ], [ 145.163255, -37.743468 ], [ 145.163988, -37.745015 ], [ 145.164753, -37.74588 ], [ 145.168166, -37.746597 ], [ 145.169247, -37.746072 ], [ 145.171155, -37.746159 ], [ 145.172785, -37.746594 ], [ 145.17337, -37.748509 ], [ 145.17439, -37.750405 ], [ 145.174829, -37.750399 ], [ 145.174907, -37.750595 ], [ 145.175564, -37.750865 ], [ 145.176245, -37.75148 ], [ 145.176931, -37.751604 ], [ 145.17755, -37.751285 ], [ 145.178668, -37.751671 ], [ 145.179505, -37.751703 ], [ 145.180047, -37.752168 ], [ 145.180195, -37.75271 ], [ 145.180886, -37.753343 ], [ 145.181317, -37.754053 ], [ 145.181359, -37.754531 ], [ 145.180577, -37.755415 ], [ 145.180174, -37.756624 ], [ 145.182265, -37.757784 ], [ 145.182439, -37.758039 ], [ 145.18227, -37.759322 ], [ 145.181341, -37.761877 ], [ 145.181582, -37.762851 ], [ 145.182089, -37.76344 ], [ 145.182839, -37.765062 ], [ 145.182465, -37.765197 ], [ 145.182493, -37.765536 ], [ 145.183334, -37.765558 ], [ 145.183582, -37.765863 ], [ 145.184634, -37.766005 ], [ 145.184814, -37.76625 ], [ 145.184886, -37.767054 ], [ 145.185867, -37.767774 ], [ 145.187205, -37.769713 ], [ 145.186849, -37.771287 ], [ 145.187036, -37.771909 ], [ 145.18739, -37.772238 ], [ 145.187427, -37.773034 ], [ 145.187016, -37.773624 ], [ 145.187217, -37.773753 ], [ 145.18806, -37.773721 ], [ 145.189253, -37.773981 ], [ 145.189097, -37.774488 ], [ 145.189212, -37.774874 ], [ 145.190207, -37.775252 ], [ 145.190702, -37.775683 ], [ 145.190141, -37.776041 ], [ 145.190645, -37.776764 ], [ 145.190574, -37.778174 ], [ 145.190811, -37.778511 ], [ 145.192057, -37.778889 ], [ 145.192928, -37.778846 ], [ 145.193611, -37.779439 ], [ 145.193776, -37.779799 ], [ 145.193798, -37.781528 ], [ 145.193601, -37.782701 ], [ 145.194821, -37.785569 ], [ 145.196265, -37.786364 ], [ 145.197347, -37.786385 ], [ 145.199939, -37.787428 ], [ 145.200967, -37.7876577 ], [ 145.2016101, -37.7881112 ], [ 145.2019316, -37.788588 ], [ 145.201729, -37.7890947 ], [ 145.201842, -37.7898326 ], [ 145.2021406, -37.7902714 ], [ 145.2029523, -37.7906425 ], [ 145.2028636, -37.7917801 ], [ 145.2033362, -37.7925289 ], [ 145.2032382, -37.7929127 ], [ 145.2026086, -37.7932553 ], [ 145.2025935, -37.7938765 ], [ 145.2031378, -37.7951152 ], [ 145.2035558, -37.7948854 ], [ 145.2041339, -37.7958057 ], [ 145.2040071, -37.7969472 ], [ 145.204234, -37.7974934 ], [ 145.2031509, -37.7993163 ], [ 145.2030327, -37.8016097 ], [ 145.2034433, -37.8029789 ], [ 145.2044624, -37.8033715 ], [ 145.2047876, -37.803741 ], [ 145.2050343, -37.8045526 ], [ 145.2048767, -37.8050225 ] ] } },
{ "type": "Feature", "properties": { "scc_type": "C1" }, "geometry": { "type": "LineString", "coordinates": [ [ 144.680494, -37.893831 ], [ 144.666117, -37.900577 ], [ 144.66289, -37.901914 ] ] } },
{ "type": "Feature", "properties": { "scc_type": "C1" }, "geometry": { "type": "LineString", "coordinates": [ [ 144.681726, -37.884511 ], [ 144.68086, -37.889645 ], [ 144.680241, -37.890681 ], [ 144.68011, -37.891361 ], [ 144.680121, -37.891716 ], [ 144.680402, -37.891638 ], [ 144.680286, -37.893555 ], [ 144.680494, -37.893831 ] ] } },
{ "type": "Feature", "properties": { "scc_type": "C1" }, "geometry": { "type": "LineString", "coordinates": [ [ 144.990429, -37.778469 ], [ 144.990326, -37.778728 ], [ 144.990844, -37.780452 ], [ 144.990561, -37.780817 ], [ 144.989671, -37.781093 ], [ 144.989195, -37.781463 ], [ 144.988153, -37.781274 ], [ 144.986616, -37.781243 ], [ 144.985795, -37.78103 ] ] } },
{ "type": "Feature", "properties": { "scc_type": "C1" }, "geometry": { "type": "LineString", "coordinates": [ [ 144.985661, -37.782706 ], [ 144.985543, -37.78349 ], [ 144.987307, -37.783697 ], [ 144.987909, -37.784067 ], [ 144.990799, -37.788424 ], [ 144.99087, -37.788649 ], [ 144.989003, -37.789426 ], [ 144.988585, -37.791798 ] ] } },
{ "type": "Feature", "properties": { "scc_type": "C1" }, "geometry": { "type": "LineString", "coordinates": [ [ 144.99599, -37.749409 ], [ 144.993969, -37.755607 ], [ 144.989898, -37.775945 ] ] } },
{ "type": "Feature", "properties": { "scc_type": "C1" }, "geometry": { "type": "LineString", "coordinates": [ [ 144.99599, -37.749409 ], [ 144.987323, -37.748527 ], [ 144.987583, -37.746936 ], [ 144.983301, -37.746464 ], [ 144.981193, -37.746675 ], [ 144.981164, -37.746506 ], [ 144.977431, -37.746131 ], [ 144.97741, -37.746264 ], [ 144.947215, -37.743013 ], [ 144.946991, -37.744308 ], [ 144.937187, -37.743203 ], [ 144.936945, -37.744564 ], [ 144.936092, -37.7455 ], [ 144.934074, -37.745196 ] ] } },
{ "type": "Feature", "properties": { "scc_type": "C1" }, "geometry": { "type": "LineString", "coordinates": [ [ 145.012648, -37.83026 ], [ 145.010458, -37.831189 ], [ 145.01014, -37.832024 ], [ 145.009854, -37.832271 ], [ 145.009151, -37.832237 ], [ 145.008592, -37.831715 ], [ 145.007724, -37.831447 ], [ 145.005491, -37.830962 ], [ 145.004705, -37.830959 ], [ 145.003723, -37.831256 ], [ 145.00172, -37.832624 ], [ 144.99941, -37.833696 ], [ 144.996975, -37.834074 ], [ 144.992502, -37.832975 ], [ 144.991104, -37.83238 ], [ 144.98905, -37.830419 ], [ 144.987181, -37.828267 ], [ 144.986216, -37.82756 ], [ 144.985088, -37.827127 ] ] } },
{ "type": "Feature", "properties": { "scc_type": "C1" }, "geometry": { "type": "LineString", "coordinates": [ [ 145.193079, -37.978739 ], [ 145.192461, -37.978306 ], [ 145.191912, -37.978474 ], [ 145.191606, -37.978337 ], [ 145.185847, -37.974146 ], [ 145.185255, -37.973873 ], [ 145.1821047, -37.971356 ] ] } },
{ "type": "Feature", "properties": { "scc_type": "C1" }, "geometry": { "type": "LineString", "coordinates": [ [ 145.193372, -37.966485 ], [ 145.193322, -37.966519 ], [ 145.192884, -37.966125 ], [ 145.192931, -37.966093 ], [ 145.193372, -37.966485 ] ] } },
{ "type": "Feature", "properties": { "scc_type": "C1" }, "geometry": { "type": "LineString", "coordinates": [ [ 145.19373, -37.971879 ], [ 145.19366, -37.97187 ], [ 145.193592, -37.972259 ], [ 145.193648, -37.972269 ], [ 145.19373, -37.971879 ] ] } },
{ "type": "Feature", "properties": { "scc_type": "C1" }, "geometry": { "type": "LineString", "coordinates": [ [ 145.193852, -37.967214 ], [ 145.193844, -37.967214 ] ] } },
{ "type": "Feature", "properties": { "scc_type": "C1" }, "geometry": { "type": "LineString", "coordinates": [ [ 145.193372, -37.966485 ], [ 145.193807, -37.966912 ], [ 145.193844, -37.967214 ] ] } },
{ "type": "Feature", "properties": { "scc_type": "C1" }, "geometry": { "type": "LineString", "coordinates": [ [ 145.012648, -37.83026 ], [ 145.012549, -37.830831 ], [ 145.012167, -37.831015 ], [ 145.012096, -37.831362 ], [ 145.011163, -37.8319 ], [ 145.010668, -37.833119 ], [ 145.009776, -37.833944 ], [ 145.008986, -37.833823 ], [ 145.008136, -37.832638 ], [ 145.007667, -37.832277 ], [ 145.005765, -37.831791 ], [ 145.004952, -37.831977 ], [ 145.004542, -37.832402 ], [ 145.004605, -37.834411 ], [ 145.004202, -37.834702 ], [ 145.003017, -37.834714 ], [ 145.001969, -37.83404 ], [ 145.001083, -37.833806 ], [ 144.997796, -37.834551 ], [ 144.99656, -37.834609 ], [ 144.991984, -37.833642 ], [ 144.990894, -37.83321 ], [ 144.99022, -37.832773 ], [ 144.989581, -37.831923 ], [ 144.986258, -37.828688 ], [ 144.98491, -37.828062 ] ] } },
{ "type": "Feature", "properties": { "scc_type": "C1" }, "geometry": { "type": "LineString", "coordinates": [ [ 145.014135, -37.830421 ], [ 145.013281, -37.830231 ], [ 145.012648, -37.83026 ] ] } },
{ "type": "Feature", "properties": { "scc_type": "C1" }, "geometry": { "type": "LineString", "coordinates": [ [ 145.014135, -37.830421 ], [ 145.013696, -37.829778 ], [ 145.013375, -37.829654 ], [ 145.012699, -37.82969 ], [ 145.012648, -37.83026 ] ] } },
{ "type": "Feature", "properties": { "scc_type": "C1" }, "geometry": { "type": "LineString", "coordinates": [ [ 145.018981, -37.65992 ], [ 145.017383, -37.659798 ], [ 145.015429, -37.659262 ], [ 145.00755, -37.658408 ], [ 145.006703, -37.659959 ], [ 145.006229, -37.662064 ], [ 145.004114, -37.667655 ], [ 145.001732, -37.672545 ], [ 145.000393, -37.672118 ], [ 144.994544, -37.671452 ], [ 144.991934, -37.671319 ], [ 144.991923, -37.67118 ], [ 144.982019, -37.670045 ], [ 144.98188, -37.668827 ], [ 144.982001, -37.668104 ], [ 144.981608, -37.668461 ], [ 144.981205, -37.668407 ], [ 144.98088, -37.667868 ], [ 144.979868, -37.666874 ], [ 144.978297, -37.666732 ], [ 144.976922, -37.666888 ], [ 144.976369, -37.665997 ], [ 144.976365, -37.666825 ], [ 144.976214, -37.666992 ], [ 144.974008, -37.667176 ], [ 144.97311, -37.66753 ], [ 144.972977, -37.667867 ], [ 144.973117, -37.668993 ], [ 144.956365, -37.667141 ], [ 144.954794, -37.667251 ], [ 144.940582, -37.665883 ], [ 144.9250003, -37.6641201 ] ] } },
{ "type": "Feature", "properties": { "scc_type": "C1" }, "geometry": { "type": "LineString", "coordinates": [ [ 145.137429, -37.79722 ], [ 145.136043, -37.797342 ], [ 145.135792, -37.798244 ], [ 145.128922, -37.797529 ], [ 145.127534, -37.797859 ], [ 145.125088, -37.798856 ], [ 145.124082, -37.798869 ] ] } },
{ "type": "Feature", "properties": { "scc_type": "C1" }, "geometry": { "type": "LineString", "coordinates": [ [ 145.1380298, -37.821491 ], [ 145.119079, -37.818854 ] ] } },
{ "type": "Feature", "properties": { "scc_type": "C1" }, "geometry": { "type": "LineString", "coordinates": [ [ 145.1380298, -37.821491 ], [ 145.13803, -37.82149 ], [ 145.13803, -37.821491 ], [ 145.1380298, -37.821491 ] ] } },
{ "type": "Feature", "properties": { "scc_type": "C1" }, "geometry": { "type": "LineString", "coordinates": [ [ 145.140618, -37.880143 ], [ 145.140504, -37.880749 ], [ 145.140856, -37.882647 ], [ 145.140734, -37.883299 ], [ 145.140972, -37.88372 ], [ 145.140681, -37.884514 ], [ 145.139051, -37.884694 ], [ 145.138614, -37.884866 ], [ 145.1385, -37.884194 ], [ 145.138058, -37.884118 ], [ 145.137132, -37.884971 ], [ 145.136968, -37.885776 ], [ 145.13644, -37.885719 ], [ 145.135454, -37.886188 ], [ 145.133975, -37.887519 ], [ 145.13331, -37.887694 ], [ 145.132416, -37.888325 ], [ 145.132078, -37.888804 ], [ 145.131322, -37.888921 ], [ 145.130878, -37.892065 ], [ 145.130681, -37.892303 ], [ 145.130407, -37.89378 ], [ 145.130507, -37.89394 ], [ 145.130076, -37.895185 ], [ 145.1278531, -37.907109 ], [ 145.1295541, -37.907307 ], [ 145.1286181, -37.912829 ], [ 145.1309891, -37.913224 ], [ 145.1312751, -37.913736 ], [ 145.1311251, -37.915421 ], [ 145.1315871, -37.915486 ], [ 145.1314331, -37.916199 ], [ 145.1307031, -37.916922 ], [ 145.1283221, -37.915453 ], [ 145.127335, -37.920354 ], [ 145.126058, -37.920186 ], [ 145.125736, -37.922047 ], [ 145.125995, -37.922069 ], [ 145.125069, -37.926961 ], [ 145.124196, -37.92759 ] ] } },
{ "type": "Feature", "properties": { "scc_type": "C1" }, "geometry": { "type": "LineString", "coordinates": [ [ 145.144148, -37.875856 ], [ 145.1413515, -37.8754591 ], [ 145.133818, -37.87541 ], [ 145.134588, -37.87054 ], [ 145.135213, -37.87063 ], [ 145.136993, -37.861808 ], [ 145.135803, -37.861661 ], [ 145.13716, -37.851621 ], [ 145.1350709, -37.8520839 ] ] } },
{ "type": "Feature", "properties": { "scc_type": "C1" }, "geometry": { "type": "LineString", "coordinates": [ [ 145.144148, -37.875856 ], [ 145.143744, -37.878057 ], [ 145.142621, -37.877934 ], [ 145.14215, -37.880299 ], [ 145.140618, -37.880152 ] ] } },
{ "type": "Feature", "properties": { "scc_type": "C1" }, "geometry": { "type": "LineString", "coordinates": [ [ 145.1821047, -37.971356 ], [ 145.179243, -37.969199 ], [ 145.179098, -37.96881 ], [ 145.178059, -37.968138 ], [ 145.178148, -37.967908 ], [ 145.177951, -37.967707 ], [ 145.176705, -37.966757 ], [ 145.176474, -37.967043 ], [ 145.17629, -37.966966 ], [ 145.174622, -37.965595 ], [ 145.174761, -37.965086 ], [ 145.173685, -37.964889 ], [ 145.169571, -37.96174 ], [ 145.169121, -37.961589 ], [ 145.168402, -37.960869 ], [ 145.163571, -37.95743 ], [ 145.155586, -37.95139 ], [ 145.155615, -37.951121 ], [ 145.154701, -37.950378 ], [ 145.153449, -37.949487 ], [ 145.153017, -37.949351 ], [ 145.152532, -37.948851 ], [ 145.144592, -37.943054 ], [ 145.136316, -37.936707 ], [ 145.136059, -37.936675 ], [ 145.13501, -37.935925 ], [ 145.134984, -37.935705 ], [ 145.134468, -37.935305 ], [ 145.133671, -37.934909 ], [ 145.1283181, -37.93086 ], [ 145.127031, -37.929833 ], [ 145.126926, -37.92924 ], [ 145.12611, -37.928626 ], [ 145.125444, -37.928545 ], [ 145.124196, -37.92759 ] ] } },
{ "type": "Feature", "properties": { "scc_type": "C1" }, "geometry": { "type": "LineString", "coordinates": [ [ 145.1821047, -37.971356 ], [ 145.182096, -37.971349 ], [ 145.182133, -37.971387 ], [ 145.1821047, -37.971356 ] ] } },
{ "type": "Feature", "properties": { "scc_type": "C1" }, "geometry": { "type": "LineString", "coordinates": [ [ 145.193844, -37.967214 ], [ 145.193668, -37.967474 ], [ 145.193879, -37.968721 ], [ 145.19373, -37.971879 ] ] } },
{ "type": "Feature", "properties": { "scc_type": "C1" }, "geometry": { "type": "LineString", "coordinates": [ [ 145.19373, -37.971879 ], [ 145.194424, -37.97196 ], [ 145.19441, -37.972364 ], [ 145.194784, -37.971687 ], [ 145.195317, -37.97164 ], [ 145.194848, -37.97272 ], [ 145.194509, -37.97479 ], [ 145.195227, -37.975552 ], [ 145.195255, -37.976338 ], [ 145.194677, -37.978301 ], [ 145.194402, -37.978318 ], [ 145.193667, -37.977951 ], [ 145.193079, -37.978739 ] ] } },
{ "type": "Feature", "properties": { "scc_type": "C1" }, "geometry": { "type": "LineString", "coordinates": [ [ 145.2049005, -37.8185616 ], [ 145.204666, -37.818799 ], [ 145.203511, -37.819134 ], [ 145.195228, -37.820923 ], [ 145.194055, -37.821043 ], [ 145.194334, -37.824408 ], [ 145.185513, -37.824585 ], [ 145.185497, -37.824352 ], [ 145.185088, -37.824389 ], [ 145.181392, -37.826451 ], [ 145.18003, -37.827809 ], [ 145.179832, -37.827814 ], [ 145.178277, -37.829531 ], [ 145.175146, -37.832387 ], [ 145.17292, -37.834757 ], [ 145.17276, -37.834731 ], [ 145.172254, -37.835965 ], [ 145.17191, -37.838082 ], [ 145.171615, -37.838078 ], [ 145.158937, -37.853631 ], [ 145.154236, -37.863021 ], [ 145.1481727, -37.8757166 ], [ 145.14809, -37.876202 ], [ 145.147611, -37.876325 ], [ 145.144148, -37.875856 ] ] } },
{ "type": "Feature", "properties": { "scc_type": "C1" }, "geometry": { "type": "LineString", "coordinates": [ [ 145.2049005, -37.8185616 ], [ 145.197464, -37.817889 ], [ 145.19694, -37.818128 ], [ 145.194053, -37.818088 ], [ 145.191531, -37.818422 ], [ 145.191354, -37.818406 ], [ 145.191286, -37.818143 ], [ 145.190657, -37.818334 ], [ 145.187905, -37.818568 ], [ 145.179687, -37.819802 ], [ 145.176677, -37.820114 ], [ 145.175586, -37.820038 ], [ 145.175431, -37.820573 ], [ 145.174957, -37.820689 ], [ 145.166796, -37.821904 ], [ 145.164278, -37.821783 ], [ 145.152794, -37.82036 ], [ 145.14965, -37.820391 ], [ 145.14365, -37.819742 ], [ 145.142577, -37.819917 ], [ 145.141229, -37.820479 ], [ 145.14132, -37.820612 ], [ 145.140354, -37.821151 ], [ 145.138055, -37.821871 ], [ 145.1380298, -37.821491 ] ] } },
{ "type": "Feature", "properties": { "scc_type": "C1" }, "geometry": { "type": "LineString", "coordinates": [ [ 145.204903, -37.818559 ], [ 145.2049005, -37.8185616 ] ] } },
{ "type": "Feature", "properties": { "scc_type": "C1" }, "geometry": { "type": "LineString", "coordinates": [ [ 144.64761, -37.727532 ], [ 144.641895, -37.724995 ], [ 144.600865, -37.711544 ] ] } },
{ "type": "Feature", "properties": { "scc_type": "C1" }, "geometry": { "type": "LineString", "coordinates": [ [ 145.21229, -37.847542 ], [ 145.212278, -37.847542 ] ] } },
{ "type": "Feature", "properties": { "scc_type": "C1" }, "geometry": { "type": "LineString", "coordinates": [ [ 145.21229, -37.847542 ], [ 145.212619, -37.848052 ], [ 145.212563, -37.848344 ], [ 145.210916, -37.851259 ], [ 145.211303, -37.853149 ], [ 145.212213, -37.854007 ], [ 145.212201, -37.854681 ], [ 145.211485, -37.856031 ], [ 145.210605, -37.856 ], [ 145.209941, -37.856275 ], [ 145.208985, -37.856019 ], [ 145.208562, -37.856206 ], [ 145.208145, -37.85728 ], [ 145.208669, -37.858108 ], [ 145.208861, -37.858983 ], [ 145.207159, -37.859417 ], [ 145.207071, -37.859627 ], [ 145.207448, -37.859712 ], [ 145.207077, -37.860121 ], [ 145.208772, -37.860753 ], [ 145.209719, -37.860901 ], [ 145.210739, -37.86134 ], [ 145.210799, -37.863996 ], [ 145.210502, -37.866165 ], [ 145.211023, -37.86937 ], [ 145.211071, -37.87194 ], [ 145.211476, -37.87409 ], [ 145.21164, -37.876455 ], [ 145.211914, -37.876685 ], [ 145.211971, -37.876992 ], [ 145.211762, -37.877187 ], [ 145.21209, -37.877997 ], [ 145.213959, -37.881535 ], [ 145.214581, -37.884578 ], [ 145.214377, -37.893496 ], [ 145.214075, -37.896372 ], [ 145.21409, -37.898087 ], [ 145.214366, -37.899871 ], [ 145.214289, -37.902772 ], [ 145.213634, -37.902882 ], [ 145.213267, -37.903682 ], [ 145.211168, -37.905002 ], [ 145.210429, -37.904958 ], [ 145.209527, -37.905162 ], [ 145.209164, -37.906116 ], [ 145.20655, -37.907626 ], [ 145.205516, -37.907956 ], [ 145.204404, -37.908006 ], [ 145.204784, -37.908166 ], [ 145.204924, -37.908731 ], [ 145.20479, -37.908858 ], [ 145.203697, -37.908779 ], [ 145.20346, -37.910143 ], [ 145.202356, -37.912455 ], [ 145.202934, -37.913858 ], [ 145.202679, -37.914741 ], [ 145.202858, -37.915806 ], [ 145.202337, -37.917477 ], [ 145.202415, -37.919462 ], [ 145.202953, -37.919857 ], [ 145.202981, -37.920471 ], [ 145.202675, -37.921059 ], [ 145.202644, -37.921605 ], [ 145.202381, -37.921898 ], [ 145.202425, -37.922272 ], [ 145.204636, -37.922612 ], [ 145.20505, -37.923127 ], [ 145.205404, -37.924127 ], [ 145.205866, -37.924258 ], [ 145.206004, -37.923942 ], [ 145.206154, -37.924298 ], [ 145.206041, -37.924715 ], [ 145.205728, -37.924965 ], [ 145.205673, -37.92459 ], [ 145.205297, -37.924554 ], [ 145.205215, -37.924863 ], [ 145.204594, -37.925379 ], [ 145.204481, -37.925712 ], [ 145.205253, -37.927015 ], [ 145.205273, -37.928111 ], [ 145.205643, -37.928709 ], [ 145.206257, -37.930836 ], [ 145.206176, -37.931733 ], [ 145.207115, -37.932062 ], [ 145.208363, -37.933148 ], [ 145.209267, -37.933417 ], [ 145.20937, -37.933571 ], [ 145.208396, -37.936562 ], [ 145.208358, -37.937196 ], [ 145.207885, -37.937503 ], [ 145.207475, -37.938959 ], [ 145.206854, -37.94339 ], [ 145.206962, -37.944445 ], [ 145.206364, -37.944863 ], [ 145.206369, -37.945486 ], [ 145.206053, -37.946446 ], [ 145.205039, -37.948578 ], [ 145.202528, -37.956983 ], [ 145.201417, -37.958766 ], [ 145.198967, -37.961928 ], [ 145.198676, -37.962115 ], [ 145.197862, -37.961871 ], [ 145.196161, -37.963834 ], [ 145.19558, -37.964233 ], [ 145.195356, -37.964221 ], [ 145.194748, -37.963769 ], [ 145.194339, -37.96388 ], [ 145.194156, -37.964353 ], [ 145.193709, -37.964631 ], [ 145.193543, -37.964946 ], [ 145.193688, -37.965705 ], [ 145.194229, -37.966278 ], [ 145.193932, -37.966094 ], [ 145.193372, -37.966485 ] ] } },
{ "type": "Feature", "properties": { "scc_type": "C1" }, "geometry": { "type": "LineString", "coordinates": [ [ 145.214634, -37.839809 ], [ 145.212827, -37.842206 ], [ 145.212322, -37.843533 ], [ 145.210923, -37.845256 ], [ 145.210892, -37.84556 ], [ 145.211497, -37.845684 ], [ 145.211781, -37.846129 ], [ 145.211691, -37.846707 ], [ 145.212309, -37.846973 ], [ 145.21229, -37.847542 ] ] } },
{ "type": "Feature", "properties": { "scc_type": "C1" }, "geometry": { "type": "LineString", "coordinates": [ [ 145.217494, -37.818726 ], [ 145.213584, -37.81898 ], [ 145.21327, -37.818785 ], [ 145.211038, -37.818759 ], [ 145.209136, -37.818569 ], [ 145.208793, -37.818879 ], [ 145.2049005, -37.8185616 ] ] } },
{ "type": "Feature", "properties": { "scc_type": "C1" }, "geometry": { "type": "LineString", "coordinates": [ [ 145.217553, -37.838293 ], [ 145.216477, -37.838449 ], [ 145.214774, -37.83956 ], [ 145.214634, -37.839809 ] ] } },
{ "type": "Feature", "properties": { "scc_type": "C1" }, "geometry": { "type": "LineString", "coordinates": [ [ 145.217566, -37.817484 ], [ 145.217494, -37.818726 ] ] } },
{ "type": "Feature", "properties": { "scc_type": "C1" }, "geometry": { "type": "LineString", "coordinates": [ [ 145.217566, -37.817484 ], [ 145.217778, -37.81743 ], [ 145.217818, -37.817814 ], [ 145.217694, -37.81778 ], [ 145.217566, -37.817484 ] ] } },
{ "type": "Feature", "properties": { "scc_type": "C1" }, "geometry": { "type": "LineString", "coordinates": [ [ 145.218184, -37.812257 ], [ 145.217319, -37.813217 ], [ 145.217566, -37.817484 ] ] } },
{ "type": "Feature", "properties": { "scc_type": "C1" }, "geometry": { "type": "LineString", "coordinates": [ [ 145.218184, -37.812257 ], [ 145.21736, -37.81229 ], [ 145.216764, -37.812589 ], [ 145.216517, -37.812908 ], [ 145.215806, -37.813189 ], [ 145.215292, -37.813149 ], [ 145.214819, -37.812869 ], [ 145.214334, -37.812867 ], [ 145.213619, -37.812366 ], [ 145.212675, -37.811014 ], [ 145.212247, -37.811257 ], [ 145.211961, -37.811022 ], [ 145.211623, -37.810482 ], [ 145.211435, -37.809566 ], [ 145.210704, -37.808696 ], [ 145.209961, -37.808487 ], [ 145.209204, -37.808781 ], [ 145.20912, -37.809065 ], [ 145.208608, -37.808877 ], [ 145.20837, -37.80851 ], [ 145.20783, -37.808161 ], [ 145.207591, -37.807794 ], [ 145.207917, -37.807072 ], [ 145.207418, -37.806138 ], [ 145.207245, -37.806087 ], [ 145.206705, -37.80634 ], [ 145.206036, -37.807053 ], [ 145.20565, -37.806951 ], [ 145.205816, -37.806422 ], [ 145.205326, -37.805713 ], [ 145.204904, -37.805502 ], [ 145.204861, -37.804771 ], [ 145.204505, -37.804219 ], [ 145.203839, -37.804283 ], [ 145.202322, -37.80409 ], [ 145.20184, -37.803774 ], [ 145.20147, -37.802819 ], [ 145.200503, -37.802345 ], [ 145.199798, -37.802137 ], [ 145.197966, -37.802091 ], [ 145.196134, -37.800953 ], [ 145.196053, -37.800433 ], [ 145.195675, -37.800196 ], [ 145.195034, -37.800289 ], [ 145.194416, -37.800078 ], [ 145.193124, -37.800035 ], [ 145.192769, -37.799632 ], [ 145.189451, -37.800044 ], [ 145.187766, -37.80068 ], [ 145.186791, -37.80083 ], [ 145.18639, -37.801007 ], [ 145.186222, -37.801301 ], [ 145.184504, -37.80206 ], [ 145.183764, -37.802166 ], [ 145.182647, -37.802782 ], [ 145.181918, -37.803 ], [ 145.179883, -37.802967 ], [ 145.177726, -37.803123 ], [ 145.175217, -37.803511 ], [ 145.173335, -37.80353 ], [ 145.172822, -37.802851 ], [ 145.172229, -37.802924 ], [ 145.170456, -37.802774 ], [ 145.169676, -37.80249 ], [ 145.160986, -37.801305 ], [ 145.160365, -37.80105 ], [ 145.160087, -37.800415 ], [ 145.157189, -37.800062 ], [ 145.154254, -37.799978 ], [ 145.153748, -37.80008 ], [ 145.152961, -37.799829 ], [ 145.15237, -37.799946 ], [ 145.151074, -37.799351 ], [ 145.150523, -37.799386 ], [ 145.149857, -37.799761 ], [ 145.148872, -37.799632 ], [ 145.147385, -37.799282 ], [ 145.146172, -37.798815 ], [ 145.144987, -37.797386 ], [ 145.141951, -37.797106 ], [ 145.14135, -37.79678 ], [ 145.140269, -37.797242 ], [ 145.138805, -37.79702 ], [ 145.138294, -37.797307 ], [ 145.137432, -37.797222 ] ] } },
{ "type": "Feature", "properties": { "scc_type": "C1" }, "geometry": { "type": "LineString", "coordinates": [ [ 145.214634, -37.839809 ], [ 145.214148, -37.839535 ], [ 145.215716, -37.838224 ], [ 145.216108, -37.837983 ], [ 145.217224, -37.837736 ], [ 145.21731, -37.836847 ], [ 145.21683, -37.832674 ], [ 145.218267, -37.832665 ], [ 145.218244, -37.832214 ], [ 145.218484, -37.832191 ], [ 145.217844, -37.827937 ], [ 145.217776, -37.823096 ], [ 145.217494, -37.818726 ] ] } },
{ "type": "Feature", "properties": { "scc_type": "C1" }, "geometry": { "type": "LineString", "coordinates": [ [ 145.218491, -37.812359 ], [ 145.218184, -37.812257 ] ] } },
{ "type": "Feature", "properties": { "scc_type": "C1" }, "geometry": { "type": "LineString", "coordinates": [ [ 145.225411, -38.005329 ], [ 145.223702, -38.001777 ], [ 145.222906, -38.000718 ], [ 145.221735, -37.999847 ], [ 145.218564, -37.99828 ], [ 145.218878, -37.996673 ], [ 145.219307, -37.99655 ], [ 145.219766, -37.996067 ], [ 145.21852, -37.994973 ], [ 145.218303, -37.993746 ], [ 145.217615, -37.992589 ], [ 145.216201, -37.991946 ], [ 145.21491, -37.990111 ], [ 145.213164, -37.990213 ], [ 145.210498, -37.989457 ], [ 145.208821, -37.989247 ], [ 145.207456, -37.988598 ], [ 145.200574, -37.984015 ], [ 145.193079, -37.978739 ] ] } },
{ "type": "Feature", "properties": { "scc_type": "C1" }, "geometry": { "type": "LineString", "coordinates": [ [ 145.22723, -37.816795 ], [ 145.225084, -37.817727 ], [ 145.223271, -37.818304 ], [ 145.217494, -37.818726 ] ] } },
{ "type": "Feature", "properties": { "scc_type": "C1" }, "geometry": { "type": "LineString", "coordinates": [ [ 145.230672, -37.810833 ], [ 145.23046, -37.810857 ], [ 145.230541, -37.8111 ], [ 145.226902, -37.810884 ], [ 145.225141, -37.811056 ], [ 145.224506, -37.810988 ], [ 145.224308, -37.810647 ], [ 145.223761, -37.810818 ], [ 145.222723, -37.810776 ], [ 145.222054, -37.810495 ], [ 145.220897, -37.810634 ], [ 145.220184, -37.810859 ], [ 145.220195, -37.811292 ], [ 145.218845, -37.811903 ], [ 145.218584, -37.812336 ] ] } },
{ "type": "Feature", "properties": { "scc_type": "C1" }, "geometry": { "type": "LineString", "coordinates": [ [ 145.225411, -38.005329 ], [ 145.232632, -38.022138 ], [ 145.2298619, -38.0242921 ], [ 145.2295697, -38.0247866 ], [ 145.2288242, -38.0275192 ], [ 145.226805, -38.030389 ], [ 145.2265328, -38.0310045 ], [ 145.2258835, -38.0314824 ], [ 145.2251357, -38.0316873 ], [ 145.2233808, -38.0318105 ], [ 145.221179, -38.032813 ], [ 145.222346, -38.032959 ], [ 145.221781, -38.033987 ], [ 145.220994, -38.034938 ], [ 145.22021, -38.037635 ], [ 145.218815, -38.039545 ], [ 145.217744, -38.04513 ], [ 145.217799, -38.045999 ], [ 145.21727, -38.047149 ], [ 145.216931, -38.049046 ], [ 145.215972, -38.049158 ], [ 145.208679, -38.048287 ], [ 145.207097, -38.056369 ], [ 145.206312, -38.058012 ], [ 145.1944, -38.072577 ], [ 145.183155, -38.08591 ], [ 145.183386, -38.085941 ], [ 145.17872, -38.092289 ], [ 145.167784, -38.105477 ], [ 145.160847, -38.109927 ], [ 145.158035, -38.112478 ], [ 145.15808, -38.112581 ], [ 145.157428, -38.112736 ], [ 145.143002, -38.12244 ], [ 145.140613, -38.124057 ], [ 145.140534, -38.124327 ], [ 145.139737, -38.124919 ], [ 145.134593, -38.128427 ], [ 145.134244, -38.128305 ], [ 145.132586, -38.129438 ], [ 145.131888, -38.130185 ], [ 145.131462, -38.130071 ], [ 145.127426, -38.139336 ], [ 145.127448, -38.140444 ], [ 145.127673, -38.141056 ], [ 145.126204, -38.144669 ], [ 145.126405, -38.145682 ] ] } },
{ "type": "Feature", "properties": { "scc_type": "C1" }, "geometry": { "type": "LineString", "coordinates": [ [ 145.306798, -38.026007 ], [ 145.305743, -38.025256 ], [ 145.305398, -38.025183 ], [ 145.30334, -38.026699 ], [ 145.302344, -38.027841 ], [ 145.299102, -38.030469 ], [ 145.297102, -38.029669 ], [ 145.296731, -38.030003 ], [ 145.296352, -38.029999 ], [ 145.292946, -38.027626 ], [ 145.292074, -38.02628 ], [ 145.291531, -38.025778 ], [ 145.290416, -38.025352 ], [ 145.288689, -38.025386 ], [ 145.288586, -38.02465 ], [ 145.285852, -38.025074 ], [ 145.285591, -38.025297 ], [ 145.278709, -38.027383 ], [ 145.276951, -38.027291 ], [ 145.276068, -38.026966 ], [ 145.275445, -38.026546 ], [ 145.273806, -38.024806 ], [ 145.270136, -38.0228572 ], [ 145.2700462, -38.0225143 ], [ 145.269857, -38.022497 ], [ 145.269577, -38.023661 ], [ 145.269429, -38.023408 ], [ 145.267428, -38.02202 ], [ 145.263937, -38.021033 ], [ 145.262977, -38.021056 ], [ 145.259784, -38.021834 ], [ 145.258758, -38.021899 ], [ 145.258061, -38.021867 ], [ 145.255774, -38.021083 ], [ 145.253701, -38.020169 ], [ 145.252787, -38.019076 ], [ 145.245734, -38.015601 ], [ 145.238639, -38.01266 ], [ 145.235921, -38.010844 ], [ 145.232715, -38.007722 ], [ 145.230626, -38.006701 ], [ 145.228652, -38.006401 ], [ 145.228194, -38.006462 ], [ 145.227689, -38.006203 ], [ 145.227815, -38.006114 ], [ 145.227338, -38.005552 ], [ 145.226732, -38.005584 ], [ 145.225411, -38.005329 ] ] } },
{ "type": "Feature", "properties": { "scc_type": "C2" }, "geometry": { "type": "LineString", "coordinates": [ [ 145.221773, -38.374073 ], [ 145.220806, -38.374015 ], [ 145.219623, -38.37366 ], [ 145.213631, -38.369758 ], [ 145.212766, -38.369364 ], [ 145.207132, -38.367548 ], [ 145.201102, -38.36448 ], [ 145.176871, -38.341945 ], [ 145.175716, -38.339647 ], [ 145.181896, -38.331112 ], [ 145.18316, -38.328985 ], [ 145.183055, -38.320085 ], [ 145.183517, -38.316485 ], [ 145.183754, -38.316147 ], [ 145.185237, -38.316173 ], [ 145.185862, -38.314321 ], [ 145.186103, -38.295456 ], [ 145.1883311, -38.283854 ], [ 145.1895261, -38.272355 ], [ 145.1895481, -38.265031 ], [ 145.189144, -38.26388 ], [ 145.187471, -38.26131 ], [ 145.181903, -38.253668 ], [ 145.18119, -38.252287 ], [ 145.180838, -38.250976 ], [ 145.180728, -38.232719 ], [ 145.179976, -38.230493 ], [ 145.16266, -38.205504 ], [ 145.160353, -38.200849 ], [ 145.159935, -38.199558 ], [ 145.159953, -38.197367 ], [ 145.160537, -38.195774 ] ] } },
{ "type": "Feature", "properties": { "scc_type": "C1" }, "geometry": { "type": "LineString", "coordinates": [ [ 145.063372, -37.783311 ], [ 145.062736, -37.783392 ], [ 145.06248, -37.783858 ], [ 145.062112, -37.784065 ], [ 145.060196, -37.784538 ], [ 145.05927, -37.785017 ], [ 145.054322, -37.788701 ], [ 145.052876, -37.789574 ], [ 145.051699, -37.790096 ], [ 145.050038, -37.790529 ], [ 145.048652, -37.790573 ], [ 145.045633, -37.790225 ], [ 145.045075, -37.790344 ], [ 145.04321, -37.790074 ], [ 145.042547, -37.790164 ], [ 145.041318, -37.78993 ], [ 145.035398, -37.790048 ], [ 145.031563, -37.790343 ], [ 145.03036, -37.790316 ], [ 145.029976, -37.7905 ], [ 145.027772, -37.790505 ], [ 145.027272, -37.790828 ], [ 145.02573, -37.790921 ], [ 145.024724, -37.790643 ], [ 145.023071, -37.790876 ], [ 145.017376, -37.790654 ], [ 145.015048, -37.790741 ], [ 145.009262, -37.791979 ], [ 145.007594, -37.792869 ], [ 145.004081, -37.794142 ], [ 145.003034, -37.793416 ], [ 144.988585, -37.791798 ] ] } },
{ "type": "Feature", "properties": { "scc_type": "C1" }, "geometry": { "type": "LineString", "coordinates": [ [ 145.061781, -37.757721 ], [ 145.07174, -37.758908 ], [ 145.071534, -37.760036 ], [ 145.072078, -37.76093 ], [ 145.072522, -37.760932 ], [ 145.073479, -37.761672 ], [ 145.074505, -37.762 ], [ 145.074583, -37.762339 ], [ 145.074211, -37.762701 ], [ 145.073817, -37.762605 ], [ 145.073653, -37.762694 ], [ 145.072827, -37.764934 ], [ 145.072154, -37.766069 ], [ 145.071246, -37.766261 ], [ 145.071242, -37.767978 ], [ 145.071825, -37.769829 ], [ 145.070926, -37.770804 ], [ 145.069471, -37.77179 ], [ 145.06881, -37.77261 ], [ 145.068435, -37.773984 ], [ 145.068668, -37.774773 ], [ 145.068522, -37.774898 ], [ 145.067676, -37.774915 ], [ 145.06745, -37.77508 ], [ 145.067417, -37.775904 ], [ 145.06702, -37.777419 ], [ 145.066001, -37.780378 ], [ 145.064903, -37.781342 ], [ 145.062778, -37.781101 ], [ 145.062529, -37.781666 ], [ 145.063437, -37.782165 ], [ 145.063372, -37.783311 ] ] } },
{ "type": "Feature", "properties": { "scc_type": "C1" }, "geometry": { "type": "LineString", "coordinates": [ [ 145.087106, -37.899559 ], [ 145.085487, -37.898512 ], [ 145.081596, -37.896773 ], [ 145.080799, -37.896493 ], [ 145.07991, -37.896449 ], [ 145.079743, -37.896039 ], [ 145.077018, -37.894693 ], [ 145.076633, -37.894668 ], [ 145.07669, -37.894272 ], [ 145.075781, -37.893876 ], [ 145.075561, -37.893351 ], [ 145.075023, -37.893008 ], [ 145.074433, -37.890448 ], [ 145.073503, -37.888398 ], [ 145.07333, -37.886906 ], [ 145.0731, -37.886638 ], [ 145.072759, -37.885382 ], [ 145.073107, -37.883923 ], [ 145.073705, -37.883894 ], [ 145.073698, -37.88281 ], [ 145.074543, -37.881792 ], [ 145.075159, -37.879465 ], [ 145.075054, -37.879028 ], [ 145.073923, -37.87894 ], [ 145.073087, -37.878188 ], [ 145.0721478, -37.8776255 ], [ 145.070614, -37.877478 ], [ 145.069966, -37.877215 ], [ 145.07031, -37.876641 ], [ 145.069952, -37.87647 ], [ 145.070157, -37.876453 ], [ 145.070241, -37.876174 ], [ 145.070707, -37.876019 ], [ 145.070997, -37.875684 ], [ 145.07128, -37.875729 ], [ 145.071283, -37.875579 ], [ 145.070875, -37.875209 ], [ 145.069215, -37.874673 ], [ 145.068786, -37.874387 ], [ 145.06865, -37.87414 ], [ 145.068981, -37.874017 ], [ 145.068838, -37.873269 ], [ 145.069065, -37.872293 ], [ 145.068672, -37.872159 ], [ 145.06816, -37.871297 ], [ 145.067446, -37.870789 ], [ 145.066977, -37.869797 ], [ 145.066094, -37.869431 ], [ 145.065754, -37.868248 ], [ 145.064968, -37.867605 ], [ 145.06434, -37.867529 ], [ 145.064169, -37.867383 ], [ 145.063893, -37.866936 ], [ 145.063964, -37.866406 ], [ 145.063702, -37.865938 ], [ 145.062667, -37.864849 ], [ 145.062971, -37.864656 ], [ 145.062594, -37.864154 ], [ 145.061893, -37.862468 ], [ 145.061298, -37.862312 ], [ 145.061869, -37.860918 ], [ 145.06188, -37.860412 ], [ 145.062257, -37.860211 ], [ 145.06252, -37.860421 ], [ 145.062747, -37.860093 ] ] } },
{ "type": "Feature", "properties": { "scc_type": "C1" }, "geometry": { "type": "LineString", "coordinates": [ [ 145.127644, -38.088034 ], [ 145.127341, -38.087825 ], [ 145.126058, -38.085511 ], [ 145.12445, -38.082223 ], [ 145.123947, -38.082389 ], [ 145.121742, -38.073151 ], [ 145.120161, -38.067499 ], [ 145.119095, -38.060519 ], [ 145.117362, -38.055386 ], [ 145.115679, -38.051809 ], [ 145.116081, -38.051595 ], [ 145.113663, -38.046482 ], [ 145.10044, -38.023995 ], [ 145.095573, -38.017436 ], [ 145.094142, -38.015891 ], [ 145.090025, -38.01004 ] ] } },
{ "type": "Feature", "properties": { "scc_type": "C1" }, "geometry": { "type": "LineString", "coordinates": [ [ 145.090025, -38.01004 ], [ 145.08974, -38.009969 ], [ 145.088048, -38.008654 ], [ 145.085744, -38.005861 ], [ 145.084013, -38.002364 ], [ 145.083923, -38.001102 ], [ 145.081035, -37.997244 ], [ 145.068877, -37.986594 ], [ 145.066776, -37.984154 ], [ 145.037737, -37.942383 ], [ 145.036628, -37.939454 ], [ 145.036469, -37.938489 ], [ 145.036527, -37.935594 ], [ 145.03539, -37.933975 ], [ 145.034374, -37.933006 ], [ 145.034019, -37.932954 ], [ 145.033343, -37.932358 ], [ 145.023738, -37.922293 ], [ 145.021666, -37.920371 ], [ 145.021249, -37.919721 ], [ 145.018559, -37.916885 ], [ 145.009535, -37.907742 ], [ 145.008293, -37.906689 ], [ 145.008375, -37.906562 ], [ 145.007973, -37.906034 ], [ 145.007517, -37.904899 ], [ 145.006019, -37.900271 ], [ 145.005942, -37.899773 ], [ 145.006183, -37.899802 ], [ 145.005865, -37.898381 ], [ 145.000405, -37.887936 ], [ 144.996858, -37.883806 ], [ 144.987358, -37.868469 ], [ 144.986546, -37.867437 ], [ 144.983636, -37.859046 ], [ 144.982477, -37.856751 ], [ 144.982656, -37.855756 ], [ 144.975482, -37.836079 ], [ 144.9742, -37.834278 ], [ 144.972503, -37.833067 ], [ 144.9718, -37.83228 ] ] } },
{ "type": "Feature", "properties": { "scc_type": "C1" }, "geometry": { "type": "LineString", "coordinates": [ [ 145.132443, -38.128125 ], [ 145.132204, -38.128561 ], [ 145.132425, -38.128879 ], [ 145.132307, -38.129193 ], [ 145.132043, -38.129725 ], [ 145.131589, -38.130104 ] ] } },
{ "type": "Feature", "properties": { "scc_type": "C1" }, "geometry": { "type": "LineString", "coordinates": [ [ 145.132446, -38.128125 ], [ 145.132443, -38.128125 ] ] } },
{ "type": "Feature", "properties": { "scc_type": "C1" }, "geometry": { "type": "LineString", "coordinates": [ [ 145.1350709, -37.8520839 ], [ 145.135038, -37.852091 ] ] } },
{ "type": "Feature", "properties": { "scc_type": "C1" }, "geometry": { "type": "LineString", "coordinates": [ [ 145.1350709, -37.8520839 ], [ 145.135048, -37.852145 ] ] } },
{ "type": "Feature", "properties": { "scc_type": "C1" }, "geometry": { "type": "LineString", "coordinates": [ [ 145.091875, -37.696798 ], [ 145.091069, -37.699926 ], [ 145.090196, -37.702389 ], [ 145.088439, -37.706281 ], [ 145.087163, -37.708252 ], [ 145.085024, -37.710987 ], [ 145.083828, -37.711284 ], [ 145.083093, -37.71171 ], [ 145.081216, -37.713626 ], [ 145.078582, -37.715503 ], [ 145.076601, -37.717985 ], [ 145.075445, -37.718751 ], [ 145.072114, -37.720345 ], [ 145.070772, -37.721359 ], [ 145.06966, -37.723117 ], [ 145.069024, -37.726958 ], [ 145.068141, -37.726452 ], [ 145.068026, -37.72599 ], [ 145.063886, -37.725552 ], [ 145.062547, -37.72613 ], [ 145.061261, -37.726006 ], [ 145.060735, -37.72896 ], [ 145.060847, -37.729722 ], [ 145.059858, -37.735564 ], [ 145.049094, -37.734548 ], [ 145.044917, -37.734018 ], [ 145.044248, -37.737746 ], [ 145.043132, -37.739907 ], [ 145.041322, -37.7498 ], [ 145.040008, -37.749625 ], [ 145.039203, -37.754079 ], [ 145.038097, -37.755611 ], [ 145.03782, -37.756414 ] ] } },
{ "type": "Feature", "properties": { "scc_type": "C1" }, "geometry": { "type": "LineString", "coordinates": [ [ 145.091875, -37.696798 ], [ 145.092359, -37.695302 ], [ 145.09394, -37.693389 ], [ 145.095578, -37.692792 ], [ 145.098745, -37.692364 ], [ 145.098717, -37.692097 ], [ 145.09835, -37.692075 ], [ 145.098112, -37.692273 ], [ 145.094782, -37.692416 ], [ 145.093865, -37.692281 ], [ 145.089988, -37.690979 ], [ 145.088521, -37.690636 ], [ 145.087605, -37.689989 ], [ 145.085553, -37.689644 ], [ 145.081341, -37.688452 ], [ 145.078505, -37.687382 ], [ 145.075701, -37.686863 ], [ 145.067658, -37.686101 ], [ 145.067397, -37.685853 ], [ 145.064967, -37.685893 ], [ 145.061979, -37.685616 ], [ 145.052661, -37.686097 ], [ 145.052278, -37.686166 ], [ 145.051989, -37.6864 ], [ 145.049399, -37.686453 ], [ 145.047621, -37.682315 ], [ 145.046979, -37.680166 ], [ 145.04668, -37.676391 ], [ 145.045545, -37.672326 ] ] } },
{ "type": "Feature", "properties": { "scc_type": "C1" }, "geometry": { "type": "LineString", "coordinates": [ [ 145.114463, -37.927994 ], [ 145.114958, -37.928055 ], [ 145.11411, -37.932379 ], [ 145.112245, -37.932144 ], [ 145.112094, -37.932645 ], [ 145.111384, -37.932863 ], [ 145.110668, -37.93282 ], [ 145.110483, -37.93321 ], [ 145.111765, -37.933751 ], [ 145.111697, -37.934499 ], [ 145.111455, -37.934548 ], [ 145.111275, -37.935218 ], [ 145.113034, -37.935494 ], [ 145.112224, -37.939792 ], [ 145.11278, -37.940638 ], [ 145.11246, -37.943204 ], [ 145.110655, -37.944225 ], [ 145.109594, -37.944562 ], [ 145.108155, -37.946024 ], [ 145.106478, -37.946041 ], [ 145.106122, -37.946323 ], [ 145.105352, -37.950617 ], [ 145.106106, -37.953063 ], [ 145.107944, -37.957608 ], [ 145.108045, -37.958636 ] ] } },
{ "type": "Feature", "properties": { "scc_type": "C1" }, "geometry": { "type": "LineString", "coordinates": [ [ 145.119006, -37.821706 ], [ 145.118715, -37.821801 ], [ 145.114205, -37.821239 ], [ 145.114007, -37.822285 ], [ 145.05964, -37.815884 ], [ 145.059691, -37.815619 ], [ 145.058382, -37.815469 ], [ 145.058685, -37.813876 ], [ 145.046177, -37.812411 ], [ 145.046438, -37.811079 ], [ 145.028763, -37.808867 ], [ 145.028477, -37.810426 ], [ 145.014415, -37.808748 ], [ 145.014291, -37.809388 ], [ 145.010181, -37.808871 ], [ 145.009774, -37.811442 ], [ 145.005118, -37.811012 ], [ 145.004958, -37.812054 ], [ 145.0008, -37.811718 ], [ 144.999936, -37.811921 ], [ 144.991138, -37.810947 ], [ 144.991084, -37.811257 ], [ 144.983553, -37.810412 ] ] } },
{ "type": "Feature", "properties": { "scc_type": "C1" }, "geometry": { "type": "LineString", "coordinates": [ [ 145.119006, -37.821706 ], [ 145.118794, -37.821896 ], [ 145.118999, -37.822368 ], [ 145.118803, -37.823815 ], [ 145.117991, -37.825109 ], [ 145.118064, -37.825312 ], [ 145.118491, -37.825463 ], [ 145.118033, -37.827493 ], [ 145.118058, -37.828147 ], [ 145.118015, -37.828316 ], [ 145.117455, -37.828251 ], [ 145.116526, -37.833632 ], [ 145.115853, -37.835834 ], [ 145.116505, -37.836418 ], [ 145.11644, -37.836829 ], [ 145.115955, -37.837058 ], [ 145.116309, -37.837539 ], [ 145.116194, -37.838077 ], [ 145.118073, -37.838292 ] ] } },
{ "type": "Feature", "properties": { "scc_type": "C1" }, "geometry": { "type": "LineString", "coordinates": [ [ 145.119006, -37.821706 ], [ 145.11891, -37.821386 ], [ 145.119388, -37.819107 ], [ 145.119059, -37.819032 ], [ 145.119079, -37.818854 ] ] } },
{ "type": "Feature", "properties": { "scc_type": "C1" }, "geometry": { "type": "LineString", "coordinates": [ [ 145.119652, -37.925485 ], [ 145.118393, -37.925366 ], [ 145.11832, -37.925525 ], [ 145.114663, -37.927005 ], [ 145.114464, -37.927994 ] ] } },
{ "type": "Feature", "properties": { "scc_type": "C1" }, "geometry": { "type": "LineString", "coordinates": [ [ 145.1197653, -37.924934 ], [ 145.119759, -37.924933 ] ] } },
{ "type": "Feature", "properties": { "scc_type": "C1" }, "geometry": { "type": "LineString", "coordinates": [ [ 145.1197653, -37.924934 ], [ 145.119651, -37.925484 ] ] } },
{ "type": "Feature", "properties": { "scc_type": "C1" }, "geometry": { "type": "LineString", "coordinates": [ [ 145.1199562, -37.9239736 ], [ 145.119369, -37.923857 ], [ 145.118795, -37.9233 ], [ 145.118282, -37.923099 ], [ 145.11518, -37.920846 ], [ 145.115089, -37.920695 ], [ 145.115286, -37.920526 ], [ 145.115043, -37.920319 ], [ 145.111709, -37.917692 ], [ 145.111447, -37.917707 ], [ 145.107492, -37.91472 ], [ 145.105321, -37.912628 ], [ 145.104119, -37.912164 ], [ 145.103539, -37.911749 ], [ 145.101864, -37.910364 ], [ 145.099312, -37.908597 ], [ 145.097713, -37.907194 ], [ 145.087175, -37.899501 ] ] } },
{ "type": "Feature", "properties": { "scc_type": "C1" }, "geometry": { "type": "LineString", "coordinates": [ [ 145.1199562, -37.9239736 ], [ 145.1197653, -37.924934 ] ] } },
{ "type": "Feature", "properties": { "scc_type": "C1" }, "geometry": { "type": "LineString", "coordinates": [ [ 145.119957, -37.923974 ], [ 145.1199562, -37.9239736 ] ] } },
{ "type": "Feature", "properties": { "scc_type": "C1" }, "geometry": { "type": "LineString", "coordinates": [ [ 145.119977, -37.923865 ], [ 145.1199562, -37.9239736 ] ] } },
{ "type": "Feature", "properties": { "scc_type": "C1" }, "geometry": { "type": "LineString", "coordinates": [ [ 145.090025, -38.01004 ], [ 145.091431, -38.010633 ], [ 145.09221, -38.010628 ], [ 145.093062, -38.01039 ], [ 145.095363, -38.010536 ], [ 145.095917, -38.010297 ], [ 145.096478, -38.009624 ], [ 145.097119, -38.009466 ], [ 145.097657, -38.008976 ], [ 145.103976, -38.007257 ], [ 145.122195, -38.009485 ], [ 145.122392, -38.006729 ], [ 145.123354, -38.001423 ], [ 145.12327, -37.998563 ], [ 145.122914, -37.997305 ], [ 145.118464, -37.988766 ], [ 145.115963, -37.981381 ], [ 145.115019, -37.974364 ], [ 145.116415, -37.969808 ], [ 145.11769, -37.95983 ], [ 145.114587, -37.959364 ], [ 145.112683, -37.959232 ], [ 145.112518, -37.95908 ], [ 145.110255, -37.959077 ], [ 145.10806, -37.958641 ] ] } },
{ "type": "Feature", "properties": { "scc_type": "C1" }, "geometry": { "type": "LineString", "coordinates": [ [ 145.124082, -37.798869 ], [ 145.121799, -37.797968 ], [ 145.121468, -37.797569 ], [ 145.12074, -37.797556 ], [ 145.120335, -37.797187 ], [ 145.120003, -37.79721 ], [ 145.118917, -37.796697 ], [ 145.117826, -37.796734 ], [ 145.115608, -37.795991 ], [ 145.11443, -37.796283 ], [ 145.113055, -37.796081 ], [ 145.112385, -37.795823 ], [ 145.110737, -37.795732 ], [ 145.109536, -37.795153 ], [ 145.108501, -37.793689 ], [ 145.106047, -37.792169 ], [ 145.10507, -37.79172 ], [ 145.10451, -37.791247 ], [ 145.103728, -37.790004 ], [ 145.101427, -37.788493 ], [ 145.100844, -37.787768 ], [ 145.100143, -37.787265 ], [ 145.099251, -37.785693 ], [ 145.099112, -37.784679 ], [ 145.097707, -37.782648 ], [ 145.09625, -37.781635 ], [ 145.092953, -37.780224 ], [ 145.092365, -37.780144 ], [ 145.090269, -37.780445 ], [ 145.089339, -37.780388 ], [ 145.087722, -37.780667 ], [ 145.086526, -37.780625 ], [ 145.085777, -37.780749 ], [ 145.084792, -37.780662 ], [ 145.083151, -37.780173 ], [ 145.080903, -37.780211 ], [ 145.078843, -37.781032 ], [ 145.078801, -37.78093 ], [ 145.078359, -37.781013 ], [ 145.078306, -37.781717 ], [ 145.078057, -37.781875 ], [ 145.077044, -37.781601 ], [ 145.076209, -37.781615 ], [ 145.075446, -37.78227 ], [ 145.073974, -37.783053 ], [ 145.070067, -37.78411 ], [ 145.068922, -37.784607 ], [ 145.068105, -37.785405 ], [ 145.067663, -37.785575 ], [ 145.065869, -37.785596 ], [ 145.065202, -37.784998 ], [ 145.065066, -37.784036 ], [ 145.063735, -37.783739 ], [ 145.063372, -37.783311 ] ] } },
{ "type": "Feature", "properties": { "scc_type": "C1" }, "geometry": { "type": "LineString", "coordinates": [ [ 145.119079, -37.818854 ], [ 145.121094, -37.807758 ], [ 145.121307, -37.807782 ], [ 145.12236, -37.803078 ], [ 145.122962, -37.802976 ], [ 145.123157, -37.802793 ], [ 145.123794, -37.799244 ], [ 145.124082, -37.798869 ] ] } },
{ "type": "Feature", "properties": { "scc_type": "C1" }, "geometry": { "type": "LineString", "coordinates": [ [ 145.124196, -37.92759 ], [ 145.121168, -37.9254 ], [ 145.120686, -37.924905 ], [ 145.120506, -37.92505 ], [ 145.1197653, -37.924934 ] ] } },
{ "type": "Feature", "properties": { "scc_type": "C1" }, "geometry": { "type": "LineString", "coordinates": [ [ 145.1350709, -37.8520839 ], [ 145.135646, -37.850744 ], [ 145.135796, -37.848872 ], [ 145.135594, -37.848714 ], [ 145.13407, -37.84858 ], [ 145.134267, -37.848065 ], [ 145.135864, -37.848017 ], [ 145.136174, -37.846175 ], [ 145.126096, -37.844986 ], [ 145.124409, -37.844272 ], [ 145.123831, -37.843758 ], [ 145.123532, -37.842973 ], [ 145.122987, -37.842543 ], [ 145.122691, -37.84165 ], [ 145.122272, -37.841629 ], [ 145.12161, -37.841861 ], [ 145.121535, -37.841065 ], [ 145.121323, -37.841002 ], [ 145.119798, -37.841226 ], [ 145.119266, -37.841723 ], [ 145.118669, -37.841883 ], [ 145.118423, -37.842625 ], [ 145.118112, -37.842349 ], [ 145.118047, -37.841666 ], [ 145.117499, -37.841568 ], [ 145.118074, -37.838291 ] ] } },
{ "type": "Feature", "properties": { "scc_type": "C1" }, "geometry": { "type": "LineString", "coordinates": [ [ 145.127646, -38.088039 ], [ 145.128249, -38.089916 ], [ 145.128418, -38.091901 ], [ 145.128438, -38.10345 ], [ 145.12801, -38.10357 ], [ 145.127941, -38.106093 ], [ 145.128778, -38.108558 ], [ 145.133425, -38.114312 ], [ 145.13376, -38.114194 ], [ 145.134615, -38.115176 ], [ 145.135985, -38.117129 ], [ 145.136206, -38.118153 ], [ 145.136226, -38.119806 ], [ 145.132443, -38.128125 ] ] } },
{ "type": "Feature", "properties": { "scc_type": "C2" }, "geometry": { "type": "LineString", "coordinates": [ [ 144.172935, -38.051669 ], [ 144.1729337, -38.0516757 ] ] } },
{ "type": "Feature", "properties": { "scc_type": "C2" }, "geometry": { "type": "LineString", "coordinates": [ [ 144.172935, -38.051669 ], [ 144.172934, -38.0516668 ] ] } },
{ "type": "Feature", "properties": { "scc_type": "C2" }, "geometry": { "type": "LineString", "coordinates": [ [ 144.181171, -38.053214 ], [ 144.180475, -38.052769 ], [ 144.179613, -38.052526 ], [ 144.172935, -38.051669 ] ] } },
{ "type": "Feature", "properties": { "scc_type": "C2" }, "geometry": { "type": "LineString", "coordinates": [ [ 144.197759, -38.062196 ], [ 144.197318, -38.061273 ], [ 144.196501, -38.060503 ], [ 144.185572, -38.053895 ], [ 144.182312, -38.053097 ], [ 144.181733, -38.053039 ], [ 144.181171, -38.053214 ] ] } },
{ "type": "Feature", "properties": { "scc_type": "C2" }, "geometry": { "type": "LineString", "coordinates": [ [ 144.181171, -38.053214 ], [ 144.181853, -38.054194 ], [ 144.18194, -38.054994 ], [ 144.18012, -38.064387 ], [ 144.184258, -38.06501 ], [ 144.189915, -38.067582 ], [ 144.190961, -38.067934 ], [ 144.196463, -38.068682 ], [ 144.196708, -38.068575 ], [ 144.1969151, -38.068026 ], [ 144.197814, -38.063041 ], [ 144.197761, -38.062202 ] ] } },
{ "type": "Feature", "properties": { "scc_type": "C2" }, "geometry": { "type": "LineString", "coordinates": [ [ 144.300735, -38.170956 ], [ 144.298832, -38.171572 ], [ 144.297588, -38.171792 ], [ 144.295704, -38.171918 ], [ 144.292783, -38.171867 ] ] } },
{ "type": "Feature", "properties": { "scc_type": "C2" }, "geometry": { "type": "LineString", "coordinates": [ [ 144.300735, -38.170956 ], [ 144.299294, -38.17153 ], [ 144.2976, -38.171855 ], [ 144.295553, -38.172023 ], [ 144.292784, -38.171985 ] ] } },
{ "type": "Feature", "properties": { "scc_type": "C2" }, "geometry": { "type": "LineString", "coordinates": [ [ 144.300882, -38.2167198 ], [ 144.300881, -38.21672 ] ] } },
{ "type": "Feature", "properties": { "scc_type": "C2" }, "geometry": { "type": "LineString", "coordinates": [ [ 144.300882, -38.2167198 ], [ 144.300882, -38.21672 ] ] } },
{ "type": "Feature", "properties": { "scc_type": "C2" }, "geometry": { "type": "LineString", "coordinates": [ [ 144.315992, -38.3380939 ], [ 144.315789, -38.3378099 ], [ 144.314833, -38.3378019 ], [ 144.314952, -38.3369739 ], [ 144.314172, -38.3367329 ], [ 144.313602, -38.3360959 ], [ 144.313277, -38.3345089 ] ] } },
{ "type": "Feature", "properties": { "scc_type": "C2" }, "geometry": { "type": "LineString", "coordinates": [ [ 144.3181902, -38.322253 ], [ 144.31819, -38.3222529 ] ] } },
{ "type": "Feature", "properties": { "scc_type": "C2" }, "geometry": { "type": "LineString", "coordinates": [ [ 144.3181902, -38.322253 ], [ 144.315687, -38.3348889 ], [ 144.313277, -38.3345089 ] ] } },
{ "type": "Feature", "properties": { "scc_type": "C2" }, "geometry": { "type": "LineString", "coordinates": [ [ 144.3181903, -38.3222529 ], [ 144.3181902, -38.322253 ] ] } },
{ "type": "Feature", "properties": { "scc_type": "C2" }, "geometry": { "type": "LineString", "coordinates": [ [ 144.306333, -38.202443 ], [ 144.306151, -38.202614 ], [ 144.303999, -38.203318 ], [ 144.30378, -38.203895 ], [ 144.303243, -38.204513 ], [ 144.300882, -38.2167198 ] ] } },
{ "type": "Feature", "properties": { "scc_type": "C2" }, "geometry": { "type": "LineString", "coordinates": [ [ 144.313277, -38.3345089 ], [ 144.312983, -38.3345449 ], [ 144.312095, -38.3341169 ], [ 144.311805, -38.3343419 ], [ 144.311887, -38.3348579 ] ] } },
{ "type": "Feature", "properties": { "scc_type": "C2" }, "geometry": { "type": "LineString", "coordinates": [ [ 144.315992, -38.3380939 ], [ 144.314673, -38.3381539 ], [ 144.312418, -38.3391499 ], [ 144.311263, -38.3393489 ], [ 144.304648, -38.3387189 ] ] } },
{ "type": "Feature", "properties": { "scc_type": "C2" }, "geometry": { "type": "LineString", "coordinates": [ [ 144.738459, -37.767126 ], [ 144.703928, -37.752506 ] ] } },
{ "type": "Feature", "properties": { "scc_type": "C2" }, "geometry": { "type": "LineString", "coordinates": [ [ 144.318302, -38.3391619 ], [ 144.317742, -38.3382199 ], [ 144.316796, -38.3381089 ], [ 144.316356, -38.3382339 ], [ 144.315992, -38.3380939 ] ] } },
{ "type": "Feature", "properties": { "scc_type": "C2" }, "geometry": { "type": "LineString", "coordinates": [ [ 144.3203853, -38.3077949 ], [ 144.318376, -38.3133969 ], [ 144.318498, -38.3147469 ], [ 144.319405, -38.3173499 ], [ 144.319042, -38.3208169 ], [ 144.318628, -38.3221819 ], [ 144.3181902, -38.322253 ] ] } },
{ "type": "Feature", "properties": { "scc_type": "C2" }, "geometry": { "type": "LineString", "coordinates": [ [ 144.3203853, -38.3077949 ], [ 144.32023, -38.3077829 ] ] } },
{ "type": "Feature", "properties": { "scc_type": "C2" }, "geometry": { "type": "LineString", "coordinates": [ [ 144.325577, -38.3051199 ], [ 144.321654, -38.3046669 ], [ 144.3203853, -38.3077949 ] ] } },
{ "type": "Feature", "properties": { "scc_type": "C2" }, "geometry": { "type": "LineString", "coordinates": [ [ 144.325965, -38.3079689 ], [ 144.324828, -38.3081989 ], [ 144.3203853, -38.3077949 ] ] } },
{ "type": "Feature", "properties": { "scc_type": "C2" }, "geometry": { "type": "LineString", "coordinates": [ [ 144.4374745, -37.6586302 ], [ 144.436688, -37.660042 ], [ 144.43694, -37.660074 ], [ 144.436758, -37.660723 ], [ 144.43513, -37.662273 ], [ 144.433401, -37.662082 ], [ 144.433379, -37.663556 ], [ 144.433837, -37.663844 ], [ 144.433938, -37.664116 ], [ 144.436204, -37.664859 ], [ 144.436634, -37.665297 ], [ 144.4370378, -37.6678194 ] ] } },
{ "type": "Feature", "properties": { "scc_type": "C2" }, "geometry": { "type": "LineString", "coordinates": [ [ 144.738459, -37.767126 ], [ 144.73673, -37.779791 ] ] } },
{ "type": "Feature", "properties": { "scc_type": "C2" }, "geometry": { "type": "LineString", "coordinates": [ [ 144.423148, -37.671112 ], [ 144.422942, -37.671163 ], [ 144.422905, -37.67155 ], [ 144.423601, -37.672824 ], [ 144.42348, -37.673708 ], [ 144.423611, -37.674634 ], [ 144.423444, -37.67507 ], [ 144.422405, -37.676362 ], [ 144.421913, -37.678344 ], [ 144.421033, -37.680611 ], [ 144.421204, -37.680733 ] ] } },
{ "type": "Feature", "properties": { "scc_type": "C2" }, "geometry": { "type": "LineString", "coordinates": [ [ 144.42482, -37.657192 ], [ 144.423499, -37.656 ], [ 144.422624, -37.655715 ], [ 144.422018, -37.65532 ], [ 144.421652, -37.654858 ], [ 144.421455, -37.654231 ], [ 144.421515, -37.653639 ], [ 144.421882, -37.652991 ], [ 144.423784, -37.651593 ] ] } },
{ "type": "Feature", "properties": { "scc_type": "C2" }, "geometry": { "type": "LineString", "coordinates": [ [ 144.423148, -37.671112 ], [ 144.423364, -37.670778 ], [ 144.422877, -37.668458 ], [ 144.423604, -37.663921 ], [ 144.424183, -37.661245 ], [ 144.424369, -37.661134 ], [ 144.42482, -37.657192 ] ] } },
{ "type": "Feature", "properties": { "scc_type": "C2" }, "geometry": { "type": "LineString", "coordinates": [ [ 144.429294, -37.681548 ], [ 144.426606, -37.680621 ], [ 144.424448, -37.679649 ], [ 144.42365, -37.679502 ] ] } },
{ "type": "Feature", "properties": { "scc_type": "C2" }, "geometry": { "type": "LineString", "coordinates": [ [ 144.430533, -37.686359 ], [ 144.41947, -37.687408 ], [ 144.414698, -37.688681 ], [ 144.413554, -37.689347 ] ] } },
{ "type": "Feature", "properties": { "scc_type": "C2" }, "geometry": { "type": "LineString", "coordinates": [ [ 144.430533, -37.686359 ], [ 144.429883, -37.682001 ], [ 144.429294, -37.681548 ] ] } },
{ "type": "Feature", "properties": { "scc_type": "C2" }, "geometry": { "type": "LineString", "coordinates": [ [ 144.431815, -37.674467 ], [ 144.431333, -37.675671 ], [ 144.429919, -37.677734 ], [ 144.429699, -37.678647 ], [ 144.429868, -37.679399 ], [ 144.429703, -37.679896 ], [ 144.428817, -37.680636 ], [ 144.428801, -37.681205 ], [ 144.429294, -37.681548 ] ] } },
{ "type": "Feature", "properties": { "scc_type": "C2" }, "geometry": { "type": "LineString", "coordinates": [ [ 144.431815, -37.674467 ], [ 144.42834, -37.67294 ], [ 144.423148, -37.671112 ] ] } },
{ "type": "Feature", "properties": { "scc_type": "C2" }, "geometry": { "type": "LineString", "coordinates": [ [ 144.436616, -37.6871332 ], [ 144.436608, -37.687131 ] ] } },
{ "type": "Feature", "properties": { "scc_type": "C2" }, "geometry": { "type": "LineString", "coordinates": [ [ 144.436616, -37.6871332 ], [ 144.436573, -37.687242 ] ] } },
{ "type": "Feature", "properties": { "scc_type": "C2" }, "geometry": { "type": "LineString", "coordinates": [ [ 144.430533, -37.686359 ], [ 144.431674, -37.686627 ], [ 144.432865, -37.686464 ], [ 144.43371, -37.686596 ], [ 144.433782, -37.686475 ], [ 144.436616, -37.6871332 ] ] } },
{ "type": "Feature", "properties": { "scc_type": "C2" }, "geometry": { "type": "LineString", "coordinates": [ [ 144.437023, -37.686988 ], [ 144.436789, -37.687181 ], [ 144.436616, -37.6871332 ] ] } },
{ "type": "Feature", "properties": { "scc_type": "C2" }, "geometry": { "type": "LineString", "coordinates": [ [ 144.4370378, -37.6678194 ], [ 144.437028, -37.667818 ] ] } },
{ "type": "Feature", "properties": { "scc_type": "C2" }, "geometry": { "type": "LineString", "coordinates": [ [ 144.431815, -37.674467 ], [ 144.4341, -37.670823 ], [ 144.435593, -37.669938 ], [ 144.436597, -37.668117 ], [ 144.4370378, -37.6678194 ] ] } },
{ "type": "Feature", "properties": { "scc_type": "C2" }, "geometry": { "type": "LineString", "coordinates": [ [ 144.4374745, -37.6586302 ], [ 144.42482, -37.657192 ] ] } },
{ "type": "Feature", "properties": { "scc_type": "C2" }, "geometry": { "type": "LineString", "coordinates": [ [ 144.439279, -37.647354 ], [ 144.4389, -37.648727 ], [ 144.438093, -37.649612 ], [ 144.437346, -37.650873 ], [ 144.437479, -37.651456 ], [ 144.437217, -37.652214 ], [ 144.438188, -37.652937 ], [ 144.437989, -37.654733 ], [ 144.438328, -37.655424 ], [ 144.438081, -37.656229 ], [ 144.437405, -37.656841 ], [ 144.437706, -37.658269 ], [ 144.4374745, -37.6586302 ] ] } },
{ "type": "Feature", "properties": { "scc_type": "C2" }, "geometry": { "type": "LineString", "coordinates": [ [ 144.4405803, -37.6762268 ], [ 144.434061, -37.675339 ], [ 144.432757, -37.674813 ], [ 144.432516, -37.67488 ], [ 144.431815, -37.674467 ] ] } },
{ "type": "Feature", "properties": { "scc_type": "C2" }, "geometry": { "type": "LineString", "coordinates": [ [ 144.4405803, -37.6762268 ], [ 144.44018, -37.676258 ], [ 144.440136, -37.676711 ], [ 144.439529, -37.677174 ], [ 144.439139, -37.679514 ], [ 144.439379, -37.679548 ], [ 144.439001, -37.682639 ], [ 144.438626, -37.682589 ], [ 144.438398, -37.684772 ], [ 144.437912, -37.685149 ], [ 144.43791, -37.685896 ], [ 144.437036, -37.68698 ] ] } },
{ "type": "Feature", "properties": { "scc_type": "C2" }, "geometry": { "type": "LineString", "coordinates": [ [ 144.4370378, -37.6678194 ], [ 144.440975, -37.668226 ], [ 144.440541, -37.670946 ], [ 144.441383, -37.672229 ], [ 144.4405803, -37.6762268 ] ] } },
{ "type": "Feature", "properties": { "scc_type": "C2" }, "geometry": { "type": "LineString", "coordinates": [ [ 144.442326, -37.659163 ], [ 144.4374745, -37.6586302 ] ] } },
{ "type": "Feature", "properties": { "scc_type": "C2" }, "geometry": { "type": "LineString", "coordinates": [ [ 144.444424, -37.676717 ], [ 144.4405803, -37.6762268 ] ] } },
{ "type": "Feature", "properties": { "scc_type": "C2" }, "geometry": { "type": "LineString", "coordinates": [ [ 144.469523, -38.025494 ], [ 144.459317, -38.030041 ], [ 144.446637, -38.032476 ], [ 144.436352, -38.032428 ], [ 144.432156, -38.031643 ], [ 144.430739, -38.030618 ], [ 144.4293221, -38.028571 ], [ 144.4290341, -38.027607 ], [ 144.4289941, -38.02644 ], [ 144.415198, -38.02485 ], [ 144.41278, -38.023261 ], [ 144.409899, -38.026058 ], [ 144.408223, -38.027969 ], [ 144.406636, -38.029363 ], [ 144.403562, -38.029744 ], [ 144.403319, -38.029747 ], [ 144.403188, -38.029431 ], [ 144.401874, -38.02872 ], [ 144.400796, -38.027178 ], [ 144.398929, -38.025728 ], [ 144.398244, -38.025595 ], [ 144.398087, -38.025404 ], [ 144.397369, -38.025517 ], [ 144.39668, -38.024917 ], [ 144.396322, -38.024877 ], [ 144.396341, -38.024766 ], [ 144.395906, -38.02484 ], [ 144.394575, -38.02448 ], [ 144.392686, -38.024276 ] ] } },
{ "type": "Feature", "properties": { "scc_type": "C2" }, "geometry": { "type": "LineString", "coordinates": [ [ 144.6046273, -37.8988079 ], [ 144.6061121, -37.8883598 ], [ 144.606452, -37.8883863 ], [ 144.6067788, -37.8867605 ], [ 144.60645, -37.8863917 ], [ 144.6075403, -37.8817638 ], [ 144.6079734, -37.8764391 ], [ 144.6087707, -37.8749164 ], [ 144.6084479, -37.8747144 ], [ 144.6084361, -37.8743732 ], [ 144.6086053, -37.8733778 ], [ 144.6091636, -37.8729486 ], [ 144.6096486, -37.8703091 ], [ 144.609607, -37.8691842 ] ] } },
{ "type": "Feature", "properties": { "scc_type": "C2" }, "geometry": { "type": "LineString", "coordinates": [ [ 144.6168576, -37.8768107 ], [ 144.609607, -37.8691842 ] ] } },
{ "type": "Feature", "properties": { "scc_type": "C2" }, "geometry": { "type": "LineString", "coordinates": [ [ 144.616858, -37.876811 ], [ 144.6168576, -37.8768107 ] ] } },
{ "type": "Feature", "properties": { "scc_type": "C2" }, "geometry": { "type": "LineString", "coordinates": [ [ 144.616858, -37.87681 ], [ 144.6168576, -37.8768107 ] ] } },
{ "type": "Feature", "properties": { "scc_type": "C2" }, "geometry": { "type": "LineString", "coordinates": [ [ 144.651469, -37.738814 ], [ 144.633716, -37.735068 ], [ 144.5974, -37.730855 ] ] } },
{ "type": "Feature", "properties": { "scc_type": "C2" }, "geometry": { "type": "LineString", "coordinates": [ [ 144.647604, -37.727529 ], [ 144.647406, -37.729619 ], [ 144.647915, -37.73181 ], [ 144.650202, -37.737164 ], [ 144.651469, -37.738814 ] ] } },
{ "type": "Feature", "properties": { "scc_type": "C2" }, "geometry": { "type": "LineString", "coordinates": [ [ 144.651532, -37.723518 ], [ 144.644168, -37.719109 ], [ 144.616802, -37.699138 ], [ 144.612504, -37.696659 ], [ 144.608068, -37.695627 ], [ 144.603835, -37.695592 ] ] } },
{ "type": "Feature", "properties": { "scc_type": "C2" }, "geometry": { "type": "LineString", "coordinates": [ [ 144.658794, -37.695772 ], [ 144.643111, -37.693093 ], [ 144.634411, -37.690396 ], [ 144.62312, -37.688878 ], [ 144.62448, -37.682272 ], [ 144.614901, -37.682475 ], [ 144.609845, -37.682884 ], [ 144.608998, -37.683196 ], [ 144.608072, -37.683698 ], [ 144.606609, -37.685126 ], [ 144.604871, -37.690782 ] ] } },
{ "type": "Feature", "properties": { "scc_type": "C2" }, "geometry": { "type": "LineString", "coordinates": [ [ 144.658794, -37.695772 ], [ 144.658175, -37.698926 ], [ 144.657349, -37.701246 ], [ 144.656468, -37.708602 ], [ 144.654836, -37.719001 ], [ 144.653875, -37.720758 ], [ 144.652079, -37.722623 ], [ 144.651548, -37.723481 ] ] } },
{ "type": "Feature", "properties": { "scc_type": "C2" }, "geometry": { "type": "LineString", "coordinates": [ [ 144.669466, -37.846376 ], [ 144.660572, -37.84546 ], [ 144.651361, -37.844771 ], [ 144.632999, -37.842355 ], [ 144.622438, -37.841116 ] ] } },
{ "type": "Feature", "properties": { "scc_type": "C2" }, "geometry": { "type": "LineString", "coordinates": [ [ 144.909658, -37.593769 ], [ 144.90885, -37.593473 ], [ 144.905375, -37.59303 ], [ 144.905238, -37.593108 ] ] } },
{ "type": "Feature", "properties": { "scc_type": "C2" }, "geometry": { "type": "LineString", "coordinates": [ [ 144.555721, -38.1795 ], [ 144.551569, -38.178472 ], [ 144.548455, -38.178461 ], [ 144.541369, -38.178951 ], [ 144.540267, -38.179139 ], [ 144.514569, -38.180882 ], [ 144.51451, -38.181256 ], [ 144.512231, -38.181348 ], [ 144.510999, -38.18123 ], [ 144.489326, -38.182778 ], [ 144.488445, -38.182744 ], [ 144.480915, -38.18338 ], [ 144.477584, -38.183511 ], [ 144.476271, -38.183375 ], [ 144.47381, -38.182801 ], [ 144.472147, -38.182032 ], [ 144.468769, -38.17967 ], [ 144.466604, -38.178719 ], [ 144.464555, -38.178268 ], [ 144.411887, -38.175848 ], [ 144.410485, -38.175626 ], [ 144.410354, -38.175907 ], [ 144.40973, -38.175743 ], [ 144.405122, -38.175496 ], [ 144.402482, -38.175098 ], [ 144.3840735, -38.1709769 ] ] } },
{ "type": "Feature", "properties": { "scc_type": "C2" }, "geometry": { "type": "LineString", "coordinates": [ [ 144.568192, -37.684306 ], [ 144.549515, -37.685615 ], [ 144.535369, -37.686412 ], [ 144.530984, -37.686284 ] ] } },
{ "type": "Feature", "properties": { "scc_type": "C2" }, "geometry": { "type": "LineString", "coordinates": [ [ 144.568192, -37.684306 ], [ 144.564417, -37.704585 ] ] } },
{ "type": "Feature", "properties": { "scc_type": "C2" }, "geometry": { "type": "LineString", "coordinates": [ [ 144.574534, -37.651643 ], [ 144.568192, -37.684306 ] ] } },
{ "type": "Feature", "properties": { "scc_type": "C2" }, "geometry": { "type": "LineString", "coordinates": [ [ 144.625976, -37.886243 ], [ 144.626396, -37.886084 ], [ 144.641658, -37.887579 ], [ 144.64408, -37.887462 ], [ 144.649248, -37.881454 ], [ 144.653502, -37.877926 ], [ 144.659967, -37.875755 ], [ 144.660862, -37.87555 ], [ 144.662826, -37.875404 ], [ 144.682666, -37.877611 ], [ 144.701278, -37.879428 ], [ 144.700954, -37.881306 ], [ 144.701074, -37.881767 ], [ 144.700769, -37.882021 ], [ 144.70035, -37.883279 ], [ 144.700923, -37.884414 ] ] } },
{ "type": "Feature", "properties": { "scc_type": "C2" }, "geometry": { "type": "LineString", "coordinates": [ [ 144.701171, -37.740988 ], [ 144.700344, -37.73578 ], [ 144.702461, -37.716842 ], [ 144.701038, -37.703431 ], [ 144.701129, -37.702799 ] ] } },
{ "type": "Feature", "properties": { "scc_type": "C2" }, "geometry": { "type": "LineString", "coordinates": [ [ 144.703243, -37.687876 ], [ 144.701129, -37.702799 ] ] } },
{ "type": "Feature", "properties": { "scc_type": "C2" }, "geometry": { "type": "LineString", "coordinates": [ [ 144.703794, -37.753216 ], [ 144.703044, -37.753104 ], [ 144.702458, -37.752833 ], [ 144.701325, -37.751497 ], [ 144.692765, -37.747892 ], [ 144.668551, -37.744734 ], [ 144.663087, -37.744272 ], [ 144.650596, -37.744752 ], [ 144.651469, -37.738814 ] ] } },
{ "type": "Feature", "properties": { "scc_type": "C2" }, "geometry": { "type": "LineString", "coordinates": [ [ 144.703869, -37.833054 ], [ 144.700968, -37.832968 ], [ 144.68886, -37.831451 ], [ 144.666647, -37.827821 ], [ 144.656223, -37.826259 ], [ 144.651648, -37.825126 ], [ 144.650242, -37.825045 ], [ 144.648262, -37.825303 ], [ 144.644809, -37.826091 ], [ 144.642143, -37.827229 ], [ 144.621403, -37.838396 ], [ 144.623301, -37.840545 ], [ 144.613892, -37.846152 ], [ 144.612321, -37.855101 ], [ 144.611969, -37.855738 ], [ 144.609649, -37.867973 ], [ 144.609607, -37.8691842 ] ] } },
{ "type": "Feature", "properties": { "scc_type": "C2" }, "geometry": { "type": "LineString", "coordinates": [ [ 144.92062, -37.820812 ], [ 144.914354, -37.821628 ], [ 144.912174, -37.822294 ], [ 144.911174, -37.822973 ] ] } },
{ "type": "Feature", "properties": { "scc_type": "C2" }, "geometry": { "type": "LineString", "coordinates": [ [ 144.583563, -38.159897 ], [ 144.580796, -38.160743 ], [ 144.579898, -38.161213 ], [ 144.578335, -38.163563 ], [ 144.577127, -38.166569 ], [ 144.576693, -38.167168 ], [ 144.570866, -38.173043 ], [ 144.56453, -38.177903 ], [ 144.5636, -38.178315 ], [ 144.555999, -38.179494 ], [ 144.554986, -38.17982 ], [ 144.554294, -38.180343 ], [ 144.550936, -38.18426 ], [ 144.550213, -38.184853 ], [ 144.551391, -38.187308 ], [ 144.551556, -38.188433 ], [ 144.550536, -38.190352 ], [ 144.549054, -38.191531 ], [ 144.548501, -38.192276 ], [ 144.548272, -38.19292 ], [ 144.541919, -38.226075 ], [ 144.533774, -38.266397 ], [ 144.533557, -38.26654 ], [ 144.527608, -38.267033 ], [ 144.525284, -38.267053 ], [ 144.524888, -38.267297 ], [ 144.524669, -38.267675 ], [ 144.524545, -38.269316 ], [ 144.52396, -38.269626 ], [ 144.521226, -38.269619 ], [ 144.518429, -38.269032 ], [ 144.515103, -38.268615 ], [ 144.514474, -38.268671 ], [ 144.513847, -38.270277 ], [ 144.512246, -38.27152 ], [ 144.50805, -38.273372 ], [ 144.506328, -38.274764 ], [ 144.504258, -38.275639 ], [ 144.502948, -38.276595 ], [ 144.502024, -38.277788 ], [ 144.501034, -38.278598 ], [ 144.501021, -38.27936 ], [ 144.500858, -38.279624 ], [ 144.499876, -38.280508 ], [ 144.498767, -38.282056 ], [ 144.498068, -38.282303 ], [ 144.494169, -38.28262 ], [ 144.491531, -38.282347 ] ] } },
{ "type": "Feature", "properties": { "scc_type": "C2" }, "geometry": { "type": "LineString", "coordinates": [ [ 144.590552, -37.491295 ], [ 144.590538, -37.491375 ] ] } },
{ "type": "Feature", "properties": { "scc_type": "C2" }, "geometry": { "type": "LineString", "coordinates": [ [ 144.5974, -37.730855 ], [ 144.592676, -37.730215 ], [ 144.588783, -37.729302 ], [ 144.57952, -37.729366 ], [ 144.577747, -37.729185 ], [ 144.575209, -37.72852 ], [ 144.573943, -37.727948 ], [ 144.572665, -37.725941 ], [ 144.572649, -37.724766 ], [ 144.573126, -37.7215 ], [ 144.572592, -37.720265 ], [ 144.572195, -37.719806 ], [ 144.561735, -37.718578 ], [ 144.564417, -37.704585 ] ] } },
{ "type": "Feature", "properties": { "scc_type": "C2" }, "geometry": { "type": "LineString", "coordinates": [ [ 144.59933, -37.462643 ], [ 144.59853, -37.464477 ], [ 144.596416, -37.464161 ], [ 144.594466, -37.469453 ], [ 144.592944, -37.474334 ], [ 144.592643, -37.475453 ], [ 144.596755, -37.475956 ], [ 144.596451, -37.477931 ], [ 144.597978, -37.478096 ], [ 144.597751, -37.479309 ], [ 144.597303, -37.479314 ], [ 144.596414, -37.4808 ], [ 144.595399, -37.481343 ], [ 144.59503, -37.48364 ], [ 144.594788, -37.483617 ], [ 144.594602, -37.483959 ], [ 144.593905, -37.484065 ], [ 144.593414, -37.483954 ], [ 144.593192, -37.483733 ], [ 144.591924, -37.483568 ], [ 144.591393, -37.488465 ], [ 144.59015, -37.493362 ], [ 144.58927, -37.49969 ], [ 144.589078, -37.499787 ], [ 144.583527, -37.499179 ] ] } },
{ "type": "Feature", "properties": { "scc_type": "C2" }, "geometry": { "type": "LineString", "coordinates": [ [ 144.599353, -37.462653 ], [ 144.599068, -37.462415 ], [ 144.599278, -37.461773 ], [ 144.599772, -37.460604 ], [ 144.600478, -37.459904 ], [ 144.59866, -37.459481 ], [ 144.598353, -37.458925 ], [ 144.599619, -37.455503 ] ] } },
{ "type": "Feature", "properties": { "scc_type": "C2" }, "geometry": { "type": "LineString", "coordinates": [ [ 144.600865, -37.711544 ], [ 144.577982, -37.704106 ], [ 144.574946, -37.703592 ], [ 144.568622, -37.702825 ], [ 144.567654, -37.702918 ], [ 144.566457, -37.703329 ], [ 144.565424, -37.703804 ], [ 144.564417, -37.704585 ] ] } },
{ "type": "Feature", "properties": { "scc_type": "C2" }, "geometry": { "type": "LineString", "coordinates": [ [ 144.600865, -37.711544 ], [ 144.5974, -37.730855 ] ] } },
{ "type": "Feature", "properties": { "scc_type": "C2" }, "geometry": { "type": "LineString", "coordinates": [ [ 144.604871, -37.690782 ], [ 144.604116, -37.690499 ], [ 144.594924, -37.683752 ], [ 144.592477, -37.682814 ], [ 144.590377, -37.68275 ], [ 144.58556, -37.683015 ], [ 144.568192, -37.684306 ] ] } },
{ "type": "Feature", "properties": { "scc_type": "C2" }, "geometry": { "type": "LineString", "coordinates": [ [ 144.604871, -37.690782 ], [ 144.604023, -37.694574 ], [ 144.600865, -37.711544 ] ] } },
{ "type": "Feature", "properties": { "scc_type": "C2" }, "geometry": { "type": "LineString", "coordinates": [ [ 144.376383, -38.169492 ], [ 144.3763472, -38.1694278 ] ] } },
{ "type": "Feature", "properties": { "scc_type": "C2" }, "geometry": { "type": "LineString", "coordinates": [ [ 144.708633, -37.629083 ], [ 144.70538, -37.643831 ], [ 144.700245, -37.672521 ], [ 144.697173, -37.687159 ], [ 144.703243, -37.687876 ] ] } },
{ "type": "Feature", "properties": { "scc_type": "C2" }, "geometry": { "type": "LineString", "coordinates": [ [ 144.711838, -37.606514 ], [ 144.71134, -37.609019 ], [ 144.710054, -37.611662 ], [ 144.707496, -37.614618 ], [ 144.706898, -37.614978 ], [ 144.706379, -37.615074 ], [ 144.705386, -37.617186 ], [ 144.704679, -37.620395 ], [ 144.70481, -37.622476 ], [ 144.705165, -37.623294 ], [ 144.705726, -37.624023 ], [ 144.70741, -37.6253 ], [ 144.708044, -37.626014 ], [ 144.708419, -37.626879 ], [ 144.708534, -37.627814 ], [ 144.708378, -37.628913 ], [ 144.708633, -37.629083 ] ] } },
{ "type": "Feature", "properties": { "scc_type": "C2" }, "geometry": { "type": "LineString", "coordinates": [ [ 144.71255, -37.602187 ], [ 144.711835, -37.606528 ] ] } },
{ "type": "Feature", "properties": { "scc_type": "C2" }, "geometry": { "type": "LineString", "coordinates": [ [ 144.327088, -38.169829 ], [ 144.324288, -38.171581 ], [ 144.323489, -38.171764 ], [ 144.309755, -38.169185 ], [ 144.307445, -38.168541 ], [ 144.305958, -38.168295 ], [ 144.304766, -38.168565 ], [ 144.300735, -38.170956 ] ] } },
{ "type": "Feature", "properties": { "scc_type": "C2" }, "geometry": { "type": "LineString", "coordinates": [ [ 144.330956, -38.16844 ], [ 144.330704, -38.168372 ], [ 144.328625, -38.168838 ], [ 144.327088, -38.169829 ] ] } },
{ "type": "Feature", "properties": { "scc_type": "C2" }, "geometry": { "type": "LineString", "coordinates": [ [ 144.330956, -38.16844 ], [ 144.328613, -38.168944 ], [ 144.327088, -38.169829 ] ] } },
{ "type": "Feature", "properties": { "scc_type": "C2" }, "geometry": { "type": "LineString", "coordinates": [ [ 144.3317, -38.168066 ], [ 144.331083, -38.168239 ], [ 144.330956, -38.16844 ] ] } },
{ "type": "Feature", "properties": { "scc_type": "C2" }, "geometry": { "type": "LineString", "coordinates": [ [ 144.3317, -38.168066 ], [ 144.331259, -38.16841 ], [ 144.330956, -38.16844 ] ] } },
{ "type": "Feature", "properties": { "scc_type": "C2" }, "geometry": { "type": "LineString", "coordinates": [ [ 144.334115, -38.053961 ], [ 144.32271, -38.052634 ], [ 144.318395, -38.05429 ], [ 144.312081, -38.057507 ], [ 144.308445, -38.076752 ], [ 144.303529, -38.079574 ], [ 144.307379, -38.083833 ], [ 144.305014, -38.097379 ] ] } },
{ "type": "Feature", "properties": { "scc_type": "C2" }, "geometry": { "type": "LineString", "coordinates": [ [ 144.335167, -38.182192 ], [ 144.324445, -38.192183 ], [ 144.3206, -38.195504 ], [ 144.313845, -38.199566 ], [ 144.312094, -38.200432 ], [ 144.308512, -38.20171 ], [ 144.306298, -38.202289 ], [ 144.306333, -38.202443 ] ] } },
{ "type": "Feature", "properties": { "scc_type": "C2" }, "geometry": { "type": "LineString", "coordinates": [ [ 144.336213, -38.181657 ], [ 144.335167, -38.182192 ] ] } },
{ "type": "Feature", "properties": { "scc_type": "C2" }, "geometry": { "type": "LineString", "coordinates": [ [ 144.336213, -38.181657 ], [ 144.33628, -38.181804 ], [ 144.335124, -38.182458 ], [ 144.323863, -38.19298 ], [ 144.320434, -38.195834 ], [ 144.312343, -38.200695 ], [ 144.310942, -38.201271 ], [ 144.306333, -38.202443 ] ] } },
{ "type": "Feature", "properties": { "scc_type": "C2" }, "geometry": { "type": "LineString", "coordinates": [ [ 144.336661, -38.180735 ], [ 144.336286, -38.181086 ], [ 144.336213, -38.181657 ] ] } },
{ "type": "Feature", "properties": { "scc_type": "C2" }, "geometry": { "type": "LineString", "coordinates": [ [ 144.336661, -38.180735 ], [ 144.335167, -38.182192 ] ] } },
{ "type": "Feature", "properties": { "scc_type": "C2" }, "geometry": { "type": "LineString", "coordinates": [ [ 144.3393406, -38.2376698 ], [ 144.3391, -38.237985 ], [ 144.33924, -38.238277 ], [ 144.338871, -38.239601 ], [ 144.338788, -38.240498 ], [ 144.338927, -38.240794 ], [ 144.338228, -38.240864 ], [ 144.338183, -38.24097 ], [ 144.338138, -38.241421 ], [ 144.338471, -38.241687 ], [ 144.338209, -38.242477 ], [ 144.338299, -38.243129 ], [ 144.337901, -38.243293 ], [ 144.337019, -38.249128 ] ] } },
{ "type": "Feature", "properties": { "scc_type": "C2" }, "geometry": { "type": "LineString", "coordinates": [ [ 144.3393406, -38.2376698 ], [ 144.338692, -38.236386 ], [ 144.336896, -38.234785 ], [ 144.335047, -38.233783 ], [ 144.335153, -38.233252 ], [ 144.334839, -38.23308 ], [ 144.334747, -38.232356 ], [ 144.333452, -38.231565 ], [ 144.33343, -38.230789 ], [ 144.332781, -38.230623 ], [ 144.332585, -38.229538 ], [ 144.331748, -38.228886 ], [ 144.3313, -38.228691 ], [ 144.330762, -38.22871 ], [ 144.330498, -38.229081 ], [ 144.330285, -38.229089 ], [ 144.330115, -38.228753 ], [ 144.329752, -38.228589 ], [ 144.328703, -38.228792 ], [ 144.326117, -38.228932 ], [ 144.323345, -38.228618 ], [ 144.321359, -38.22727 ], [ 144.321005, -38.226839 ], [ 144.320945, -38.226175 ], [ 144.321117, -38.22582 ], [ 144.320816, -38.225437 ], [ 144.318824, -38.225494 ], [ 144.317948, -38.224916 ], [ 144.316922, -38.223171 ], [ 144.315983, -38.221979 ], [ 144.315722, -38.221348 ], [ 144.314456, -38.220329 ], [ 144.312775, -38.22003 ], [ 144.312403, -38.220902 ], [ 144.312147, -38.221036 ], [ 144.311143, -38.220992 ], [ 144.310711, -38.221267 ], [ 144.310029, -38.220986 ], [ 144.309349, -38.221213 ], [ 144.307967, -38.220948 ], [ 144.306412, -38.217215 ], [ 144.30632, -38.215819 ] ] } },
{ "type": "Feature", "properties": { "scc_type": "C2" }, "geometry": { "type": "LineString", "coordinates": [ [ 144.350473, -38.206059 ], [ 144.349614, -38.20722 ], [ 144.348445, -38.208356 ], [ 144.347698, -38.208892 ], [ 144.345922, -38.209734 ], [ 144.34391, -38.21022 ], [ 144.335936, -38.211532 ], [ 144.330274, -38.213604 ], [ 144.327261, -38.213982 ], [ 144.322147, -38.213712 ], [ 144.320142, -38.213785 ], [ 144.300882, -38.2167198 ] ] } },
{ "type": "Feature", "properties": { "scc_type": "C2" }, "geometry": { "type": "LineString", "coordinates": [ [ 144.350644, -38.16758 ], [ 144.35027, -38.166154 ], [ 144.349596, -38.164764 ], [ 144.346671, -38.164557 ], [ 144.345684, -38.164733 ], [ 144.343595, -38.16584 ], [ 144.340969, -38.166611 ], [ 144.338658, -38.166403 ], [ 144.335751, -38.165624 ], [ 144.334893, -38.165547 ], [ 144.334189, -38.165879 ], [ 144.333333, -38.166793 ], [ 144.3317, -38.168066 ] ] } },
{ "type": "Feature", "properties": { "scc_type": "C2" }, "geometry": { "type": "LineString", "coordinates": [ [ 144.350644, -38.16758 ], [ 144.336661, -38.180735 ] ] } },
{ "type": "Feature", "properties": { "scc_type": "C2" }, "geometry": { "type": "LineString", "coordinates": [ [ 144.35204, -38.127628 ], [ 144.351293, -38.127426 ], [ 144.351452, -38.126918 ], [ 144.346357, -38.126407 ], [ 144.346126, -38.126901 ], [ 144.340336, -38.126233 ], [ 144.339325, -38.126869 ], [ 144.330368, -38.116 ], [ 144.330387, -38.115582 ], [ 144.328108, -38.112917 ], [ 144.32181, -38.106166 ], [ 144.317694, -38.103492 ], [ 144.306005, -38.097613 ], [ 144.305014, -38.097379 ] ] } },
{ "type": "Feature", "properties": { "scc_type": "C2" }, "geometry": { "type": "LineString", "coordinates": [ [ 144.35299, -38.104029 ], [ 144.352933, -38.104087 ] ] } },
{ "type": "Feature", "properties": { "scc_type": "C2" }, "geometry": { "type": "LineString", "coordinates": [ [ 144.737187, -37.876625 ], [ 144.73658, -37.878298 ], [ 144.734198, -37.880911 ], [ 144.733548, -37.881934 ], [ 144.73316, -37.882933 ], [ 144.732858, -37.884527 ], [ 144.727587, -37.883928 ], [ 144.718995, -37.88329 ], [ 144.716862, -37.896125 ], [ 144.715475, -37.896099 ], [ 144.714065, -37.896544 ], [ 144.711761, -37.898365 ], [ 144.709461, -37.898364 ], [ 144.706531, -37.898113 ], [ 144.701275, -37.897133 ], [ 144.697354, -37.897503 ], [ 144.695169, -37.898414 ], [ 144.694787, -37.898947 ], [ 144.682486, -37.897425 ], [ 144.681588, -37.897277 ], [ 144.680494, -37.893831 ] ] } },
{ "type": "Feature", "properties": { "scc_type": "C2" }, "geometry": { "type": "LineString", "coordinates": [ [ 144.329686, -38.088045 ], [ 144.330913, -38.088706 ], [ 144.332331, -38.088904 ], [ 144.332926, -38.089461 ], [ 144.334264, -38.089739 ], [ 144.33441, -38.090666 ], [ 144.333875, -38.091032 ], [ 144.333871, -38.091973 ], [ 144.33343, -38.092232 ], [ 144.33476, -38.092026 ], [ 144.335296, -38.091742 ], [ 144.336038, -38.092192 ], [ 144.336839, -38.092369 ], [ 144.336936, -38.092726 ], [ 144.337223, -38.092876 ], [ 144.338051, -38.092615 ], [ 144.33875, -38.092798 ], [ 144.340462, -38.092463 ], [ 144.341036, -38.092571 ], [ 144.342204, -38.092374 ], [ 144.343364, -38.091983 ], [ 144.344056, -38.092067 ], [ 144.344197, -38.092686 ], [ 144.344522, -38.092678 ], [ 144.344402, -38.092838 ], [ 144.345088, -38.094266 ], [ 144.344971, -38.094449 ], [ 144.344493, -38.094537 ], [ 144.344442, -38.094835 ], [ 144.345359, -38.095385 ], [ 144.346082, -38.095486 ], [ 144.346321, -38.096728 ], [ 144.346886, -38.097553 ], [ 144.347356, -38.097336 ], [ 144.348673, -38.098091 ], [ 144.348948, -38.098114 ], [ 144.349253, -38.097842 ], [ 144.349768, -38.097823 ], [ 144.350799, -38.098561 ], [ 144.351224, -38.098571 ], [ 144.350497, -38.099292 ], [ 144.350359, -38.09982 ], [ 144.349444, -38.100538 ], [ 144.350573, -38.100619 ], [ 144.351539, -38.101157 ], [ 144.352048, -38.101799 ], [ 144.35299, -38.104029 ] ] } },
{ "type": "Feature", "properties": { "scc_type": "C2" }, "geometry": { "type": "LineString", "coordinates": [ [ 144.35384, -38.104489 ], [ 144.353273, -38.104382 ], [ 144.35299, -38.104029 ] ] } },
{ "type": "Feature", "properties": { "scc_type": "C2" }, "geometry": { "type": "LineString", "coordinates": [ [ 144.820113, -37.761309 ], [ 144.811892, -37.760335 ] ] } },
{ "type": "Feature", "properties": { "scc_type": "C2" }, "geometry": { "type": "LineString", "coordinates": [ [ 144.35384, -38.104489 ], [ 144.353104, -38.108141 ], [ 144.35354, -38.108183 ], [ 144.353178, -38.110326 ], [ 144.353768, -38.111462 ], [ 144.354834, -38.112495 ], [ 144.355055, -38.112508 ], [ 144.355363, -38.112033 ], [ 144.35554, -38.112049 ], [ 144.354664, -38.115175 ], [ 144.354272, -38.115138 ], [ 144.353588, -38.118618 ], [ 144.352782, -38.120988 ], [ 144.352402, -38.122981 ], [ 144.353076, -38.123074 ], [ 144.35204, -38.127628 ] ] } },
{ "type": "Feature", "properties": { "scc_type": "C2" }, "geometry": { "type": "LineString", "coordinates": [ [ 144.357754, -38.147576 ], [ 144.353317, -38.146307 ], [ 144.352978, -38.14629 ], [ 144.352819, -38.14644 ], [ 144.347303, -38.145787 ], [ 144.34746, -38.144893 ], [ 144.329437, -38.142726 ], [ 144.331938, -38.129842 ], [ 144.32015, -38.128318 ], [ 144.30929, -38.127123 ], [ 144.295811, -38.125149 ], [ 144.300986, -38.118464 ], [ 144.302378, -38.115594 ], [ 144.303928, -38.108048 ], [ 144.305014, -38.097379 ] ] } },
{ "type": "Feature", "properties": { "scc_type": "C2" }, "geometry": { "type": "LineString", "coordinates": [ [ 144.357754, -38.147576 ], [ 144.354382, -38.154917 ], [ 144.356526, -38.156438 ], [ 144.352296, -38.165762 ], [ 144.351679, -38.166638 ], [ 144.350644, -38.16758 ] ] } },
{ "type": "Feature", "properties": { "scc_type": "C2" }, "geometry": { "type": "LineString", "coordinates": [ [ 144.358199, -38.146512 ], [ 144.358061, -38.146269 ], [ 144.358194, -38.146219 ] ] } },
{ "type": "Feature", "properties": { "scc_type": "C2" }, "geometry": { "type": "LineString", "coordinates": [ [ 144.358199, -38.146512 ], [ 144.357754, -38.147576 ] ] } },
{ "type": "Feature", "properties": { "scc_type": "C2" }, "geometry": { "type": "LineString", "coordinates": [ [ 144.358194, -38.146219 ], [ 144.358199, -38.146512 ] ] } },
{ "type": "Feature", "properties": { "scc_type": "C2" }, "geometry": { "type": "LineString", "coordinates": [ [ 144.3586551, -38.066606 ], [ 144.34051, -38.064411 ], [ 144.337138, -38.06148 ], [ 144.335288, -38.057971 ], [ 144.334115, -38.053961 ] ] } },
{ "type": "Feature", "properties": { "scc_type": "C2" }, "geometry": { "type": "LineString", "coordinates": [ [ 144.3586551, -38.066606 ], [ 144.3587721, -38.071687 ], [ 144.358242, -38.083756 ], [ 144.357711, -38.084359 ], [ 144.357325, -38.085878 ], [ 144.35384, -38.104489 ] ] } },
{ "type": "Feature", "properties": { "scc_type": "C2" }, "geometry": { "type": "LineString", "coordinates": [ [ 144.358857, -38.192037 ], [ 144.349763, -38.207537 ], [ 144.346108, -38.226316 ], [ 144.340505, -38.230567 ], [ 144.339378, -38.236583 ], [ 144.3393406, -38.2376698 ] ] } },
{ "type": "Feature", "properties": { "scc_type": "C2" }, "geometry": { "type": "LineString", "coordinates": [ [ 144.35204, -38.127628 ], [ 144.356796, -38.128316 ], [ 144.356726, -38.1296 ], [ 144.356166, -38.130576 ], [ 144.355948, -38.132034 ], [ 144.355466, -38.132765 ], [ 144.354937, -38.136047 ], [ 144.355377, -38.137722 ], [ 144.356654, -38.140207 ], [ 144.357963, -38.141527 ], [ 144.359922, -38.142758 ], [ 144.358529, -38.14599 ], [ 144.358194, -38.146219 ] ] } },
{ "type": "Feature", "properties": { "scc_type": "C2" }, "geometry": { "type": "LineString", "coordinates": [ [ 144.3645257, -38.1820939 ], [ 144.358857, -38.192037 ] ] } },
{ "type": "Feature", "properties": { "scc_type": "C2" }, "geometry": { "type": "LineString", "coordinates": [ [ 144.3645257, -38.1820939 ], [ 144.364472, -38.182087 ] ] } },
{ "type": "Feature", "properties": { "scc_type": "C2" }, "geometry": { "type": "LineString", "coordinates": [ [ 144.36476, -38.182124 ], [ 144.3645257, -38.1820939 ] ] } },
{ "type": "Feature", "properties": { "scc_type": "C2" }, "geometry": { "type": "LineString", "coordinates": [ [ 144.370225, -38.16665 ], [ 144.369777, -38.166604 ], [ 144.36942, -38.165999 ], [ 144.362879, -38.161523 ], [ 144.363044, -38.16115 ], [ 144.358788, -38.158142 ], [ 144.358644, -38.158299 ], [ 144.358082, -38.157929 ], [ 144.356096, -38.157378 ] ] } },
{ "type": "Feature", "properties": { "scc_type": "C2" }, "geometry": { "type": "LineString", "coordinates": [ [ 144.3645257, -38.1820939 ], [ 144.371251, -38.170785 ], [ 144.371491, -38.169666 ], [ 144.371306, -38.16847 ], [ 144.370966, -38.167607 ], [ 144.370225, -38.16665 ] ] } },
{ "type": "Feature", "properties": { "scc_type": "C2" }, "geometry": { "type": "LineString", "coordinates": [ [ 144.3763472, -38.1694278 ], [ 144.375575, -38.169027 ], [ 144.372374, -38.168187 ], [ 144.37038, -38.166567 ], [ 144.370225, -38.16665 ] ] } },
{ "type": "Feature", "properties": { "scc_type": "C2" }, "geometry": { "type": "LineString", "coordinates": [ [ 144.3763472, -38.1694278 ], [ 144.376301, -38.169345 ] ] } },
{ "type": "Feature", "properties": { "scc_type": "C2" }, "geometry": { "type": "LineString", "coordinates": [ [ 144.3393406, -38.2376698 ], [ 144.340132, -38.238131 ], [ 144.353095, -38.239577 ], [ 144.354767, -38.238504 ], [ 144.355127, -38.23786 ], [ 144.355621, -38.23789 ], [ 144.35628, -38.237547 ], [ 144.358399, -38.237154 ], [ 144.359058, -38.237282 ], [ 144.35989, -38.237239 ], [ 144.360536, -38.237512 ], [ 144.361662, -38.237383 ], [ 144.362697, -38.237909 ], [ 144.363477, -38.237853 ], [ 144.364689, -38.238074 ], [ 144.365301, -38.238039 ], [ 144.368292, -38.238647 ], [ 144.370731, -38.238752 ], [ 144.371103, -38.238877 ], [ 144.37176, -38.238402 ], [ 144.372444, -38.238246 ], [ 144.374202, -38.238276 ], [ 144.375571, -38.238572 ], [ 144.37646, -38.238166 ], [ 144.377294, -38.237156 ], [ 144.377839, -38.23683 ], [ 144.377874, -38.236657 ], [ 144.373395, -38.23085 ], [ 144.37017, -38.223328 ], [ 144.367854, -38.218785 ], [ 144.367707, -38.217638 ], [ 144.368327, -38.215577 ], [ 144.368977, -38.212145 ], [ 144.368427, -38.208087 ], [ 144.364846, -38.203011 ], [ 144.362577, -38.197927 ], [ 144.362091, -38.197102 ], [ 144.36059, -38.195461 ], [ 144.358857, -38.192037 ] ] } },
{ "type": "Feature", "properties": { "scc_type": "C2" }, "geometry": { "type": "LineString", "coordinates": [ [ 144.3840735, -38.1709769 ], [ 144.376925, -38.169434 ], [ 144.3763472, -38.1694278 ] ] } },
{ "type": "Feature", "properties": { "scc_type": "C2" }, "geometry": { "type": "LineString", "coordinates": [ [ 144.3840735, -38.1709769 ], [ 144.384066, -38.171016 ] ] } },
{ "type": "Feature", "properties": { "scc_type": "C2" }, "geometry": { "type": "LineString", "coordinates": [ [ 144.358199, -38.146512 ], [ 144.373227, -38.150833 ], [ 144.373997, -38.151415 ], [ 144.374399, -38.152145 ], [ 144.381157, -38.154232 ], [ 144.382052, -38.154061 ], [ 144.383654, -38.154558 ], [ 144.384123, -38.154763 ], [ 144.383652, -38.155856 ], [ 144.386801, -38.156699 ], [ 144.3840735, -38.1709769 ] ] } },
{ "type": "Feature", "properties": { "scc_type": "C2" }, "geometry": { "type": "LineString", "coordinates": [ [ 144.392686, -38.024276 ], [ 144.387365, -38.023811 ], [ 144.386353, -38.024489 ], [ 144.385725, -38.025419 ], [ 144.386359, -38.025515 ], [ 144.386196, -38.026232 ], [ 144.385899, -38.026757 ], [ 144.385087, -38.027 ], [ 144.384973, -38.027793 ], [ 144.384425, -38.028526 ], [ 144.383714, -38.028969 ], [ 144.382683, -38.029201 ], [ 144.381674, -38.029843 ], [ 144.37982, -38.030359 ], [ 144.378423, -38.03099 ], [ 144.377506, -38.032071 ], [ 144.375598, -38.033377 ], [ 144.37526, -38.0353 ], [ 144.374311, -38.035212 ], [ 144.373612, -38.035669 ], [ 144.372356, -38.041771 ], [ 144.364536, -38.040821 ], [ 144.363666, -38.045395 ], [ 144.36012, -38.044971 ], [ 144.357831, -38.046038 ], [ 144.358171, -38.047795 ], [ 144.357619, -38.048164 ], [ 144.357944, -38.049383 ], [ 144.358124, -38.056277 ], [ 144.35829, -38.057034 ], [ 144.358191, -38.058333 ], [ 144.358049, -38.058489 ], [ 144.358163, -38.05948 ], [ 144.357845, -38.062835 ], [ 144.3583481, -38.066466 ], [ 144.3586551, -38.066606 ] ] } },
{ "type": "Feature", "properties": { "scc_type": "C2" }, "geometry": { "type": "LineString", "coordinates": [ [ 144.392686, -38.024276 ], [ 144.392067, -38.023583 ], [ 144.391556, -38.022371 ], [ 144.352027, -38.017778 ], [ 144.339978, -38.025387 ], [ 144.337553, -38.042644 ], [ 144.339787, -38.047153 ], [ 144.338585, -38.054522 ], [ 144.334115, -38.053961 ] ] } },
{ "type": "Feature", "properties": { "scc_type": "C2" }, "geometry": { "type": "LineString", "coordinates": [ [ 144.413554, -37.689347 ], [ 144.412027, -37.691251 ], [ 144.411742, -37.691969 ] ] } },
{ "type": "Feature", "properties": { "scc_type": "C2" }, "geometry": { "type": "LineString", "coordinates": [ [ 144.880324, -37.699515 ], [ 144.874616, -37.693223 ], [ 144.869031, -37.687764 ], [ 144.865505, -37.684548 ] ] } },
{ "type": "Feature", "properties": { "scc_type": "C2" }, "geometry": { "type": "LineString", "coordinates": [ [ 144.909788, -37.800899 ], [ 144.909085, -37.801648 ] ] } },
{ "type": "Feature", "properties": { "scc_type": "C2" }, "geometry": { "type": "LineString", "coordinates": [ [ 144.421204, -37.680733 ], [ 144.420795, -37.681854 ], [ 144.419895, -37.682676 ], [ 144.41907, -37.683001 ], [ 144.415257, -37.683849 ], [ 144.413997, -37.684708 ], [ 144.413568, -37.685446 ], [ 144.412983, -37.688745 ], [ 144.412988, -37.688973 ], [ 144.413554, -37.689347 ] ] } },
{ "type": "Feature", "properties": { "scc_type": "C2" }, "geometry": { "type": "LineString", "coordinates": [ [ 144.423595, -37.679504 ], [ 144.422978, -37.679596 ], [ 144.421948, -37.680419 ], [ 144.421204, -37.680733 ] ] } },
{ "type": "Feature", "properties": { "scc_type": "C2" }, "geometry": { "type": "LineString", "coordinates": [ [ 144.778197, -37.749628 ], [ 144.775287, -37.766222 ], [ 144.773703, -37.777894 ] ] } },
{ "type": "Feature", "properties": { "scc_type": "C2" }, "geometry": { "type": "LineString", "coordinates": [ [ 144.778355, -37.748719 ], [ 144.778197, -37.749628 ] ] } },
{ "type": "Feature", "properties": { "scc_type": "C2" }, "geometry": { "type": "LineString", "coordinates": [ [ 144.777551, -37.871549 ], [ 144.778684, -37.862646 ] ] } },
{ "type": "Feature", "properties": { "scc_type": "C2" }, "geometry": { "type": "LineString", "coordinates": [ [ 144.778355, -37.748719 ], [ 144.782087, -37.727296 ], [ 144.780663, -37.723023 ], [ 144.781462, -37.717957 ], [ 144.781422, -37.717296 ], [ 144.778062, -37.711611 ], [ 144.777814, -37.710841 ] ] } },
{ "type": "Feature", "properties": { "scc_type": "C2" }, "geometry": { "type": "LineString", "coordinates": [ [ 144.787009, -37.686565 ], [ 144.78472, -37.688816 ], [ 144.784347, -37.689422 ], [ 144.783687, -37.691841 ], [ 144.782141, -37.694786 ], [ 144.778183, -37.706694 ] ] } },
{ "type": "Feature", "properties": { "scc_type": "C2" }, "geometry": { "type": "LineString", "coordinates": [ [ 144.787009, -37.686565 ], [ 144.773575, -37.678321 ], [ 144.762614, -37.671051 ], [ 144.751753, -37.665773 ], [ 144.745847, -37.663238 ], [ 144.744452, -37.663057 ] ] } },
{ "type": "Feature", "properties": { "scc_type": "C2" }, "geometry": { "type": "LineString", "coordinates": [ [ 144.802663, -37.748303 ], [ 144.800558, -37.745525 ], [ 144.800286, -37.745636 ], [ 144.799616, -37.74506 ], [ 144.7971177, -37.7409339 ], [ 144.795493, -37.736347 ], [ 144.792516, -37.726468 ], [ 144.790875, -37.723066 ], [ 144.789195, -37.720659 ], [ 144.778183, -37.706694 ] ] } },
{ "type": "Feature", "properties": { "scc_type": "C2" }, "geometry": { "type": "LineString", "coordinates": [ [ 144.802663, -37.748303 ], [ 144.801929, -37.748641 ], [ 144.802538, -37.749491 ], [ 144.802452, -37.749626 ], [ 144.800335, -37.749281 ], [ 144.794442, -37.74867 ], [ 144.794048, -37.749101 ], [ 144.793913, -37.749716 ], [ 144.793272, -37.750093 ], [ 144.792809, -37.749521 ], [ 144.791592, -37.748851 ], [ 144.78715, -37.748719 ], [ 144.786887, -37.748924 ], [ 144.786512, -37.749771 ], [ 144.784727, -37.749552 ], [ 144.783644, -37.749785 ], [ 144.78312, -37.749615 ], [ 144.782736, -37.749216 ], [ 144.778355, -37.748719 ] ] } },
{ "type": "Feature", "properties": { "scc_type": "C2" }, "geometry": { "type": "LineString", "coordinates": [ [ 144.803585, -37.749378 ], [ 144.802663, -37.748303 ] ] } },
{ "type": "Feature", "properties": { "scc_type": "C2" }, "geometry": { "type": "LineString", "coordinates": [ [ 144.811892, -37.760335 ], [ 144.811134, -37.759629 ], [ 144.809658, -37.757699 ], [ 144.803585, -37.749378 ] ] } },
{ "type": "Feature", "properties": { "scc_type": "C2" }, "geometry": { "type": "LineString", "coordinates": [ [ 144.816167, -37.765551 ], [ 144.815981, -37.765569 ], [ 144.8125884, -37.7609973 ], [ 144.811892, -37.760335 ] ] } },
{ "type": "Feature", "properties": { "scc_type": "C2" }, "geometry": { "type": "LineString", "coordinates": [ [ 144.818243, -37.865188 ], [ 144.815415, -37.864786 ], [ 144.814937, -37.864953 ], [ 144.8128028, -37.8647473 ], [ 144.81176, -37.87098 ], [ 144.81395, -37.873736 ], [ 144.807945, -37.876802 ], [ 144.795012, -37.875396 ], [ 144.777551, -37.871549 ] ] } },
{ "type": "Feature", "properties": { "scc_type": "C2" }, "geometry": { "type": "LineString", "coordinates": [ [ 144.827148, -37.753378 ], [ 144.826047, -37.752868 ], [ 144.8150524, -37.7515349 ], [ 144.811834, -37.750455 ], [ 144.8098168, -37.7504817 ], [ 144.8086721, -37.7494731 ], [ 144.806235, -37.74908 ], [ 144.8041349, -37.7484556 ], [ 144.80397, -37.748446 ], [ 144.803809, -37.749264 ], [ 144.803585, -37.749378 ] ] } },
{ "type": "Feature", "properties": { "scc_type": "C2" }, "geometry": { "type": "LineString", "coordinates": [ [ 144.8282, -37.828726 ], [ 144.826988, -37.830199 ], [ 144.826718, -37.831078 ], [ 144.824701, -37.846464 ], [ 144.822562, -37.848699 ], [ 144.820897, -37.849553 ], [ 144.818243, -37.865188 ] ] } },
{ "type": "Feature", "properties": { "scc_type": "C2" }, "geometry": { "type": "LineString", "coordinates": [ [ 144.828325, -37.819256 ], [ 144.828703, -37.819659 ], [ 144.830185, -37.819809 ], [ 144.829085, -37.827369 ], [ 144.828213, -37.828715 ] ] } },
{ "type": "Feature", "properties": { "scc_type": "C2" }, "geometry": { "type": "LineString", "coordinates": [ [ 144.843787, -37.823099 ], [ 144.843313, -37.823802 ], [ 144.842124, -37.823679 ], [ 144.841826, -37.825018 ], [ 144.841359, -37.825092 ], [ 144.841563, -37.825102 ], [ 144.841618, -37.825498 ], [ 144.841384, -37.825523 ], [ 144.844236, -37.825471 ], [ 144.844058, -37.826548 ] ] } },
{ "type": "Feature", "properties": { "scc_type": "C2" }, "geometry": { "type": "LineString", "coordinates": [ [ 144.844058, -37.826548 ], [ 144.84335, -37.830708 ], [ 144.848253, -37.831226 ], [ 144.847017, -37.838487 ] ] } },
{ "type": "Feature", "properties": { "scc_type": "C2" }, "geometry": { "type": "LineString", "coordinates": [ [ 144.849528, -37.726451 ], [ 144.84795, -37.725995 ], [ 144.846241, -37.72524 ], [ 144.844835, -37.724606 ], [ 144.843409, -37.723742 ], [ 144.841861, -37.722519 ], [ 144.835466, -37.715633 ], [ 144.834002, -37.714286 ], [ 144.831763, -37.712788 ], [ 144.82315, -37.709675 ], [ 144.820154, -37.708383 ], [ 144.818208, -37.707278 ], [ 144.808812, -37.700314 ], [ 144.806304, -37.698612 ], [ 144.787009, -37.686565 ] ] } },
{ "type": "Feature", "properties": { "scc_type": "C2" }, "geometry": { "type": "LineString", "coordinates": [ [ 144.84984, -37.858215 ], [ 144.849208, -37.858421 ], [ 144.848534, -37.858369 ], [ 144.847766, -37.858632 ], [ 144.844484, -37.857592 ], [ 144.84353, -37.857507 ], [ 144.843908, -37.856645 ], [ 144.847017, -37.838487 ] ] } },
{ "type": "Feature", "properties": { "scc_type": "C2" }, "geometry": { "type": "LineString", "coordinates": [ [ 144.84984, -37.858215 ], [ 144.8495474, -37.8610458 ], [ 144.8492479, -37.8619215 ], [ 144.8486123, -37.8628333 ], [ 144.8428173, -37.8670726 ], [ 144.8421383, -37.8673801 ], [ 144.8400981, -37.8678979 ], [ 144.838392, -37.867946 ], [ 144.822327, -37.866303 ], [ 144.818164, -37.865669 ], [ 144.818243, -37.865188 ] ] } },
{ "type": "Feature", "properties": { "scc_type": "C2" }, "geometry": { "type": "LineString", "coordinates": [ [ 144.865505, -37.684548 ], [ 144.865271, -37.683699 ], [ 144.863907, -37.682246 ], [ 144.863702, -37.68207 ], [ 144.863295, -37.682148 ], [ 144.857626, -37.676646 ], [ 144.857137, -37.676347 ], [ 144.855837, -37.676025 ], [ 144.852132, -37.675594 ], [ 144.851851, -37.673575 ], [ 144.853021, -37.671083 ], [ 144.853425, -37.669827 ], [ 144.856408, -37.669413 ], [ 144.856713, -37.669193 ], [ 144.856764, -37.668679 ] ] } },
{ "type": "Feature", "properties": { "scc_type": "C2" }, "geometry": { "type": "LineString", "coordinates": [ [ 144.869335, -37.713185 ], [ 144.86852, -37.713787 ], [ 144.867406, -37.714313 ], [ 144.865446, -37.714666 ], [ 144.863734, -37.714486 ], [ 144.861423, -37.713574 ], [ 144.859273, -37.713279 ], [ 144.858946, -37.714827 ] ] } },
{ "type": "Feature", "properties": { "scc_type": "C2" }, "geometry": { "type": "LineString", "coordinates": [ [ 144.869684, -37.811073 ], [ 144.869775, -37.810594 ], [ 144.869228, -37.810481 ], [ 144.868008, -37.809735 ], [ 144.867859, -37.809853 ], [ 144.867705, -37.809707 ], [ 144.866019, -37.807949 ], [ 144.866043, -37.807449 ], [ 144.865788, -37.807513 ], [ 144.865316, -37.807361 ], [ 144.863361, -37.805752 ], [ 144.861656, -37.805015 ] ] } },
{ "type": "Feature", "properties": { "scc_type": "C2" }, "geometry": { "type": "LineString", "coordinates": [ [ 144.873086, -37.828281 ], [ 144.872583, -37.828673 ], [ 144.872196, -37.828777 ], [ 144.867015, -37.828218 ], [ 144.866984, -37.828383 ], [ 144.863787, -37.828025 ], [ 144.857034, -37.82794 ], [ 144.844058, -37.826548 ] ] } },
{ "type": "Feature", "properties": { "scc_type": "C2" }, "geometry": { "type": "LineString", "coordinates": [ [ 144.909788, -37.800899 ], [ 144.899587, -37.799712 ] ] } },
{ "type": "Feature", "properties": { "scc_type": "C2" }, "geometry": { "type": "LineString", "coordinates": [ [ 144.856764, -37.668679 ], [ 144.856147, -37.668128 ], [ 144.85597, -37.667687 ], [ 144.855686, -37.664655 ], [ 144.855481, -37.663978 ], [ 144.854733, -37.66248 ], [ 144.854133, -37.661676 ], [ 144.85234, -37.660248 ], [ 144.847115, -37.658112 ], [ 144.845032, -37.656683 ], [ 144.844045, -37.655686 ], [ 144.843204, -37.654466 ], [ 144.841439, -37.649573 ], [ 144.840357, -37.647736 ], [ 144.838219, -37.645833 ], [ 144.836924, -37.645162 ], [ 144.833881, -37.644208 ], [ 144.834848, -37.638445 ], [ 144.834465, -37.636438 ], [ 144.834508, -37.635404 ], [ 144.835728, -37.632979 ], [ 144.836363, -37.629605 ], [ 144.818376, -37.627622 ], [ 144.814085, -37.626992 ], [ 144.808316, -37.624724 ], [ 144.806449, -37.624583 ], [ 144.80385, -37.625101 ], [ 144.796934, -37.626992 ], [ 144.79537, -37.627175 ], [ 144.793159, -37.627038 ], [ 144.791609, -37.626305 ], [ 144.775976, -37.610589 ], [ 144.769614, -37.606585 ], [ 144.763973, -37.601624 ], [ 144.759969, -37.598614 ], [ 144.754119, -37.590269 ], [ 144.753165, -37.589309 ], [ 144.750129, -37.587534 ], [ 144.745986, -37.585426 ], [ 144.740238, -37.583227 ], [ 144.734003, -37.579361 ], [ 144.731712, -37.576993 ], [ 144.730121, -37.576249 ] ] } },
{ "type": "Feature", "properties": { "scc_type": "C2" }, "geometry": { "type": "LineString", "coordinates": [ [ 144.858932, -37.714913 ], [ 144.858532, -37.715706 ], [ 144.857567, -37.716742 ], [ 144.856754, -37.717257 ], [ 144.852443, -37.719291 ], [ 144.851545, -37.720115 ], [ 144.850828, -37.721248 ], [ 144.849744, -37.724692 ], [ 144.849554, -37.727049 ], [ 144.849075, -37.727286 ], [ 144.849833, -37.729319 ], [ 144.85028, -37.729939 ], [ 144.850288, -37.730463 ], [ 144.849943, -37.730989 ], [ 144.849555, -37.733414 ], [ 144.848869, -37.734104 ], [ 144.84969, -37.734676 ], [ 144.849602, -37.737307 ] ] } },
{ "type": "Feature", "properties": { "scc_type": "C2" }, "geometry": { "type": "LineString", "coordinates": [ [ 144.859834, -37.813833 ], [ 144.857864, -37.824271 ] ] } },
{ "type": "Feature", "properties": { "scc_type": "C2" }, "geometry": { "type": "LineString", "coordinates": [ [ 144.861656, -37.805015 ], [ 144.860806, -37.810245 ], [ 144.860426, -37.810202 ], [ 144.859909, -37.813017 ], [ 144.860216, -37.813721 ] ] } },
{ "type": "Feature", "properties": { "scc_type": "C2" }, "geometry": { "type": "LineString", "coordinates": [ [ 144.86237, -37.797737 ], [ 144.861637, -37.802745 ], [ 144.861969, -37.803097 ], [ 144.861656, -37.805015 ] ] } },
{ "type": "Feature", "properties": { "scc_type": "C2" }, "geometry": { "type": "LineString", "coordinates": [ [ 144.862957, -38.366937 ], [ 144.852731, -38.369115 ], [ 144.841115, -38.370762 ], [ 144.828025, -38.371059 ], [ 144.819375, -38.369973 ], [ 144.815323, -38.369311 ] ] } },
{ "type": "Feature", "properties": { "scc_type": "C2" }, "geometry": { "type": "LineString", "coordinates": [ [ 144.862957, -38.366937 ], [ 144.857951, -38.378819 ], [ 144.857776, -38.382832 ], [ 144.857584, -38.383664 ], [ 144.856948, -38.385044 ] ] } },
{ "type": "Feature", "properties": { "scc_type": "C2" }, "geometry": { "type": "LineString", "coordinates": [ [ 144.864409, -37.786607 ], [ 144.85493, -37.785465 ], [ 144.854303, -37.785621 ], [ 144.852076, -37.786847 ], [ 144.851234, -37.786961 ], [ 144.830337, -37.784756 ] ] } },
{ "type": "Feature", "properties": { "scc_type": "C2" }, "geometry": { "type": "LineString", "coordinates": [ [ 144.864409, -37.786607 ], [ 144.862383, -37.797665 ] ] } },
{ "type": "Feature", "properties": { "scc_type": "C2" }, "geometry": { "type": "LineString", "coordinates": [ [ 144.873086, -37.828281 ], [ 144.870359, -37.826479 ], [ 144.867142, -37.824005 ], [ 144.86776, -37.823248 ], [ 144.868507, -37.818714 ], [ 144.868177, -37.818677 ], [ 144.869684, -37.811073 ] ] } },
{ "type": "Feature", "properties": { "scc_type": "C2" }, "geometry": { "type": "LineString", "coordinates": [ [ 144.909811, -37.753788 ], [ 144.909396, -37.756182 ], [ 144.909559, -37.7562 ], [ 144.908327, -37.762653 ], [ 144.907982, -37.765359 ] ] } },
{ "type": "Feature", "properties": { "scc_type": "C2" }, "geometry": { "type": "LineString", "coordinates": [ [ 144.677968, -37.910109 ], [ 144.666325, -37.903867 ], [ 144.663819, -37.90287 ], [ 144.66289, -37.901914 ], [ 144.656901, -37.905238 ], [ 144.656281, -37.905225 ], [ 144.654806, -37.904068 ], [ 144.654055, -37.90292 ], [ 144.65363, -37.901843 ], [ 144.651559, -37.902974 ], [ 144.650964, -37.902906 ], [ 144.650733, -37.903046 ], [ 144.642095, -37.898689 ], [ 144.640668, -37.897832 ], [ 144.639139, -37.897239 ], [ 144.636824, -37.895899 ], [ 144.631992, -37.893587 ], [ 144.632007, -37.892994 ], [ 144.629716, -37.891872 ], [ 144.62615, -37.886386 ], [ 144.625784, -37.886442 ], [ 144.623266, -37.883901 ], [ 144.616998, -37.877218 ], [ 144.616689, -37.877117 ], [ 144.6168576, -37.8768107 ] ] } },
{ "type": "Feature", "properties": { "scc_type": "C2" }, "geometry": { "type": "LineString", "coordinates": [ [ 144.681748, -37.884375 ], [ 144.681726, -37.884511 ] ] } },
{ "type": "Feature", "properties": { "scc_type": "C2" }, "geometry": { "type": "LineString", "coordinates": [ [ 144.678004, -37.910129 ], [ 144.683189, -37.912934 ], [ 144.682056, -37.919546 ], [ 144.681319, -37.921603 ] ] } },
{ "type": "Feature", "properties": { "scc_type": "C2" }, "geometry": { "type": "LineString", "coordinates": [ [ 144.701129, -37.702799 ], [ 144.694875, -37.701806 ], [ 144.664016, -37.698246 ], [ 144.658794, -37.695772 ] ] } },
{ "type": "Feature", "properties": { "scc_type": "C2" }, "geometry": { "type": "LineString", "coordinates": [ [ 144.701171, -37.740988 ], [ 144.700609, -37.744165 ], [ 144.700567, -37.745358 ] ] } },
{ "type": "Feature", "properties": { "scc_type": "C2" }, "geometry": { "type": "LineString", "coordinates": [ [ 144.883708, -37.843905 ], [ 144.883259, -37.843323 ], [ 144.883134, -37.842473 ], [ 144.847017, -37.838487 ] ] } },
{ "type": "Feature", "properties": { "scc_type": "C2" }, "geometry": { "type": "LineString", "coordinates": [ [ 144.884101, -37.782949 ], [ 144.869673, -37.781683 ], [ 144.868652, -37.783242 ], [ 144.868238, -37.784497 ], [ 144.866035, -37.786395 ], [ 144.865172, -37.786644 ], [ 144.864409, -37.786607 ] ] } },
{ "type": "Feature", "properties": { "scc_type": "C2" }, "geometry": { "type": "LineString", "coordinates": [ [ 144.884788, -37.674931 ], [ 144.883089, -37.674846 ], [ 144.881558, -37.67588 ], [ 144.880994, -37.676037 ], [ 144.880301, -37.676027 ], [ 144.878446, -37.675342 ], [ 144.877307, -37.675276 ], [ 144.876136, -37.674969 ], [ 144.875146, -37.674971 ], [ 144.874534, -37.674225 ], [ 144.873548, -37.67179 ], [ 144.874031, -37.671364 ], [ 144.873792, -37.670836 ], [ 144.871271, -37.671266 ], [ 144.869477, -37.670575 ], [ 144.868368, -37.669961 ], [ 144.868242, -37.66902 ], [ 144.868364, -37.668184 ], [ 144.868803, -37.667509 ], [ 144.869135, -37.66573 ], [ 144.868675, -37.665397 ], [ 144.868707, -37.665222 ], [ 144.867783, -37.665929 ], [ 144.867262, -37.665946 ], [ 144.866191, -37.665458 ], [ 144.865039, -37.665178 ], [ 144.862983, -37.664175 ], [ 144.860876, -37.663492 ], [ 144.859368, -37.663175 ], [ 144.859216, -37.662983 ], [ 144.856771, -37.662924 ], [ 144.856292, -37.663374 ], [ 144.856299, -37.663933 ], [ 144.856916, -37.665359 ], [ 144.856943, -37.668276 ], [ 144.856764, -37.668679 ] ] } },
{ "type": "Feature", "properties": { "scc_type": "C2" }, "geometry": { "type": "LineString", "coordinates": [ [ 144.713117, -37.851154 ], [ 144.710067, -37.850954 ], [ 144.669467, -37.846375 ] ] } },
{ "type": "Feature", "properties": { "scc_type": "C2" }, "geometry": { "type": "LineString", "coordinates": [ [ 144.713117, -37.851154 ], [ 144.71256, -37.850579 ], [ 144.712644, -37.849485 ], [ 144.712723, -37.849004 ], [ 144.713456, -37.847655 ], [ 144.713478, -37.84706 ], [ 144.7117473, -37.8454479 ], [ 144.710988, -37.84528 ], [ 144.707303, -37.845259 ], [ 144.706249, -37.845073 ], [ 144.705651, -37.844731 ], [ 144.705282, -37.843099 ], [ 144.705503, -37.842049 ], [ 144.706159, -37.841664 ], [ 144.706256, -37.841084 ], [ 144.705816, -37.840641 ], [ 144.704729, -37.8406 ], [ 144.704521, -37.840334 ], [ 144.704041, -37.840136 ], [ 144.704233, -37.839844 ], [ 144.703923, -37.837896 ], [ 144.703615, -37.837403 ], [ 144.70294, -37.836816 ], [ 144.702598, -37.83609 ], [ 144.702693, -37.835749 ], [ 144.703166, -37.835756 ], [ 144.702754, -37.835294 ], [ 144.702631, -37.834587 ], [ 144.703869, -37.833054 ] ] } },
{ "type": "Feature", "properties": { "scc_type": "C2" }, "geometry": { "type": "LineString", "coordinates": [ [ 144.719924, -37.627553 ], [ 144.708633, -37.629083 ] ] } },
{ "type": "Feature", "properties": { "scc_type": "C2" }, "geometry": { "type": "LineString", "coordinates": [ [ 144.720646, -37.868844 ], [ 144.720255, -37.868657 ], [ 144.718895, -37.868841 ], [ 144.717542, -37.868843 ], [ 144.716813, -37.868547 ], [ 144.71607, -37.867842 ], [ 144.715905, -37.867133 ], [ 144.717671, -37.864476 ], [ 144.719887, -37.863284 ], [ 144.720235, -37.862334 ], [ 144.718848, -37.860554 ], [ 144.718593, -37.859993 ], [ 144.718182, -37.85971 ], [ 144.717312, -37.858546 ], [ 144.716983, -37.858384 ], [ 144.714715, -37.858345 ], [ 144.713565, -37.855817 ], [ 144.713362, -37.855744 ], [ 144.713078, -37.855867 ], [ 144.712801, -37.855606 ], [ 144.712969, -37.855114 ], [ 144.712678, -37.854503 ], [ 144.711327, -37.852808 ], [ 144.711502, -37.852054 ], [ 144.712122, -37.851214 ], [ 144.713063, -37.851301 ], [ 144.713117, -37.851154 ] ] } },
{ "type": "Feature", "properties": { "scc_type": "C2" }, "geometry": { "type": "LineString", "coordinates": [ [ 144.737187, -37.876625 ], [ 144.737424, -37.875227 ], [ 144.737348, -37.874667 ], [ 144.735475, -37.869809 ], [ 144.734501, -37.86891 ], [ 144.734833, -37.868255 ], [ 144.734535, -37.867345 ] ] } },
{ "type": "Feature", "properties": { "scc_type": "C2" }, "geometry": { "type": "LineString", "coordinates": [ [ 144.9100511, -37.5939134 ], [ 144.909658, -37.593769 ] ] } },
{ "type": "Feature", "properties": { "scc_type": "C2" }, "geometry": { "type": "LineString", "coordinates": [ [ 144.725003, -37.580792 ], [ 144.721783, -37.585315 ], [ 144.721181, -37.585914 ], [ 144.720464, -37.586268 ], [ 144.716429, -37.587328 ], [ 144.715024, -37.588099 ], [ 144.714677, -37.588988 ], [ 144.714308, -37.591889 ], [ 144.713979, -37.592834 ], [ 144.713783, -37.595061 ], [ 144.713624, -37.595128 ], [ 144.713589, -37.596289 ], [ 144.713016, -37.598838 ], [ 144.71256, -37.602201 ] ] } },
{ "type": "Feature", "properties": { "scc_type": "C2" }, "geometry": { "type": "LineString", "coordinates": [ [ 144.719924, -37.627553 ], [ 144.717841, -37.617114 ], [ 144.718367, -37.594364 ], [ 144.718472, -37.593679 ], [ 144.719617, -37.590904 ], [ 144.726351, -37.58141 ], [ 144.725003, -37.580792 ] ] } },
{ "type": "Feature", "properties": { "scc_type": "C2" }, "geometry": { "type": "LineString", "coordinates": [ [ 144.72877, -37.575625 ], [ 144.7252411, -37.573956 ], [ 144.714412, -37.561882 ], [ 144.7077131, -37.558374 ], [ 144.703352, -37.556924 ], [ 144.701582, -37.555373 ], [ 144.699513, -37.554311 ] ] } },
{ "type": "Feature", "properties": { "scc_type": "C2" }, "geometry": { "type": "LineString", "coordinates": [ [ 144.72877, -37.575625 ], [ 144.725003, -37.580792 ] ] } },
{ "type": "Feature", "properties": { "scc_type": "C2" }, "geometry": { "type": "LineString", "coordinates": [ [ 144.730121, -37.576249 ], [ 144.72877, -37.575625 ] ] } },
{ "type": "Feature", "properties": { "scc_type": "C2" }, "geometry": { "type": "LineString", "coordinates": [ [ 144.734535, -37.867345 ], [ 144.728499, -37.870427 ], [ 144.722091, -37.873337 ] ] } },
{ "type": "Feature", "properties": { "scc_type": "C2" }, "geometry": { "type": "LineString", "coordinates": [ [ 144.735585, -37.743242 ], [ 144.734452, -37.743095 ], [ 144.733065, -37.743148 ], [ 144.727814, -37.744684 ], [ 144.726394, -37.74471 ], [ 144.706349, -37.741558 ], [ 144.701171, -37.740988 ] ] } },
{ "type": "Feature", "properties": { "scc_type": "C2" }, "geometry": { "type": "LineString", "coordinates": [ [ 144.73673, -37.779791 ], [ 144.733293, -37.804124 ], [ 144.733428, -37.80452 ], [ 144.73296, -37.806304 ], [ 144.731891, -37.808819 ], [ 144.72416, -37.822963 ], [ 144.72237, -37.825437 ], [ 144.721062, -37.826723 ], [ 144.719323, -37.828165 ], [ 144.717142, -37.82962 ], [ 144.715335, -37.830569 ], [ 144.712822, -37.831592 ], [ 144.710554, -37.832291 ], [ 144.707339, -37.832862 ], [ 144.703869, -37.833054 ] ] } },
{ "type": "Feature", "properties": { "scc_type": "C2" }, "geometry": { "type": "LineString", "coordinates": [ [ 144.892492, -37.856317 ], [ 144.889892, -37.857961 ], [ 144.888501, -37.857663 ], [ 144.887031, -37.857678 ], [ 144.867204, -37.855594 ], [ 144.866886, -37.857786 ], [ 144.8664508, -37.8580766 ], [ 144.8647993, -37.8576995 ], [ 144.8640925, -37.8577375 ], [ 144.8630489, -37.8575593 ], [ 144.8620833, -37.8572897 ], [ 144.859218, -37.857461 ], [ 144.858331, -37.857356 ], [ 144.854216, -37.855602 ], [ 144.85378, -37.855557 ], [ 144.85265, -37.855803 ], [ 144.852686, -37.856016 ], [ 144.85354, -37.856622 ], [ 144.853315, -37.856886 ], [ 144.8523, -37.857263 ], [ 144.850302, -37.858518 ], [ 144.84984, -37.858215 ] ] } },
{ "type": "Feature", "properties": { "scc_type": "C2" }, "geometry": { "type": "LineString", "coordinates": [ [ 144.893476, -37.792386 ], [ 144.893888, -37.789664 ], [ 144.894715, -37.787862 ], [ 144.89471, -37.787348 ], [ 144.893817, -37.78524 ], [ 144.893899, -37.78494 ], [ 144.893576, -37.783199 ], [ 144.893097, -37.781636 ], [ 144.892584, -37.780705 ], [ 144.891552, -37.780575 ], [ 144.891627, -37.780188 ], [ 144.891374, -37.779645 ], [ 144.890645, -37.778983 ], [ 144.890324, -37.777146 ], [ 144.890616, -37.776518 ], [ 144.890435, -37.776351 ], [ 144.885565, -37.775734 ] ] } },
{ "type": "Feature", "properties": { "scc_type": "C2" }, "geometry": { "type": "LineString", "coordinates": [ [ 144.895857, -37.821797 ], [ 144.894892, -37.827188 ], [ 144.893544, -37.82651 ], [ 144.892923, -37.825775 ], [ 144.891457, -37.825757 ], [ 144.88987, -37.825347 ], [ 144.888696, -37.824869 ], [ 144.888016, -37.824302 ] ] } },
{ "type": "Feature", "properties": { "scc_type": "C2" }, "geometry": { "type": "LineString", "coordinates": [ [ 144.895963, -37.821207 ], [ 144.895857, -37.821797 ] ] } },
{ "type": "Feature", "properties": { "scc_type": "C2" }, "geometry": { "type": "LineString", "coordinates": [ [ 144.895999, -37.821722 ], [ 144.894984, -37.827289 ] ] } },
{ "type": "Feature", "properties": { "scc_type": "C2" }, "geometry": { "type": "LineString", "coordinates": [ [ 144.895857, -37.821797 ], [ 144.895999, -37.821721 ], [ 144.895963, -37.821207 ] ] } },
{ "type": "Feature", "properties": { "scc_type": "C2" }, "geometry": { "type": "LineString", "coordinates": [ [ 144.738459, -37.767126 ], [ 144.739644, -37.757143 ], [ 144.740112, -37.750833 ], [ 144.739829, -37.749977 ], [ 144.739272, -37.74927 ], [ 144.736151, -37.74723 ], [ 144.735496, -37.746502 ], [ 144.735248, -37.74558 ], [ 144.735585, -37.743242 ] ] } },
{ "type": "Feature", "properties": { "scc_type": "C2" }, "geometry": { "type": "LineString", "coordinates": [ [ 144.740749, -37.710108 ], [ 144.738854, -37.709889 ], [ 144.737606, -37.70992 ], [ 144.734172, -37.710629 ], [ 144.729537, -37.711848 ], [ 144.728107, -37.712005 ], [ 144.72503, -37.711837 ], [ 144.72109, -37.710856 ], [ 144.709843, -37.707112 ], [ 144.701129, -37.702799 ] ] } },
{ "type": "Feature", "properties": { "scc_type": "C2" }, "geometry": { "type": "LineString", "coordinates": [ [ 144.740749, -37.710108 ], [ 144.738154, -37.723538 ], [ 144.738338, -37.724626 ], [ 144.738791, -37.725592 ], [ 144.740735, -37.727721 ], [ 144.741327, -37.728677 ], [ 144.741639, -37.729713 ], [ 144.741632, -37.73091 ], [ 144.740536, -37.735628 ], [ 144.738885, -37.73806 ], [ 144.736225, -37.741419 ], [ 144.735807, -37.742273 ], [ 144.735585, -37.743242 ] ] } },
{ "type": "Feature", "properties": { "scc_type": "C2" }, "geometry": { "type": "LineString", "coordinates": [ [ 144.74427, -37.691846 ], [ 144.740749, -37.710108 ] ] } },
{ "type": "Feature", "properties": { "scc_type": "C2" }, "geometry": { "type": "LineString", "coordinates": [ [ 144.74427, -37.691846 ], [ 144.735108, -37.690726 ], [ 144.715466, -37.689316 ], [ 144.703243, -37.687876 ] ] } },
{ "type": "Feature", "properties": { "scc_type": "C2" }, "geometry": { "type": "LineString", "coordinates": [ [ 144.744452, -37.663057 ], [ 144.72274, -37.635559 ], [ 144.721683, -37.633622 ], [ 144.721137, -37.632233 ], [ 144.719924, -37.627553 ] ] } },
{ "type": "Feature", "properties": { "scc_type": "C2" }, "geometry": { "type": "LineString", "coordinates": [ [ 144.745835, -37.770096 ], [ 144.738459, -37.767126 ] ] } },
{ "type": "Feature", "properties": { "scc_type": "C2" }, "geometry": { "type": "LineString", "coordinates": [ [ 144.748051, -37.868954 ], [ 144.745642, -37.869755 ], [ 144.745359, -37.869706 ], [ 144.744841, -37.869062 ], [ 144.7431, -37.868484 ], [ 144.742066, -37.867158 ], [ 144.741727, -37.867012 ], [ 144.739618, -37.866779 ], [ 144.738431, -37.867142 ], [ 144.736737, -37.866326 ], [ 144.734535, -37.867345 ] ] } },
{ "type": "Feature", "properties": { "scc_type": "C2" }, "geometry": { "type": "LineString", "coordinates": [ [ 144.748051, -37.868954 ], [ 144.748051, -37.859085 ], [ 144.747834, -37.857297 ], [ 144.748051, -37.854139 ], [ 144.713117, -37.851154 ] ] } },
{ "type": "Feature", "properties": { "scc_type": "C2" }, "geometry": { "type": "LineString", "coordinates": [ [ 144.910082, -37.744627 ], [ 144.908488, -37.753503 ] ] } },
{ "type": "Feature", "properties": { "scc_type": "C2" }, "geometry": { "type": "LineString", "coordinates": [ [ 144.748972, -37.874558 ], [ 144.748534, -37.874603 ], [ 144.748595, -37.875136 ], [ 144.748185, -37.875037 ], [ 144.746543, -37.875141 ], [ 144.745461, -37.874968 ], [ 144.744904, -37.874416 ], [ 144.744331, -37.874353 ], [ 144.741361, -37.875801 ], [ 144.740046, -37.875618 ], [ 144.739626, -37.875711 ], [ 144.738883, -37.876584 ], [ 144.738308, -37.876952 ], [ 144.737187, -37.876625 ] ] } },
{ "type": "Feature", "properties": { "scc_type": "C2" }, "geometry": { "type": "LineString", "coordinates": [ [ 144.748972, -37.874558 ], [ 144.748997, -37.873061 ], [ 144.748293, -37.870641 ], [ 144.748051, -37.868954 ] ] } },
{ "type": "Feature", "properties": { "scc_type": "C2" }, "geometry": { "type": "LineString", "coordinates": [ [ 144.750732, -37.77185 ], [ 144.747997, -37.772422 ], [ 144.74299, -37.773902 ], [ 144.738266, -37.777843 ], [ 144.73673, -37.779791 ] ] } },
{ "type": "Feature", "properties": { "scc_type": "C2" }, "geometry": { "type": "LineString", "coordinates": [ [ 144.730121, -37.576249 ], [ 144.733543, -37.572858 ], [ 144.735211, -37.57162 ], [ 144.736885, -37.570655 ], [ 144.739024, -37.569931 ], [ 144.743184, -37.567898 ], [ 144.746109, -37.566705 ], [ 144.748172, -37.565472 ], [ 144.75006, -37.563919 ], [ 144.751144, -37.562536 ], [ 144.751897, -37.561256 ], [ 144.752447, -37.559785 ], [ 144.752692, -37.556191 ], [ 144.751875, -37.552857 ] ] } },
{ "type": "Feature", "properties": { "scc_type": "C2" }, "geometry": { "type": "LineString", "coordinates": [ [ 144.758014, -37.516299 ], [ 144.7517, -37.55045 ], [ 144.751875, -37.552857 ] ] } },
{ "type": "Feature", "properties": { "scc_type": "C2" }, "geometry": { "type": "LineString", "coordinates": [ [ 144.760271, -37.571489 ], [ 144.76005, -37.595853 ], [ 144.75967, -37.596491 ], [ 144.758871, -37.597061 ] ] } },
{ "type": "Feature", "properties": { "scc_type": "C2" }, "geometry": { "type": "LineString", "coordinates": [ [ 144.76027, -37.571489 ], [ 144.760354, -37.561623 ], [ 144.759565, -37.553835 ], [ 144.751875, -37.552857 ] ] } },
{ "type": "Feature", "properties": { "scc_type": "C2" }, "geometry": { "type": "LineString", "coordinates": [ [ 144.764732, -37.874089 ], [ 144.763544, -37.872879 ], [ 144.763199, -37.872733 ], [ 144.7624793, -37.8727265 ], [ 144.7613512, -37.873048 ], [ 144.760326, -37.873944 ], [ 144.759519, -37.87405 ], [ 144.758926, -37.873959 ], [ 144.758497, -37.874641 ], [ 144.758179, -37.874341 ], [ 144.757747, -37.874269 ], [ 144.755628, -37.874835 ], [ 144.754727, -37.875473 ], [ 144.754582, -37.875813 ], [ 144.753728, -37.876302 ], [ 144.751887, -37.876179 ], [ 144.751346, -37.875985 ], [ 144.74976, -37.875801 ], [ 144.749111, -37.875347 ], [ 144.749348, -37.874646 ], [ 144.748972, -37.874558 ] ] } },
{ "type": "Feature", "properties": { "scc_type": "C2" }, "geometry": { "type": "LineString", "coordinates": [ [ 144.767366, -37.692851 ], [ 144.762703, -37.686546 ], [ 144.744452, -37.663057 ] ] } },
{ "type": "Feature", "properties": { "scc_type": "C2" }, "geometry": { "type": "LineString", "coordinates": [ [ 144.7691, -37.695191 ], [ 144.767234, -37.692914 ] ] } },
{ "type": "Feature", "properties": { "scc_type": "C2" }, "geometry": { "type": "LineString", "coordinates": [ [ 144.7691, -37.695191 ], [ 144.766271, -37.694944 ], [ 144.766172, -37.694544 ], [ 144.765159, -37.694407 ], [ 144.74427, -37.691846 ] ] } },
{ "type": "Feature", "properties": { "scc_type": "C2" }, "geometry": { "type": "LineString", "coordinates": [ [ 144.777551, -37.871549 ], [ 144.768577, -37.870807 ], [ 144.764756, -37.87408 ] ] } },
{ "type": "Feature", "properties": { "scc_type": "C2" }, "geometry": { "type": "LineString", "coordinates": [ [ 144.935879, -37.795093 ], [ 144.927699, -37.794139 ], [ 144.923938, -37.790169 ] ] } },
{ "type": "Feature", "properties": { "scc_type": "C2" }, "geometry": { "type": "LineString", "coordinates": [ [ 144.997596, -37.800294 ], [ 144.99671, -37.805435 ] ] } },
{ "type": "Feature", "properties": { "scc_type": "C2" }, "geometry": { "type": "LineString", "coordinates": [ [ 145.289728, -38.113901 ], [ 145.282786, -38.113034 ] ] } },
{ "type": "Feature", "properties": { "scc_type": "C2" }, "geometry": { "type": "LineString", "coordinates": [ [ 144.777814, -37.710841 ], [ 144.760428, -37.708844 ], [ 144.759292, -37.708905 ], [ 144.758433, -37.709137 ], [ 144.756858, -37.710207 ], [ 144.756083, -37.710523 ], [ 144.751918, -37.711112 ], [ 144.746883, -37.710622 ], [ 144.744672, -37.710581 ], [ 144.740749, -37.710108 ] ] } },
{ "type": "Feature", "properties": { "scc_type": "C2" }, "geometry": { "type": "LineString", "coordinates": [ [ 144.778183, -37.706694 ], [ 144.771235, -37.697806 ], [ 144.770125, -37.696932 ], [ 144.770163, -37.69658 ], [ 144.7691, -37.695191 ] ] } },
{ "type": "Feature", "properties": { "scc_type": "C2" }, "geometry": { "type": "LineString", "coordinates": [ [ 144.778183, -37.706694 ], [ 144.777636, -37.708671 ], [ 144.777814, -37.710841 ] ] } },
{ "type": "Feature", "properties": { "scc_type": "C2" }, "geometry": { "type": "LineString", "coordinates": [ [ 144.778197, -37.749628 ], [ 144.759068, -37.747474 ], [ 144.756527, -37.747753 ], [ 144.749191, -37.747108 ], [ 144.748498, -37.746892 ], [ 144.742984, -37.746529 ], [ 144.742109, -37.746192 ], [ 144.738103, -37.743715 ], [ 144.737128, -37.743409 ], [ 144.735585, -37.743242 ] ] } },
{ "type": "Feature", "properties": { "scc_type": "C2" }, "geometry": { "type": "LineString", "coordinates": [ [ 144.915562, -37.682293 ], [ 144.914322, -37.681479 ], [ 144.912913, -37.679547 ], [ 144.911167, -37.678381 ], [ 144.909933, -37.676523 ], [ 144.909618, -37.675777 ], [ 144.911013, -37.675385 ], [ 144.912214, -37.67335 ], [ 144.9118, -37.672263 ], [ 144.912042, -37.671046 ], [ 144.911395, -37.669783 ], [ 144.910244, -37.669204 ], [ 144.908935, -37.666422 ], [ 144.907909, -37.665768 ], [ 144.907628, -37.66507 ], [ 144.907834, -37.664295 ], [ 144.908548, -37.663584 ], [ 144.908627, -37.661237 ], [ 144.908203, -37.658921 ], [ 144.909256, -37.65492 ], [ 144.90924, -37.653833 ], [ 144.909623, -37.65288 ], [ 144.908891, -37.652594 ], [ 144.908563, -37.651686 ], [ 144.908878, -37.651175 ], [ 144.907966, -37.649639 ], [ 144.908658, -37.645303 ], [ 144.909908, -37.642455 ], [ 144.9105703, -37.6382745 ] ] } },
{ "type": "Feature", "properties": { "scc_type": "C2" }, "geometry": { "type": "LineString", "coordinates": [ [ 144.916947, -37.801622 ], [ 144.915072, -37.801416 ] ] } },
{ "type": "Feature", "properties": { "scc_type": "C2" }, "geometry": { "type": "LineString", "coordinates": [ [ 144.918292, -37.683689 ], [ 144.915562, -37.682293 ] ] } },
{ "type": "Feature", "properties": { "scc_type": "C2" }, "geometry": { "type": "LineString", "coordinates": [ [ 144.919486, -38.388464 ], [ 144.917355, -38.386854 ], [ 144.912961, -38.380767 ] ] } },
{ "type": "Feature", "properties": { "scc_type": "C2" }, "geometry": { "type": "LineString", "coordinates": [ [ 144.96849, -37.819745 ], [ 144.968475, -37.819713 ] ] } },
{ "type": "Feature", "properties": { "scc_type": "C2" }, "geometry": { "type": "LineString", "coordinates": [ [ 144.92041, -37.567294 ], [ 144.920005, -37.567395 ], [ 144.91975, -37.570187 ], [ 144.920448, -37.574031 ], [ 144.920848, -37.575315 ], [ 144.920637, -37.576188 ], [ 144.919832, -37.577318 ], [ 144.912974, -37.583032 ], [ 144.912092, -37.584086 ], [ 144.911537, -37.585174 ], [ 144.9100511, -37.5939134 ] ] } },
{ "type": "Feature", "properties": { "scc_type": "C2" }, "geometry": { "type": "LineString", "coordinates": [ [ 144.923938, -37.790169 ], [ 144.923137, -37.790816 ], [ 144.923232, -37.79121 ], [ 144.920285, -37.793142 ], [ 144.92029, -37.793663 ], [ 144.91757, -37.795272 ], [ 144.916815, -37.795184 ], [ 144.915816, -37.795742 ], [ 144.914855, -37.79665 ], [ 144.916224, -37.798096 ], [ 144.915223, -37.799472 ], [ 144.914327, -37.799837 ], [ 144.913242, -37.799305 ], [ 144.91199, -37.79926 ], [ 144.910604, -37.799881 ], [ 144.909788, -37.800899 ] ] } },
{ "type": "Feature", "properties": { "scc_type": "C2" }, "geometry": { "type": "LineString", "coordinates": [ [ 144.923938, -37.790169 ], [ 144.905203, -37.770515 ] ] } },
{ "type": "Feature", "properties": { "scc_type": "C2" }, "geometry": { "type": "LineString", "coordinates": [ [ 144.924295, -37.832792 ], [ 144.92062, -37.820812 ] ] } },
{ "type": "Feature", "properties": { "scc_type": "C2" }, "geometry": { "type": "LineString", "coordinates": [ [ 144.924524, -37.76902 ], [ 144.920346, -37.768477 ], [ 144.919943, -37.768109 ], [ 144.919668, -37.766578 ], [ 144.907982, -37.765359 ] ] } },
{ "type": "Feature", "properties": { "scc_type": "C2" }, "geometry": { "type": "LineString", "coordinates": [ [ 144.924842, -37.76716 ], [ 144.917395, -37.755311 ], [ 144.917228, -37.754832 ], [ 144.910082, -37.744627 ] ] } },
{ "type": "Feature", "properties": { "scc_type": "C2" }, "geometry": { "type": "LineString", "coordinates": [ [ 144.924967, -37.766492 ], [ 144.917763, -37.754975 ], [ 144.916562, -37.753659 ], [ 144.915944, -37.752474 ], [ 144.911606, -37.746066 ], [ 144.911053, -37.745597 ], [ 144.91045, -37.744524 ] ] } },
{ "type": "Feature", "properties": { "scc_type": "C2" }, "geometry": { "type": "LineString", "coordinates": [ [ 144.924967, -37.766492 ], [ 144.924842, -37.76716 ] ] } },
{ "type": "Feature", "properties": { "scc_type": "C2" }, "geometry": { "type": "LineString", "coordinates": [ [ 144.92041, -37.567294 ], [ 144.921516, -37.563839 ], [ 144.922435, -37.561673 ], [ 144.923988, -37.558791 ], [ 144.925065, -37.551937 ], [ 144.924579, -37.550756 ], [ 144.923764, -37.549678 ], [ 144.920989, -37.547458 ], [ 144.920049, -37.545965 ], [ 144.918102, -37.541457 ], [ 144.918034, -37.53998 ], [ 144.918382, -37.53725 ] ] } },
{ "type": "Feature", "properties": { "scc_type": "C2" }, "geometry": { "type": "LineString", "coordinates": [ [ 144.925457, -37.7688491 ], [ 144.924564, -37.768865 ], [ 144.924534, -37.769021 ] ] } },
{ "type": "Feature", "properties": { "scc_type": "C2" }, "geometry": { "type": "LineString", "coordinates": [ [ 144.925457, -37.7688491 ], [ 144.924842, -37.76716 ] ] } },
{ "type": "Feature", "properties": { "scc_type": "C2" }, "geometry": { "type": "LineString", "coordinates": [ [ 144.925458, -37.768849 ], [ 144.925457, -37.7688491 ] ] } },
{ "type": "Feature", "properties": { "scc_type": "C2" }, "geometry": { "type": "LineString", "coordinates": [ [ 144.931866, -37.523818 ], [ 144.930073, -37.524688 ], [ 144.925287, -37.52621 ], [ 144.923024, -37.527301 ], [ 144.919421, -37.529321 ], [ 144.918637, -37.530045 ], [ 144.918806, -37.533783 ], [ 144.9187, -37.535649 ], [ 144.918382, -37.53725 ] ] } },
{ "type": "Feature", "properties": { "scc_type": "C2" }, "geometry": { "type": "LineString", "coordinates": [ [ 144.932715, -37.822053 ], [ 144.928547, -37.821177 ], [ 144.924744, -37.820763 ], [ 144.92062, -37.820812 ] ] } },
{ "type": "Feature", "properties": { "scc_type": "C2" }, "geometry": { "type": "LineString", "coordinates": [ [ 144.934864, -37.823811 ], [ 144.932715, -37.822053 ] ] } },
{ "type": "Feature", "properties": { "scc_type": "C2" }, "geometry": { "type": "LineString", "coordinates": [ [ 144.934874, -37.6414 ], [ 144.9105703, -37.6382745 ] ] } },
{ "type": "Feature", "properties": { "scc_type": "C2" }, "geometry": { "type": "LineString", "coordinates": [ [ 144.936445, -37.805103 ], [ 144.930965, -37.803461 ], [ 144.929363, -37.80322 ], [ 144.929486, -37.803016 ], [ 144.916952, -37.801624 ] ] } },
{ "type": "Feature", "properties": { "scc_type": "C2" }, "geometry": { "type": "LineString", "coordinates": [ [ 144.937832, -37.788941 ], [ 144.926649, -37.787853 ], [ 144.926648, -37.788132 ], [ 144.925987, -37.788564 ], [ 144.92614, -37.788772 ], [ 144.923938, -37.790169 ] ] } },
{ "type": "Feature", "properties": { "scc_type": "C2" }, "geometry": { "type": "LineString", "coordinates": [ [ 144.937832, -37.539299 ], [ 144.918382, -37.53725 ] ] } },
{ "type": "Feature", "properties": { "scc_type": "C2" }, "geometry": { "type": "LineString", "coordinates": [ [ 144.938149, -37.843147 ], [ 144.935711, -37.841863 ], [ 144.934475, -37.841405 ], [ 144.934184, -37.840786 ], [ 144.933437, -37.840349 ], [ 144.931209, -37.840261 ], [ 144.926075, -37.839163 ], [ 144.925229, -37.838579 ], [ 144.924811, -37.839128 ], [ 144.924495, -37.83924 ], [ 144.923228, -37.839108 ], [ 144.918867, -37.83908 ], [ 144.917537, -37.839191 ], [ 144.916282, -37.839487 ], [ 144.915615, -37.839448 ], [ 144.9147164, -37.8377681 ], [ 144.9140643, -37.835359 ], [ 144.9130451, -37.8345704 ], [ 144.9129348, -37.834206 ], [ 144.9126971, -37.8340854 ], [ 144.9129446, -37.8338598 ], [ 144.912563, -37.833468 ], [ 144.912888, -37.833359 ], [ 144.913152, -37.833722 ], [ 144.918364, -37.831956 ], [ 144.918698, -37.832254 ], [ 144.919244, -37.833774 ], [ 144.924295, -37.832792 ] ] } },
{ "type": "Feature", "properties": { "scc_type": "C2" }, "geometry": { "type": "LineString", "coordinates": [ [ 144.939354, -37.827488 ], [ 144.936, -37.830082 ], [ 144.936389, -37.830523 ], [ 144.924295, -37.832792 ] ] } },
{ "type": "Feature", "properties": { "scc_type": "C2" }, "geometry": { "type": "LineString", "coordinates": [ [ 144.9398761, -37.78695 ], [ 144.9376741, -37.784352 ], [ 144.9343331, -37.782785 ], [ 144.93333, -37.782081 ], [ 144.93106, -37.779379 ], [ 144.927757, -37.774397 ], [ 144.926906, -37.772704 ], [ 144.925457, -37.7688491 ] ] } },
{ "type": "Feature", "properties": { "scc_type": "C2" }, "geometry": { "type": "LineString", "coordinates": [ [ 144.940515, -37.823661 ], [ 144.932715, -37.822053 ] ] } },
{ "type": "Feature", "properties": { "scc_type": "C2" }, "geometry": { "type": "LineString", "coordinates": [ [ 144.944145, -37.540317 ], [ 144.94164, -37.539793 ], [ 144.937832, -37.539299 ] ] } },
{ "type": "Feature", "properties": { "scc_type": "C2" }, "geometry": { "type": "LineString", "coordinates": [ [ 144.944145, -37.540317 ], [ 144.94046, -37.539835 ], [ 144.937832, -37.539299 ] ] } },
{ "type": "Feature", "properties": { "scc_type": "C2" }, "geometry": { "type": "LineString", "coordinates": [ [ 144.944845, -37.806146 ], [ 144.943439, -37.805526 ], [ 144.942348, -37.805378 ], [ 144.941537, -37.805477 ], [ 144.940197, -37.805969 ], [ 144.939369, -37.805999 ], [ 144.936465, -37.80503 ] ] } },
{ "type": "Feature", "properties": { "scc_type": "C2" }, "geometry": { "type": "LineString", "coordinates": [ [ 144.9459, -37.800527 ], [ 144.944845, -37.806146 ] ] } },
{ "type": "Feature", "properties": { "scc_type": "C2" }, "geometry": { "type": "LineString", "coordinates": [ [ 144.9459, -37.800527 ], [ 144.936335, -37.799395 ] ] } },
{ "type": "Feature", "properties": { "scc_type": "C2" }, "geometry": { "type": "LineString", "coordinates": [ [ 144.947469, -37.540648 ], [ 144.944145, -37.540317 ] ] } },
{ "type": "Feature", "properties": { "scc_type": "C2" }, "geometry": { "type": "LineString", "coordinates": [ [ 144.949187, -37.540811 ], [ 144.948251, -37.540898 ], [ 144.947469, -37.540648 ] ] } },
{ "type": "Feature", "properties": { "scc_type": "C2" }, "geometry": { "type": "LineString", "coordinates": [ [ 144.949187, -37.540811 ], [ 144.948244, -37.540538 ], [ 144.947469, -37.540648 ] ] } },
{ "type": "Feature", "properties": { "scc_type": "C2" }, "geometry": { "type": "LineString", "coordinates": [ [ 144.951368, -37.849122 ], [ 144.943476, -37.845313 ], [ 144.94231, -37.844822 ], [ 144.940482, -37.844443 ], [ 144.938149, -37.843147 ] ] } },
{ "type": "Feature", "properties": { "scc_type": "C2" }, "geometry": { "type": "LineString", "coordinates": [ [ 144.889161, -37.735204 ], [ 144.889088, -37.736017 ], [ 144.890131, -37.736452 ], [ 144.889876, -37.736842 ], [ 144.886926, -37.736507 ], [ 144.886526, -37.738833 ], [ 144.884563, -37.738647 ], [ 144.883891, -37.74013 ], [ 144.883474, -37.740495 ], [ 144.882515, -37.740863 ], [ 144.881449, -37.740761 ] ] } },
{ "type": "Feature", "properties": { "scc_type": "C2" }, "geometry": { "type": "LineString", "coordinates": [ [ 145.308471, -38.018184 ], [ 145.308028, -38.021368 ], [ 145.306798, -38.026007 ] ] } },
{ "type": "Feature", "properties": { "scc_type": "C2" }, "geometry": { "type": "LineString", "coordinates": [ [ 145.309997, -38.071167 ], [ 145.301169, -38.070023 ] ] } },
{ "type": "Feature", "properties": { "scc_type": "C2" }, "geometry": { "type": "LineString", "coordinates": [ [ 144.951452, -37.78135 ], [ 144.9507591, -37.781878 ], [ 144.9497241, -37.782276 ], [ 144.9489081, -37.783323 ], [ 144.9488171, -37.784113 ], [ 144.9499711, -37.788684 ], [ 144.949987, -37.790369 ], [ 144.9494821, -37.791434 ], [ 144.94916, -37.791335 ], [ 144.948994, -37.791471 ], [ 144.948329, -37.792513 ], [ 144.947364, -37.79329 ], [ 144.947453, -37.793615 ], [ 144.9470821, -37.793914 ], [ 144.9459, -37.800527 ] ] } },
{ "type": "Feature", "properties": { "scc_type": "C2" }, "geometry": { "type": "LineString", "coordinates": [ [ 144.9516737, -37.2907144 ], [ 144.95148, -37.289879 ], [ 144.950915, -37.289315 ], [ 144.950685, -37.288732 ], [ 144.949932, -37.28805 ], [ 144.950104, -37.287451 ], [ 144.949948, -37.286582 ], [ 144.949655, -37.286109 ], [ 144.94922, -37.285843 ] ] } },
{ "type": "Feature", "properties": { "scc_type": "C2" }, "geometry": { "type": "LineString", "coordinates": [ [ 144.952996, -37.801201 ], [ 144.952639, -37.801268 ], [ 144.9459, -37.800527 ] ] } },
{ "type": "Feature", "properties": { "scc_type": "C2" }, "geometry": { "type": "LineString", "coordinates": [ [ 144.953239, -37.817092 ], [ 144.950029, -37.810194 ], [ 144.949411, -37.809302 ], [ 144.947445, -37.807392 ], [ 144.944845, -37.806146 ] ] } },
{ "type": "Feature", "properties": { "scc_type": "C2" }, "geometry": { "type": "LineString", "coordinates": [ [ 144.881449, -37.740761 ], [ 144.880918, -37.739224 ], [ 144.87962, -37.73755 ], [ 144.8784756, -37.7372795 ], [ 144.8781958, -37.7376804 ], [ 144.8766843, -37.7373033 ], [ 144.8762596, -37.7370467 ], [ 144.8760249, -37.7366612 ], [ 144.8762513, -37.7357547 ], [ 144.8760206, -37.7352302 ], [ 144.875428, -37.7349189 ], [ 144.874082, -37.734879 ], [ 144.874071, -37.734574 ], [ 144.873423, -37.733462 ], [ 144.873398, -37.731657 ], [ 144.872063, -37.730525 ], [ 144.872275, -37.730472 ], [ 144.872108, -37.73043 ], [ 144.871974, -37.729153 ], [ 144.870977, -37.727877 ], [ 144.871305, -37.727639 ], [ 144.870288, -37.726485 ], [ 144.869649, -37.725206 ], [ 144.869316, -37.725134 ], [ 144.869126, -37.72472 ], [ 144.867001, -37.723014 ], [ 144.866494, -37.722871 ], [ 144.866577, -37.721855 ], [ 144.867875, -37.720785 ], [ 144.868594, -37.720415 ], [ 144.869034, -37.71988 ], [ 144.868892, -37.718976 ], [ 144.869225, -37.718481 ], [ 144.869111, -37.717321 ], [ 144.869707, -37.715704 ], [ 144.869897, -37.715466 ], [ 144.870706, -37.715181 ], [ 144.871378, -37.715287 ], [ 144.871795, -37.714532 ], [ 144.870069, -37.713842 ], [ 144.868148, -37.712277 ], [ 144.867316, -37.71101 ], [ 144.867232, -37.710279 ], [ 144.867835, -37.707246 ], [ 144.867992, -37.706776 ], [ 144.868232, -37.7067 ], [ 144.868296, -37.705662 ], [ 144.868883, -37.703752 ], [ 144.868496, -37.703336 ], [ 144.868191, -37.700677 ], [ 144.86776, -37.699743 ], [ 144.866791, -37.692637 ], [ 144.866594, -37.692211 ], [ 144.866757, -37.692114 ], [ 144.86588, -37.687835 ], [ 144.865505, -37.684548 ] ] } },
{ "type": "Feature", "properties": { "scc_type": "C2" }, "geometry": { "type": "LineString", "coordinates": [ [ 144.881057, -37.752768 ], [ 144.878683, -37.752441 ], [ 144.878924, -37.752032 ], [ 144.879855, -37.751271 ], [ 144.880699, -37.749788 ], [ 144.880621, -37.74909 ], [ 144.881022, -37.748519 ], [ 144.881095, -37.747768 ], [ 144.881081, -37.747228 ], [ 144.880815, -37.746983 ], [ 144.880706, -37.746341 ], [ 144.881352, -37.745656 ], [ 144.881926, -37.7454 ], [ 144.882288, -37.744766 ], [ 144.88252, -37.743398 ], [ 144.881449, -37.740761 ] ] } },
{ "type": "Feature", "properties": { "scc_type": "C2" }, "geometry": { "type": "LineString", "coordinates": [ [ 144.965839, -37.838249 ], [ 144.964071, -37.834505 ] ] } },
{ "type": "Feature", "properties": { "scc_type": "C2" }, "geometry": { "type": "LineString", "coordinates": [ [ 144.965839, -37.838249 ], [ 144.9626, -37.839851 ], [ 144.961644, -37.840475 ], [ 144.961701, -37.840735 ] ] } },
{ "type": "Feature", "properties": { "scc_type": "C2" }, "geometry": { "type": "LineString", "coordinates": [ [ 144.967438, -37.817452 ], [ 144.965633, -37.813531 ] ] } },
{ "type": "Feature", "properties": { "scc_type": "C2" }, "geometry": { "type": "LineString", "coordinates": [ [ 144.968659, -38.330868 ], [ 144.955431, -38.337189 ], [ 144.952342, -38.338224 ], [ 144.946192, -38.340925 ], [ 144.942948, -38.341831 ], [ 144.940066, -38.342901 ], [ 144.935382, -38.345451 ], [ 144.924175, -38.350398 ], [ 144.909243, -38.354585 ] ] } },
{ "type": "Feature", "properties": { "scc_type": "C2" }, "geometry": { "type": "LineString", "coordinates": [ [ 144.968744, -37.808158 ], [ 144.968711, -37.80809 ] ] } },
{ "type": "Feature", "properties": { "scc_type": "C2" }, "geometry": { "type": "LineString", "coordinates": [ [ 144.969892, -37.801061 ], [ 144.963976, -37.800427 ] ] } },
{ "type": "Feature", "properties": { "scc_type": "C2" }, "geometry": { "type": "LineString", "coordinates": [ [ 144.969977, -37.542679 ], [ 144.96357, -37.542018 ] ] } },
{ "type": "Feature", "properties": { "scc_type": "C2" }, "geometry": { "type": "LineString", "coordinates": [ [ 144.970237, -37.692265 ], [ 144.970217, -37.692266 ] ] } },
{ "type": "Feature", "properties": { "scc_type": "C2" }, "geometry": { "type": "LineString", "coordinates": [ [ 144.957127, -37.692292 ], [ 144.958005, -37.69237 ], [ 144.958774, -37.692246 ], [ 144.959303, -37.69245 ], [ 144.960639, -37.69243 ], [ 144.962978, -37.692296 ], [ 144.964105, -37.692079 ], [ 144.967118, -37.69196 ], [ 144.96914, -37.692587 ], [ 144.969987, -37.69302 ], [ 144.970303, -37.692783 ], [ 144.970237, -37.692265 ] ] } },
{ "type": "Feature", "properties": { "scc_type": "C2" }, "geometry": { "type": "LineString", "coordinates": [ [ 144.971271, -37.859656 ], [ 144.97, -37.858332 ], [ 144.964582, -37.855688 ] ] } },
{ "type": "Feature", "properties": { "scc_type": "C2" }, "geometry": { "type": "LineString", "coordinates": [ [ 144.971271, -37.859656 ], [ 144.966148, -37.856752 ], [ 144.964582, -37.855688 ] ] } },
{ "type": "Feature", "properties": { "scc_type": "C2" }, "geometry": { "type": "LineString", "coordinates": [ [ 144.9717514, -37.7407285 ], [ 144.9714187, -37.7398328 ], [ 144.9697135, -37.73841 ], [ 144.9672918, -37.7380384 ], [ 144.967111, -37.738137 ], [ 144.966949, -37.737758 ], [ 144.963404, -37.737477 ] ] } },
{ "type": "Feature", "properties": { "scc_type": "C2" }, "geometry": { "type": "LineString", "coordinates": [ [ 144.884788, -37.674931 ], [ 144.883512, -37.681338 ], [ 144.883821, -37.681446 ], [ 144.883583, -37.681628 ], [ 144.883309, -37.682775 ], [ 144.880324, -37.699515 ] ] } },
{ "type": "Feature", "properties": { "scc_type": "C2" }, "geometry": { "type": "LineString", "coordinates": [ [ 144.885376, -38.361182 ], [ 144.87912, -38.362922 ], [ 144.862957, -38.366937 ] ] } },
{ "type": "Feature", "properties": { "scc_type": "C2" }, "geometry": { "type": "LineString", "coordinates": [ [ 144.873086, -37.828281 ], [ 144.875778, -37.830331 ], [ 144.885513, -37.831448 ], [ 144.885893, -37.831627 ], [ 144.884096, -37.838663 ], [ 144.883849, -37.840351 ], [ 144.883708, -37.843905 ] ] } },
{ "type": "Feature", "properties": { "scc_type": "C2" }, "geometry": { "type": "LineString", "coordinates": [ [ 144.880832, -37.753245 ], [ 144.879976, -37.754246 ], [ 144.881132, -37.753491 ], [ 144.880419, -37.754435 ], [ 144.881509, -37.755128 ], [ 144.882235, -37.755125 ], [ 144.882716, -37.754723 ], [ 144.883524, -37.754773 ], [ 144.884344, -37.755116 ], [ 144.88537, -37.755268 ], [ 144.886473, -37.756268 ], [ 144.886667, -37.755954 ], [ 144.886853, -37.756344 ], [ 144.887031, -37.756062 ], [ 144.887181, -37.75643 ], [ 144.887541, -37.756311 ], [ 144.887727, -37.757022 ], [ 144.887628, -37.757426 ], [ 144.888032, -37.758639 ], [ 144.888537, -37.759139 ], [ 144.889442, -37.759338 ], [ 144.889147, -37.761414 ] ] } },
{ "type": "Feature", "properties": { "scc_type": "C2" }, "geometry": { "type": "LineString", "coordinates": [ [ 144.908592, -37.800816 ], [ 144.908617, -37.800989 ], [ 144.909244, -37.801236 ], [ 144.909085, -37.801648 ] ] } },
{ "type": "Feature", "properties": { "scc_type": "C2" }, "geometry": { "type": "LineString", "coordinates": [ [ 144.880324, -37.699515 ], [ 144.887079, -37.708645 ], [ 144.889201, -37.711973 ], [ 144.890219, -37.713236 ], [ 144.890125, -37.713429 ], [ 144.891936, -37.716268 ], [ 144.892064, -37.717507 ], [ 144.889161, -37.735204 ] ] } },
{ "type": "Feature", "properties": { "scc_type": "C2" }, "geometry": { "type": "LineString", "coordinates": [ [ 144.892104, -38.359249 ], [ 144.885435, -38.361166 ] ] } },
{ "type": "Feature", "properties": { "scc_type": "C2" }, "geometry": { "type": "LineString", "coordinates": [ [ 144.892187, -37.591372 ], [ 144.879523, -37.589835 ] ] } },
{ "type": "Feature", "properties": { "scc_type": "C2" }, "geometry": { "type": "LineString", "coordinates": [ [ 144.892492, -37.856317 ], [ 144.884738, -37.844801 ], [ 144.883708, -37.843905 ] ] } },
{ "type": "Feature", "properties": { "scc_type": "C2" }, "geometry": { "type": "LineString", "coordinates": [ [ 144.963298, -37.737438 ], [ 144.949039, -37.736093 ], [ 144.928839, -37.7336 ], [ 144.928439, -37.733644 ] ] } },
{ "type": "Feature", "properties": { "scc_type": "C2" }, "geometry": { "type": "LineString", "coordinates": [ [ 144.960686, -37.718959 ], [ 144.961184, -37.718908 ], [ 144.961365, -37.71907 ], [ 144.96159, -37.720138 ], [ 144.961768, -37.721634 ], [ 144.961576, -37.722169 ], [ 144.962709, -37.731755 ], [ 144.963131, -37.733784 ], [ 144.963018, -37.734548 ], [ 144.963298, -37.737438 ] ] } },
{ "type": "Feature", "properties": { "scc_type": "C2" }, "geometry": { "type": "LineString", "coordinates": [ [ 144.963404, -37.737477 ], [ 144.963298, -37.737438 ] ] } },
{ "type": "Feature", "properties": { "scc_type": "C2" }, "geometry": { "type": "LineString", "coordinates": [ [ 144.96357, -37.542018 ], [ 144.954385, -37.541042 ], [ 144.952204, -37.541051 ], [ 144.949187, -37.540811 ] ] } },
{ "type": "Feature", "properties": { "scc_type": "C2" }, "geometry": { "type": "LineString", "coordinates": [ [ 144.963404, -37.737477 ], [ 144.963631, -37.740657 ], [ 144.963083, -37.744743 ] ] } },
{ "type": "Feature", "properties": { "scc_type": "C2" }, "geometry": { "type": "LineString", "coordinates": [ [ 144.963871, -37.527449 ], [ 144.934411, -37.52445 ], [ 144.932464, -37.524186 ], [ 144.931866, -37.523818 ] ] } },
{ "type": "Feature", "properties": { "scc_type": "C2" }, "geometry": { "type": "LineString", "coordinates": [ [ 144.963871, -37.527449 ], [ 144.962591, -37.535939 ], [ 144.962643, -37.536995 ], [ 144.963591, -37.541102 ], [ 144.96357, -37.542018 ] ] } },
{ "type": "Feature", "properties": { "scc_type": "C2" }, "geometry": { "type": "LineString", "coordinates": [ [ 144.963976, -37.800427 ], [ 144.96326, -37.804561 ] ] } },
{ "type": "Feature", "properties": { "scc_type": "C2" }, "geometry": { "type": "LineString", "coordinates": [ [ 144.963976, -37.800427 ], [ 144.95547, -37.79951 ], [ 144.955035, -37.799653 ], [ 144.952996, -37.801201 ] ] } },
{ "type": "Feature", "properties": { "scc_type": "C2" }, "geometry": { "type": "LineString", "coordinates": [ [ 144.964148, -37.822566 ], [ 144.9608, -37.825344 ], [ 144.960162, -37.825719 ] ] } },
{ "type": "Feature", "properties": { "scc_type": "C2" }, "geometry": { "type": "LineString", "coordinates": [ [ 144.964582, -37.855688 ], [ 144.951368, -37.849122 ] ] } },
{ "type": "Feature", "properties": { "scc_type": "C2" }, "geometry": { "type": "LineString", "coordinates": [ [ 144.965633, -37.813531 ], [ 144.963159, -37.814248 ] ] } },
{ "type": "Feature", "properties": { "scc_type": "C2" }, "geometry": { "type": "LineString", "coordinates": [ [ 144.965633, -37.813531 ], [ 144.96278, -37.807335 ], [ 144.96326, -37.804561 ] ] } },
{ "type": "Feature", "properties": { "scc_type": "C2" }, "geometry": { "type": "LineString", "coordinates": [ [ 144.896171, -37.820034 ], [ 144.895963, -37.821207 ] ] } },
{ "type": "Feature", "properties": { "scc_type": "C2" }, "geometry": { "type": "LineString", "coordinates": [ [ 144.896269, -37.819495 ], [ 144.896171, -37.820034 ] ] } },
{ "type": "Feature", "properties": { "scc_type": "C2" }, "geometry": { "type": "LineString", "coordinates": [ [ 144.895963, -37.821207 ], [ 144.896093, -37.821165 ], [ 144.896171, -37.820034 ] ] } },
{ "type": "Feature", "properties": { "scc_type": "C2" }, "geometry": { "type": "LineString", "coordinates": [ [ 144.896269, -37.819495 ], [ 144.896293, -37.819995 ], [ 144.896171, -37.820034 ] ] } },
{ "type": "Feature", "properties": { "scc_type": "C2" }, "geometry": { "type": "LineString", "coordinates": [ [ 144.896461, -37.818422 ], [ 144.896269, -37.819495 ] ] } },
{ "type": "Feature", "properties": { "scc_type": "C2" }, "geometry": { "type": "LineString", "coordinates": [ [ 144.896269, -37.819495 ], [ 144.896402, -37.819447 ], [ 144.89657, -37.818512 ], [ 144.896461, -37.818422 ] ] } },
{ "type": "Feature", "properties": { "scc_type": "C2" }, "geometry": { "type": "LineString", "coordinates": [ [ 144.896656, -37.817335 ], [ 144.896461, -37.818422 ] ] } },
{ "type": "Feature", "properties": { "scc_type": "C2" }, "geometry": { "type": "LineString", "coordinates": [ [ 144.896656, -37.817335 ], [ 144.896759, -37.817421 ], [ 144.896461, -37.818422 ] ] } },
{ "type": "Feature", "properties": { "scc_type": "C2" }, "geometry": { "type": "LineString", "coordinates": [ [ 144.896899, -37.815975 ], [ 144.896656, -37.817335 ] ] } },
{ "type": "Feature", "properties": { "scc_type": "C2" }, "geometry": { "type": "LineString", "coordinates": [ [ 144.896656, -37.817335 ], [ 144.896785, -37.817283 ], [ 144.896899, -37.815975 ] ] } },
{ "type": "Feature", "properties": { "scc_type": "C2" }, "geometry": { "type": "LineString", "coordinates": [ [ 144.897176, -37.814375 ], [ 144.871232, -37.811428 ], [ 144.869684, -37.811073 ] ] } },
{ "type": "Feature", "properties": { "scc_type": "C2" }, "geometry": { "type": "LineString", "coordinates": [ [ 144.897176, -37.814375 ], [ 144.896899, -37.815975 ] ] } },
{ "type": "Feature", "properties": { "scc_type": "C2" }, "geometry": { "type": "LineString", "coordinates": [ [ 144.898196, -37.59212 ], [ 144.895951, -37.592038 ], [ 144.893975, -37.591784 ], [ 144.892187, -37.591372 ] ] } },
{ "type": "Feature", "properties": { "scc_type": "C2" }, "geometry": { "type": "LineString", "coordinates": [ [ 144.898196, -37.59212 ], [ 144.892187, -37.591372 ] ] } },
{ "type": "Feature", "properties": { "scc_type": "C2" }, "geometry": { "type": "LineString", "coordinates": [ [ 144.899587, -37.799712 ], [ 144.898787, -37.804154 ] ] } },
{ "type": "Feature", "properties": { "scc_type": "C2" }, "geometry": { "type": "LineString", "coordinates": [ [ 144.899587, -37.799712 ], [ 144.893475, -37.792386 ] ] } },
{ "type": "Feature", "properties": { "scc_type": "C2" }, "geometry": { "type": "LineString", "coordinates": [ [ 144.89967, -37.592305 ], [ 144.898196, -37.59212 ] ] } },
{ "type": "Feature", "properties": { "scc_type": "C2" }, "geometry": { "type": "LineString", "coordinates": [ [ 144.899771, -37.814665 ], [ 144.899491, -37.814754 ], [ 144.897176, -37.814375 ] ] } },
{ "type": "Feature", "properties": { "scc_type": "C2" }, "geometry": { "type": "LineString", "coordinates": [ [ 144.899771, -37.814665 ], [ 144.897176, -37.814375 ] ] } },
{ "type": "Feature", "properties": { "scc_type": "C2" }, "geometry": { "type": "LineString", "coordinates": [ [ 144.901057, -37.812055 ], [ 144.900851, -37.812131 ], [ 144.899771, -37.814665 ] ] } },
{ "type": "Feature", "properties": { "scc_type": "C2" }, "geometry": { "type": "LineString", "coordinates": [ [ 144.901057, -37.812055 ], [ 144.899771, -37.814665 ] ] } },
{ "type": "Feature", "properties": { "scc_type": "C2" }, "geometry": { "type": "LineString", "coordinates": [ [ 144.902097, -37.809796 ], [ 144.901057, -37.812055 ] ] } },
{ "type": "Feature", "properties": { "scc_type": "C2" }, "geometry": { "type": "LineString", "coordinates": [ [ 144.902097, -37.809796 ], [ 144.901906, -37.809852 ], [ 144.900975, -37.811894 ], [ 144.901057, -37.812055 ] ] } },
{ "type": "Feature", "properties": { "scc_type": "C2" }, "geometry": { "type": "LineString", "coordinates": [ [ 144.902427, -37.80908 ], [ 144.902097, -37.809796 ] ] } },
{ "type": "Feature", "properties": { "scc_type": "C2" }, "geometry": { "type": "LineString", "coordinates": [ [ 144.902427, -37.80908 ], [ 144.902228, -37.809134 ], [ 144.901992, -37.809675 ], [ 144.902097, -37.809796 ] ] } },
{ "type": "Feature", "properties": { "scc_type": "C2" }, "geometry": { "type": "LineString", "coordinates": [ [ 144.90268, -37.857478 ], [ 144.892492, -37.856317 ] ] } },
{ "type": "Feature", "properties": { "scc_type": "C2" }, "geometry": { "type": "LineString", "coordinates": [ [ 144.9036346, -37.7703342 ], [ 144.903634, -37.770338 ] ] } },
{ "type": "Feature", "properties": { "scc_type": "C2" }, "geometry": { "type": "LineString", "coordinates": [ [ 144.9036346, -37.7703342 ], [ 144.900103, -37.769927 ], [ 144.90085, -37.769633 ], [ 144.900777, -37.769161 ], [ 144.901722, -37.767961 ], [ 144.901191, -37.765658 ], [ 144.899698, -37.765083 ], [ 144.897729, -37.765041 ], [ 144.896143, -37.765358 ], [ 144.894266, -37.766232 ], [ 144.89347, -37.766169 ], [ 144.892753, -37.765724 ], [ 144.88909, -37.762421 ], [ 144.889147, -37.761414 ] ] } },
{ "type": "Feature", "properties": { "scc_type": "C2" }, "geometry": { "type": "LineString", "coordinates": [ [ 144.889147, -37.761414 ], [ 144.892359, -37.764041 ], [ 144.892989, -37.764929 ], [ 144.893896, -37.765366 ], [ 144.894512, -37.765406 ], [ 144.895798, -37.764804 ], [ 144.896871, -37.764511 ], [ 144.899448, -37.764327 ], [ 144.9020461, -37.7652196 ], [ 144.902323, -37.765593 ], [ 144.902627, -37.766991 ], [ 144.903218, -37.768567 ], [ 144.903041, -37.769032 ], [ 144.903214, -37.769776 ], [ 144.9036346, -37.7703342 ] ] } },
{ "type": "Feature", "properties": { "scc_type": "C2" }, "geometry": { "type": "LineString", "coordinates": [ [ 144.905203, -37.770515 ], [ 144.9036346, -37.7703342 ] ] } },
{ "type": "Feature", "properties": { "scc_type": "C2" }, "geometry": { "type": "LineString", "coordinates": [ [ 144.905238, -37.593108 ], [ 144.900751, -37.5926 ], [ 144.89967, -37.592305 ] ] } },
{ "type": "Feature", "properties": { "scc_type": "C2" }, "geometry": { "type": "LineString", "coordinates": [ [ 144.905238, -37.593108 ], [ 144.89967, -37.592305 ] ] } },
{ "type": "Feature", "properties": { "scc_type": "C2" }, "geometry": { "type": "LineString", "coordinates": [ [ 144.906836, -37.806283 ], [ 144.90577, -37.8085 ], [ 144.905496, -37.809594 ], [ 144.903667, -37.809523 ], [ 144.902427, -37.80908 ] ] } },
{ "type": "Feature", "properties": { "scc_type": "C2" }, "geometry": { "type": "LineString", "coordinates": [ [ 144.906836, -37.806283 ], [ 144.906435, -37.806057 ], [ 144.905675, -37.805974 ], [ 144.905674, -37.805842 ], [ 144.906058, -37.80581 ] ] } },
{ "type": "Feature", "properties": { "scc_type": "C2" }, "geometry": { "type": "LineString", "coordinates": [ [ 144.907945, -37.867668 ], [ 144.899396, -37.864867 ], [ 144.898991, -37.863705 ], [ 144.893996, -37.858637 ], [ 144.892492, -37.856317 ] ] } },
{ "type": "Feature", "properties": { "scc_type": "C2" }, "geometry": { "type": "LineString", "coordinates": [ [ 144.907982, -37.765359 ], [ 144.907589, -37.765316 ], [ 144.906934, -37.768984 ], [ 144.905547, -37.768829 ], [ 144.905203, -37.770515 ] ] } },
{ "type": "Feature", "properties": { "scc_type": "C2" }, "geometry": { "type": "LineString", "coordinates": [ [ 144.909085, -37.801648 ], [ 144.908913, -37.802072 ], [ 144.909022, -37.80213 ], [ 144.907706, -37.804978 ], [ 144.90697, -37.806299 ], [ 144.906836, -37.806283 ] ] } },
{ "type": "Feature", "properties": { "scc_type": "C2" }, "geometry": { "type": "LineString", "coordinates": [ [ 144.909243, -38.354585 ], [ 144.906927, -38.354967 ], [ 144.902434, -38.356212 ], [ 144.90145, -38.356705 ], [ 144.899902, -38.357181 ], [ 144.892597, -38.35911 ] ] } },
{ "type": "Feature", "properties": { "scc_type": "C2" }, "geometry": { "type": "LineString", "coordinates": [ [ 144.909658, -37.593769 ], [ 144.905238, -37.593108 ] ] } },
{ "type": "Feature", "properties": { "scc_type": "C2" }, "geometry": { "type": "LineString", "coordinates": [ [ 144.910082, -37.744627 ], [ 144.905446, -37.737045 ], [ 144.9043233, -37.7363586 ], [ 144.9037611, -37.736132 ], [ 144.902101, -37.735851 ], [ 144.8970876, -37.7352679 ], [ 144.8951251, -37.7352488 ], [ 144.8937685, -37.735606 ], [ 144.892837, -37.7356717 ], [ 144.892764, -37.735797 ], [ 144.890768, -37.735597 ], [ 144.889161, -37.735204 ] ] } },
{ "type": "Feature", "properties": { "scc_type": "C2" }, "geometry": { "type": "LineString", "coordinates": [ [ 144.91045, -37.744524 ], [ 144.910082, -37.744627 ] ] } },
{ "type": "Feature", "properties": { "scc_type": "C2" }, "geometry": { "type": "LineString", "coordinates": [ [ 144.91045, -37.744524 ], [ 144.909915, -37.743932 ], [ 144.905477, -37.736796 ] ] } },
{ "type": "Feature", "properties": { "scc_type": "C2" }, "geometry": { "type": "LineString", "coordinates": [ [ 144.9105703, -37.6382745 ], [ 144.906433, -37.637789 ], [ 144.897556, -37.637161 ], [ 144.881457, -37.634776 ], [ 144.879476, -37.650426 ], [ 144.879662, -37.651501 ], [ 144.881816, -37.655068 ], [ 144.884044, -37.65962 ], [ 144.885384, -37.667485 ], [ 144.885587, -37.669674 ], [ 144.884788, -37.674931 ] ] } },
{ "type": "Feature", "properties": { "scc_type": "C2" }, "geometry": { "type": "LineString", "coordinates": [ [ 144.910571, -37.63827 ], [ 144.9105703, -37.6382745 ] ] } },
{ "type": "Feature", "properties": { "scc_type": "C2" }, "geometry": { "type": "LineString", "coordinates": [ [ 144.911174, -37.822973 ], [ 144.910539, -37.822856 ], [ 144.908728, -37.823397 ], [ 144.903909, -37.826076 ], [ 144.903038, -37.826859 ], [ 144.900983, -37.829422 ], [ 144.900771, -37.829339 ] ] } },
{ "type": "Feature", "properties": { "scc_type": "C2" }, "geometry": { "type": "LineString", "coordinates": [ [ 144.91163, -37.826145 ], [ 144.911035, -37.823659 ], [ 144.911174, -37.822973 ] ] } },
{ "type": "Feature", "properties": { "scc_type": "C2" }, "geometry": { "type": "LineString", "coordinates": [ [ 144.91281, -38.380515 ], [ 144.912304, -38.379928 ], [ 144.91186, -38.379678 ], [ 144.90913, -38.378681 ], [ 144.908624, -38.378187 ], [ 144.908327, -38.377575 ], [ 144.909243, -38.354585 ] ] } },
{ "type": "Feature", "properties": { "scc_type": "C2" }, "geometry": { "type": "LineString", "coordinates": [ [ 144.914854, -37.801516 ], [ 144.911649, -37.801021 ], [ 144.909788, -37.800899 ] ] } },
{ "type": "Feature", "properties": { "scc_type": "C2" }, "geometry": { "type": "LineString", "coordinates": [ [ 144.9100511, -37.5939134 ], [ 144.909537, -37.598032 ], [ 144.909883, -37.602041 ], [ 144.912769, -37.610799 ], [ 144.913423, -37.616433 ], [ 144.915037, -37.622461 ], [ 144.915149, -37.623378 ], [ 144.91506, -37.624495 ], [ 144.914675, -37.625706 ], [ 144.912189, -37.629815 ], [ 144.911704, -37.630906 ], [ 144.910428, -37.637462 ], [ 144.909998, -37.638204 ] ] } },
{ "type": "Feature", "properties": { "scc_type": "C2" }, "geometry": { "type": "LineString", "coordinates": [ [ 144.915562, -37.682293 ], [ 144.913748, -37.683915 ], [ 144.912919, -37.682948 ], [ 144.912132, -37.6824 ], [ 144.911087, -37.681998 ], [ 144.906826, -37.681363 ], [ 144.901063, -37.680731 ], [ 144.895349, -37.680907 ], [ 144.895305, -37.68059 ], [ 144.894992, -37.680466 ], [ 144.893577, -37.680762 ], [ 144.892575, -37.680681 ], [ 144.891159, -37.679974 ], [ 144.890577, -37.679066 ], [ 144.89064, -37.678437 ], [ 144.890222, -37.677742 ], [ 144.889115, -37.677659 ], [ 144.888236, -37.677838 ], [ 144.887896, -37.677507 ], [ 144.887847, -37.676787 ], [ 144.886676, -37.6754 ], [ 144.885987, -37.675396 ], [ 144.885659, -37.675109 ], [ 144.884788, -37.674931 ] ] } },
{ "type": "Feature", "properties": { "scc_type": "C2" }, "geometry": { "type": "LineString", "coordinates": [ [ 144.997596, -37.800294 ], [ 144.980707, -37.798577 ] ] } },
{ "type": "Feature", "properties": { "scc_type": "C2" }, "geometry": { "type": "LineString", "coordinates": [ [ 144.959829, -37.766772 ], [ 144.936555, -37.764017 ], [ 144.933859, -37.763532 ], [ 144.930224, -37.763123 ], [ 144.929833, -37.763883 ], [ 144.929571, -37.763995 ], [ 144.925531, -37.763544 ], [ 144.924967, -37.766492 ] ] } },
{ "type": "Feature", "properties": { "scc_type": "C2" }, "geometry": { "type": "LineString", "coordinates": [ [ 144.960012, -37.825892 ], [ 144.958099, -37.827643 ], [ 144.957113, -37.825497 ] ] } },
{ "type": "Feature", "properties": { "scc_type": "C2" }, "geometry": { "type": "LineString", "coordinates": [ [ 144.960162, -37.825719 ], [ 144.960012, -37.825892 ] ] } },
{ "type": "Feature", "properties": { "scc_type": "C2" }, "geometry": { "type": "LineString", "coordinates": [ [ 144.960686, -37.718959 ], [ 144.933615, -37.716267 ], [ 144.924306, -37.715101 ], [ 144.923702, -37.714899 ], [ 144.920653, -37.714505 ], [ 144.920678, -37.715067 ], [ 144.920374, -37.715138 ] ] } },
{ "type": "Feature", "properties": { "scc_type": "C2" }, "geometry": { "type": "LineString", "coordinates": [ [ 144.959028, -37.70437 ], [ 144.959161, -37.704461 ], [ 144.959424, -37.706382 ], [ 144.960471, -37.715063 ], [ 144.960869, -37.718817 ], [ 144.960686, -37.718959 ] ] } },
{ "type": "Feature", "properties": { "scc_type": "C2" }, "geometry": { "type": "LineString", "coordinates": [ [ 144.961201, -37.840475 ], [ 144.959203, -37.84217 ], [ 144.958744, -37.84234 ], [ 144.955115, -37.845616 ], [ 144.954957, -37.845936 ], [ 144.954598, -37.846064 ], [ 144.951384, -37.848905 ], [ 144.951368, -37.849122 ] ] } },
{ "type": "Feature", "properties": { "scc_type": "C2" }, "geometry": { "type": "LineString", "coordinates": [ [ 144.961201, -37.840475 ], [ 144.955627, -37.828349 ], [ 144.954965, -37.828132 ], [ 144.955787, -37.826585 ], [ 144.957113, -37.825497 ] ] } },
{ "type": "Feature", "properties": { "scc_type": "C2" }, "geometry": { "type": "LineString", "coordinates": [ [ 144.960162, -37.825719 ], [ 144.960054, -37.825621 ], [ 144.961399, -37.821249 ] ] } },
{ "type": "Feature", "properties": { "scc_type": "C2" }, "geometry": { "type": "LineString", "coordinates": [ [ 144.961701, -37.840735 ], [ 144.961484, -37.840847 ], [ 144.961201, -37.840475 ] ] } },
{ "type": "Feature", "properties": { "scc_type": "C2" }, "geometry": { "type": "LineString", "coordinates": [ [ 144.963053, -37.832291 ], [ 144.960012, -37.825892 ] ] } },
{ "type": "Feature", "properties": { "scc_type": "C2" }, "geometry": { "type": "LineString", "coordinates": [ [ 144.963078, -37.744718 ], [ 144.961912, -37.755181 ], [ 144.959829, -37.766772 ] ] } },
{ "type": "Feature", "properties": { "scc_type": "C2" }, "geometry": { "type": "LineString", "coordinates": [ [ 144.963159, -37.814248 ], [ 144.953239, -37.817092 ] ] } },
{ "type": "Feature", "properties": { "scc_type": "C2" }, "geometry": { "type": "LineString", "coordinates": [ [ 144.963159, -37.814248 ], [ 144.958468, -37.804039 ] ] } },
{ "type": "Feature", "properties": { "scc_type": "C2" }, "geometry": { "type": "LineString", "coordinates": [ [ 144.96326, -37.804561 ], [ 144.958468, -37.804039 ] ] } },
{ "type": "Feature", "properties": { "scc_type": "C2" }, "geometry": { "type": "LineString", "coordinates": [ [ 144.994069, -37.928128 ], [ 144.993413, -37.931945 ], [ 144.994573, -37.93292 ], [ 144.997247, -37.934302 ], [ 145.00226, -37.93882 ], [ 145.000493, -37.948431 ], [ 145.000626, -37.948972 ], [ 145.003479, -37.951781 ], [ 145.004009, -37.951729 ], [ 145.007906, -37.952258 ], [ 145.011501, -37.956269 ], [ 145.011265, -37.957714 ], [ 145.011499, -37.95806 ], [ 145.019568, -37.959137 ], [ 145.018945, -37.96213 ] ] } },
{ "type": "Feature", "properties": { "scc_type": "C2" }, "geometry": { "type": "LineString", "coordinates": [ [ 145.023515, -37.651938 ], [ 145.0162176, -37.6511546 ] ] } },
{ "type": "Feature", "properties": { "scc_type": "C2" }, "geometry": { "type": "LineString", "coordinates": [ [ 145.025484, -37.788019 ], [ 145.025398, -37.785583 ], [ 145.025757, -37.783144 ], [ 145.025039, -37.781876 ], [ 145.022482, -37.779676 ], [ 145.021173, -37.779334 ], [ 145.0192684, -37.7793912 ], [ 145.019289, -37.778917 ] ] } },
{ "type": "Feature", "properties": { "scc_type": "C2" }, "geometry": { "type": "LineString", "coordinates": [ [ 145.024211, -37.834144 ], [ 145.025229, -37.833798 ], [ 145.027018, -37.832344 ], [ 145.027393, -37.831678 ], [ 145.027202, -37.830896 ], [ 145.026657, -37.830436 ], [ 145.022866, -37.828197 ], [ 145.022459, -37.827554 ], [ 145.022104, -37.826196 ], [ 145.021692, -37.825698 ], [ 145.020709, -37.825614 ], [ 145.018386, -37.826564 ], [ 145.017896, -37.826509 ], [ 145.017233, -37.826129 ], [ 145.016225, -37.825083 ], [ 145.015805, -37.824413 ], [ 145.014908, -37.820163 ] ] } },
{ "type": "Feature", "properties": { "scc_type": "C2" }, "geometry": { "type": "LineString", "coordinates": [ [ 145.027915, -37.86495 ], [ 145.024617, -37.861894 ], [ 145.017897, -37.855151 ], [ 145.012317, -37.849283 ] ] } },
{ "type": "Feature", "properties": { "scc_type": "C2" }, "geometry": { "type": "LineString", "coordinates": [ [ 145.03005, -37.851626 ], [ 145.012317, -37.849283 ] ] } },
{ "type": "Feature", "properties": { "scc_type": "C2" }, "geometry": { "type": "LineString", "coordinates": [ [ 145.03005, -37.851626 ], [ 145.027915, -37.86495 ] ] } },
{ "type": "Feature", "properties": { "scc_type": "C2" }, "geometry": { "type": "LineString", "coordinates": [ [ 144.990911, -37.865322 ], [ 144.981779, -37.864098 ], [ 144.981361, -37.863881 ], [ 144.977547, -37.859849 ], [ 144.977176, -37.859758 ] ] } },
{ "type": "Feature", "properties": { "scc_type": "C2" }, "geometry": { "type": "LineString", "coordinates": [ [ 144.990911, -37.865322 ], [ 144.989656, -37.872129 ] ] } },
{ "type": "Feature", "properties": { "scc_type": "C2" }, "geometry": { "type": "LineString", "coordinates": [ [ 144.9919, -37.7659414 ], [ 144.985094, -37.765156 ], [ 144.98477, -37.7647575 ], [ 144.983499, -37.7647388 ], [ 144.9838659, -37.7648504 ], [ 144.985193, -37.765794 ], [ 144.985442, -37.766241 ], [ 144.985282, -37.766541 ], [ 144.984088, -37.767075 ], [ 144.983954, -37.767408 ], [ 144.983046, -37.767327 ], [ 144.98111, -37.767446 ], [ 144.977314, -37.76705 ] ] } },
{ "type": "Feature", "properties": { "scc_type": "C2" }, "geometry": { "type": "LineString", "coordinates": [ [ 144.994069, -37.928128 ], [ 144.98825, -37.927462 ] ] } },
{ "type": "Feature", "properties": { "scc_type": "C2" }, "geometry": { "type": "LineString", "coordinates": [ [ 144.994131, -37.846863 ], [ 144.993362, -37.85194 ], [ 144.990911, -37.865322 ] ] } },
{ "type": "Feature", "properties": { "scc_type": "C2" }, "geometry": { "type": "LineString", "coordinates": [ [ 144.994131, -37.846863 ], [ 144.978685, -37.844852 ] ] } },
{ "type": "Feature", "properties": { "scc_type": "C2" }, "geometry": { "type": "LineString", "coordinates": [ [ 144.994624, -37.818066 ], [ 144.989852, -37.817534 ], [ 144.98742, -37.816629 ], [ 144.975201, -37.815276 ], [ 144.972383, -37.816009 ] ] } },
{ "type": "Feature", "properties": { "scc_type": "C2" }, "geometry": { "type": "LineString", "coordinates": [ [ 144.99671, -37.805435 ], [ 144.986441, -37.804434 ] ] } },
{ "type": "Feature", "properties": { "scc_type": "C2" }, "geometry": { "type": "LineString", "coordinates": [ [ 144.99671, -37.805435 ], [ 144.994624, -37.818066 ] ] } },
{ "type": "Feature", "properties": { "scc_type": "C2" }, "geometry": { "type": "LineString", "coordinates": [ [ 144.997088, -37.884084 ], [ 144.99148, -37.91327 ], [ 144.994665, -37.925009 ], [ 144.994069, -37.928128 ] ] } },
{ "type": "Feature", "properties": { "scc_type": "C2" }, "geometry": { "type": "LineString", "coordinates": [ [ 144.997928, -37.825686 ], [ 144.996739, -37.832373 ], [ 144.996555, -37.834841 ], [ 144.994131, -37.846863 ] ] } },
{ "type": "Feature", "properties": { "scc_type": "C2" }, "geometry": { "type": "LineString", "coordinates": [ [ 144.997928, -37.825686 ], [ 144.978533, -37.823327 ] ] } },
{ "type": "Feature", "properties": { "scc_type": "C2" }, "geometry": { "type": "LineString", "coordinates": [ [ 144.999171, -37.818585 ], [ 144.994624, -37.818066 ] ] } },
{ "type": "Feature", "properties": { "scc_type": "C2" }, "geometry": { "type": "LineString", "coordinates": [ [ 144.999171, -37.818585 ], [ 144.997928, -37.825686 ] ] } },
{ "type": "Feature", "properties": { "scc_type": "C2" }, "geometry": { "type": "LineString", "coordinates": [ [ 145.00041, -37.811822 ], [ 144.999171, -37.818585 ] ] } },
{ "type": "Feature", "properties": { "scc_type": "C2" }, "geometry": { "type": "LineString", "coordinates": [ [ 144.997596, -37.800294 ], [ 144.999936, -37.800524 ], [ 145.00002, -37.799836 ], [ 144.999839, -37.799472 ], [ 145.000663, -37.79876 ], [ 144.999799, -37.798322 ], [ 144.999, -37.797196 ], [ 144.999369, -37.796787 ], [ 144.999922, -37.796534 ], [ 144.999983, -37.796329 ], [ 145.001215, -37.796023 ], [ 145.000799, -37.794418 ], [ 145.000537, -37.794386 ], [ 145.000723, -37.793178 ] ] } },
{ "type": "Feature", "properties": { "scc_type": "C2" }, "geometry": { "type": "LineString", "coordinates": [ [ 145.004081, -37.794142 ], [ 145.000991, -37.794984 ] ] } },
{ "type": "Feature", "properties": { "scc_type": "C2" }, "geometry": { "type": "LineString", "coordinates": [ [ 145.004729, -37.416898 ], [ 145.004354, -37.419157 ] ] } },
{ "type": "Feature", "properties": { "scc_type": "C2" }, "geometry": { "type": "LineString", "coordinates": [ [ 144.977714, -37.528779 ], [ 144.979016, -37.52644 ], [ 144.980897, -37.51397 ], [ 144.993855, -37.481516 ], [ 145.004853, -37.419277 ], [ 144.994631, -37.417881 ], [ 144.989417, -37.417511 ], [ 144.979112, -37.416372 ] ] } },
{ "type": "Feature", "properties": { "scc_type": "C2" }, "geometry": { "type": "LineString", "coordinates": [ [ 144.955546, -37.300807 ], [ 144.948388, -37.299966 ], [ 144.948356, -37.299353 ], [ 144.945799, -37.295695 ], [ 144.946368, -37.292353 ], [ 144.9516737, -37.2907144 ] ] } },
{ "type": "Feature", "properties": { "scc_type": "C2" }, "geometry": { "type": "LineString", "coordinates": [ [ 144.956316, -37.689413 ], [ 144.956282, -37.689409 ] ] } },
{ "type": "Feature", "properties": { "scc_type": "C2" }, "geometry": { "type": "LineString", "coordinates": [ [ 144.956316, -37.689413 ], [ 144.95523, -37.683869 ], [ 144.954654, -37.682615 ], [ 144.952676, -37.680175 ], [ 144.951605, -37.678254 ], [ 144.942227, -37.65454 ], [ 144.941095, -37.652536 ], [ 144.934877, -37.64319 ], [ 144.934751, -37.642641 ], [ 144.934874, -37.6414 ] ] } },
{ "type": "Feature", "properties": { "scc_type": "C2" }, "geometry": { "type": "LineString", "coordinates": [ [ 144.956376, -37.803681 ], [ 144.956028, -37.803608 ], [ 144.952996, -37.801201 ] ] } },
{ "type": "Feature", "properties": { "scc_type": "C2" }, "geometry": { "type": "LineString", "coordinates": [ [ 144.956528, -37.571471 ], [ 144.92041, -37.567294 ] ] } },
{ "type": "Feature", "properties": { "scc_type": "C2" }, "geometry": { "type": "LineString", "coordinates": [ [ 144.9516737, -37.2907144 ], [ 144.951958, -37.291891 ], [ 144.953416, -37.294402 ], [ 144.953139, -37.294445 ], [ 144.953125, -37.29498 ], [ 144.953682, -37.297366 ], [ 144.953595, -37.297943 ], [ 144.954685, -37.298153 ], [ 144.955533, -37.299085 ], [ 144.955771, -37.300022 ], [ 144.956537, -37.300446 ], [ 144.956489, -37.300904 ], [ 144.955546, -37.300807 ] ] } },
{ "type": "Feature", "properties": { "scc_type": "C2" }, "geometry": { "type": "LineString", "coordinates": [ [ 144.955546, -37.300807 ], [ 144.955188, -37.30299 ], [ 144.954757, -37.303432 ], [ 144.954526, -37.303992 ], [ 144.954584, -37.3045 ], [ 144.95409, -37.305964 ], [ 144.95423, -37.306521 ], [ 144.95466, -37.306997 ], [ 144.954641, -37.307274 ], [ 144.956526, -37.307517 ], [ 144.956683, -37.307902 ], [ 144.956598, -37.30836 ], [ 144.956053, -37.308608 ], [ 144.955613, -37.311154 ] ] } },
{ "type": "Feature", "properties": { "scc_type": "C2" }, "geometry": { "type": "LineString", "coordinates": [ [ 144.957045, -37.825349 ], [ 144.953239, -37.817092 ] ] } },
{ "type": "Feature", "properties": { "scc_type": "C2" }, "geometry": { "type": "LineString", "coordinates": [ [ 144.985425, -37.470306 ], [ 144.984064, -37.4792 ], [ 144.982613, -37.486909 ], [ 144.982262, -37.488021 ], [ 144.981596, -37.488937 ], [ 144.980533, -37.489685 ], [ 144.971904, -37.492893 ], [ 144.970841, -37.493642 ], [ 144.970015, -37.49449 ], [ 144.969548, -37.495473 ], [ 144.967655, -37.501672 ], [ 144.964818, -37.521949 ], [ 144.963871, -37.527449 ] ] } },
{ "type": "Feature", "properties": { "scc_type": "C2" }, "geometry": { "type": "LineString", "coordinates": [ [ 144.957045, -37.825349 ], [ 144.953696, -37.827526 ], [ 144.952759, -37.827948 ], [ 144.953275, -37.829184 ], [ 144.947908, -37.832472 ], [ 144.938149, -37.843147 ] ] } },
{ "type": "Feature", "properties": { "scc_type": "C2" }, "geometry": { "type": "LineString", "coordinates": [ [ 144.957113, -37.825497 ], [ 144.957045, -37.825349 ] ] } },
{ "type": "Feature", "properties": { "scc_type": "C2" }, "geometry": { "type": "LineString", "coordinates": [ [ 144.957127, -37.692292 ], [ 144.956612, -37.690925 ], [ 144.956316, -37.689413 ] ] } },
{ "type": "Feature", "properties": { "scc_type": "C2" }, "geometry": { "type": "LineString", "coordinates": [ [ 145.009774, -37.811442 ], [ 145.008293, -37.819504 ] ] } },
{ "type": "Feature", "properties": { "scc_type": "C2" }, "geometry": { "type": "LineString", "coordinates": [ [ 145.010181, -37.808871 ], [ 145.009677, -37.808632 ], [ 145.009222, -37.806951 ], [ 145.008181, -37.806508 ], [ 145.006252, -37.806623 ], [ 145.004832, -37.806406 ], [ 145.001543, -37.806503 ], [ 145.001056, -37.806419 ], [ 145.000595, -37.805459 ], [ 144.99671, -37.805435 ] ] } },
{ "type": "Feature", "properties": { "scc_type": "C2" }, "geometry": { "type": "LineString", "coordinates": [ [ 145.010236, -37.779035 ], [ 145.009595, -37.78263 ], [ 145.009909, -37.782669 ], [ 145.009629, -37.784078 ], [ 145.008671, -37.783953 ], [ 145.008612, -37.78438 ], [ 145.009119, -37.786314 ], [ 145.009705, -37.790102 ], [ 145.00923, -37.791138 ], [ 145.009262, -37.791979 ] ] } },
{ "type": "Feature", "properties": { "scc_type": "C2" }, "geometry": { "type": "LineString", "coordinates": [ [ 145.010727, -37.6065 ], [ 144.990355, -37.604749 ], [ 144.968609, -37.602173 ], [ 144.965896, -37.601966 ], [ 144.960026, -37.601228 ], [ 144.957669, -37.601098 ], [ 144.954527, -37.600512 ], [ 144.944927, -37.599488 ], [ 144.94455, -37.5996 ], [ 144.944447, -37.599431 ], [ 144.943026, -37.599321 ], [ 144.941732, -37.598979 ], [ 144.936757, -37.59854 ], [ 144.917686, -37.596374 ], [ 144.9100511, -37.5939134 ] ] } },
{ "type": "Feature", "properties": { "scc_type": "C2" }, "geometry": { "type": "LineString", "coordinates": [ [ 145.012317, -37.849283 ], [ 144.994131, -37.846863 ] ] } },
{ "type": "Feature", "properties": { "scc_type": "C2" }, "geometry": { "type": "LineString", "coordinates": [ [ 145.012317, -37.849283 ], [ 145.009166, -37.867596 ] ] } },
{ "type": "Feature", "properties": { "scc_type": "C2" }, "geometry": { "type": "LineString", "coordinates": [ [ 145.013819, -37.84178 ], [ 145.012317, -37.849283 ] ] } },
{ "type": "Feature", "properties": { "scc_type": "C2" }, "geometry": { "type": "LineString", "coordinates": [ [ 145.004568, -37.83448 ], [ 145.005347, -37.834712 ], [ 145.005647, -37.835164 ], [ 145.005364, -37.835336 ], [ 145.005462, -37.835655 ], [ 145.005243, -37.836796 ], [ 145.011419, -37.83752 ], [ 145.010746, -37.841306 ], [ 145.013836, -37.841674 ], [ 145.01382, -37.841775 ] ] } },
{ "type": "Feature", "properties": { "scc_type": "C2" }, "geometry": { "type": "LineString", "coordinates": [ [ 144.972256, -37.83281 ], [ 144.971768, -37.833098 ], [ 144.97162, -37.834076 ], [ 144.971089, -37.835131 ], [ 144.971178, -37.835503 ], [ 144.970694, -37.836027 ], [ 144.969057, -37.837127 ], [ 144.968357, -37.837443 ], [ 144.967533, -37.837546 ], [ 144.967252, -37.837772 ], [ 144.965839, -37.838249 ] ] } },
{ "type": "Feature", "properties": { "scc_type": "C2" }, "geometry": { "type": "LineString", "coordinates": [ [ 144.972335, -37.86277 ], [ 144.972746, -37.862225 ], [ 144.972691, -37.861376 ], [ 144.972512, -37.860897 ], [ 144.971271, -37.859656 ] ] } },
{ "type": "Feature", "properties": { "scc_type": "C2" }, "geometry": { "type": "LineString", "coordinates": [ [ 144.9717514, -37.7407285 ], [ 144.971625, -37.741861 ], [ 144.972875, -37.742003 ], [ 144.972314, -37.745709 ] ] } },
{ "type": "Feature", "properties": { "scc_type": "C2" }, "geometry": { "type": "LineString", "coordinates": [ [ 144.965633, -37.813531 ], [ 144.973047, -37.811359 ], [ 144.972735, -37.810686 ], [ 144.97297, -37.809245 ] ] } },
{ "type": "Feature", "properties": { "scc_type": "C2" }, "geometry": { "type": "LineString", "coordinates": [ [ 144.973502, -38.328505 ], [ 144.968853, -38.330772 ] ] } },
{ "type": "Feature", "properties": { "scc_type": "C2" }, "geometry": { "type": "LineString", "coordinates": [ [ 144.977176, -37.859758 ], [ 144.973469, -37.861883 ], [ 144.972335, -37.86277 ] ] } },
{ "type": "Feature", "properties": { "scc_type": "C2" }, "geometry": { "type": "LineString", "coordinates": [ [ 144.977314, -37.76705 ], [ 144.976947, -37.768631 ], [ 144.977127, -37.76865 ], [ 144.97698, -37.769561 ], [ 144.977191, -37.770361 ], [ 144.975963, -37.777077 ], [ 144.975492, -37.777024 ], [ 144.975363, -37.777731 ], [ 144.974955, -37.777685 ], [ 144.974737, -37.778708 ], [ 144.976053, -37.778843 ], [ 144.975882, -37.779937 ] ] } },
{ "type": "Feature", "properties": { "scc_type": "C2" }, "geometry": { "type": "LineString", "coordinates": [ [ 144.977314, -37.76705 ], [ 144.962387, -37.76549 ], [ 144.962126, -37.767049 ], [ 144.959829, -37.766772 ] ] } },
{ "type": "Feature", "properties": { "scc_type": "C2" }, "geometry": { "type": "LineString", "coordinates": [ [ 144.977714, -37.528779 ], [ 144.963871, -37.527449 ] ] } },
{ "type": "Feature", "properties": { "scc_type": "C2" }, "geometry": { "type": "LineString", "coordinates": [ [ 144.978738, -37.858784 ], [ 144.977176, -37.859758 ] ] } },
{ "type": "Feature", "properties": { "scc_type": "C2" }, "geometry": { "type": "LineString", "coordinates": [ [ 144.961701, -37.840735 ], [ 144.961798, -37.841844 ], [ 144.963203, -37.843958 ], [ 144.962672, -37.844423 ], [ 144.962103, -37.84527 ], [ 144.963465, -37.847239 ], [ 144.963918, -37.847605 ], [ 144.96472, -37.847552 ], [ 144.966336, -37.84914 ], [ 144.966699, -37.849275 ], [ 144.966637, -37.849776 ], [ 144.966395, -37.850069 ], [ 144.966506, -37.850315 ], [ 144.971068, -37.853581 ], [ 144.975287, -37.856945 ], [ 144.976116, -37.856957 ], [ 144.976608, -37.857483 ], [ 144.976866, -37.85756 ], [ 144.977525, -37.857399 ], [ 144.978172, -37.858058 ], [ 144.97907, -37.85796 ], [ 144.978738, -37.858784 ] ] } },
{ "type": "Feature", "properties": { "scc_type": "C2" }, "geometry": { "type": "LineString", "coordinates": [ [ 144.979112, -37.416372 ], [ 144.973461, -37.415743 ], [ 144.974254, -37.406006 ], [ 144.961103, -37.404395 ] ] } },
{ "type": "Feature", "properties": { "scc_type": "C2" }, "geometry": { "type": "LineString", "coordinates": [ [ 144.979112, -37.416372 ], [ 144.977337, -37.438203 ], [ 144.978133, -37.442128 ], [ 144.948825, -37.481273 ], [ 144.947475, -37.489121 ], [ 144.9457, -37.497986 ], [ 144.943214, -37.505776 ], [ 144.938264, -37.509705 ], [ 144.937051, -37.513364 ], [ 144.936913, -37.515703 ], [ 144.936588, -37.517646 ], [ 144.935633, -37.519125 ], [ 144.934016, -37.520396 ], [ 144.933928, -37.521048 ], [ 144.933519, -37.521934 ], [ 144.931866, -37.523818 ] ] } },
{ "type": "Feature", "properties": { "scc_type": "C2" }, "geometry": { "type": "LineString", "coordinates": [ [ 144.979447, -37.805983 ], [ 144.97362, -37.805381 ], [ 144.973569, -37.80568 ], [ 144.97165, -37.805485 ], [ 144.971423, -37.805238 ], [ 144.971119, -37.805421 ], [ 144.96326, -37.804561 ] ] } },
{ "type": "Feature", "properties": { "scc_type": "C2" }, "geometry": { "type": "LineString", "coordinates": [ [ 144.979447, -37.805983 ], [ 144.979043, -37.808358 ], [ 144.978598, -37.80831 ], [ 144.978333, -37.809831 ] ] } },
{ "type": "Feature", "properties": { "scc_type": "C2" }, "geometry": { "type": "LineString", "coordinates": [ [ 144.979112, -37.416372 ], [ 144.979861, -37.406699 ] ] } },
{ "type": "Feature", "properties": { "scc_type": "C2" }, "geometry": { "type": "LineString", "coordinates": [ [ 144.980707, -37.798577 ], [ 144.964619, -37.79684 ], [ 144.963976, -37.800427 ] ] } },
{ "type": "Feature", "properties": { "scc_type": "C2" }, "geometry": { "type": "LineString", "coordinates": [ [ 144.980707, -37.798577 ], [ 144.979447, -37.805983 ] ] } },
{ "type": "Feature", "properties": { "scc_type": "C2" }, "geometry": { "type": "LineString", "coordinates": [ [ 144.981753, -37.792435 ], [ 144.980707, -37.798577 ] ] } },
{ "type": "Feature", "properties": { "scc_type": "C2" }, "geometry": { "type": "LineString", "coordinates": [ [ 144.982477, -37.856751 ], [ 144.979, -37.858795 ], [ 144.978738, -37.858784 ] ] } },
{ "type": "Feature", "properties": { "scc_type": "C2" }, "geometry": { "type": "LineString", "coordinates": [ [ 144.982652, -37.293349 ], [ 144.980336, -37.289586 ], [ 144.97979, -37.289044 ], [ 144.978986, -37.288612 ], [ 144.978326, -37.288441 ], [ 144.975944, -37.288299 ], [ 144.973991, -37.288627 ], [ 144.972871, -37.288575 ], [ 144.969946, -37.287569 ], [ 144.964291, -37.287269 ], [ 144.962927, -37.287377 ], [ 144.9516737, -37.2907144 ] ] } },
{ "type": "Feature", "properties": { "scc_type": "C2" }, "geometry": { "type": "LineString", "coordinates": [ [ 144.985543, -37.78349 ], [ 144.985391, -37.784374 ], [ 144.985045, -37.785121 ], [ 144.983271, -37.786749 ], [ 144.983001, -37.787218 ], [ 144.98283, -37.788074 ], [ 144.982428, -37.788658 ], [ 144.981753, -37.792435 ] ] } },
{ "type": "Feature", "properties": { "scc_type": "C2" }, "geometry": { "type": "LineString", "coordinates": [ [ 144.986076, -37.806594 ], [ 144.979447, -37.805983 ] ] } },
{ "type": "Feature", "properties": { "scc_type": "C2" }, "geometry": { "type": "LineString", "coordinates": [ [ 144.989003, -37.789426 ], [ 144.981753, -37.792435 ] ] } },
{ "type": "Feature", "properties": { "scc_type": "C2" }, "geometry": { "type": "LineString", "coordinates": [ [ 144.957127, -37.692292 ], [ 144.955545, -37.692445 ], [ 144.951499, -37.692459 ], [ 144.941924, -37.693062 ], [ 144.941558, -37.693238 ], [ 144.94104, -37.69421 ], [ 144.940211, -37.694697 ], [ 144.938147, -37.694691 ], [ 144.937742, -37.694373 ], [ 144.937746, -37.69373 ], [ 144.937502, -37.693579 ], [ 144.936115, -37.694098 ], [ 144.935194, -37.694246 ], [ 144.929838, -37.694317 ], [ 144.928936, -37.694445 ], [ 144.928435, -37.694699 ], [ 144.926473, -37.694518 ], [ 144.925326, -37.694727 ], [ 144.923688, -37.694686 ], [ 144.918339, -37.695065 ], [ 144.916448, -37.694945 ], [ 144.916153, -37.694719 ] ] } },
{ "type": "Feature", "properties": { "scc_type": "C2" }, "geometry": { "type": "LineString", "coordinates": [ [ 144.958468, -37.804039 ], [ 144.957328, -37.801554 ] ] } },
{ "type": "Feature", "properties": { "scc_type": "C2" }, "geometry": { "type": "LineString", "coordinates": [ [ 144.958468, -37.804039 ], [ 144.956355, -37.803801 ] ] } },
{ "type": "Feature", "properties": { "scc_type": "C2" }, "geometry": { "type": "LineString", "coordinates": [ [ 144.959028, -37.70437 ], [ 144.957896, -37.694914 ], [ 144.957127, -37.692292 ] ] } },
{ "type": "Feature", "properties": { "scc_type": "C2" }, "geometry": { "type": "LineString", "coordinates": [ [ 144.959028, -37.70437 ], [ 144.951581, -37.703577 ], [ 144.924152, -37.700199 ], [ 144.922992, -37.705631 ], [ 144.920714, -37.705359 ], [ 144.918198, -37.705864 ] ] } },
{ "type": "Feature", "properties": { "scc_type": "C2" }, "geometry": { "type": "LineString", "coordinates": [ [ 144.959829, -37.766772 ], [ 144.959083, -37.774033 ], [ 144.958178, -37.77783 ] ] } },
{ "type": "Feature", "properties": { "scc_type": "C2" }, "geometry": { "type": "LineString", "coordinates": [ [ 145.045043, -37.822464 ], [ 145.035584, -37.82137 ], [ 145.032032, -37.821232 ], [ 145.027324, -37.820662 ], [ 145.025393, -37.820762 ], [ 145.023945, -37.821285 ], [ 145.017697, -37.820527 ], [ 145.016542, -37.820065 ], [ 145.015914, -37.820007 ], [ 145.014908, -37.820163 ] ] } },
{ "type": "Feature", "properties": { "scc_type": "C2" }, "geometry": { "type": "LineString", "coordinates": [ [ 145.045043, -37.822464 ], [ 145.04086, -37.844888 ], [ 145.040443, -37.844837 ] ] } },
{ "type": "Feature", "properties": { "scc_type": "C2" }, "geometry": { "type": "LineString", "coordinates": [ [ 145.045999, -37.949117 ], [ 145.045767, -37.94921 ], [ 145.04211, -37.948768 ] ] } },
{ "type": "Feature", "properties": { "scc_type": "C2" }, "geometry": { "type": "LineString", "coordinates": [ [ 145.046274, -37.674584 ], [ 145.044449, -37.676511 ] ] } },
{ "type": "Feature", "properties": { "scc_type": "C2" }, "geometry": { "type": "LineString", "coordinates": [ [ 145.309997, -38.071167 ], [ 145.3095853, -38.0714898 ], [ 145.3081306, -38.0715085 ], [ 145.304836, -38.072481 ], [ 145.303716, -38.072502 ], [ 145.297834, -38.071799 ] ] } },
{ "type": "Feature", "properties": { "scc_type": "C2" }, "geometry": { "type": "LineString", "coordinates": [ [ 145.047085, -37.812516 ], [ 145.045043, -37.822464 ] ] } },
{ "type": "Feature", "properties": { "scc_type": "C2" }, "geometry": { "type": "LineString", "coordinates": [ [ 145.047585, -37.743588 ], [ 145.045827, -37.743424 ], [ 145.044405, -37.743784 ], [ 145.04247, -37.743603 ] ] } },
{ "type": "Feature", "properties": { "scc_type": "C2" }, "geometry": { "type": "LineString", "coordinates": [ [ 145.047604, -37.74347 ], [ 145.047585, -37.743587 ] ] } },
{ "type": "Feature", "properties": { "scc_type": "C2" }, "geometry": { "type": "LineString", "coordinates": [ [ 145.048716, -37.725863 ], [ 145.046398, -37.724708 ], [ 145.045451, -37.723895 ], [ 145.0448, -37.723076 ], [ 145.044319, -37.722064 ], [ 145.044088, -37.720916 ], [ 145.044449, -37.718128 ], [ 145.044095, -37.717552 ], [ 145.043173, -37.716961 ] ] } },
{ "type": "Feature", "properties": { "scc_type": "C2" }, "geometry": { "type": "LineString", "coordinates": [ [ 145.048716, -37.725863 ], [ 145.046958, -37.7262618 ], [ 145.0460324, -37.7260087 ], [ 145.04565, -37.726789 ], [ 145.044463, -37.733969 ], [ 145.044917, -37.734018 ] ] } },
{ "type": "Feature", "properties": { "scc_type": "C2" }, "geometry": { "type": "LineString", "coordinates": [ [ 145.048789, -38.22635 ], [ 145.044793, -38.22943 ] ] } },
{ "type": "Feature", "properties": { "scc_type": "C2" }, "geometry": { "type": "LineString", "coordinates": [ [ 145.049547, -37.686496 ], [ 145.044107, -37.687247 ], [ 145.041602, -37.687347 ], [ 145.035256, -37.687065 ], [ 145.032174, -37.686762 ] ] } },
{ "type": "Feature", "properties": { "scc_type": "C2" }, "geometry": { "type": "LineString", "coordinates": [ [ 145.05026, -37.799365 ], [ 145.049898, -37.799485 ], [ 145.047355, -37.79855 ], [ 145.047245, -37.798205 ], [ 145.046731, -37.798246 ], [ 145.041145, -37.796417 ], [ 145.039074, -37.795888 ], [ 145.037826, -37.795301 ], [ 145.036542, -37.794934 ] ] } },
{ "type": "Feature", "properties": { "scc_type": "C2" }, "geometry": { "type": "LineString", "coordinates": [ [ 145.050845, -37.94942 ], [ 145.046669, -37.948878 ], [ 145.046, -37.949118 ] ] } },
{ "type": "Feature", "properties": { "scc_type": "C2" }, "geometry": { "type": "LineString", "coordinates": [ [ 145.052054, -37.707823 ], [ 145.048516, -37.71113 ], [ 145.045379, -37.71346 ], [ 145.043173, -37.716961 ] ] } },
{ "type": "Feature", "properties": { "scc_type": "C2" }, "geometry": { "type": "LineString", "coordinates": [ [ 145.0539099, -37.9574622 ], [ 145.053188, -37.956856 ], [ 145.050445, -37.953007 ], [ 145.051368, -37.953004 ], [ 145.052011, -37.950072 ], [ 145.051818, -37.949853 ], [ 145.051301, -37.949781 ], [ 145.050845, -37.94942 ] ] } },
{ "type": "Feature", "properties": { "scc_type": "C2" }, "geometry": { "type": "LineString", "coordinates": [ [ 145.0539099, -37.9574622 ], [ 145.053064, -37.959025 ], [ 145.052477, -37.959307 ], [ 145.049274, -37.959033 ] ] } },
{ "type": "Feature", "properties": { "scc_type": "C2" }, "geometry": { "type": "LineString", "coordinates": [ [ 145.05391, -37.957462 ], [ 145.0539099, -37.9574622 ] ] } },
{ "type": "Feature", "properties": { "scc_type": "C2" }, "geometry": { "type": "LineString", "coordinates": [ [ 145.053924, -37.957474 ], [ 145.0539099, -37.9574622 ] ] } },
{ "type": "Feature", "properties": { "scc_type": "C2" }, "geometry": { "type": "LineString", "coordinates": [ [ 145.055106, -38.23071 ], [ 145.053965, -38.230728 ], [ 145.05237, -38.230382 ], [ 145.051338, -38.22977 ], [ 145.050257, -38.22866 ], [ 145.050162, -38.228114 ], [ 145.048789, -38.22635 ] ] } },
{ "type": "Feature", "properties": { "scc_type": "C2" }, "geometry": { "type": "LineString", "coordinates": [ [ 145.056182, -37.935757 ], [ 145.036941, -37.933317 ] ] } },
{ "type": "Feature", "properties": { "scc_type": "C2" }, "geometry": { "type": "LineString", "coordinates": [ [ 145.05619, -37.744476 ], [ 145.047604, -37.743471 ] ] } },
{ "type": "Feature", "properties": { "scc_type": "C2" }, "geometry": { "type": "LineString", "coordinates": [ [ 145.05619, -37.744476 ], [ 145.054763, -37.752 ], [ 145.05045, -37.751497 ], [ 145.049374, -37.757559 ] ] } },
{ "type": "Feature", "properties": { "scc_type": "C2" }, "geometry": { "type": "LineString", "coordinates": [ [ 145.096685, -37.884095 ], [ 145.095801, -37.882052 ], [ 145.096344, -37.878638 ], [ 145.093428, -37.878297 ], [ 145.094114, -37.874155 ] ] } },
{ "type": "Feature", "properties": { "scc_type": "C2" }, "geometry": { "type": "LineString", "coordinates": [ [ 145.056182, -37.935757 ], [ 145.055838, -37.938076 ], [ 145.055529, -37.938686 ], [ 145.05435, -37.939627 ], [ 145.053111, -37.940293 ], [ 145.052288, -37.942208 ], [ 145.050845, -37.94942 ] ] } },
{ "type": "Feature", "properties": { "scc_type": "C2" }, "geometry": { "type": "LineString", "coordinates": [ [ 145.056665, -37.744531 ], [ 145.05619, -37.744476 ] ] } },
{ "type": "Feature", "properties": { "scc_type": "C2" }, "geometry": { "type": "LineString", "coordinates": [ [ 145.058233, -37.735393 ], [ 145.056665, -37.744531 ] ] } },
{ "type": "Feature", "properties": { "scc_type": "C2" }, "geometry": { "type": "LineString", "coordinates": [ [ 145.058615, -37.758554 ], [ 145.053167, -37.763135 ], [ 145.052616, -37.76325 ], [ 145.050351, -37.763049 ], [ 145.048188, -37.76418 ], [ 145.0475, -37.7679 ], [ 145.0439, -37.769126 ], [ 145.042924, -37.768363 ], [ 145.042816, -37.768449 ], [ 145.042924, -37.767884 ], [ 145.035042, -37.767037 ] ] } },
{ "type": "Feature", "properties": { "scc_type": "C2" }, "geometry": { "type": "LineString", "coordinates": [ [ 145.059844, -37.868305 ], [ 145.058151, -37.866187 ], [ 145.057824, -37.865506 ], [ 145.057737, -37.864659 ], [ 145.058099, -37.862116 ], [ 145.057824, -37.861125 ], [ 145.053557, -37.855463 ], [ 145.052403, -37.854722 ], [ 145.051103, -37.854322 ], [ 145.04214, -37.853224 ] ] } },
{ "type": "Feature", "properties": { "scc_type": "C2" }, "geometry": { "type": "LineString", "coordinates": [ [ 145.060847, -37.729722 ], [ 145.0601793, -37.7293524 ], [ 145.0553708, -37.7286742 ], [ 145.048716, -37.725863 ] ] } },
{ "type": "Feature", "properties": { "scc_type": "C2" }, "geometry": { "type": "LineString", "coordinates": [ [ 145.064478, -37.900578 ], [ 145.0640011, -37.903024 ], [ 145.063507, -37.903674 ], [ 145.062366, -37.904688 ], [ 145.06201, -37.905381 ], [ 145.059124, -37.921163 ], [ 145.056182, -37.935757 ] ] } },
{ "type": "Feature", "properties": { "scc_type": "C2" }, "geometry": { "type": "LineString", "coordinates": [ [ 145.064478, -37.900578 ], [ 145.04097, -37.897679 ], [ 145.040939, -37.897482 ] ] } },
{ "type": "Feature", "properties": { "scc_type": "C2" }, "geometry": { "type": "LineString", "coordinates": [ [ 145.059844, -37.868305 ], [ 145.060919, -37.867644 ], [ 145.061831, -37.867393 ], [ 145.062817, -37.867542 ], [ 145.063794, -37.868051 ], [ 145.064433, -37.867981 ], [ 145.065017, -37.867648 ] ] } },
{ "type": "Feature", "properties": { "scc_type": "C2" }, "geometry": { "type": "LineString", "coordinates": [ [ 145.0664854, -37.889862 ], [ 145.064478, -37.900578 ] ] } },
{ "type": "Feature", "properties": { "scc_type": "C2" }, "geometry": { "type": "LineString", "coordinates": [ [ 145.0664854, -37.889862 ], [ 145.061374, -37.887528 ], [ 145.057875, -37.88575 ], [ 145.055645, -37.884948 ], [ 145.051401, -37.882978 ], [ 145.048968, -37.88165 ], [ 145.044503, -37.878864 ] ] } },
{ "type": "Feature", "properties": { "scc_type": "C2" }, "geometry": { "type": "LineString", "coordinates": [ [ 145.0667533, -37.7453019 ], [ 145.063479, -37.746988 ], [ 145.058776, -37.746446 ], [ 145.058193, -37.746826 ], [ 145.057829, -37.747337 ], [ 145.058318, -37.744725 ], [ 145.056665, -37.744531 ] ] } },
{ "type": "Feature", "properties": { "scc_type": "C2" }, "geometry": { "type": "LineString", "coordinates": [ [ 145.059078, -37.758196 ], [ 145.062134, -37.755734 ], [ 145.064689, -37.75417 ], [ 145.066015, -37.752886 ], [ 145.066425, -37.75192 ], [ 145.066524, -37.751183 ], [ 145.066894, -37.746998 ], [ 145.0667533, -37.7453019 ] ] } },
{ "type": "Feature", "properties": { "scc_type": "C2" }, "geometry": { "type": "LineString", "coordinates": [ [ 145.067881, -37.878366 ], [ 145.042589, -37.875298 ], [ 145.04238, -37.875386 ], [ 145.041342, -37.875273 ], [ 145.040263, -37.874996 ] ] } },
{ "type": "Feature", "properties": { "scc_type": "C2" }, "geometry": { "type": "LineString", "coordinates": [ [ 145.067881, -37.878366 ], [ 145.059844, -37.868305 ] ] } },
{ "type": "Feature", "properties": { "scc_type": "C2" }, "geometry": { "type": "LineString", "coordinates": [ [ 145.005215, -37.890349 ], [ 145.001768, -37.885452 ], [ 145.001938, -37.884427 ], [ 144.977773, -37.881693 ], [ 144.976089, -37.869616 ], [ 144.973868, -37.866102 ], [ 144.972683, -37.865097 ], [ 144.972325, -37.864605 ], [ 144.972124, -37.863957 ], [ 144.972335, -37.86277 ] ] } },
{ "type": "Feature", "properties": { "scc_type": "C2" }, "geometry": { "type": "LineString", "coordinates": [ [ 145.00706, -37.826684 ], [ 144.997928, -37.825686 ] ] } },
{ "type": "Feature", "properties": { "scc_type": "C2" }, "geometry": { "type": "LineString", "coordinates": [ [ 145.00706, -37.826684 ], [ 145.006376, -37.830278 ], [ 145.003712, -37.829867 ], [ 145.003497, -37.83091 ], [ 145.003723, -37.831256 ] ] } },
{ "type": "Feature", "properties": { "scc_type": "C2" }, "geometry": { "type": "LineString", "coordinates": [ [ 145.007174, -37.878052 ], [ 145.005822, -37.884932 ], [ 145.006103, -37.884967 ], [ 145.005215, -37.890349 ] ] } },
{ "type": "Feature", "properties": { "scc_type": "C2" }, "geometry": { "type": "LineString", "coordinates": [ [ 145.007174, -37.878052 ], [ 144.992239, -37.876254 ] ] } },
{ "type": "Feature", "properties": { "scc_type": "C2" }, "geometry": { "type": "LineString", "coordinates": [ [ 145.007435, -37.716533 ], [ 145.007006, -37.716366 ], [ 144.996797, -37.715336 ], [ 144.997492, -37.710373 ], [ 144.996577, -37.71048 ], [ 144.996335, -37.710033 ], [ 144.995765, -37.709728 ], [ 144.995773, -37.708919 ], [ 144.994786, -37.708738 ], [ 144.994029, -37.707615 ], [ 144.993741, -37.707537 ], [ 144.980871, -37.706452 ], [ 144.980464, -37.70606 ], [ 144.980256, -37.706172 ], [ 144.980514, -37.706406 ], [ 144.980274, -37.706893 ], [ 144.979711, -37.707109 ], [ 144.976354, -37.706747 ], [ 144.976436, -37.706276 ], [ 144.972541, -37.705841 ], [ 144.967186, -37.705261 ], [ 144.967203, -37.70573 ], [ 144.960777, -37.70502 ], [ 144.960685, -37.704543 ], [ 144.959028, -37.70437 ] ] } },
{ "type": "Feature", "properties": { "scc_type": "C2" }, "geometry": { "type": "LineString", "coordinates": [ [ 145.008293, -37.819504 ], [ 144.999171, -37.818585 ] ] } },
{ "type": "Feature", "properties": { "scc_type": "C2" }, "geometry": { "type": "LineString", "coordinates": [ [ 145.008293, -37.819504 ], [ 145.00706, -37.826684 ] ] } },
{ "type": "Feature", "properties": { "scc_type": "C2" }, "geometry": { "type": "LineString", "coordinates": [ [ 145.009166, -37.867596 ], [ 144.990911, -37.865322 ] ] } },
{ "type": "Feature", "properties": { "scc_type": "C2" }, "geometry": { "type": "LineString", "coordinates": [ [ 145.009166, -37.867596 ], [ 145.007174, -37.878052 ] ] } },
{ "type": "Feature", "properties": { "scc_type": "C2" }, "geometry": { "type": "LineString", "coordinates": [ [ 145.009368, -37.546675 ], [ 145.0083081, -37.54108 ], [ 145.008221, -37.539481 ], [ 145.005689, -37.534871 ], [ 145.003231, -37.53162 ], [ 144.991338, -37.530165 ], [ 144.977714, -37.528779 ] ] } },
{ "type": "Feature", "properties": { "scc_type": "C2" }, "geometry": { "type": "LineString", "coordinates": [ [ 145.079055, -37.732107 ], [ 145.075321, -37.731738 ], [ 145.075433, -37.730881 ], [ 145.068126, -37.730145 ] ] } },
{ "type": "Feature", "properties": { "scc_type": "C2" }, "geometry": { "type": "LineString", "coordinates": [ [ 145.079147, -37.731582 ], [ 145.078695, -37.734622 ], [ 145.07909, -37.734952 ], [ 145.079422, -37.734784 ], [ 145.079528, -37.734888 ], [ 145.079944, -37.736148 ], [ 145.080421, -37.736435 ], [ 145.080095, -37.738369 ], [ 145.08027, -37.738705 ], [ 145.080082, -37.738987 ], [ 145.080429, -37.739897 ], [ 145.080792, -37.742628 ], [ 145.080618, -37.742849 ], [ 145.080418, -37.744214 ], [ 145.07986, -37.74494 ], [ 145.080213, -37.745607 ], [ 145.079923, -37.748398 ], [ 145.079812, -37.748798 ], [ 145.07944, -37.749102 ], [ 145.079161, -37.750505 ], [ 145.077717, -37.751057 ], [ 145.077203, -37.751472 ], [ 145.076776, -37.752214 ], [ 145.074679, -37.753232 ], [ 145.074293, -37.755222 ], [ 145.073492, -37.755803 ], [ 145.073183, -37.756217 ], [ 145.073741, -37.756818 ], [ 145.073787, -37.757111 ], [ 145.073247, -37.757572 ], [ 145.072447, -37.758991 ] ] } },
{ "type": "Feature", "properties": { "scc_type": "C2" }, "geometry": { "type": "LineString", "coordinates": [ [ 145.080945, -37.707204 ], [ 145.080602, -37.708793 ], [ 145.070666, -37.707664 ], [ 145.070028, -37.707414 ], [ 145.069027, -37.706452 ], [ 145.068401, -37.70615 ], [ 145.065022, -37.70575 ], [ 145.062431, -37.70516 ], [ 145.060891, -37.705043 ], [ 145.059407, -37.705306 ], [ 145.058699, -37.705577 ], [ 145.057448, -37.706376 ], [ 145.056129, -37.707493 ], [ 145.05518, -37.707978 ], [ 145.053724, -37.708185 ], [ 145.052587, -37.708087 ], [ 145.052054, -37.707823 ] ] } },
{ "type": "Feature", "properties": { "scc_type": "C2" }, "geometry": { "type": "LineString", "coordinates": [ [ 145.071083, -37.825486 ], [ 145.076442, -37.825851 ], [ 145.077669, -37.825809 ], [ 145.078971, -37.825524 ], [ 145.082263, -37.824155 ], [ 145.081848, -37.824106 ] ] } },
{ "type": "Feature", "properties": { "scc_type": "C2" }, "geometry": { "type": "LineString", "coordinates": [ [ 145.088027, -37.651225 ], [ 145.079229, -37.656551 ], [ 145.074836, -37.658928 ], [ 145.073998, -37.65957 ], [ 145.07302, -37.660696 ], [ 145.072465, -37.662026 ], [ 145.068878, -37.681823 ], [ 145.0684, -37.684267 ], [ 145.067847, -37.685983 ], [ 145.067004, -37.68748 ], [ 145.062674, -37.692019 ], [ 145.06293, -37.69216 ], [ 145.061565, -37.693449 ], [ 145.060166, -37.695094 ], [ 145.059506, -37.696378 ], [ 145.057929, -37.701659 ], [ 145.05747, -37.702458 ], [ 145.052054, -37.707823 ] ] } },
{ "type": "Feature", "properties": { "scc_type": "C2" }, "geometry": { "type": "LineString", "coordinates": [ [ 145.090563, -37.648709 ], [ 145.089546, -37.649968 ], [ 145.088027, -37.651225 ] ] } },
{ "type": "Feature", "properties": { "scc_type": "C2" }, "geometry": { "type": "LineString", "coordinates": [ [ 145.090773, -37.648799 ], [ 145.08909, -37.650632 ], [ 145.088286, -37.651252 ], [ 145.088027, -37.651225 ] ] } },
{ "type": "Feature", "properties": { "scc_type": "C2" }, "geometry": { "type": "LineString", "coordinates": [ [ 145.090773, -37.648799 ], [ 145.090563, -37.648709 ] ] } },
{ "type": "Feature", "properties": { "scc_type": "C2" }, "geometry": { "type": "LineString", "coordinates": [ [ 145.071083, -37.825486 ], [ 145.072213, -37.82777 ], [ 145.071645, -37.828681 ], [ 145.071766, -37.829868 ], [ 145.070866, -37.829758 ], [ 145.070501, -37.831956 ], [ 145.070989, -37.832183 ], [ 145.071369, -37.832667 ], [ 145.072637, -37.833291 ], [ 145.073043, -37.833341 ], [ 145.07267, -37.835282 ], [ 145.071918, -37.835888 ], [ 145.071864, -37.836685 ], [ 145.072019, -37.836927 ], [ 145.072559, -37.837088 ], [ 145.072768, -37.837446 ], [ 145.072743, -37.838309 ], [ 145.073201, -37.839962 ], [ 145.07773, -37.846892 ], [ 145.07778, -37.847128 ], [ 145.077555, -37.847222 ], [ 145.077886, -37.848001 ], [ 145.082405, -37.854964 ], [ 145.082829, -37.855926 ], [ 145.083, -37.856993 ], [ 145.0826, -37.858531 ], [ 145.081943, -37.860155 ], [ 145.081565, -37.86055 ], [ 145.08131, -37.861786 ], [ 145.080244, -37.864103 ], [ 145.079309, -37.869154 ], [ 145.079435, -37.869412 ], [ 145.078821, -37.871027 ], [ 145.073551, -37.875602 ], [ 145.073158, -37.875637 ], [ 145.072732, -37.87529 ], [ 145.071802, -37.8749 ], [ 145.071063, -37.874944 ], [ 145.070875, -37.875209 ] ] } },
{ "type": "Feature", "properties": { "scc_type": "C2" }, "geometry": { "type": "LineString", "coordinates": [ [ 145.014908, -37.820163 ], [ 145.01438, -37.820213 ], [ 145.008293, -37.819504 ] ] } },
{ "type": "Feature", "properties": { "scc_type": "C2" }, "geometry": { "type": "LineString", "coordinates": [ [ 145.0162176, -37.6511546 ], [ 145.00937, -37.650496 ], [ 144.991531, -37.648442 ], [ 144.991578, -37.648145 ], [ 144.990778, -37.648049 ], [ 144.979135, -37.646873 ], [ 144.975839, -37.646918 ], [ 144.973726, -37.646704 ], [ 144.970666, -37.645921 ], [ 144.958704, -37.64464 ], [ 144.955227, -37.643793 ], [ 144.934874, -37.6414 ] ] } },
{ "type": "Feature", "properties": { "scc_type": "C2" }, "geometry": { "type": "LineString", "coordinates": [ [ 145.0162176, -37.6511546 ], [ 145.0162169, -37.6511582 ] ] } },
{ "type": "Feature", "properties": { "scc_type": "C2" }, "geometry": { "type": "LineString", "coordinates": [ [ 145.016318, -37.592356 ], [ 145.014934, -37.601009 ], [ 145.014496, -37.601881 ], [ 145.011577, -37.604494 ], [ 145.010993, -37.605424 ], [ 145.010727, -37.6065 ] ] } },
{ "type": "Feature", "properties": { "scc_type": "C2" }, "geometry": { "type": "LineString", "coordinates": [ [ 145.0162176, -37.6511546 ], [ 145.016501, -37.648439 ], [ 145.016419, -37.647004 ], [ 145.015506, -37.644416 ], [ 145.014785, -37.643663 ], [ 145.009755, -37.639946 ], [ 145.00836, -37.63817 ], [ 145.007876, -37.636792 ], [ 145.007583, -37.634918 ], [ 145.008244, -37.631109 ], [ 145.008182, -37.630336 ], [ 145.007653, -37.629344 ], [ 145.007445, -37.628024 ], [ 145.007592, -37.625349 ], [ 145.008144, -37.624431 ], [ 145.008366, -37.623473 ], [ 145.009303, -37.617078 ], [ 145.009603, -37.611857 ], [ 145.010498, -37.606806 ], [ 145.010727, -37.6065 ] ] } },
{ "type": "Feature", "properties": { "scc_type": "C2" }, "geometry": { "type": "LineString", "coordinates": [ [ 145.086378, -37.90264 ], [ 145.086285, -37.903131 ] ] } },
{ "type": "Feature", "properties": { "scc_type": "C2" }, "geometry": { "type": "LineString", "coordinates": [ [ 145.084845, -37.794659 ], [ 145.087413, -37.781455 ], [ 145.0876877, -37.7812037 ], [ 145.0874267, -37.7809127 ], [ 145.086778, -37.780619 ] ] } },
{ "type": "Feature", "properties": { "scc_type": "C2" }, "geometry": { "type": "LineString", "coordinates": [ [ 145.090789, -37.940187 ], [ 145.088055, -37.939523 ], [ 145.083722, -37.938997 ], [ 145.080953, -37.938299 ], [ 145.079883, -37.938646 ], [ 145.071075, -37.93753 ], [ 145.068603, -37.937395 ] ] } },
{ "type": "Feature", "properties": { "scc_type": "C2" }, "geometry": { "type": "LineString", "coordinates": [ [ 145.093926, -37.890579 ], [ 145.092805, -37.889654 ], [ 145.091037, -37.888857 ], [ 145.089709, -37.887181 ], [ 145.089742, -37.887036 ], [ 145.090133, -37.886878 ], [ 145.089882, -37.886562 ], [ 145.090368, -37.884449 ], [ 145.090146, -37.88423 ], [ 145.08951, -37.884066 ], [ 145.089673, -37.88351 ], [ 145.089328, -37.882978 ], [ 145.08494, -37.879899 ], [ 145.082519, -37.878556 ], [ 145.081253, -37.878104 ], [ 145.080886, -37.87779 ], [ 145.079013, -37.87713 ] ] } },
{ "type": "Feature", "properties": { "scc_type": "C2" }, "geometry": { "type": "LineString", "coordinates": [ [ 145.093926, -37.890579 ], [ 145.092442, -37.898776 ], [ 145.09124, -37.904304 ], [ 145.091246, -37.903154 ], [ 145.086379, -37.902635 ] ] } },
{ "type": "Feature", "properties": { "scc_type": "C2" }, "geometry": { "type": "LineString", "coordinates": [ [ 145.094114, -37.874155 ], [ 145.090858, -37.874451 ], [ 145.079013, -37.87713 ] ] } },
{ "type": "Feature", "properties": { "scc_type": "C2" }, "geometry": { "type": "LineString", "coordinates": [ [ 145.092089, -37.872722 ], [ 145.094621, -37.873013 ], [ 145.095322, -37.87336 ], [ 145.094952, -37.873492 ], [ 145.0942411, -37.8734353 ], [ 145.094114, -37.874155 ] ] } },
{ "type": "Feature", "properties": { "scc_type": "C2" }, "geometry": { "type": "LineString", "coordinates": [ [ 145.03036, -37.790316 ], [ 145.029361, -37.789443 ], [ 145.028555, -37.788997 ], [ 145.027858, -37.787911 ], [ 145.026448, -37.78795 ], [ 145.025862, -37.788145 ], [ 145.025484, -37.788019 ] ] } },
{ "type": "Feature", "properties": { "scc_type": "C2" }, "geometry": { "type": "LineString", "coordinates": [ [ 145.031618, -37.770026 ], [ 145.031289, -37.770003 ], [ 145.0311, -37.769223 ], [ 145.02809, -37.76891 ], [ 145.028197, -37.768318 ], [ 145.005056, -37.765864 ], [ 145.004987, -37.766275 ], [ 144.999398, -37.765655 ], [ 144.99948, -37.76517 ], [ 144.997152, -37.764904 ], [ 144.996738, -37.764918 ], [ 144.996618, -37.765663 ], [ 144.992047, -37.765142 ] ] } },
{ "type": "Feature", "properties": { "scc_type": "C2" }, "geometry": { "type": "LineString", "coordinates": [ [ 145.138091, -37.785568 ], [ 145.136185, -37.795865 ], [ 145.136306, -37.795762 ], [ 145.136506, -37.796027 ], [ 145.136344, -37.796095 ], [ 145.135737, -37.795865 ], [ 145.135652, -37.79628 ], [ 145.136147, -37.796327 ], [ 145.137203, -37.79675 ], [ 145.137321, -37.797224 ] ] } },
{ "type": "Feature", "properties": { "scc_type": "C2" }, "geometry": { "type": "LineString", "coordinates": [ [ 145.138091, -37.785568 ], [ 145.135505, -37.785267 ], [ 145.13554, -37.785078 ], [ 145.134105, -37.785055 ], [ 145.13409, -37.784532 ], [ 145.132035, -37.784297 ], [ 145.13192, -37.784879 ], [ 145.129798, -37.784647 ], [ 145.129731, -37.78504 ], [ 145.127908, -37.784837 ], [ 145.127754, -37.785755 ], [ 145.127991, -37.786187 ], [ 145.127793, -37.787323 ], [ 145.125628, -37.787312 ], [ 145.124863, -37.787445 ], [ 145.126145, -37.79495 ], [ 145.127044, -37.798055 ] ] } },
{ "type": "Feature", "properties": { "scc_type": "C2" }, "geometry": { "type": "LineString", "coordinates": [ [ 145.032174, -37.686762 ], [ 145.029542, -37.686209 ], [ 145.028533, -37.686279 ], [ 145.028459, -37.68609 ], [ 145.025895, -37.68619 ], [ 145.016284, -37.685556 ], [ 145.010877, -37.685701 ], [ 145.008254, -37.685917 ], [ 145.007108, -37.686176 ], [ 145.006203, -37.686018 ], [ 145.002828, -37.686209 ], [ 145.002678, -37.686331 ], [ 145.002314, -37.686321 ], [ 145.002157, -37.6861 ], [ 145.000219, -37.686877 ], [ 144.997467, -37.687543 ], [ 144.993948, -37.68801 ], [ 144.993062, -37.688326 ], [ 144.993129, -37.688866 ], [ 144.988523, -37.689775 ], [ 144.988313, -37.690168 ], [ 144.987865, -37.690329 ], [ 144.985844, -37.690279 ], [ 144.983792, -37.691008 ], [ 144.981813, -37.69044 ], [ 144.979121, -37.690362 ], [ 144.977646, -37.690571 ], [ 144.977113, -37.690859 ], [ 144.973382, -37.69105 ], [ 144.970932, -37.69185 ], [ 144.970178, -37.691672 ], [ 144.970237, -37.692265 ] ] } },
{ "type": "Feature", "properties": { "scc_type": "C2" }, "geometry": { "type": "LineString", "coordinates": [ [ 145.032187, -37.770737 ], [ 145.031627, -37.77003 ] ] } },
{ "type": "Feature", "properties": { "scc_type": "C2" }, "geometry": { "type": "LineString", "coordinates": [ [ 145.032665, -37.837476 ], [ 145.03005, -37.851626 ] ] } },
{ "type": "Feature", "properties": { "scc_type": "C2" }, "geometry": { "type": "LineString", "coordinates": [ [ 145.033925, -37.870649 ], [ 145.027915, -37.86495 ] ] } },
{ "type": "Feature", "properties": { "scc_type": "C2" }, "geometry": { "type": "LineString", "coordinates": [ [ 145.033925, -37.870649 ], [ 145.009166, -37.867596 ] ] } },
{ "type": "Feature", "properties": { "scc_type": "C2" }, "geometry": { "type": "LineString", "coordinates": [ [ 145.034019, -37.932954 ], [ 144.994069, -37.928128 ] ] } },
{ "type": "Feature", "properties": { "scc_type": "C2" }, "geometry": { "type": "LineString", "coordinates": [ [ 145.034598, -37.881427 ], [ 145.007174, -37.878052 ] ] } },
{ "type": "Feature", "properties": { "scc_type": "C2" }, "geometry": { "type": "LineString", "coordinates": [ [ 145.034979, -37.809645 ], [ 145.035416, -37.807399 ], [ 145.034145, -37.807252 ], [ 145.034512, -37.805449 ], [ 145.034212, -37.805558 ] ] } },
{ "type": "Feature", "properties": { "scc_type": "C2" }, "geometry": { "type": "LineString", "coordinates": [ [ 145.034212, -37.805557 ], [ 145.036033, -37.796079 ], [ 145.035925, -37.795812 ] ] } },
{ "type": "Feature", "properties": { "scc_type": "C2" }, "geometry": { "type": "LineString", "coordinates": [ [ 145.036542, -37.794934 ], [ 145.035926, -37.795812 ] ] } },
{ "type": "Feature", "properties": { "scc_type": "C2" }, "geometry": { "type": "LineString", "coordinates": [ [ 145.036542, -37.794934 ], [ 145.034879, -37.794498 ], [ 145.032361, -37.793039 ], [ 145.031538, -37.792749 ], [ 145.031191, -37.792289 ], [ 145.029889, -37.79205 ], [ 145.027182, -37.790465 ], [ 145.026428, -37.789847 ], [ 145.025484, -37.788019 ] ] } },
{ "type": "Feature", "properties": { "scc_type": "C2" }, "geometry": { "type": "LineString", "coordinates": [ [ 145.036941, -37.933317 ], [ 145.034374, -37.933006 ] ] } },
{ "type": "Feature", "properties": { "scc_type": "C2" }, "geometry": { "type": "LineString", "coordinates": [ [ 145.036941, -37.933317 ], [ 145.036527, -37.935594 ] ] } },
{ "type": "Feature", "properties": { "scc_type": "C2" }, "geometry": { "type": "LineString", "coordinates": [ [ 145.037318, -37.914426 ], [ 145.037101, -37.914723 ], [ 145.036388, -37.918168 ], [ 145.036743, -37.918204 ], [ 145.03532, -37.926332 ], [ 145.035454, -37.92733 ], [ 145.037038, -37.931106 ], [ 145.037154, -37.932081 ], [ 145.036941, -37.933317 ] ] } },
{ "type": "Feature", "properties": { "scc_type": "C2" }, "geometry": { "type": "LineString", "coordinates": [ [ 145.037318, -37.914426 ], [ 145.033001, -37.913927 ], [ 145.032779, -37.913661 ], [ 145.030903, -37.913916 ], [ 145.028801, -37.912299 ], [ 145.027426, -37.911812 ], [ 145.026514, -37.911668 ], [ 145.02597, -37.911129 ], [ 145.023735, -37.910423 ], [ 145.019855, -37.909618 ], [ 145.018201, -37.908905 ], [ 145.017865, -37.908627 ], [ 145.010365, -37.907856 ], [ 145.008974, -37.906455 ], [ 145.008435, -37.906839 ] ] } },
{ "type": "Feature", "properties": { "scc_type": "C2" }, "geometry": { "type": "LineString", "coordinates": [ [ 145.039676, -37.875657 ], [ 145.039407, -37.876915 ], [ 145.038136, -37.876869 ], [ 145.036893, -37.877014 ], [ 145.035446, -37.876856 ], [ 145.034598, -37.881427 ] ] } },
{ "type": "Feature", "properties": { "scc_type": "C2" }, "geometry": { "type": "LineString", "coordinates": [ [ 145.039676, -37.875657 ], [ 145.033925, -37.870649 ] ] } },
{ "type": "Feature", "properties": { "scc_type": "C2" }, "geometry": { "type": "LineString", "coordinates": [ [ 145.039924, -37.902183 ], [ 145.03823, -37.91108 ], [ 145.037784, -37.911876 ], [ 145.037318, -37.914426 ] ] } },
{ "type": "Feature", "properties": { "scc_type": "C2" }, "geometry": { "type": "LineString", "coordinates": [ [ 145.040263, -37.874996 ], [ 145.039676, -37.875657 ] ] } },
{ "type": "Feature", "properties": { "scc_type": "C2" }, "geometry": { "type": "LineString", "coordinates": [ [ 145.040939, -37.897482 ], [ 145.040474, -37.89734 ], [ 145.037781, -37.89736 ], [ 145.036117, -37.896928 ], [ 145.034965, -37.896937 ], [ 145.030346, -37.896358 ], [ 145.030173, -37.896226 ], [ 145.029271, -37.896284 ], [ 145.027195, -37.896051 ], [ 145.027228, -37.895883 ], [ 145.020443, -37.894952 ], [ 145.020518, -37.894557 ], [ 145.016321, -37.894039 ], [ 145.014408, -37.893204 ], [ 145.013635, -37.893095 ], [ 145.013738, -37.892553 ], [ 145.007067, -37.891774 ], [ 145.005215, -37.890349 ] ] } },
{ "type": "Feature", "properties": { "scc_type": "C2" }, "geometry": { "type": "LineString", "coordinates": [ [ 145.040939, -37.897482 ], [ 145.040012, -37.902173 ] ] } },
{ "type": "Feature", "properties": { "scc_type": "C2" }, "geometry": { "type": "LineString", "coordinates": [ [ 145.04214, -37.853224 ], [ 145.03005, -37.851626 ] ] } },
{ "type": "Feature", "properties": { "scc_type": "C2" }, "geometry": { "type": "LineString", "coordinates": [ [ 145.04214, -37.853224 ], [ 145.038283, -37.873623 ], [ 145.039283, -37.874493 ], [ 145.040263, -37.874996 ] ] } },
{ "type": "Feature", "properties": { "scc_type": "C2" }, "geometry": { "type": "LineString", "coordinates": [ [ 145.138096, -37.605504 ], [ 145.101161, -37.601234 ] ] } },
{ "type": "Feature", "properties": { "scc_type": "C2" }, "geometry": { "type": "LineString", "coordinates": [ [ 145.138935, -37.733284 ], [ 145.138431, -37.733213 ], [ 145.137671, -37.733367 ] ] } },
{ "type": "Feature", "properties": { "scc_type": "C2" }, "geometry": { "type": "LineString", "coordinates": [ [ 145.093926, -37.890579 ], [ 145.094141, -37.889294 ], [ 145.09484, -37.88835 ], [ 145.095424, -37.888073 ], [ 145.095564, -37.887176 ], [ 145.096557, -37.885488 ], [ 145.096753, -37.884968 ], [ 145.096685, -37.884095 ] ] } },
{ "type": "Feature", "properties": { "scc_type": "C2" }, "geometry": { "type": "LineString", "coordinates": [ [ 145.042589, -37.742956 ], [ 145.040573, -37.742717 ], [ 145.040523, -37.742992 ], [ 145.038088, -37.742859 ], [ 145.036752, -37.742971 ], [ 145.036718, -37.744871 ], [ 145.035988, -37.74492 ], [ 145.035758, -37.742963 ], [ 145.035341, -37.742473 ], [ 145.030492, -37.743491 ], [ 145.003647, -37.740371 ], [ 144.985148, -37.738543 ], [ 144.9852, -37.738179 ], [ 144.982117, -37.737874 ], [ 144.980865, -37.737559 ], [ 144.979077, -37.737373 ], [ 144.978174, -37.737609 ], [ 144.978708, -37.739334 ], [ 144.978569, -37.740021 ], [ 144.978111, -37.740257 ], [ 144.977865, -37.740829 ], [ 144.977927, -37.741542 ], [ 144.97734, -37.741154 ], [ 144.976805, -37.741297 ], [ 144.9717514, -37.7407285 ] ] } },
{ "type": "Feature", "properties": { "scc_type": "C2" }, "geometry": { "type": "LineString", "coordinates": [ [ 145.042889, -37.886868 ], [ 145.040939, -37.897482 ] ] } },
{ "type": "Feature", "properties": { "scc_type": "C2" }, "geometry": { "type": "LineString", "coordinates": [ [ 145.042889, -37.886868 ], [ 145.03816, -37.886283 ], [ 145.034598, -37.881427 ] ] } },
{ "type": "Feature", "properties": { "scc_type": "C2" }, "geometry": { "type": "LineString", "coordinates": [ [ 145.043012, -37.886883 ], [ 145.042889, -37.886868 ] ] } },
{ "type": "Feature", "properties": { "scc_type": "C2" }, "geometry": { "type": "LineString", "coordinates": [ [ 145.043173, -37.716961 ], [ 145.037976, -37.713918 ], [ 145.030831, -37.713091 ], [ 145.027104, -37.713441 ], [ 145.023463, -37.714526 ], [ 145.022103, -37.715083 ], [ 145.021463, -37.718373 ], [ 145.007559, -37.716712 ] ] } },
{ "type": "Feature", "properties": { "scc_type": "C2" }, "geometry": { "type": "LineString", "coordinates": [ [ 145.04441, -37.847951 ], [ 145.042921, -37.849684 ], [ 145.04214, -37.853224 ] ] } },
{ "type": "Feature", "properties": { "scc_type": "C2" }, "geometry": { "type": "LineString", "coordinates": [ [ 145.04444, -37.676522 ], [ 145.042259, -37.678981 ], [ 145.040499, -37.680682 ], [ 145.032174, -37.686762 ] ] } },
{ "type": "Feature", "properties": { "scc_type": "C2" }, "geometry": { "type": "LineString", "coordinates": [ [ 145.044503, -37.878864 ], [ 145.039676, -37.875657 ] ] } },
{ "type": "Feature", "properties": { "scc_type": "C2" }, "geometry": { "type": "LineString", "coordinates": [ [ 145.044503, -37.878864 ], [ 145.042889, -37.886868 ] ] } },
{ "type": "Feature", "properties": { "scc_type": "C2" }, "geometry": { "type": "LineString", "coordinates": [ [ 145.044793, -38.22943 ], [ 145.041489, -38.224342 ], [ 145.03958, -38.220859 ] ] } },
{ "type": "Feature", "properties": { "scc_type": "C2" }, "geometry": { "type": "LineString", "coordinates": [ [ 145.044793, -38.22943 ], [ 145.036384, -38.236016 ], [ 145.035851, -38.236862 ], [ 145.035718, -38.238051 ], [ 145.037372, -38.244337 ], [ 145.037409, -38.245281 ], [ 145.035814, -38.255916 ] ] } },
{ "type": "Feature", "properties": { "scc_type": "C2" }, "geometry": { "type": "LineString", "coordinates": [ [ 145.137671, -37.733367 ], [ 145.136613, -37.733512 ], [ 145.13579, -37.733945 ], [ 145.135193, -37.73456 ], [ 145.134805, -37.735468 ], [ 145.134456, -37.737723 ], [ 145.13452, -37.738241 ], [ 145.136341, -37.74197 ], [ 145.136539, -37.743509 ], [ 145.132988, -37.765045 ], [ 145.131392, -37.767368 ] ] } },
{ "type": "Feature", "properties": { "scc_type": "C2" }, "geometry": { "type": "LineString", "coordinates": [ [ 145.14044, -37.772756 ], [ 145.137426, -37.771314 ], [ 145.135342, -37.770969 ], [ 145.135668, -37.770366 ], [ 145.135614, -37.770049 ], [ 145.133263, -37.768595 ], [ 145.132714, -37.768048 ], [ 145.131392, -37.767368 ] ] } },
{ "type": "Feature", "properties": { "scc_type": "C2" }, "geometry": { "type": "LineString", "coordinates": [ [ 145.138091, -37.785568 ], [ 145.139465, -37.777992 ], [ 145.140833, -37.777405 ], [ 145.139729, -37.777069 ], [ 145.139772, -37.776761 ], [ 145.139422, -37.776048 ], [ 145.139921, -37.775144 ], [ 145.14044, -37.772756 ] ] } },
{ "type": "Feature", "properties": { "scc_type": "C2" }, "geometry": { "type": "LineString", "coordinates": [ [ 145.149303, -37.917522 ], [ 145.1295211, -37.915026 ], [ 145.12613, -37.914421 ], [ 145.106916, -37.912178 ], [ 145.106009, -37.911919 ] ] } },
{ "type": "Feature", "properties": { "scc_type": "C2" }, "geometry": { "type": "LineString", "coordinates": [ [ 145.149336, -37.917329 ], [ 145.1290601, -37.914758 ], [ 145.124385, -37.913914 ], [ 145.107745, -37.912006 ], [ 145.106009, -37.911919 ] ] } },
{ "type": "Feature", "properties": { "scc_type": "C2" }, "geometry": { "type": "LineString", "coordinates": [ [ 145.149336, -37.917329 ], [ 145.149303, -37.917522 ] ] } },
{ "type": "Feature", "properties": { "scc_type": "C2" }, "geometry": { "type": "LineString", "coordinates": [ [ 145.149303, -37.917522 ], [ 145.14948, -37.918076 ], [ 145.149146, -37.919199 ], [ 145.148323, -37.920248 ], [ 145.147226, -37.92136 ], [ 145.143164, -37.924688 ], [ 145.143551, -37.925007 ], [ 145.142997, -37.926112 ], [ 145.142066, -37.93122 ], [ 145.141944, -37.931416 ], [ 145.141613, -37.931375 ], [ 145.140113, -37.939243 ], [ 145.140083, -37.942365 ], [ 145.137884, -37.952842 ], [ 145.136582, -37.960497 ], [ 145.136963, -37.960815 ], [ 145.136779, -37.962481 ], [ 145.135789, -37.964944 ] ] } },
{ "type": "Feature", "properties": { "scc_type": "C2" }, "geometry": { "type": "LineString", "coordinates": [ [ 145.153191, -37.673318 ], [ 145.151787, -37.673035 ], [ 145.150891, -37.672503 ], [ 145.150446, -37.672475 ], [ 145.147048, -37.675055 ], [ 145.146389, -37.675233 ], [ 145.145607, -37.675126 ], [ 145.144427, -37.674631 ], [ 145.141327, -37.674179 ], [ 145.139583, -37.674567 ], [ 145.136692, -37.674684 ], [ 145.136047, -37.674907 ], [ 145.134608, -37.675883 ], [ 145.133652, -37.676315 ], [ 145.130227, -37.676705 ], [ 145.127291, -37.677722 ], [ 145.125155, -37.678086 ], [ 145.123817, -37.678997 ], [ 145.120163, -37.682442 ], [ 145.117322, -37.685608 ], [ 145.115667, -37.687205 ], [ 145.113395, -37.689132 ], [ 145.112889, -37.689197 ], [ 145.112609, -37.689659 ], [ 145.110331, -37.690665 ], [ 145.108071, -37.691347 ], [ 145.10463, -37.691951 ], [ 145.098745, -37.692364 ] ] } },
{ "type": "Feature", "properties": { "scc_type": "C2" }, "geometry": { "type": "LineString", "coordinates": [ [ 145.084058, -37.75963 ], [ 145.082544, -37.765149 ], [ 145.079732, -37.767868 ], [ 145.079551, -37.768468 ], [ 145.078602, -37.77768 ], [ 145.078613, -37.780959 ] ] } },
{ "type": "Feature", "properties": { "scc_type": "C2" }, "geometry": { "type": "LineString", "coordinates": [ [ 145.100066, -37.874214 ], [ 145.0997039, -37.8738263 ], [ 145.094114, -37.874155 ] ] } },
{ "type": "Feature", "properties": { "scc_type": "C2" }, "geometry": { "type": "LineString", "coordinates": [ [ 145.153319, -37.703709 ], [ 145.152554, -37.703189 ], [ 145.15037, -37.703285 ], [ 145.149915, -37.704169 ], [ 145.149144, -37.704083 ], [ 145.148998, -37.7045 ], [ 145.149586, -37.705285 ], [ 145.149583, -37.705501 ], [ 145.149097, -37.706145 ], [ 145.148603, -37.706315 ], [ 145.146784, -37.706318 ], [ 145.146868, -37.706434 ], [ 145.146429, -37.707214 ], [ 145.145885, -37.707781 ], [ 145.147574, -37.709531 ], [ 145.147638, -37.710413 ], [ 145.147954, -37.710766 ], [ 145.148214, -37.710766 ], [ 145.148337, -37.711423 ], [ 145.147544, -37.71203 ], [ 145.147476, -37.712302 ], [ 145.146352, -37.712186 ], [ 145.145837, -37.712466 ], [ 145.145585, -37.712817 ], [ 145.146245, -37.713404 ], [ 145.146256, -37.713832 ], [ 145.14582, -37.714199 ], [ 145.144816, -37.714283 ], [ 145.14444, -37.714544 ], [ 145.144179, -37.715947 ], [ 145.144299, -37.716226 ] ] } },
{ "type": "Feature", "properties": { "scc_type": "C2" }, "geometry": { "type": "LineString", "coordinates": [ [ 145.154395, -37.845413 ], [ 145.150092, -37.844843 ], [ 145.149561, -37.847718 ], [ 145.136174, -37.846175 ] ] } },
{ "type": "Feature", "properties": { "scc_type": "C2" }, "geometry": { "type": "LineString", "coordinates": [ [ 145.156042, -37.992153 ], [ 145.144903, -37.990852 ], [ 145.144301, -37.990547 ], [ 145.143812, -37.990615 ], [ 145.141773, -37.990367 ], [ 145.141983, -37.990581 ], [ 145.138217, -37.990157 ], [ 145.10925, -37.986615 ], [ 145.109284, -37.986417 ], [ 145.109089, -37.986321 ], [ 145.107758, -37.986355 ], [ 145.100415, -37.985461 ] ] } },
{ "type": "Feature", "properties": { "scc_type": "C2" }, "geometry": { "type": "LineString", "coordinates": [ [ 145.068126, -37.730145 ], [ 145.065407, -37.735969 ], [ 145.065189, -37.737044 ], [ 145.065193, -37.738425 ], [ 145.06555, -37.741238 ], [ 145.065769, -37.741916 ], [ 145.06629, -37.7423991 ], [ 145.0669945, -37.7446797 ], [ 145.0670642, -37.7452285 ], [ 145.0667533, -37.7453019 ] ] } },
{ "type": "Feature", "properties": { "scc_type": "C2" }, "geometry": { "type": "LineString", "coordinates": [ [ 145.068548, -37.878962 ], [ 145.0664854, -37.889862 ] ] } },
{ "type": "Feature", "properties": { "scc_type": "C2" }, "geometry": { "type": "LineString", "coordinates": [ [ 145.068548, -37.878962 ], [ 145.067881, -37.878366 ] ] } },
{ "type": "Feature", "properties": { "scc_type": "C2" }, "geometry": { "type": "LineString", "coordinates": [ [ 145.068592, -37.726674 ], [ 145.068461, -37.727728 ], [ 145.067432, -37.730128 ], [ 145.068126, -37.730145 ] ] } },
{ "type": "Feature", "properties": { "scc_type": "C2" }, "geometry": { "type": "LineString", "coordinates": [ [ 145.068603, -37.937395 ], [ 145.056182, -37.935757 ] ] } },
{ "type": "Feature", "properties": { "scc_type": "C2" }, "geometry": { "type": "LineString", "coordinates": [ [ 145.070614, -37.877478 ], [ 145.070078, -37.878019 ], [ 145.069675, -37.879565 ], [ 145.068548, -37.878962 ] ] } },
{ "type": "Feature", "properties": { "scc_type": "C2" }, "geometry": { "type": "LineString", "coordinates": [ [ 145.071083, -37.825486 ], [ 145.068708, -37.825635 ], [ 145.065794, -37.826338 ], [ 145.05995, -37.826654 ], [ 145.057318, -37.826611 ], [ 145.05577, -37.8262 ], [ 145.054861, -37.825693 ], [ 145.053207, -37.824189 ], [ 145.051932, -37.823556 ], [ 145.047428, -37.822683 ], [ 145.045043, -37.822464 ] ] } },
{ "type": "Feature", "properties": { "scc_type": "C2" }, "geometry": { "type": "LineString", "coordinates": [ [ 145.084058, -37.75963 ], [ 145.083325, -37.759685 ], [ 145.082187, -37.759167 ], [ 145.081255, -37.759683 ], [ 145.08059, -37.75972 ], [ 145.080511, -37.759267 ], [ 145.076494, -37.758137 ], [ 145.075534, -37.758365 ], [ 145.074882, -37.759012 ], [ 145.074089, -37.759275 ], [ 145.073443, -37.759358 ], [ 145.072447, -37.758991 ] ] } },
{ "type": "Feature", "properties": { "scc_type": "C2" }, "geometry": { "type": "LineString", "coordinates": [ [ 145.308014, -38.116319 ], [ 145.307394, -38.116808 ], [ 145.306091, -38.12228 ], [ 145.306183, -38.123122 ], [ 145.306717, -38.124281 ], [ 145.306863, -38.125258 ], [ 145.305345, -38.13211 ], [ 145.304476, -38.133315 ], [ 145.302079, -38.135141 ], [ 145.300367, -38.135857 ], [ 145.29834, -38.137422 ], [ 145.293802, -38.139703 ], [ 145.291294, -38.15346 ], [ 145.245475, -38.147803 ], [ 145.249836, -38.124864 ], [ 145.249226, -38.124051 ] ] } },
{ "type": "Feature", "properties": { "scc_type": "C2" }, "geometry": { "type": "LineString", "coordinates": [ [ 145.050259, -37.799366 ], [ 145.050794, -37.799439 ], [ 145.05052, -37.799713 ], [ 145.052871, -37.800541 ], [ 145.054397, -37.800993 ], [ 145.054939, -37.800849 ], [ 145.055371, -37.800916 ], [ 145.057348, -37.801672 ], [ 145.0593, -37.803356 ], [ 145.059831, -37.804247 ], [ 145.059829, -37.80454 ], [ 145.060908, -37.805832 ], [ 145.061273, -37.806822 ], [ 145.061811, -37.807137 ], [ 145.062195, -37.807942 ], [ 145.062499, -37.807982 ], [ 145.066294, -37.818877 ], [ 145.066748, -37.819848 ], [ 145.067131, -37.820116 ], [ 145.067589, -37.821543 ], [ 145.067403, -37.821845 ], [ 145.067763, -37.822585 ], [ 145.069013, -37.824497 ], [ 145.069834, -37.824976 ], [ 145.071027, -37.825252 ], [ 145.071083, -37.825486 ] ] } },
{ "type": "Feature", "properties": { "scc_type": "C2" }, "geometry": { "type": "LineString", "coordinates": [ [ 145.072447, -37.758991 ], [ 145.07174, -37.758908 ] ] } },
{ "type": "Feature", "properties": { "scc_type": "C2" }, "geometry": { "type": "LineString", "coordinates": [ [ 145.076623, -37.894522 ], [ 145.072554, -37.892592 ], [ 145.06806, -37.890857 ], [ 145.0664854, -37.889862 ] ] } },
{ "type": "Feature", "properties": { "scc_type": "C2" }, "geometry": { "type": "LineString", "coordinates": [ [ 145.079013, -37.87713 ], [ 145.0721478, -37.8776255 ] ] } },
{ "type": "Feature", "properties": { "scc_type": "C2" }, "geometry": { "type": "LineString", "coordinates": [ [ 145.160537, -38.195774 ], [ 145.160828, -38.195818 ], [ 145.161051, -38.194923 ], [ 145.160777, -38.194162 ], [ 145.161501, -38.190574 ], [ 145.162567, -38.187152 ], [ 145.162888, -38.185489 ], [ 145.163298, -38.184705 ], [ 145.163122, -38.184122 ], [ 145.164475, -38.178518 ], [ 145.164679, -38.177805 ], [ 145.165051, -38.177652 ], [ 145.16508, -38.176542 ], [ 145.165925, -38.173124 ], [ 145.166164, -38.172758 ], [ 145.167536, -38.166193 ], [ 145.167568, -38.165509 ], [ 145.167157, -38.164299 ], [ 145.166251, -38.163198 ] ] } },
{ "type": "Feature", "properties": { "scc_type": "C2" }, "geometry": { "type": "LineString", "coordinates": [ [ 145.084856, -37.794666 ], [ 145.079251, -37.823803 ], [ 145.081848, -37.824106 ] ] } },
{ "type": "Feature", "properties": { "scc_type": "C2" }, "geometry": { "type": "LineString", "coordinates": [ [ 145.085024, -37.710987 ], [ 145.083993, -37.712419 ], [ 145.081621, -37.716945 ], [ 145.079147, -37.731582 ] ] } },
{ "type": "Feature", "properties": { "scc_type": "C2" }, "geometry": { "type": "LineString", "coordinates": [ [ 145.086284, -37.903149 ], [ 145.083708, -37.903205 ], [ 145.08333, -37.905248 ], [ 145.076586, -37.904416 ], [ 145.075855, -37.908333 ], [ 145.076144, -37.908338 ], [ 145.073359, -37.922608 ], [ 145.073095, -37.922915 ], [ 145.071578, -37.922736 ], [ 145.068603, -37.937395 ] ] } },
{ "type": "Feature", "properties": { "scc_type": "C2" }, "geometry": { "type": "LineString", "coordinates": [ [ 145.308014, -38.116319 ], [ 145.307646, -38.115853 ], [ 145.2912486, -38.1060915 ] ] } },
{ "type": "Feature", "properties": { "scc_type": "C2" }, "geometry": { "type": "LineString", "coordinates": [ [ 145.168999, -37.896858 ], [ 145.162985, -37.896136 ], [ 145.162924, -37.896516 ], [ 145.158523, -37.89606 ], [ 145.157959, -37.896439 ], [ 145.15718, -37.896017 ], [ 145.153838, -37.895591 ], [ 145.153997, -37.893593 ], [ 145.153788, -37.893092 ], [ 145.154074, -37.891473 ], [ 145.154216, -37.891489 ], [ 145.154952, -37.888406 ], [ 145.154778, -37.887849 ], [ 145.153555, -37.887712 ], [ 145.153265, -37.887541 ], [ 145.151285, -37.885859 ], [ 145.150277, -37.885302 ], [ 145.150054, -37.884805 ], [ 145.149442, -37.884787 ], [ 145.148593, -37.884002 ], [ 145.148491, -37.883583 ], [ 145.148109, -37.883425 ], [ 145.147098, -37.883297 ], [ 145.146537, -37.883915 ], [ 145.145501, -37.883899 ], [ 145.14489, -37.884325 ], [ 145.144269, -37.884453 ], [ 145.143198, -37.884317 ], [ 145.140681, -37.884514 ] ] } },
{ "type": "Feature", "properties": { "scc_type": "C2" }, "geometry": { "type": "LineString", "coordinates": [ [ 145.1693143, -37.9200175 ], [ 145.149303, -37.917522 ] ] } },
{ "type": "Feature", "properties": { "scc_type": "C2" }, "geometry": { "type": "LineString", "coordinates": [ [ 145.169321, -37.9197724 ], [ 145.166811, -37.91947 ] ] } },
{ "type": "Feature", "properties": { "scc_type": "C2" }, "geometry": { "type": "LineString", "coordinates": [ [ 145.169321, -37.9197724 ], [ 145.1693143, -37.9200175 ] ] } },
{ "type": "Feature", "properties": { "scc_type": "C2" }, "geometry": { "type": "LineString", "coordinates": [ [ 145.169321, -37.91977 ], [ 145.169321, -37.9197724 ] ] } },
{ "type": "Feature", "properties": { "scc_type": "C2" }, "geometry": { "type": "LineString", "coordinates": [ [ 145.169645, -37.746134 ], [ 145.166308, -37.763719 ], [ 145.164344, -37.7751 ], [ 145.164443, -37.775234 ] ] } },
{ "type": "Feature", "properties": { "scc_type": "C2" }, "geometry": { "type": "LineString", "coordinates": [ [ 145.169852, -37.957181 ], [ 145.16293, -37.956302 ] ] } },
{ "type": "Feature", "properties": { "scc_type": "C2" }, "geometry": { "type": "LineString", "coordinates": [ [ 145.147611, -37.876325 ], [ 145.147578, -37.876496 ], [ 145.152281, -37.87707 ], [ 145.165616, -37.880718 ], [ 145.165649, -37.880551 ], [ 145.168102, -37.88078 ], [ 145.170272, -37.881449 ], [ 145.170079, -37.882668 ] ] } },
{ "type": "Feature", "properties": { "scc_type": "C2" }, "geometry": { "type": "LineString", "coordinates": [ [ 145.164443, -37.775234 ], [ 145.163137, -37.782781 ], [ 145.166169, -37.783126 ], [ 145.166153, -37.783228 ], [ 145.170596, -37.783631 ], [ 145.170662, -37.784065 ], [ 145.170334, -37.785997 ], [ 145.1711986, -37.7860935 ], [ 145.170555, -37.790125 ] ] } },
{ "type": "Feature", "properties": { "scc_type": "C2" }, "geometry": { "type": "LineString", "coordinates": [ [ 145.171614, -37.93499 ], [ 145.170151, -37.942369 ] ] } },
{ "type": "Feature", "properties": { "scc_type": "C2" }, "geometry": { "type": "LineString", "coordinates": [ [ 145.170079, -37.882668 ], [ 145.169521, -37.885769 ], [ 145.172402, -37.88609 ], [ 145.171619, -37.889703 ], [ 145.17038, -37.88956 ], [ 145.168999, -37.896858 ] ] } },
{ "type": "Feature", "properties": { "scc_type": "C2" }, "geometry": { "type": "LineString", "coordinates": [ [ 145.172562, -37.947601 ], [ 145.171612, -37.948424 ], [ 145.169957, -37.957192 ] ] } },
{ "type": "Feature", "properties": { "scc_type": "C2" }, "geometry": { "type": "LineString", "coordinates": [ [ 145.168999, -37.896858 ], [ 145.167085, -37.907494 ], [ 145.167421, -37.907842 ], [ 145.170103, -37.908156 ], [ 145.170784, -37.908108 ], [ 145.171432, -37.907865 ], [ 145.172179, -37.910884 ], [ 145.172598, -37.911857 ], [ 145.172461, -37.912481 ], [ 145.172115, -37.912878 ], [ 145.168826, -37.914422 ], [ 145.168605, -37.914353 ], [ 145.168177, -37.914587 ], [ 145.167144, -37.91574 ], [ 145.16675, -37.917918 ], [ 145.166288, -37.918936 ], [ 145.166741, -37.919201 ], [ 145.166811, -37.91947 ] ] } },
{ "type": "Feature", "properties": { "scc_type": "C2" }, "geometry": { "type": "LineString", "coordinates": [ [ 145.17264, -37.947534 ], [ 145.169834, -37.945049 ], [ 145.170691, -37.944366 ], [ 145.171179, -37.94336 ], [ 145.170984, -37.942838 ], [ 145.171111, -37.942574 ], [ 145.170189, -37.942331 ] ] } },
{ "type": "Feature", "properties": { "scc_type": "C2" }, "geometry": { "type": "LineString", "coordinates": [ [ 145.090773, -37.648799 ], [ 145.092056, -37.647444 ], [ 145.094859, -37.645551 ], [ 145.095966, -37.644254 ], [ 145.096357, -37.643163 ], [ 145.09644, -37.642342 ], [ 145.095696, -37.637892 ] ] } },
{ "type": "Feature", "properties": { "scc_type": "C2" }, "geometry": { "type": "LineString", "coordinates": [ [ 145.174092, -37.998726 ], [ 145.174012, -37.998544 ], [ 145.173687, -37.998636 ], [ 145.17301, -37.998547 ], [ 145.17178, -37.99823 ], [ 145.162847, -37.997177 ], [ 145.162167, -37.997201 ], [ 145.161992, -37.996983 ], [ 145.160153, -37.996339 ], [ 145.158045, -37.995251 ], [ 145.157941, -37.994939 ], [ 145.157186, -37.994335 ], [ 145.15613, -37.993027 ], [ 145.156042, -37.992153 ] ] } },
{ "type": "Feature", "properties": { "scc_type": "C2" }, "geometry": { "type": "LineString", "coordinates": [ [ 145.174092, -37.998726 ], [ 145.173819, -38.001447 ], [ 145.173591, -38.001935 ], [ 145.173926, -38.002098 ], [ 145.173392, -38.004509 ], [ 145.173375, -38.005385 ], [ 145.172637, -38.008322 ], [ 145.171936, -38.009434 ], [ 145.171736, -38.010569 ], [ 145.171813, -38.011301 ], [ 145.17165, -38.011563 ], [ 145.16621, -38.013111 ], [ 145.164567, -38.013265 ], [ 145.162818, -38.0132 ], [ 145.15443, -38.012379 ], [ 145.142148, -38.010909 ], [ 145.139415, -38.010901 ], [ 145.135902, -38.011121 ], [ 145.122195, -38.009485 ] ] } },
{ "type": "Feature", "properties": { "scc_type": "C2" }, "geometry": { "type": "LineString", "coordinates": [ [ 145.175286, -37.998652 ], [ 145.174092, -37.998726 ] ] } },
{ "type": "Feature", "properties": { "scc_type": "C2" }, "geometry": { "type": "LineString", "coordinates": [ [ 145.176361, -37.967008 ], [ 145.176158, -37.967251 ], [ 145.175828, -37.96894 ], [ 145.174049, -37.968722 ], [ 145.172451, -37.976948 ], [ 145.17789, -37.977524 ], [ 145.175115, -37.992112 ], [ 145.175561, -37.9925 ], [ 145.175705, -37.993001 ], [ 145.17543, -37.9945 ], [ 145.175535, -37.994856 ], [ 145.174812, -37.998137 ], [ 145.174906, -37.99845 ], [ 145.175286, -37.998652 ] ] } },
{ "type": "Feature", "properties": { "scc_type": "C2" }, "geometry": { "type": "LineString", "coordinates": [ [ 145.185616, -37.801544 ], [ 145.182694, -37.800062 ], [ 145.173846, -37.790852 ], [ 145.172964, -37.790349 ], [ 145.170295, -37.790101 ] ] } },
{ "type": "Feature", "properties": { "scc_type": "C2" }, "geometry": { "type": "LineString", "coordinates": [ [ 145.186176, -37.922074 ], [ 145.1693143, -37.9200175 ] ] } },
{ "type": "Feature", "properties": { "scc_type": "C2" }, "geometry": { "type": "LineString", "coordinates": [ [ 145.095605, -37.637512 ], [ 145.095192, -37.638334 ], [ 145.094014, -37.642083 ], [ 145.093148, -37.643146 ], [ 145.091119, -37.645022 ], [ 145.089904, -37.645893 ], [ 145.08854, -37.646441 ], [ 145.081519, -37.647263 ], [ 145.081404, -37.647048 ], [ 145.080823, -37.647383 ], [ 145.072903, -37.648347 ], [ 145.072797, -37.647981 ], [ 145.068792, -37.648423 ], [ 145.068179, -37.648613 ], [ 145.068398, -37.64909 ], [ 145.05869, -37.650395 ], [ 145.05843, -37.650567 ], [ 145.0578, -37.650456 ], [ 145.046676, -37.651808 ], [ 145.042994, -37.651984 ], [ 145.042308, -37.651897 ], [ 145.041127, -37.652072 ], [ 145.035165, -37.65228 ] ] } },
{ "type": "Feature", "properties": { "scc_type": "C2" }, "geometry": { "type": "LineString", "coordinates": [ [ 145.095696, -37.637892 ], [ 145.095605, -37.637512 ] ] } },
{ "type": "Feature", "properties": { "scc_type": "C2" }, "geometry": { "type": "LineString", "coordinates": [ [ 145.095696, -37.637892 ], [ 145.096198, -37.642163 ], [ 145.096101, -37.643135 ], [ 145.095677, -37.644213 ], [ 145.094827, -37.645273 ], [ 145.092201, -37.647057 ], [ 145.090563, -37.648709 ] ] } },
{ "type": "Feature", "properties": { "scc_type": "C2" }, "geometry": { "type": "LineString", "coordinates": [ [ 145.100426, -37.985538 ], [ 145.0748, -37.982424 ], [ 145.074113, -37.982594 ], [ 145.074196, -37.982806 ], [ 145.071491, -37.984717 ], [ 145.070961, -37.984249 ], [ 145.066724, -37.98369 ], [ 145.066048, -37.983113 ] ] } },
{ "type": "Feature", "properties": { "scc_type": "C2" }, "geometry": { "type": "LineString", "coordinates": [ [ 145.101161, -37.601234 ], [ 145.077437, -37.598415 ], [ 145.059637, -37.596515 ], [ 145.054257, -37.596267 ], [ 145.047026, -37.59513 ], [ 145.033727, -37.594007 ] ] } },
{ "type": "Feature", "properties": { "scc_type": "C2" }, "geometry": { "type": "LineString", "coordinates": [ [ 145.101161, -37.601234 ], [ 145.099031, -37.610011 ], [ 145.098121, -37.61471 ], [ 145.09786, -37.615234 ], [ 145.097308, -37.620341 ], [ 145.097392, -37.62296 ], [ 145.096844, -37.62287 ], [ 145.096983, -37.624384 ], [ 145.096556, -37.630223 ], [ 145.095569, -37.636491 ], [ 145.095605, -37.637512 ] ] } },
{ "type": "Feature", "properties": { "scc_type": "C2" }, "geometry": { "type": "LineString", "coordinates": [ [ 145.101755, -37.941143 ], [ 145.091034, -37.93981 ], [ 145.091039, -37.94008 ], [ 145.090789, -37.940187 ] ] } },
{ "type": "Feature", "properties": { "scc_type": "C2" }, "geometry": { "type": "LineString", "coordinates": [ [ 145.106009, -37.911919 ], [ 145.103441, -37.911601 ] ] } },
{ "type": "Feature", "properties": { "scc_type": "C2" }, "geometry": { "type": "LineString", "coordinates": [ [ 145.10731, -37.703696 ], [ 145.105305, -37.704889 ], [ 145.104848, -37.704835 ], [ 145.104358, -37.708075 ], [ 145.100206, -37.707623 ], [ 145.100256, -37.707319 ], [ 145.095327, -37.706774 ], [ 145.093978, -37.706491 ], [ 145.094112, -37.706036 ], [ 145.089945, -37.705578 ], [ 145.087861, -37.707921 ], [ 145.087251, -37.708327 ], [ 145.087419, -37.708008 ], [ 145.087131, -37.707875 ], [ 145.08737, -37.707444 ], [ 145.087076, -37.707708 ], [ 145.086472, -37.707796 ], [ 145.080946, -37.707204 ] ] } },
{ "type": "Feature", "properties": { "scc_type": "C2" }, "geometry": { "type": "LineString", "coordinates": [ [ 145.108045, -37.958636 ], [ 145.105585, -37.957361 ], [ 145.104303, -37.95653 ], [ 145.103947, -37.956138 ], [ 145.104195, -37.955988 ], [ 145.102799, -37.954339 ], [ 145.101404, -37.950499 ], [ 145.100497, -37.94883 ], [ 145.099881, -37.946933 ], [ 145.098006, -37.944528 ], [ 145.09771, -37.944413 ], [ 145.097606, -37.944194 ], [ 145.097448, -37.944404 ], [ 145.09635, -37.943276 ], [ 145.094207, -37.941794 ], [ 145.090789, -37.940187 ] ] } },
{ "type": "Feature", "properties": { "scc_type": "C2" }, "geometry": { "type": "LineString", "coordinates": [ [ 145.112753, -37.937026 ], [ 145.112541, -37.937076 ], [ 145.11226, -37.937472 ], [ 145.108281, -37.937098 ], [ 145.107863, -37.937238 ], [ 145.105282, -37.93704 ], [ 145.102289, -37.938522 ], [ 145.101755, -37.941142 ] ] } },
{ "type": "Feature", "properties": { "scc_type": "C2" }, "geometry": { "type": "LineString", "coordinates": [ [ 145.113583, -37.689337 ], [ 145.113846, -37.689722 ], [ 145.113891, -37.690196 ], [ 145.1125, -37.693647 ], [ 145.108174, -37.696825 ], [ 145.107858, -37.697202 ], [ 145.107498, -37.697789 ], [ 145.107444, -37.698631 ], [ 145.107734, -37.699921 ], [ 145.107433, -37.700903 ], [ 145.105797, -37.702553 ] ] } },
{ "type": "Feature", "properties": { "scc_type": "C2" }, "geometry": { "type": "LineString", "coordinates": [ [ 145.114707, -37.514606 ], [ 145.112531, -37.524669 ], [ 145.1124041, -37.529944 ], [ 145.109097, -37.547674 ], [ 145.109102, -37.551159 ], [ 145.109691, -37.557855 ], [ 145.109209, -37.564236 ], [ 145.108797, -37.565473 ], [ 145.104617, -37.571852 ], [ 145.103983, -37.573382 ], [ 145.10368, -37.584929 ], [ 145.101953, -37.592636 ], [ 145.102203, -37.593277 ], [ 145.101161, -37.601234 ] ] } },
{ "type": "Feature", "properties": { "scc_type": "C2" }, "geometry": { "type": "LineString", "coordinates": [ [ 145.269577, -38.023661 ], [ 145.268549, -38.027961 ], [ 145.268772, -38.028388 ], [ 145.267947, -38.031757 ] ] } },
{ "type": "Feature", "properties": { "scc_type": "C2" }, "geometry": { "type": "LineString", "coordinates": [ [ 145.115511, -37.972754 ], [ 145.037377, -37.963166 ], [ 145.037162, -37.96425 ], [ 145.018944, -37.96213 ] ] } },
{ "type": "Feature", "properties": { "scc_type": "C2" }, "geometry": { "type": "LineString", "coordinates": [ [ 145.118423, -37.842625 ], [ 145.117756, -37.842741 ], [ 145.116567, -37.843358 ], [ 145.115797, -37.8444 ], [ 145.114783, -37.844642 ], [ 145.113961, -37.844653 ], [ 145.112886, -37.845396 ], [ 145.112203, -37.845607 ], [ 145.11142, -37.846382 ], [ 145.111011, -37.847061 ], [ 145.110995, -37.84805 ], [ 145.110646, -37.84934 ], [ 145.109099, -37.84936 ], [ 145.109257, -37.850031 ], [ 145.109475, -37.850145 ], [ 145.109366, -37.851283 ], [ 145.10985, -37.852223 ], [ 145.109784, -37.853035 ], [ 145.108753, -37.853437 ], [ 145.108051, -37.854282 ], [ 145.107186, -37.854635 ], [ 145.107541, -37.854704 ], [ 145.107539, -37.85486 ], [ 145.106961, -37.855307 ], [ 145.105855, -37.855533 ], [ 145.104571, -37.855548 ], [ 145.103832, -37.856391 ], [ 145.102298, -37.857572 ], [ 145.101798, -37.85933 ], [ 145.101249, -37.862389 ], [ 145.100627, -37.866438 ], [ 145.100845, -37.866818 ], [ 145.100243, -37.866742 ], [ 145.100008, -37.866913 ], [ 145.099761, -37.86826 ], [ 145.098548, -37.8694 ], [ 145.097694, -37.869757 ], [ 145.096283, -37.870983 ], [ 145.094963, -37.871517 ], [ 145.094164, -37.872021 ], [ 145.0936429, -37.8719079 ], [ 145.092766, -37.8720349 ], [ 145.09215, -37.872391 ] ] } },
{ "type": "Feature", "properties": { "scc_type": "C2" }, "geometry": { "type": "LineString", "coordinates": [ [ 145.119079, -37.818854 ], [ 145.115962, -37.818366 ], [ 145.113296, -37.818215 ], [ 145.107699, -37.818495 ], [ 145.1063, -37.81905 ], [ 145.09902, -37.823871 ], [ 145.097491, -37.824535 ], [ 145.096347, -37.824787 ], [ 145.093473, -37.824935 ], [ 145.084802, -37.823458 ], [ 145.083273, -37.823593 ], [ 145.081848, -37.824106 ] ] } },
{ "type": "Feature", "properties": { "scc_type": "C2" }, "geometry": { "type": "LineString", "coordinates": [ [ 145.233859, -37.868588 ], [ 145.23075, -37.871624 ], [ 145.226592, -37.871476 ], [ 145.22561, -37.871647 ], [ 145.225128, -37.872029 ], [ 145.224327, -37.871866 ], [ 145.222725, -37.872198 ], [ 145.221465, -37.87201 ], [ 145.220701, -37.872679 ], [ 145.220621, -37.87307 ], [ 145.218652, -37.873246 ], [ 145.21692, -37.875072 ], [ 145.216836, -37.87562 ], [ 145.216102, -37.876395 ], [ 145.2160419, -37.876948 ] ] } },
{ "type": "Feature", "properties": { "scc_type": "C2" }, "geometry": { "type": "LineString", "coordinates": [ [ 145.130107, -37.890156 ], [ 145.129857, -37.890759 ], [ 145.129177, -37.891066 ], [ 145.128604, -37.891711 ], [ 145.126563, -37.891695 ], [ 145.124236, -37.89106 ], [ 145.121625, -37.890659 ], [ 145.120782, -37.890665 ], [ 145.118235, -37.891621 ], [ 145.117596, -37.89142 ], [ 145.116637, -37.891858 ], [ 145.115816, -37.891789 ], [ 145.114938, -37.892005 ], [ 145.114862, -37.892368 ], [ 145.113701, -37.892362 ], [ 145.112621, -37.892932 ], [ 145.112302, -37.893347 ], [ 145.111329, -37.893358 ], [ 145.111171, -37.893067 ], [ 145.11034, -37.892743 ], [ 145.108601, -37.892656 ], [ 145.107726, -37.892768 ], [ 145.107299, -37.893193 ], [ 145.107243, -37.89364 ], [ 145.106978, -37.893735 ], [ 145.107015, -37.89329 ], [ 145.106677, -37.893208 ], [ 145.106714, -37.893009 ], [ 145.105781, -37.892681 ], [ 145.103798, -37.89081 ], [ 145.10233, -37.891041 ], [ 145.101077, -37.891526 ], [ 145.100769, -37.89206 ], [ 145.098706, -37.891891 ], [ 145.098156, -37.892173 ], [ 145.097335, -37.89209 ], [ 145.096522, -37.892313 ], [ 145.096284, -37.891664 ], [ 145.095035, -37.891528 ], [ 145.093926, -37.890579 ] ] } },
{ "type": "Feature", "properties": { "scc_type": "C2" }, "geometry": { "type": "LineString", "coordinates": [ [ 145.130107, -37.890156 ], [ 145.123266, -37.888994 ], [ 145.122736, -37.88872 ], [ 145.122029, -37.888853 ], [ 145.121746, -37.888587 ], [ 145.120937, -37.888737 ], [ 145.119967, -37.888443 ], [ 145.119107, -37.888517 ], [ 145.118813, -37.888398 ], [ 145.118567, -37.887983 ], [ 145.115024, -37.887463 ], [ 145.114823, -37.887674 ], [ 145.114365, -37.887437 ], [ 145.11324, -37.887421 ], [ 145.112514, -37.887274 ], [ 145.108623, -37.885853 ], [ 145.10832, -37.885988 ], [ 145.10467, -37.885643 ], [ 145.101218, -37.884925 ], [ 145.099522, -37.88481 ], [ 145.096685, -37.884095 ] ] } },
{ "type": "Feature", "properties": { "scc_type": "C2" }, "geometry": { "type": "LineString", "coordinates": [ [ 145.131211, -37.888833 ], [ 145.130623, -37.888961 ], [ 145.130107, -37.890156 ] ] } },
{ "type": "Feature", "properties": { "scc_type": "C2" }, "geometry": { "type": "LineString", "coordinates": [ [ 145.233859, -37.868588 ], [ 145.207148, -37.859991 ] ] } },
{ "type": "Feature", "properties": { "scc_type": "C2" }, "geometry": { "type": "LineString", "coordinates": [ [ 145.235369, -37.869131 ], [ 145.233859, -37.868588 ] ] } },
{ "type": "Feature", "properties": { "scc_type": "C2" }, "geometry": { "type": "LineString", "coordinates": [ [ 145.273346, -37.846808 ], [ 145.270584, -37.843967 ], [ 145.270386, -37.843795 ], [ 145.270011, -37.843867 ], [ 145.268577, -37.842436 ], [ 145.266169, -37.839847 ], [ 145.266234, -37.839457 ], [ 145.26342, -37.836517 ] ] } },
{ "type": "Feature", "properties": { "scc_type": "C2" }, "geometry": { "type": "LineString", "coordinates": [ [ 145.131392, -37.767368 ], [ 145.130008, -37.766858 ], [ 145.127669, -37.766434 ], [ 145.12733, -37.766201 ], [ 145.127363, -37.764856 ], [ 145.127143, -37.764465 ], [ 145.127355, -37.763776 ], [ 145.127156, -37.763611 ], [ 145.127085, -37.763003 ], [ 145.127186, -37.762137 ], [ 145.126374, -37.761098 ], [ 145.125471, -37.760525 ], [ 145.125181, -37.760161 ], [ 145.125055, -37.758944 ], [ 145.124683, -37.758155 ], [ 145.123316, -37.757762 ], [ 145.12256, -37.757124 ], [ 145.114628, -37.75626 ], [ 145.113844, -37.756546 ], [ 145.113306, -37.757214 ], [ 145.110652, -37.756986 ], [ 145.108022, -37.755791 ], [ 145.107353, -37.755663 ], [ 145.103511, -37.756298 ], [ 145.101287, -37.756288 ], [ 145.095622, -37.755364 ], [ 145.094783, -37.755351 ], [ 145.092226, -37.755773 ], [ 145.088205, -37.757234 ], [ 145.084882, -37.758723 ], [ 145.084058, -37.75963 ] ] } },
{ "type": "Feature", "properties": { "scc_type": "C2" }, "geometry": { "type": "LineString", "coordinates": [ [ 145.133818, -37.87541 ], [ 145.129277, -37.875445 ], [ 145.128998, -37.876092 ], [ 145.126585, -37.875801 ], [ 145.126502, -37.87624 ], [ 145.124678, -37.876029 ], [ 145.124567, -37.875604 ], [ 145.124183, -37.875561 ], [ 145.121673, -37.875569 ], [ 145.116217, -37.875122 ], [ 145.114927, -37.874865 ], [ 145.1112625, -37.8735679 ], [ 145.1088046, -37.8731995 ], [ 145.1022603, -37.8736281 ], [ 145.0999938, -37.8740713 ] ] } },
{ "type": "Feature", "properties": { "scc_type": "C2" }, "geometry": { "type": "LineString", "coordinates": [ [ 145.135789, -37.964944 ], [ 145.135399, -37.964933 ], [ 145.135212, -37.965247 ], [ 145.133392, -37.964784 ], [ 145.130977, -37.962957 ], [ 145.129017, -37.962158 ], [ 145.129014, -37.96192 ], [ 145.128378, -37.961524 ], [ 145.126207, -37.960967 ], [ 145.125783, -37.960741 ], [ 145.124348, -37.96055 ], [ 145.123527, -37.960631 ], [ 145.119577, -37.959921 ], [ 145.11769, -37.95983 ] ] } },
{ "type": "Feature", "properties": { "scc_type": "C2" }, "geometry": { "type": "LineString", "coordinates": [ [ 145.129864, -37.820368 ], [ 145.130137, -37.818845 ], [ 145.130616, -37.818902 ], [ 145.134375, -37.79937 ], [ 145.135947, -37.79956 ], [ 145.136181, -37.798277 ], [ 145.135792, -37.798244 ] ] } },
{ "type": "Feature", "properties": { "scc_type": "C2" }, "geometry": { "type": "LineString", "coordinates": [ [ 145.137671, -37.733367 ], [ 145.137243, -37.732965 ], [ 145.136649, -37.732703 ], [ 145.131825, -37.731121 ], [ 145.126666, -37.728491 ], [ 145.123864, -37.725751 ], [ 145.123, -37.72549 ], [ 145.119847, -37.72497 ], [ 145.117549, -37.725216 ], [ 145.115702, -37.725769 ], [ 145.110618, -37.728664 ], [ 145.108629, -37.729699 ], [ 145.107803, -37.729949 ], [ 145.107125, -37.730017 ], [ 145.097253, -37.728742 ], [ 145.090266, -37.7301 ], [ 145.084083, -37.731973 ], [ 145.079147, -37.731582 ] ] } },
{ "type": "Feature", "properties": { "scc_type": "C2" }, "geometry": { "type": "LineString", "coordinates": [ [ 145.164443, -37.775234 ], [ 145.146629, -37.77313 ], [ 145.145616, -37.773135 ], [ 145.143944, -37.773447 ], [ 145.142398, -37.773467 ], [ 145.141638, -37.773328 ], [ 145.14044, -37.772756 ] ] } },
{ "type": "Feature", "properties": { "scc_type": "C2" }, "geometry": { "type": "LineString", "coordinates": [ [ 145.225411, -38.005329 ], [ 145.22199, -38.00463 ], [ 145.220536, -38.004166 ], [ 145.217208, -38.003918 ], [ 145.217104, -38.003746 ], [ 145.216736, -38.003674 ], [ 145.212428, -38.003223 ], [ 145.210558, -38.003155 ], [ 145.208683, -38.002803 ], [ 145.20784, -38.002828 ], [ 145.207591, -38.002545 ], [ 145.204928, -38.002243 ], [ 145.197391, -38.001712 ], [ 145.195915, -38.001383 ] ] } },
{ "type": "Feature", "properties": { "scc_type": "C2" }, "geometry": { "type": "LineString", "coordinates": [ [ 145.229799, -37.986637 ], [ 145.229779, -37.986637 ] ] } },
{ "type": "Feature", "properties": { "scc_type": "C2" }, "geometry": { "type": "LineString", "coordinates": [ [ 145.229799, -37.986637 ], [ 145.230851, -37.986808 ], [ 145.229877, -37.989448 ], [ 145.229455, -37.989887 ], [ 145.228281, -37.990315 ], [ 145.227732, -37.990735 ], [ 145.227543, -37.991114 ], [ 145.227357, -37.993097 ], [ 145.225104, -37.994716 ], [ 145.224652, -37.995412 ] ] } },
{ "type": "Feature", "properties": { "scc_type": "C2" }, "geometry": { "type": "LineString", "coordinates": [ [ 145.231238, -37.81572 ], [ 145.230296, -37.815719 ], [ 145.228111, -37.816687 ], [ 145.22723, -37.816795 ] ] } },
{ "type": "Feature", "properties": { "scc_type": "C2" }, "geometry": { "type": "LineString", "coordinates": [ [ 145.231214, -37.814903 ], [ 145.231238, -37.81572 ] ] } },
{ "type": "Feature", "properties": { "scc_type": "C2" }, "geometry": { "type": "LineString", "coordinates": [ [ 145.231769, -37.98161 ], [ 145.226404, -37.981015 ], [ 145.226177, -37.982211 ], [ 145.215284, -37.980925 ], [ 145.214625, -37.984391 ], [ 145.21471, -37.984897 ], [ 145.214062, -37.98482 ] ] } },
{ "type": "Feature", "properties": { "scc_type": "C2" }, "geometry": { "type": "LineString", "coordinates": [ [ 145.231769, -37.98161 ], [ 145.231788, -37.982304 ], [ 145.231439, -37.983724 ], [ 145.229799, -37.986637 ] ] } },
{ "type": "Feature", "properties": { "scc_type": "C2" }, "geometry": { "type": "LineString", "coordinates": [ [ 145.231769, -37.98161 ], [ 145.231504, -37.980795 ], [ 145.231593, -37.9803 ], [ 145.227756, -37.975474 ], [ 145.228065, -37.974625 ], [ 145.227847, -37.974191 ], [ 145.228212, -37.972255 ], [ 145.228131, -37.971865 ], [ 145.227949, -37.971819 ], [ 145.228496, -37.971709 ], [ 145.228506, -37.971589 ] ] } },
{ "type": "Feature", "properties": { "scc_type": "C2" }, "geometry": { "type": "LineString", "coordinates": [ [ 145.233096, -37.927856 ], [ 145.233067, -37.92801 ], [ 145.2326466, -37.9282191 ], [ 145.2326272, -37.9290277 ], [ 145.231505, -37.934489 ], [ 145.2313152, -37.9360342 ], [ 145.231459, -37.936208 ], [ 145.229649, -37.945452 ], [ 145.22721, -37.950761 ] ] } },
{ "type": "Feature", "properties": { "scc_type": "C2" }, "geometry": { "type": "LineString", "coordinates": [ [ 145.278757, -37.97744 ], [ 145.258193, -37.974896 ], [ 145.228506, -37.971589 ] ] } },
{ "type": "Feature", "properties": { "scc_type": "C2" }, "geometry": { "type": "LineString", "coordinates": [ [ 145.278835, -37.883215 ], [ 145.277528, -37.882749 ] ] } },
{ "type": "Feature", "properties": { "scc_type": "C2" }, "geometry": { "type": "LineString", "coordinates": [ [ 145.2735021, -37.8914899 ], [ 145.272672, -37.890691 ], [ 145.276565, -37.888141 ], [ 145.276534, -37.887982 ], [ 145.280555, -37.887538 ], [ 145.278452, -37.884148 ], [ 145.278835, -37.883215 ] ] } },
{ "type": "Feature", "properties": { "scc_type": "C2" }, "geometry": { "type": "LineString", "coordinates": [ [ 145.233096, -37.927856 ], [ 145.232755, -37.927713 ], [ 145.229675, -37.927481 ], [ 145.2228458, -37.9265025 ], [ 145.2226063, -37.9265752 ], [ 145.2200341, -37.9262805 ], [ 145.2199972, -37.9261463 ], [ 145.212556, -37.925191 ], [ 145.21237, -37.924995 ], [ 145.209915, -37.924889 ], [ 145.196519, -37.923022 ], [ 145.169321, -37.9197724 ] ] } },
{ "type": "Feature", "properties": { "scc_type": "C2" }, "geometry": { "type": "LineString", "coordinates": [ [ 145.228506, -37.971589 ], [ 145.22875, -37.970818 ], [ 145.226094, -37.96853 ], [ 145.225925, -37.967113 ], [ 145.226707, -37.965906 ], [ 145.227585, -37.965416 ], [ 145.227867, -37.96448 ], [ 145.228934, -37.963789 ], [ 145.229833, -37.963627 ], [ 145.230576, -37.962972 ], [ 145.231208, -37.962646 ], [ 145.231833, -37.961578 ], [ 145.232001, -37.960743 ], [ 145.232707, -37.960256 ], [ 145.233248, -37.958935 ], [ 145.233481, -37.957723 ], [ 145.233386, -37.954984 ], [ 145.233035, -37.953952 ], [ 145.231915, -37.952679 ], [ 145.231573, -37.953021 ], [ 145.231166, -37.953014 ], [ 145.23082, -37.952738 ], [ 145.230109, -37.952825 ], [ 145.22979, -37.95265 ], [ 145.229289, -37.952943 ], [ 145.229, -37.95293 ], [ 145.227681, -37.952165 ], [ 145.22737, -37.950968 ], [ 145.226725, -37.950745 ], [ 145.225936, -37.950215 ], [ 145.225639, -37.949834 ], [ 145.225687, -37.948423 ], [ 145.225118, -37.947972 ], [ 145.224276, -37.946753 ], [ 145.223287, -37.946244 ], [ 145.22245, -37.945149 ], [ 145.222189, -37.944578 ], [ 145.222346, -37.943996 ], [ 145.222245, -37.943569 ], [ 145.220601, -37.943258 ], [ 145.220177, -37.942404 ], [ 145.219733, -37.941988 ], [ 145.217406, -37.940986 ], [ 145.215093, -37.939621 ], [ 145.215747, -37.938328 ], [ 145.2149857, -37.9370186 ], [ 145.2144408, -37.9366158 ], [ 145.2110437, -37.9358284 ], [ 145.210116, -37.934653 ], [ 145.209168, -37.9341 ] ] } },
{ "type": "Feature", "properties": { "scc_type": "C2" }, "geometry": { "type": "LineString", "coordinates": [ [ 145.311082, -37.784679 ], [ 145.310176, -37.784523 ], [ 145.307452, -37.783511 ], [ 145.305109, -37.783069 ], [ 145.304325, -37.783067 ], [ 145.302503, -37.783463 ], [ 145.292341, -37.786993 ], [ 145.290055, -37.788022 ], [ 145.287807, -37.790855 ], [ 145.286488, -37.792013 ], [ 145.282874, -37.794076 ], [ 145.281964, -37.794929 ] ] } },
{ "type": "Feature", "properties": { "scc_type": "C2" }, "geometry": { "type": "LineString", "coordinates": [ [ 145.235369, -37.869131 ], [ 145.234848, -37.869066 ], [ 145.234682, -37.869476 ], [ 145.233003, -37.871046 ], [ 145.23273, -37.871576 ], [ 145.232798, -37.874623 ], [ 145.232579, -37.877216 ], [ 145.232755, -37.879424 ], [ 145.232729, -37.888698 ], [ 145.23299, -37.88877 ], [ 145.233001, -37.889045 ], [ 145.232983, -37.898733 ], [ 145.232834, -37.899168 ], [ 145.230325, -37.899175 ], [ 145.2301723, -37.8989283 ], [ 145.2282801, -37.8990052 ], [ 145.224197, -37.898841 ], [ 145.222344, -37.899066 ], [ 145.22038, -37.899872 ], [ 145.219385, -37.90059 ], [ 145.219252, -37.900544 ], [ 145.218304, -37.901191 ], [ 145.214355, -37.9033 ], [ 145.214289, -37.902772 ] ] } },
{ "type": "Feature", "properties": { "scc_type": "C2" }, "geometry": { "type": "LineString", "coordinates": [ [ 145.236625, -37.9037 ], [ 145.233979, -37.900451 ], [ 145.233465, -37.899405 ], [ 145.232881, -37.899403 ], [ 145.232793, -37.89922 ] ] } },
{ "type": "Feature", "properties": { "scc_type": "C2" }, "geometry": { "type": "LineString", "coordinates": [ [ 145.236952, -37.8648 ], [ 145.235753, -37.867433 ], [ 145.234266, -37.867905 ], [ 145.233859, -37.868588 ] ] } },
{ "type": "Feature", "properties": { "scc_type": "C2" }, "geometry": { "type": "LineString", "coordinates": [ [ 145.156042, -37.992153 ], [ 145.156071, -37.991979 ], [ 145.15573, -37.991921 ], [ 145.15513, -37.989741 ], [ 145.154517, -37.989269 ], [ 145.153909, -37.988163 ], [ 145.153313, -37.987577 ], [ 145.149322, -37.985106 ], [ 145.14723, -37.982792 ], [ 145.146009, -37.982311 ], [ 145.146029, -37.982145 ], [ 145.145154, -37.981733 ], [ 145.141182, -37.977241 ], [ 145.138076, -37.971756 ], [ 145.136777, -37.970041 ], [ 145.136252, -37.969072 ], [ 145.136599, -37.968904 ], [ 145.135822, -37.966308 ], [ 145.135789, -37.964944 ] ] } },
{ "type": "Feature", "properties": { "scc_type": "C2" }, "geometry": { "type": "LineString", "coordinates": [ [ 145.156723, -37.823536 ], [ 145.152867, -37.82083 ], [ 145.152967, -37.82032 ] ] } },
{ "type": "Feature", "properties": { "scc_type": "C2" }, "geometry": { "type": "LineString", "coordinates": [ [ 145.157303, -37.820924 ], [ 145.156723, -37.823536 ] ] } },
{ "type": "Feature", "properties": { "scc_type": "C2" }, "geometry": { "type": "LineString", "coordinates": [ [ 145.159061, -37.674237 ], [ 145.157024, -37.67434 ], [ 145.156624, -37.674053 ], [ 145.15547, -37.673674 ], [ 145.153191, -37.673318 ] ] } },
{ "type": "Feature", "properties": { "scc_type": "C2" }, "geometry": { "type": "LineString", "coordinates": [ [ 145.160537, -38.195774 ], [ 145.160104, -38.195705 ], [ 145.159645, -38.196866 ], [ 145.159177, -38.197478 ], [ 145.158149, -38.198166 ], [ 145.143446, -38.203975 ], [ 145.130398, -38.208861 ], [ 145.129162, -38.20948 ], [ 145.124657, -38.210933 ], [ 145.114482, -38.212759 ], [ 145.109484, -38.213422 ], [ 145.103534, -38.214746 ], [ 145.093533, -38.216697 ], [ 145.092164, -38.217124 ], [ 145.087353, -38.217651 ], [ 145.082313, -38.218564 ], [ 145.076608, -38.219703 ], [ 145.072229, -38.220972 ], [ 145.0704, -38.221726 ], [ 145.067987, -38.223049 ], [ 145.057907, -38.229679 ], [ 145.056851, -38.230197 ], [ 145.05507, -38.230654 ] ] } },
{ "type": "Feature", "properties": { "scc_type": "C2" }, "geometry": { "type": "LineString", "coordinates": [ [ 145.166251, -38.163198 ], [ 145.1652, -38.162468 ], [ 145.164053, -38.162019 ], [ 145.155058, -38.160106 ], [ 145.153656, -38.159645 ], [ 145.151627, -38.158369 ], [ 145.144743, -38.153483 ], [ 145.142858, -38.152773 ], [ 145.13396, -38.150454 ], [ 145.13207, -38.149705 ], [ 145.131977, -38.149928 ], [ 145.127882, -38.148754 ], [ 145.126603, -38.147999 ], [ 145.125978, -38.14737 ], [ 145.125645, -38.146768 ], [ 145.12554, -38.146329 ], [ 145.126405, -38.145682 ], [ 145.125054, -38.146165 ], [ 145.120705, -38.144232 ], [ 145.120079, -38.145315 ], [ 145.118678, -38.146633 ], [ 145.116268, -38.148165 ], [ 145.115145, -38.149683 ], [ 145.112751, -38.152145 ], [ 145.11079, -38.153057 ], [ 145.109442, -38.154284 ], [ 145.108919, -38.154446 ], [ 145.107722, -38.154487 ], [ 145.107122, -38.154705 ], [ 145.105894, -38.156012 ], [ 145.101741, -38.164611 ], [ 145.101578, -38.165285 ], [ 145.101781, -38.167514 ], [ 145.101458, -38.168991 ], [ 145.099392, -38.17234 ], [ 145.097418, -38.174013 ], [ 145.096949, -38.174891 ], [ 145.096769, -38.177402 ], [ 145.095902, -38.180322 ], [ 145.096263, -38.181878 ], [ 145.096063, -38.181938 ], [ 145.096818, -38.183856 ], [ 145.096826, -38.184742 ], [ 145.094266, -38.192476 ], [ 145.093601, -38.193467 ], [ 145.093014, -38.193949 ], [ 145.083098, -38.19978 ], [ 145.081264, -38.201076 ], [ 145.048789, -38.22635 ] ] } },
{ "type": "Feature", "properties": { "scc_type": "C2" }, "geometry": { "type": "LineString", "coordinates": [ [ 145.166811, -37.91947 ], [ 145.149336, -37.917329 ] ] } },
{ "type": "Feature", "properties": { "scc_type": "C2" }, "geometry": { "type": "LineString", "coordinates": [ [ 145.156723, -37.823536 ], [ 145.157019, -37.823728 ], [ 145.157487, -37.823762 ], [ 145.159773, -37.827602 ], [ 145.164267, -37.830332 ], [ 145.166072, -37.830546 ], [ 145.165317, -37.833966 ], [ 145.166972, -37.834157 ], [ 145.166584, -37.836696 ], [ 145.167124, -37.836762 ], [ 145.165986, -37.843433 ], [ 145.166073, -37.84412 ], [ 145.166407, -37.844452 ] ] } },
{ "type": "Feature", "properties": { "scc_type": "C2" }, "geometry": { "type": "LineString", "coordinates": [ [ 145.281173, -37.796019 ], [ 145.278673, -37.796254 ], [ 145.275981, -37.797816 ], [ 145.274302, -37.799373 ], [ 145.27341, -37.799836 ], [ 145.272915, -37.800412 ], [ 145.272628, -37.800823 ], [ 145.273129, -37.800957 ], [ 145.271319, -37.803432 ], [ 145.266115, -37.806866 ], [ 145.260628, -37.808397 ], [ 145.259366, -37.808872 ], [ 145.258092, -37.809141 ], [ 145.256826, -37.808951 ], [ 145.256682, -37.809674 ], [ 145.251029, -37.81134 ], [ 145.250954, -37.811163 ], [ 145.243235, -37.813566 ], [ 145.241214, -37.81389 ], [ 145.239508, -37.813921 ], [ 145.238702, -37.813651 ], [ 145.237983, -37.81369 ], [ 145.236787, -37.813307 ], [ 145.235716, -37.813347 ], [ 145.233596, -37.813912 ], [ 145.231214, -37.814903 ] ] } },
{ "type": "Feature", "properties": { "scc_type": "C2" }, "geometry": { "type": "LineString", "coordinates": [ [ 145.281964, -37.794929 ], [ 145.281425, -37.794434 ], [ 145.281172, -37.794466 ], [ 145.277456, -37.791172 ], [ 145.276664, -37.789928 ], [ 145.276748, -37.788661 ], [ 145.275389, -37.786755 ] ] } },
{ "type": "Feature", "properties": { "scc_type": "C2" }, "geometry": { "type": "LineString", "coordinates": [ [ 145.281964, -37.794929 ], [ 145.281173, -37.796019 ] ] } },
{ "type": "Feature", "properties": { "scc_type": "C2" }, "geometry": { "type": "LineString", "coordinates": [ [ 145.28198, -37.803693 ], [ 145.281972, -37.803694 ] ] } },
{ "type": "Feature", "properties": { "scc_type": "C2" }, "geometry": { "type": "LineString", "coordinates": [ [ 145.274902, -37.998282 ], [ 145.274197, -37.9984 ], [ 145.271918, -37.997815 ], [ 145.268178, -37.996497 ], [ 145.267146, -37.99621 ], [ 145.266761, -37.99627 ], [ 145.266272, -37.995857 ], [ 145.264272, -37.995808 ], [ 145.263546, -37.995071 ], [ 145.263047, -37.994824 ], [ 145.260257, -37.995392 ], [ 145.25884, -37.995391 ], [ 145.257234, -37.994891 ], [ 145.25538, -37.993577 ], [ 145.253312, -37.992844 ], [ 145.251311, -37.992499 ], [ 145.251227, -37.992751 ], [ 145.250259, -37.992368 ], [ 145.248039, -37.991994 ], [ 145.247597, -37.992413 ], [ 145.24668, -37.99395 ], [ 145.245149, -37.994827 ], [ 145.245106, -37.995252 ], [ 145.245703, -37.996626 ], [ 145.245387, -37.997423 ], [ 145.244366, -37.997927 ], [ 145.244232, -37.998387 ], [ 145.243789, -37.998336 ], [ 145.243368, -37.998672 ], [ 145.24238, -37.998858 ], [ 145.24127, -37.999675 ], [ 145.239667, -37.999861 ], [ 145.239118, -37.998864 ], [ 145.238551, -37.998498 ], [ 145.237454, -37.998214 ], [ 145.237368, -37.998301 ], [ 145.236817, -37.998041 ], [ 145.230689, -37.997284 ], [ 145.230374, -37.996393 ], [ 145.229261, -37.996485 ], [ 145.22505, -37.99585 ], [ 145.224652, -37.995412 ] ] } },
{ "type": "Feature", "properties": { "scc_type": "C2" }, "geometry": { "type": "LineString", "coordinates": [ [ 145.281972, -37.803694 ], [ 145.280741, -37.804669 ], [ 145.279805, -37.806454 ], [ 145.277205, -37.808368 ], [ 145.276562, -37.808499 ], [ 145.276184, -37.808884 ], [ 145.27446, -37.809202 ], [ 145.272875, -37.810351 ], [ 145.271641, -37.810814 ], [ 145.271579, -37.811118 ], [ 145.271803, -37.811173 ], [ 145.270452, -37.813362 ], [ 145.269648, -37.813335 ], [ 145.269084, -37.81369 ], [ 145.268572, -37.814279 ], [ 145.268091, -37.816034 ], [ 145.267873, -37.816015 ], [ 145.266842, -37.817336 ], [ 145.265594, -37.8196924 ], [ 145.264805, -37.82067 ], [ 145.2646228, -37.8217619 ], [ 145.2641145, -37.8222571 ], [ 145.264004, -37.822825 ], [ 145.264317, -37.823399 ], [ 145.264567, -37.825326 ], [ 145.263872, -37.827285 ], [ 145.2638629, -37.8286984 ], [ 145.2642309, -37.8291675 ], [ 145.2642341, -37.8294885 ], [ 145.2637434, -37.8297768 ], [ 145.263812, -37.830158 ], [ 145.262815, -37.831245 ], [ 145.262814, -37.832264 ], [ 145.2614, -37.832515 ], [ 145.260043, -37.833418 ], [ 145.259298, -37.833488 ], [ 145.258916, -37.834918 ], [ 145.25802, -37.836538 ] ] } },
{ "type": "Feature", "properties": { "scc_type": "C2" }, "geometry": { "type": "LineString", "coordinates": [ [ 145.282075, -37.961943 ], [ 145.281849, -37.964146 ], [ 145.281942, -37.964671 ], [ 145.282381, -37.965256 ], [ 145.282322, -37.966303 ], [ 145.281078, -37.967361 ], [ 145.280529, -37.968511 ], [ 145.278637, -37.977084 ], [ 145.278757, -37.97744 ] ] } },
{ "type": "Feature", "properties": { "scc_type": "C2" }, "geometry": { "type": "LineString", "coordinates": [ [ 145.282694, -38.100842 ], [ 145.277641, -38.097416 ], [ 145.259355, -38.073565 ] ] } },
{ "type": "Feature", "properties": { "scc_type": "C2" }, "geometry": { "type": "LineString", "coordinates": [ [ 145.282746, -37.796212 ], [ 145.281173, -37.796019 ] ] } },
{ "type": "Feature", "properties": { "scc_type": "C2" }, "geometry": { "type": "LineString", "coordinates": [ [ 145.1693143, -37.9200175 ], [ 145.169506, -37.92031 ], [ 145.168953, -37.92327 ], [ 145.172173, -37.92363 ], [ 145.17303, -37.923992 ], [ 145.173629, -37.924459 ], [ 145.173839, -37.924865 ], [ 145.173885, -37.925767 ], [ 145.173283, -37.926779 ], [ 145.171614, -37.934991 ] ] } },
{ "type": "Feature", "properties": { "scc_type": "C2" }, "geometry": { "type": "LineString", "coordinates": [ [ 145.26342, -37.836517 ], [ 145.263232, -37.836487 ], [ 145.26299, -37.836683 ], [ 145.261063, -37.83609 ], [ 145.26037, -37.836249 ] ] } },
{ "type": "Feature", "properties": { "scc_type": "C2" }, "geometry": { "type": "LineString", "coordinates": [ [ 145.267947, -38.031757 ], [ 145.267281, -38.031217 ], [ 145.266275, -38.029701 ], [ 145.265023, -38.028717 ], [ 145.263671, -38.028256 ], [ 145.262715, -38.027646 ], [ 145.260268, -38.025129 ], [ 145.258804, -38.023266 ], [ 145.258061, -38.021867 ] ] } },
{ "type": "Feature", "properties": { "scc_type": "C2" }, "geometry": { "type": "LineString", "coordinates": [ [ 145.267947, -38.031757 ], [ 145.262622, -38.058008 ], [ 145.262985, -38.058778 ], [ 145.262428, -38.058989 ], [ 145.260961, -38.065914 ] ] } },
{ "type": "Feature", "properties": { "scc_type": "C2" }, "geometry": { "type": "LineString", "coordinates": [ [ 145.275389, -37.786755 ], [ 145.270254, -37.788606 ], [ 145.269548, -37.787802 ], [ 145.263251, -37.784841 ], [ 145.261634, -37.78516 ], [ 145.259611, -37.786507 ], [ 145.259231, -37.786393 ], [ 145.257596, -37.788653 ], [ 145.257342, -37.790658 ], [ 145.256155, -37.791418 ], [ 145.256003, -37.792189 ], [ 145.255349, -37.792817 ], [ 145.254652, -37.794461 ], [ 145.253596, -37.795468 ], [ 145.252443, -37.795415 ], [ 145.250926, -37.795765 ], [ 145.250228, -37.796895 ], [ 145.248565, -37.79833 ], [ 145.248525, -37.798539 ], [ 145.247857, -37.799158 ], [ 145.247645, -37.80008 ], [ 145.246889, -37.800225 ], [ 145.246179, -37.800631 ], [ 145.245771, -37.801662 ], [ 145.244638, -37.802013 ], [ 145.244439, -37.802649 ], [ 145.244713, -37.803213 ], [ 145.242804, -37.80391 ], [ 145.242362, -37.803916 ], [ 145.241869, -37.803603 ], [ 145.240982, -37.80418 ], [ 145.240044, -37.804258 ], [ 145.239787, -37.804615 ], [ 145.239397, -37.804816 ], [ 145.239272, -37.805772 ], [ 145.237436, -37.806562 ], [ 145.236573, -37.807481 ], [ 145.236411, -37.808046 ], [ 145.235714, -37.80835 ], [ 145.234429, -37.808555 ], [ 145.233941, -37.808884 ], [ 145.233578, -37.810205 ], [ 145.233619, -37.810971 ], [ 145.233018, -37.810876 ], [ 145.230928, -37.810987 ], [ 145.230672, -37.810833 ], [ 145.230877, -37.814222 ], [ 145.231214, -37.814903 ] ] } },
{ "type": "Feature", "properties": { "scc_type": "C2" }, "geometry": { "type": "LineString", "coordinates": [ [ 145.2774815, -37.8827404 ], [ 145.235369, -37.869131 ] ] } },
{ "type": "Feature", "properties": { "scc_type": "C2" }, "geometry": { "type": "LineString", "coordinates": [ [ 145.277528, -37.882749 ], [ 145.2774815, -37.8827404 ] ] } },
{ "type": "Feature", "properties": { "scc_type": "C2" }, "geometry": { "type": "LineString", "coordinates": [ [ 145.277528, -37.882749 ], [ 145.2774815, -37.8827404 ] ] } },
{ "type": "Feature", "properties": { "scc_type": "C2" }, "geometry": { "type": "LineString", "coordinates": [ [ 145.278757, -37.97744 ], [ 145.276443, -37.989232 ], [ 145.276318, -37.990474 ], [ 145.276441, -37.990928 ], [ 145.274902, -37.998282 ] ] } },
{ "type": "Feature", "properties": { "scc_type": "C2" }, "geometry": { "type": "LineString", "coordinates": [ [ 145.2735021, -37.8914899 ], [ 145.2704426, -37.8932604 ], [ 145.269303, -37.896477 ], [ 145.267943, -37.898907 ], [ 145.267356, -37.899373 ], [ 145.264026, -37.900109 ], [ 145.258367, -37.900033 ], [ 145.257642, -37.900166 ], [ 145.25311, -37.90193 ], [ 145.251194, -37.903888 ], [ 145.249932, -37.904236 ], [ 145.248463, -37.904285 ], [ 145.24627, -37.903304 ], [ 145.241085, -37.903611 ], [ 145.238152, -37.903407 ], [ 145.236625, -37.9037 ] ] } },
{ "type": "Feature", "properties": { "scc_type": "C2" }, "geometry": { "type": "LineString", "coordinates": [ [ 145.273524, -37.891511 ], [ 145.2735021, -37.8914899 ] ] } },
{ "type": "Feature", "properties": { "scc_type": "C2" }, "geometry": { "type": "LineString", "coordinates": [ [ 145.274902, -37.998282 ], [ 145.273283, -38.006167 ], [ 145.27347, -38.006222 ], [ 145.273438, -38.007008 ], [ 145.271227, -38.017338 ], [ 145.270987, -38.017775 ], [ 145.270784, -38.017758 ], [ 145.270495, -38.018737 ], [ 145.269857, -38.022497 ] ] } },
{ "type": "Feature", "properties": { "scc_type": "C2" }, "geometry": { "type": "LineString", "coordinates": [ [ 145.191282, -37.637228 ], [ 145.190841, -37.638546 ], [ 145.189988, -37.638742 ], [ 145.189596, -37.638062 ], [ 145.189013, -37.63796 ], [ 145.187384, -37.640074 ], [ 145.187122, -37.641209 ], [ 145.187334, -37.642095 ], [ 145.188086, -37.643025 ], [ 145.187876, -37.643882 ], [ 145.187045, -37.645589 ], [ 145.187363, -37.646338 ], [ 145.187017, -37.647344 ], [ 145.18726, -37.647557 ], [ 145.188373, -37.64747 ], [ 145.188624, -37.647962 ], [ 145.188407, -37.648481 ], [ 145.187501, -37.64906 ], [ 145.187565, -37.649456 ], [ 145.188193, -37.650059 ], [ 145.188428, -37.65062 ], [ 145.186933, -37.652585 ], [ 145.185608, -37.652983 ], [ 145.185043, -37.653381 ], [ 145.185222, -37.653814 ], [ 145.184785, -37.654958 ], [ 145.18323, -37.655782 ], [ 145.182767, -37.656182 ], [ 145.18227, -37.657383 ], [ 145.18307, -37.658732 ], [ 145.183034, -37.659626 ], [ 145.182429, -37.65985 ], [ 145.181243, -37.659901 ], [ 145.181053, -37.660526 ], [ 145.181637, -37.661139 ], [ 145.181732, -37.662059 ], [ 145.181442, -37.663147 ], [ 145.180783, -37.663788 ], [ 145.179871, -37.664018 ], [ 145.179586, -37.664315 ], [ 145.179567, -37.665105 ], [ 145.17911, -37.665854 ], [ 145.178427, -37.665971 ], [ 145.178011, -37.666226 ], [ 145.177713, -37.667378 ], [ 145.176403, -37.667701 ], [ 145.175965, -37.667979 ], [ 145.175996, -37.66819 ], [ 145.167662, -37.670687 ], [ 145.165328, -37.672031 ], [ 145.164195, -37.672516 ], [ 145.163531, -37.672649 ], [ 145.163245, -37.672519 ], [ 145.160922, -37.67247 ], [ 145.159673, -37.671674 ], [ 145.157471, -37.671263 ], [ 145.15717, -37.670905 ], [ 145.156023, -37.671558 ], [ 145.154181, -37.671466 ], [ 145.153604, -37.671568 ], [ 145.153643, -37.67227 ], [ 145.154034, -37.673092 ], [ 145.153887, -37.673274 ], [ 145.153191, -37.673318 ] ] } },
{ "type": "Feature", "properties": { "scc_type": "C2" }, "geometry": { "type": "LineString", "coordinates": [ [ 145.192259, -37.992538 ], [ 145.1922, -37.992552 ] ] } },
{ "type": "Feature", "properties": { "scc_type": "C2" }, "geometry": { "type": "LineString", "coordinates": [ [ 145.1931, -37.981054 ], [ 145.193079, -37.978739 ] ] } },
{ "type": "Feature", "properties": { "scc_type": "C2" }, "geometry": { "type": "LineString", "coordinates": [ [ 145.192259, -37.992538 ], [ 145.192241, -37.992665 ], [ 145.19307, -37.992474 ], [ 145.192592, -37.992972 ], [ 145.19249, -37.995244 ], [ 145.192689, -37.995692 ], [ 145.192238, -37.996079 ], [ 145.192204, -37.996304 ], [ 145.192963, -37.996788 ], [ 145.19415, -37.998139 ], [ 145.193775, -37.999273 ], [ 145.193803, -37.999646 ], [ 145.194119, -37.99985 ], [ 145.193794, -38.000988 ] ] } },
{ "type": "Feature", "properties": { "scc_type": "C2" }, "geometry": { "type": "LineString", "coordinates": [ [ 145.312698, -37.996867 ], [ 145.308471, -38.018184 ] ] } },
{ "type": "Feature", "properties": { "scc_type": "C2" }, "geometry": { "type": "LineString", "coordinates": [ [ 145.193686, -38.001376 ], [ 145.192415, -38.004514 ], [ 145.190714, -38.012336 ], [ 145.187559, -38.022321 ], [ 145.187418, -38.02381 ], [ 145.186393, -38.027381 ], [ 145.186137, -38.030248 ], [ 145.185004, -38.032077 ], [ 145.18424, -38.032682 ], [ 145.183946, -38.033325 ], [ 145.183442, -38.033756 ], [ 145.182229, -38.036384 ], [ 145.178807, -38.040186 ], [ 145.179864, -38.040424 ], [ 145.179789, -38.040846 ], [ 145.178753, -38.04093 ], [ 145.177867, -38.041391 ], [ 145.174004, -38.045581 ], [ 145.173447, -38.045943 ], [ 145.17066, -38.04746 ], [ 145.148694, -38.058351 ], [ 145.147671, -38.059047 ], [ 145.146897, -38.059782 ], [ 145.14695, -38.059945 ], [ 145.144701, -38.061986 ], [ 145.136733, -38.06859 ], [ 145.135744, -38.069626 ], [ 145.134288, -38.070035 ], [ 145.130506, -38.070288 ], [ 145.12727, -38.071565 ], [ 145.12497, -38.072233 ], [ 145.123031, -38.072471 ], [ 145.121695, -38.072982 ] ] } },
{ "type": "Feature", "properties": { "scc_type": "C2" }, "geometry": { "type": "LineString", "coordinates": [ [ 145.193686, -38.001376 ], [ 145.192493, -38.001123 ], [ 145.190999, -38.001064 ], [ 145.190502, -38.000973 ], [ 145.190341, -38.000802 ], [ 145.187612, -38.000492 ], [ 145.185305, -38.000038 ], [ 145.18352, -37.999907 ], [ 145.182127, -37.99964 ], [ 145.180705, -37.999698 ], [ 145.180343, -37.999308 ], [ 145.175286, -37.998652 ] ] } },
{ "type": "Feature", "properties": { "scc_type": "C2" }, "geometry": { "type": "LineString", "coordinates": [ [ 145.193776, -38.001105 ], [ 145.193686, -38.001376 ] ] } },
{ "type": "Feature", "properties": { "scc_type": "C2" }, "geometry": { "type": "LineString", "coordinates": [ [ 145.193794, -38.000988 ], [ 145.193776, -38.001105 ] ] } },
{ "type": "Feature", "properties": { "scc_type": "C2" }, "geometry": { "type": "LineString", "coordinates": [ [ 145.192259, -37.992538 ], [ 145.1924, -37.992213 ], [ 145.192889, -37.992113 ], [ 145.1934, -37.989227 ], [ 145.194068, -37.988052 ], [ 145.193898, -37.987229 ], [ 145.194465, -37.986725 ], [ 145.194908, -37.985917 ], [ 145.194028, -37.985078 ], [ 145.194038, -37.984132 ], [ 145.194535, -37.983511 ], [ 145.194674, -37.982658 ], [ 145.193614, -37.98139 ], [ 145.193085, -37.981063 ] ] } },
{ "type": "Feature", "properties": { "scc_type": "C2" }, "geometry": { "type": "LineString", "coordinates": [ [ 145.195915, -38.001383 ], [ 145.195694, -38.001617 ], [ 145.193686, -38.001376 ] ] } },
{ "type": "Feature", "properties": { "scc_type": "C2" }, "geometry": { "type": "LineString", "coordinates": [ [ 145.195915, -38.001383 ], [ 145.193776, -38.001105 ] ] } },
{ "type": "Feature", "properties": { "scc_type": "C2" }, "geometry": { "type": "LineString", "coordinates": [ [ 145.193871, -37.700087 ], [ 145.19165, -37.699399 ], [ 145.190598, -37.699982 ], [ 145.188434, -37.700579 ], [ 145.185589, -37.702012 ], [ 145.181682, -37.703403 ], [ 145.179967, -37.703656 ], [ 145.176102, -37.703268 ], [ 145.172816, -37.702133 ], [ 145.170539, -37.702063 ], [ 145.167454, -37.702727 ], [ 145.162832, -37.702988 ], [ 145.158563, -37.70447 ], [ 145.157276, -37.704418 ], [ 145.155062, -37.703762 ], [ 145.154522, -37.703857 ], [ 145.154001, -37.704178 ], [ 145.153453, -37.703639 ], [ 145.153917, -37.703243 ], [ 145.15412, -37.702612 ], [ 145.153965, -37.702458 ], [ 145.153513, -37.702448 ], [ 145.153343, -37.702261 ], [ 145.152874, -37.700542 ], [ 145.153062, -37.700091 ], [ 145.153868, -37.700101 ], [ 145.154181, -37.699622 ], [ 145.153788, -37.69942 ], [ 145.153454, -37.698485 ], [ 145.152264, -37.698699 ], [ 145.151101, -37.698005 ], [ 145.150127, -37.696624 ], [ 145.14973, -37.696618 ], [ 145.149063, -37.695635 ], [ 145.149557, -37.695354 ], [ 145.149993, -37.695446 ], [ 145.150656, -37.695212 ], [ 145.151023, -37.694666 ], [ 145.150943, -37.694165 ], [ 145.151083, -37.694031 ], [ 145.151647, -37.693767 ], [ 145.152486, -37.69383 ], [ 145.152471, -37.69355 ], [ 145.151942, -37.69315 ], [ 145.151711, -37.692744 ], [ 145.152314, -37.692539 ], [ 145.152644, -37.691969 ], [ 145.153795, -37.69188 ], [ 145.154096, -37.692233 ], [ 145.15607, -37.688562 ], [ 145.156034, -37.688407 ], [ 145.155175, -37.688319 ], [ 145.154902, -37.688015 ], [ 145.153149, -37.687199 ], [ 145.153829, -37.686583 ], [ 145.154635, -37.686264 ], [ 145.154794, -37.685818 ], [ 145.153504, -37.684784 ], [ 145.152373, -37.683467 ], [ 145.152557, -37.683037 ], [ 145.152971, -37.682663 ], [ 145.151963, -37.681685 ], [ 145.15124, -37.681809 ], [ 145.150714, -37.680502 ], [ 145.150835, -37.679842 ], [ 145.150347, -37.679503 ], [ 145.150293, -37.679122 ], [ 145.149853, -37.678959 ], [ 145.14982, -37.677938 ], [ 145.149083, -37.677489 ], [ 145.149559, -37.677394 ], [ 145.150256, -37.676635 ], [ 145.150631, -37.676607 ], [ 145.151597, -37.675893 ], [ 145.152161, -37.674935 ], [ 145.152963, -37.674789 ], [ 145.152985, -37.674403 ], [ 145.152653, -37.67412 ], [ 145.152364, -37.673412 ], [ 145.153191, -37.673318 ] ] } },
{ "type": "Feature", "properties": { "scc_type": "C2" }, "geometry": { "type": "LineString", "coordinates": [ [ 145.262924, -38.065671 ], [ 145.262918, -38.065672 ] ] } },
{ "type": "Feature", "properties": { "scc_type": "C2" }, "geometry": { "type": "LineString", "coordinates": [ [ 145.282786, -38.113034 ], [ 145.255139, -38.109724 ], [ 145.254424, -38.109774 ], [ 145.253411, -38.110087 ] ] } },
{ "type": "Feature", "properties": { "scc_type": "C2" }, "geometry": { "type": "LineString", "coordinates": [ [ 145.282694, -38.100842 ], [ 145.281813, -38.105453 ], [ 145.283371, -38.107977 ], [ 145.283493, -38.109356 ], [ 145.282786, -38.113034 ] ] } },
{ "type": "Feature", "properties": { "scc_type": "C2" }, "geometry": { "type": "LineString", "coordinates": [ [ 145.204404, -37.908006 ], [ 145.203406, -37.907848 ], [ 145.203035, -37.907571 ], [ 145.201113, -37.907337 ], [ 145.20138, -37.905983 ], [ 145.201208, -37.905416 ], [ 145.201401, -37.904188 ], [ 145.201972, -37.903462 ], [ 145.20142, -37.902848 ], [ 145.200964, -37.90264 ], [ 145.201382, -37.901627 ], [ 145.193416, -37.899671 ], [ 145.19033, -37.899148 ], [ 145.187959, -37.898965 ], [ 145.1876, -37.899057 ], [ 145.185897, -37.898687 ], [ 145.185398, -37.898442 ], [ 145.185008, -37.898642 ], [ 145.183146, -37.900363 ], [ 145.181808, -37.900713 ], [ 145.180735, -37.900576 ], [ 145.180778, -37.900386 ], [ 145.177458, -37.900004 ], [ 145.175856, -37.9003 ], [ 145.173775, -37.900017 ], [ 145.173364, -37.89971 ], [ 145.171703, -37.897196 ], [ 145.168999, -37.896858 ] ] } },
{ "type": "Feature", "properties": { "scc_type": "C2" }, "geometry": { "type": "LineString", "coordinates": [ [ 145.207255, -37.859673 ], [ 145.201965, -37.859257 ], [ 145.198096, -37.858593 ], [ 145.197906, -37.859513 ], [ 145.197936, -37.861622 ], [ 145.197616, -37.862429 ], [ 145.196805, -37.862663 ], [ 145.195495, -37.862166 ], [ 145.195217, -37.862712 ], [ 145.195116, -37.863473 ], [ 145.195355, -37.863883 ], [ 145.1933, -37.864688 ], [ 145.192554, -37.864602 ], [ 145.192298, -37.864778 ], [ 145.155524, -37.860343 ] ] } },
{ "type": "Feature", "properties": { "scc_type": "C2" }, "geometry": { "type": "LineString", "coordinates": [ [ 145.212278, -37.847542 ], [ 145.208625, -37.846253 ], [ 145.205615, -37.845568 ], [ 145.18671, -37.846344 ], [ 145.179206, -37.845429 ], [ 145.177392, -37.845401 ], [ 145.170934, -37.84562 ], [ 145.168623, -37.84665 ], [ 145.164375, -37.846805 ], [ 145.154395, -37.845414 ] ] } },
{ "type": "Feature", "properties": { "scc_type": "C2" }, "geometry": { "type": "LineString", "coordinates": [ [ 145.344024, -38.030888 ], [ 145.343124, -38.030591 ], [ 145.341798, -38.030389 ], [ 145.339141, -38.030214 ], [ 145.338154, -38.030383 ], [ 145.33652, -38.030138 ], [ 145.335708, -38.029716 ], [ 145.33495, -38.029603 ], [ 145.328643, -38.02881 ], [ 145.327848, -38.028857 ], [ 145.327635, -38.028676 ], [ 145.325526, -38.028487 ], [ 145.323775, -38.028092 ], [ 145.319962, -38.027791 ], [ 145.319055, -38.027536 ] ] } },
{ "type": "Feature", "properties": { "scc_type": "C2" }, "geometry": { "type": "LineString", "coordinates": [ [ 145.344024, -38.030888 ], [ 145.343802, -38.031138 ], [ 145.3426217, -38.0374748 ] ] } },
{ "type": "Feature", "properties": { "scc_type": "C2" }, "geometry": { "type": "LineString", "coordinates": [ [ 145.346623, -37.756774 ], [ 145.346054, -37.756632 ], [ 145.3418568, -37.7606399 ] ] } },
{ "type": "Feature", "properties": { "scc_type": "C2" }, "geometry": { "type": "LineString", "coordinates": [ [ 145.330221, -38.103785 ], [ 145.349, -38.105882 ], [ 145.343007, -38.135776 ], [ 145.334321, -38.134721 ], [ 145.333293, -38.134151 ], [ 145.325452, -38.127338 ] ] } },
{ "type": "Feature", "properties": { "scc_type": "C2" }, "geometry": { "type": "LineString", "coordinates": [ [ 145.349697, -37.757554 ], [ 145.346623, -37.756774 ] ] } },
{ "type": "Feature", "properties": { "scc_type": "C2" }, "geometry": { "type": "LineString", "coordinates": [ [ 145.287615, -37.888658 ], [ 145.281866, -37.884249 ], [ 145.280705, -37.883749 ], [ 145.278835, -37.883215 ] ] } },
{ "type": "Feature", "properties": { "scc_type": "C2" }, "geometry": { "type": "LineString", "coordinates": [ [ 145.287615, -37.888658 ], [ 145.287244, -37.888806 ], [ 145.2873407, -37.8891142 ] ] } },
{ "type": "Feature", "properties": { "scc_type": "C2" }, "geometry": { "type": "LineString", "coordinates": [ [ 145.21385, -37.882996 ], [ 145.213047, -37.883919 ], [ 145.212681, -37.883872 ], [ 145.212187, -37.883407 ], [ 145.211528, -37.883398 ], [ 145.211173, -37.88353 ], [ 145.211067, -37.883881 ], [ 145.210714, -37.884106 ], [ 145.208903, -37.884083 ], [ 145.207492, -37.884393 ], [ 145.205497, -37.884402 ], [ 145.203676, -37.884329 ], [ 145.203546, -37.882943 ], [ 145.199742, -37.882921 ], [ 145.199597, -37.885064 ], [ 145.196136, -37.885058 ], [ 145.19598, -37.885178 ], [ 145.195286, -37.885204 ], [ 145.194949, -37.885479 ], [ 145.192889, -37.884974 ], [ 145.177537, -37.883208 ], [ 145.177474, -37.883539 ], [ 145.170079, -37.882668 ] ] } },
{ "type": "Feature", "properties": { "scc_type": "C2" }, "geometry": { "type": "LineString", "coordinates": [ [ 145.214197, -37.882351 ], [ 145.213901, -37.88244 ], [ 145.21385, -37.882996 ] ] } },
{ "type": "Feature", "properties": { "scc_type": "C2" }, "geometry": { "type": "LineString", "coordinates": [ [ 145.214425, -37.883358 ], [ 145.214203, -37.883401 ], [ 145.21385, -37.882996 ] ] } },
{ "type": "Feature", "properties": { "scc_type": "C2" }, "geometry": { "type": "LineString", "coordinates": [ [ 145.214607, -37.990116 ], [ 145.214009, -37.984823 ] ] } },
{ "type": "Feature", "properties": { "scc_type": "C2" }, "geometry": { "type": "LineString", "coordinates": [ [ 145.2160419, -37.876948 ], [ 145.215989, -37.877008 ], [ 145.215913, -37.876986 ], [ 145.215954, -37.876958 ], [ 145.2160419, -37.876948 ] ] } },
{ "type": "Feature", "properties": { "scc_type": "C2" }, "geometry": { "type": "LineString", "coordinates": [ [ 145.214446, -37.883348 ], [ 145.215053, -37.882967 ], [ 145.217503, -37.880643 ], [ 145.21748, -37.879574 ], [ 145.216931, -37.879508 ], [ 145.216897, -37.878802 ], [ 145.21641, -37.878506 ], [ 145.216429, -37.877605 ], [ 145.216715, -37.877012 ], [ 145.2160419, -37.876948 ] ] } },
{ "type": "Feature", "properties": { "scc_type": "C2" }, "geometry": { "type": "LineString", "coordinates": [ [ 145.217762, -37.992774 ], [ 145.217325, -37.993023 ], [ 145.216353, -37.992822 ], [ 145.216195, -37.99267 ], [ 145.215647, -37.992693 ], [ 145.214764, -37.993039 ], [ 145.213971, -37.993217 ], [ 145.213685, -37.993143 ], [ 145.211429, -37.993795 ], [ 145.209932, -37.994028 ], [ 145.209804, -37.994269 ], [ 145.209396, -37.993938 ], [ 145.206053, -37.99342 ], [ 145.2044348, -37.9937263 ], [ 145.202289, -37.99349 ], [ 145.201676, -37.993586 ], [ 145.20106, -37.99392 ], [ 145.201, -37.99521 ], [ 145.20014, -37.996047 ], [ 145.195544, -37.998092 ], [ 145.194661, -37.999124 ], [ 145.193794, -38.000988 ] ] } },
{ "type": "Feature", "properties": { "scc_type": "C2" }, "geometry": { "type": "LineString", "coordinates": [ [ 145.218584, -37.812336 ], [ 145.218491, -37.812359 ] ] } },
{ "type": "Feature", "properties": { "scc_type": "C2" }, "geometry": { "type": "LineString", "coordinates": [ [ 145.224652, -37.995412 ], [ 145.224096, -37.994935 ], [ 145.22347, -37.995331 ], [ 145.222769, -37.996371 ], [ 145.222167, -37.996646 ], [ 145.220407, -37.996497 ], [ 145.219996, -37.996357 ], [ 145.219766, -37.996067 ] ] } },
{ "type": "Feature", "properties": { "scc_type": "C2" }, "geometry": { "type": "LineString", "coordinates": [ [ 145.259254, -37.836856 ], [ 145.258729, -37.836839 ], [ 145.25802, -37.836538 ] ] } },
{ "type": "Feature", "properties": { "scc_type": "C2" }, "geometry": { "type": "LineString", "coordinates": [ [ 145.259355, -38.073565 ], [ 145.2540143, -38.0665255 ] ] } },
{ "type": "Feature", "properties": { "scc_type": "C2" }, "geometry": { "type": "LineString", "coordinates": [ [ 145.260373, -37.836241 ], [ 145.259222, -37.836845 ] ] } },
{ "type": "Feature", "properties": { "scc_type": "C2" }, "geometry": { "type": "LineString", "coordinates": [ [ 145.260961, -38.065914 ], [ 145.256589, -38.066519 ], [ 145.2540143, -38.0665255 ] ] } },
{ "type": "Feature", "properties": { "scc_type": "C2" }, "geometry": { "type": "LineString", "coordinates": [ [ 145.260961, -38.065914 ], [ 145.259355, -38.073565 ] ] } },
{ "type": "Feature", "properties": { "scc_type": "C2" }, "geometry": { "type": "LineString", "coordinates": [ [ 145.261053, -38.065477 ], [ 145.260961, -38.065914 ] ] } },
{ "type": "Feature", "properties": { "scc_type": "C2" }, "geometry": { "type": "LineString", "coordinates": [ [ 145.262918, -38.065672 ], [ 145.262884, -38.065667 ] ] } },
{ "type": "Feature", "properties": { "scc_type": "C2" }, "geometry": { "type": "LineString", "coordinates": [ [ 145.262918, -38.065672 ], [ 145.260961, -38.065914 ] ] } },
{ "type": "Feature", "properties": { "scc_type": "C2" }, "geometry": { "type": "LineString", "coordinates": [ [ 145.290156, -37.872257 ], [ 145.288725, -37.870515 ], [ 145.287821, -37.868841 ], [ 145.285964, -37.862888 ], [ 145.285824, -37.86292 ], [ 145.285839, -37.862665 ], [ 145.285618, -37.862653 ], [ 145.285698, -37.86103 ], [ 145.285213, -37.860951 ], [ 145.284676, -37.859713 ], [ 145.284382, -37.859558 ], [ 145.282424, -37.856216 ], [ 145.273343, -37.846797 ] ] } },
{ "type": "Feature", "properties": { "scc_type": "C2" }, "geometry": { "type": "LineString", "coordinates": [ [ 145.290156, -37.872257 ], [ 145.289419, -37.87279 ], [ 145.28901, -37.873457 ], [ 145.28805, -37.874232 ], [ 145.286506, -37.87408 ], [ 145.285652, -37.874263 ], [ 145.283717, -37.873286 ], [ 145.281843, -37.872912 ], [ 145.280492, -37.870848 ], [ 145.278289, -37.874983 ], [ 145.277903, -37.882217 ], [ 145.2774815, -37.8827404 ] ] } },
{ "type": "Feature", "properties": { "scc_type": "C2" }, "geometry": { "type": "LineString", "coordinates": [ [ 145.2912486, -38.1060915 ], [ 145.289728, -38.113901 ] ] } },
{ "type": "Feature", "properties": { "scc_type": "C2" }, "geometry": { "type": "LineString", "coordinates": [ [ 145.2912486, -38.1060915 ], [ 145.282694, -38.100842 ] ] } },
{ "type": "Feature", "properties": { "scc_type": "C2" }, "geometry": { "type": "LineString", "coordinates": [ [ 145.2923281, -38.100474 ], [ 145.2912486, -38.1060915 ] ] } },
{ "type": "Feature", "properties": { "scc_type": "C2" }, "geometry": { "type": "LineString", "coordinates": [ [ 145.2923281, -38.100474 ], [ 145.2919921, -38.100205 ], [ 145.291586, -38.099284 ], [ 145.291135, -38.099044 ], [ 145.283225, -38.098084 ], [ 145.282694, -38.100842 ] ] } },
{ "type": "Feature", "properties": { "scc_type": "C2" }, "geometry": { "type": "LineString", "coordinates": [ [ 145.2927204, -38.0984421 ], [ 145.2923281, -38.100474 ] ] } },
{ "type": "Feature", "properties": { "scc_type": "C2" }, "geometry": { "type": "LineString", "coordinates": [ [ 145.2927204, -38.0984421 ], [ 145.29272, -38.098442 ] ] } },
{ "type": "Feature", "properties": { "scc_type": "C2" }, "geometry": { "type": "LineString", "coordinates": [ [ 145.297834, -38.071799 ], [ 145.29757, -38.07154 ], [ 145.295746, -38.071462 ], [ 145.295396, -38.071238 ], [ 145.294725, -38.071208 ], [ 145.29359, -38.07064 ], [ 145.291569, -38.069056 ], [ 145.290427, -38.06862 ], [ 145.288507, -38.068236 ], [ 145.287057, -38.068078 ], [ 145.287009, -38.068421 ], [ 145.279925, -38.06774 ], [ 145.262918, -38.065672 ] ] } },
{ "type": "Feature", "properties": { "scc_type": "C2" }, "geometry": { "type": "LineString", "coordinates": [ [ 145.297834, -38.071799 ], [ 145.2927204, -38.0984421 ] ] } },
{ "type": "Feature", "properties": { "scc_type": "C2" }, "geometry": { "type": "LineString", "coordinates": [ [ 145.308471, -38.018184 ], [ 145.308233, -38.018116 ], [ 145.308096, -38.018302 ], [ 145.304902, -38.01482 ], [ 145.303554, -38.013691 ], [ 145.30266, -38.012678 ], [ 145.301004, -38.010313 ], [ 145.299371, -38.007128 ], [ 145.298235, -38.005432 ], [ 145.297858, -38.005369 ], [ 145.298002, -38.005108 ], [ 145.297383, -38.004214 ], [ 145.295198, -38.002298 ], [ 145.293483, -38.001465 ], [ 145.29312, -38.002063 ], [ 145.293252, -38.001562 ], [ 145.292358, -38.001518 ], [ 145.290692, -38.000482 ], [ 145.289463, -38.000087 ], [ 145.280844, -37.998969 ], [ 145.276309, -37.998615 ], [ 145.274902, -37.998282 ] ] } },
{ "type": "Feature", "properties": { "scc_type": "C2" }, "geometry": { "type": "LineString", "coordinates": [ [ 145.299124, -38.065278 ], [ 145.295544, -38.064727 ], [ 145.29437, -38.064214 ], [ 145.293176, -38.063249 ], [ 145.292498, -38.06226 ], [ 145.291962, -38.060687 ], [ 145.290549, -38.059338 ], [ 145.29012, -38.05775 ], [ 145.288816, -38.055769 ], [ 145.287712, -38.053529 ], [ 145.2859, -38.050634 ], [ 145.284874, -38.050162 ], [ 145.2792488, -38.0493172 ], [ 145.2792775, -38.0489422 ], [ 145.2780103, -38.0478308 ], [ 145.2769953, -38.046201 ], [ 145.2770606, -38.0458403 ], [ 145.276802, -38.0457994 ], [ 145.2757906, -38.0430709 ], [ 145.2747937, -38.0410972 ], [ 145.2740884, -38.0389167 ], [ 145.2735322, -38.0380718 ], [ 145.273675, -38.037559 ], [ 145.274522, -38.036655 ], [ 145.273173, -38.036226 ], [ 145.272802, -38.035542 ], [ 145.271248, -38.034608 ], [ 145.270115, -38.033443 ], [ 145.269756, -38.032837 ], [ 145.268498, -38.032226 ], [ 145.268468, -38.031909 ], [ 145.267947, -38.031757 ] ] } },
{ "type": "Feature", "properties": { "scc_type": "C2" }, "geometry": { "type": "LineString", "coordinates": [ [ 145.299124, -38.065278 ], [ 145.297834, -38.071799 ] ] } },
{ "type": "Feature", "properties": { "scc_type": "C2" }, "geometry": { "type": "LineString", "coordinates": [ [ 145.236625, -37.9037 ], [ 145.237346, -37.904942 ], [ 145.237497, -37.906334 ], [ 145.236521, -37.912141 ], [ 145.236325, -37.912377 ], [ 145.236066, -37.913578 ], [ 145.23595, -37.915081 ], [ 145.235737, -37.915335 ], [ 145.235729, -37.916002 ], [ 145.235061, -37.918825 ], [ 145.23515, -37.919167 ], [ 145.234678, -37.920807 ], [ 145.234774, -37.921356 ], [ 145.2342254, -37.9229581 ], [ 145.2334114, -37.9277625 ], [ 145.233096, -37.927856 ] ] } },
{ "type": "Feature", "properties": { "scc_type": "C2" }, "geometry": { "type": "LineString", "coordinates": [ [ 145.235369, -37.869131 ], [ 145.237514, -37.86499 ], [ 145.236952, -37.8648 ] ] } },
{ "type": "Feature", "properties": { "scc_type": "C2" }, "geometry": { "type": "LineString", "coordinates": [ [ 145.306798, -38.026007 ], [ 145.305443, -38.034643 ], [ 145.3041, -38.041541 ], [ 145.299124, -38.065278 ] ] } },
{ "type": "Feature", "properties": { "scc_type": "C2" }, "geometry": { "type": "LineString", "coordinates": [ [ 145.308014, -38.116319 ], [ 145.292854, -38.114418 ], [ 145.289728, -38.113901 ] ] } },
{ "type": "Feature", "properties": { "scc_type": "C2" }, "geometry": { "type": "LineString", "coordinates": [ [ 145.31589, -37.758434 ], [ 145.314246, -37.758566 ], [ 145.312791, -37.759118 ], [ 145.311599, -37.759971 ], [ 145.309844, -37.762037 ], [ 145.306113, -37.76455 ], [ 145.305261, -37.765051 ], [ 145.302188, -37.766334 ], [ 145.295826, -37.770138 ], [ 145.293436, -37.772514 ], [ 145.291972, -37.77882 ], [ 145.291567, -37.779472 ], [ 145.282909, -37.783329 ], [ 145.28074, -37.783642 ], [ 145.279757, -37.784002 ], [ 145.278051, -37.785554 ], [ 145.275389, -37.786755 ] ] } },
{ "type": "Feature", "properties": { "scc_type": "C2" }, "geometry": { "type": "LineString", "coordinates": [ [ 145.31589, -37.758434 ], [ 145.313857, -37.770346 ], [ 145.311082, -37.784679 ] ] } },
{ "type": "Feature", "properties": { "scc_type": "C2" }, "geometry": { "type": "LineString", "coordinates": [ [ 145.319055, -38.027536 ], [ 145.312994, -38.026911 ], [ 145.312549, -38.026969 ], [ 145.312549, -38.02687 ], [ 145.307837, -38.026316 ], [ 145.306798, -38.026007 ] ] } },
{ "type": "Feature", "properties": { "scc_type": "C2" }, "geometry": { "type": "LineString", "coordinates": [ [ 145.319055, -38.027536 ], [ 145.318964, -38.027146 ], [ 145.31259, -38.021385 ], [ 145.309669, -38.019137 ], [ 145.308606, -38.018489 ], [ 145.308471, -38.018184 ] ] } },
{ "type": "Feature", "properties": { "scc_type": "C2" }, "geometry": { "type": "LineString", "coordinates": [ [ 145.330221, -38.103785 ], [ 145.325511, -38.127169 ], [ 145.32517, -38.127141 ], [ 145.320873, -38.123888 ], [ 145.309044, -38.116779 ], [ 145.308014, -38.116319 ] ] } },
{ "type": "Feature", "properties": { "scc_type": "C2" }, "geometry": { "type": "LineString", "coordinates": [ [ 145.3303642, -38.1029201 ], [ 145.328707, -38.102835 ], [ 145.327003, -38.103295 ], [ 145.325528, -38.103366 ], [ 145.322268, -38.102623 ], [ 145.310133, -38.10113 ], [ 145.306917, -38.100173 ], [ 145.299356, -38.099376 ], [ 145.2927204, -38.0984421 ] ] } },
{ "type": "Feature", "properties": { "scc_type": "C2" }, "geometry": { "type": "LineString", "coordinates": [ [ 145.3303642, -38.1029201 ], [ 145.330221, -38.103785 ] ] } },
{ "type": "Feature", "properties": { "scc_type": "C2" }, "geometry": { "type": "LineString", "coordinates": [ [ 145.33038, -38.102922 ], [ 145.3303642, -38.1029201 ] ] } },
{ "type": "Feature", "properties": { "scc_type": "C2" }, "geometry": { "type": "LineString", "coordinates": [ [ 145.335344, -38.074511 ], [ 145.335187, -38.074289 ], [ 145.332893, -38.074142 ], [ 145.309997, -38.071167 ] ] } },
{ "type": "Feature", "properties": { "scc_type": "C2" }, "geometry": { "type": "LineString", "coordinates": [ [ 145.335344, -38.074511 ], [ 145.3303642, -38.1029201 ] ] } },
{ "type": "Feature", "properties": { "scc_type": "C2" }, "geometry": { "type": "LineString", "coordinates": [ [ 145.338908, -37.760225 ], [ 145.338404, -37.760671 ], [ 145.337305, -37.761128 ], [ 145.33431, -37.761138 ], [ 145.329371, -37.760642 ], [ 145.328281, -37.760429 ], [ 145.325277, -37.75948 ], [ 145.322072, -37.759121 ], [ 145.31854, -37.758989 ], [ 145.31589, -37.758434 ] ] } },
{ "type": "Feature", "properties": { "scc_type": "C2" }, "geometry": { "type": "LineString", "coordinates": [ [ 145.341285, -38.044862 ], [ 145.335344, -38.074511 ] ] } },
{ "type": "Feature", "properties": { "scc_type": "C2" }, "geometry": { "type": "LineString", "coordinates": [ [ 145.341339, -38.044888 ], [ 145.341285, -38.044862 ] ] } },
{ "type": "Feature", "properties": { "scc_type": "C2" }, "geometry": { "type": "LineString", "coordinates": [ [ 145.3418568, -37.7606399 ], [ 145.338908, -37.760342 ] ] } },
{ "type": "Feature", "properties": { "scc_type": "C2" }, "geometry": { "type": "LineString", "coordinates": [ [ 145.3418568, -37.7606399 ], [ 145.34165, -37.761033 ], [ 145.339047, -37.763547 ], [ 145.337744, -37.764403 ], [ 145.336784, -37.765408 ], [ 145.336445, -37.766082 ], [ 145.336049, -37.767657 ], [ 145.335577, -37.770776 ], [ 145.335063, -37.771986 ], [ 145.334088, -37.773039 ], [ 145.332282, -37.77407 ], [ 145.331071, -37.77461 ], [ 145.33085, -37.774541 ], [ 145.327382, -37.776315 ], [ 145.325671, -37.777722 ], [ 145.323125, -37.780303 ], [ 145.31814, -37.783392 ], [ 145.316504, -37.784208 ], [ 145.31488, -37.784531 ], [ 145.311082, -37.784679 ] ] } },
{ "type": "Feature", "properties": { "scc_type": "C2" }, "geometry": { "type": "LineString", "coordinates": [ [ 145.341868, -37.760641 ], [ 145.3418568, -37.7606399 ] ] } },
{ "type": "Feature", "properties": { "scc_type": "C2" }, "geometry": { "type": "LineString", "coordinates": [ [ 145.3426217, -38.0374748 ], [ 145.340866, -38.036485 ], [ 145.339552, -38.03602 ], [ 145.33797, -38.035684 ], [ 145.326432, -38.034471 ], [ 145.323117, -38.030995 ], [ 145.322247, -38.030226 ], [ 145.320179, -38.028834 ], [ 145.319132, -38.027858 ], [ 145.319055, -38.027536 ] ] } },
{ "type": "Feature", "properties": { "scc_type": "C2" }, "geometry": { "type": "LineString", "coordinates": [ [ 145.281972, -37.803694 ], [ 145.281714, -37.803388 ], [ 145.28196, -37.80229 ], [ 145.282313, -37.802014 ], [ 145.2835, -37.801651 ], [ 145.2824, -37.800989 ], [ 145.282466, -37.800658 ], [ 145.282169, -37.800509 ], [ 145.282992, -37.796611 ], [ 145.282799, -37.796229 ] ] } },
{ "type": "Feature", "properties": { "scc_type": "C2" }, "geometry": { "type": "LineString", "coordinates": [ [ 145.287286, -37.833064 ], [ 145.28602, -37.833372 ], [ 145.282169, -37.832805 ], [ 145.280579, -37.833096 ], [ 145.280296, -37.833364 ], [ 145.280489, -37.833979 ], [ 145.280343, -37.83469 ], [ 145.279559, -37.83574 ], [ 145.27868, -37.835966 ], [ 145.277772, -37.836056 ], [ 145.274546, -37.835607 ], [ 145.272504, -37.836033 ], [ 145.27169, -37.836357 ], [ 145.269748, -37.836047 ], [ 145.269003, -37.836294 ], [ 145.268038, -37.836857 ], [ 145.267809, -37.837377 ], [ 145.26761, -37.837448 ], [ 145.265709, -37.83685 ], [ 145.26342, -37.836517 ] ] } },
{ "type": "Feature", "properties": { "scc_type": "C2" }, "geometry": { "type": "LineString", "coordinates": [ [ 145.2873407, -37.8891142 ], [ 145.286837, -37.888971 ], [ 145.285515, -37.888979 ], [ 145.28159, -37.889681 ], [ 145.280021, -37.889361 ], [ 145.27659, -37.889384 ], [ 145.27552, -37.889968 ], [ 145.2735021, -37.8914899 ] ] } },
{ "type": "Feature", "properties": { "scc_type": "C2" }, "geometry": { "type": "LineString", "coordinates": [ [ 145.287341, -37.889118 ], [ 145.2873407, -37.8891142 ] ] } },
{ "type": "Feature", "properties": { "scc_type": "C2" }, "geometry": { "type": "LineString", "coordinates": [ [ 145.287363, -37.889119 ], [ 145.2873407, -37.8891142 ] ] } },
{ "type": "Feature", "properties": { "scc_type": "C2" }, "geometry": { "type": "LineString", "coordinates": [ [ 145.236952, -37.8648 ], [ 145.237657, -37.863757 ], [ 145.239027, -37.860891 ], [ 145.239679, -37.859959 ], [ 145.242985, -37.853259 ], [ 145.243568, -37.852568 ], [ 145.24828, -37.843653 ], [ 145.248368, -37.843239 ], [ 145.247647, -37.843301 ], [ 145.247695, -37.837942 ] ] } },
{ "type": "Feature", "properties": { "scc_type": "C2" }, "geometry": { "type": "LineString", "coordinates": [ [ 145.249226, -38.124051 ], [ 145.249173, -38.124218 ], [ 145.244267, -38.126577 ], [ 145.197864, -38.148011 ], [ 145.195117, -38.150712 ], [ 145.193886, -38.151258 ], [ 145.181241, -38.155228 ], [ 145.170675, -38.156339 ], [ 145.167421, -38.155586 ], [ 145.166931, -38.156325 ], [ 145.166001, -38.159433 ], [ 145.1672629, -38.159383 ], [ 145.1660912, -38.1628026 ], [ 145.166251, -38.163198 ] ] } },
{ "type": "Feature", "properties": { "scc_type": "C2" }, "geometry": { "type": "LineString", "coordinates": [ [ 145.251139, -38.065817 ], [ 145.246676, -38.063399 ], [ 145.245768, -38.063175 ], [ 145.243502, -38.062854 ], [ 145.242448, -38.062888 ], [ 145.206038, -38.058369 ] ] } },
{ "type": "Feature", "properties": { "scc_type": "C2" }, "geometry": { "type": "LineString", "coordinates": [ [ 145.253411, -38.110087 ], [ 145.252573, -38.110859 ], [ 145.251976, -38.112081 ], [ 145.249685, -38.122615 ], [ 145.249226, -38.124051 ] ] } },
{ "type": "Feature", "properties": { "scc_type": "C2" }, "geometry": { "type": "LineString", "coordinates": [ [ 145.253411, -38.110087 ], [ 145.252399, -38.109372 ], [ 145.244695, -38.108358 ], [ 145.23483, -38.107138 ], [ 145.233546, -38.107105 ], [ 145.232215, -38.106813 ], [ 145.172787, -38.09948 ] ] } },
{ "type": "Feature", "properties": { "scc_type": "C2" }, "geometry": { "type": "LineString", "coordinates": [ [ 145.2540143, -38.0665255 ], [ 145.252005, -38.06623 ], [ 145.25113, -38.065817 ] ] } },
{ "type": "Feature", "properties": { "scc_type": "C2" }, "geometry": { "type": "LineString", "coordinates": [ [ 145.2540143, -38.0665255 ], [ 145.244966, -38.048699 ], [ 145.238338, -38.034931 ], [ 145.232632, -38.022138 ] ] } },
{ "type": "Feature", "properties": { "scc_type": "C2" }, "geometry": { "type": "LineString", "coordinates": [ [ 145.256077, -37.836223 ], [ 145.255481, -37.834948 ], [ 145.254777, -37.833978 ], [ 145.248551, -37.832755 ], [ 145.247259, -37.832139 ], [ 145.246189, -37.831346 ], [ 145.24519, -37.82992 ], [ 145.244762, -37.829723 ], [ 145.245295, -37.829115 ], [ 145.24506, -37.828966 ], [ 145.244619, -37.827913 ], [ 145.243897, -37.826906 ], [ 145.238236, -37.81645 ], [ 145.2369, -37.816074 ], [ 145.231238, -37.81572 ] ] } },
{ "type": "Feature", "properties": { "scc_type": "C2" }, "geometry": { "type": "LineString", "coordinates": [ [ 145.25802, -37.836538 ], [ 145.257033, -37.836169 ], [ 145.256394, -37.836148 ], [ 145.250752, -37.837871 ], [ 145.246279, -37.837998 ], [ 145.245071, -37.838569 ], [ 145.24311, -37.838816 ], [ 145.240648, -37.838963 ], [ 145.239151, -37.83877 ], [ 145.238171, -37.83903 ], [ 145.23698, -37.839806 ], [ 145.23442, -37.839832 ], [ 145.233726, -37.839642 ], [ 145.233165, -37.840025 ], [ 145.232358, -37.840304 ], [ 145.228029, -37.839469 ], [ 145.226595, -37.839448 ], [ 145.222915, -37.838095 ], [ 145.217553, -37.838293 ] ] } },
{ "type": "Feature", "properties": { "scc_type": "C2" }, "geometry": { "type": "LineString", "coordinates": [ [ 145.304392, -37.892142 ], [ 145.304042, -37.892022 ], [ 145.303588, -37.89156 ], [ 145.302165, -37.890961 ], [ 145.299717, -37.889558 ], [ 145.298459, -37.888305 ], [ 145.297046, -37.885671 ], [ 145.296616, -37.88522 ], [ 145.296442, -37.884442 ], [ 145.295647, -37.882865 ], [ 145.295937, -37.882653 ], [ 145.295515, -37.881837 ], [ 145.2955, -37.881301 ], [ 145.295059, -37.880491 ], [ 145.294626, -37.88022 ], [ 145.291384, -37.873863 ], [ 145.290156, -37.872257 ] ] } },
{ "type": "Feature", "properties": { "scc_type": "C2" }, "geometry": { "type": "LineString", "coordinates": [ [ 145.299294, -38.030398 ], [ 145.299245, -38.030357 ] ] } },
{ "type": "Feature", "properties": { "scc_type": "C2" }, "geometry": { "type": "LineString", "coordinates": [ [ 145.300757, -37.892726 ], [ 145.300751, -37.892733 ] ] } },
{ "type": "Feature", "properties": { "scc_type": "C2" }, "geometry": { "type": "LineString", "coordinates": [ [ 145.301187, -38.070024 ], [ 145.301494, -38.068603 ], [ 145.302071, -38.067442 ], [ 145.301961, -38.06641 ], [ 145.302125, -38.06571 ], [ 145.299124, -38.065278 ] ] } },
{ "type": "Feature", "properties": { "scc_type": "C2" }, "geometry": { "type": "LineString", "coordinates": [ [ 145.304392, -37.892142 ], [ 145.304271, -37.892257 ], [ 145.30131, -37.891143 ], [ 145.299311, -37.889792 ], [ 145.296444, -37.888587 ], [ 145.295037, -37.888583 ], [ 145.292375, -37.888942 ], [ 145.290712, -37.888727 ], [ 145.288899, -37.888876 ], [ 145.287615, -37.888658 ] ] } },
{ "type": "Feature", "properties": { "scc_type": "C2" }, "geometry": { "type": "LineString", "coordinates": [ [ 145.361997, -37.785406 ], [ 145.361948, -37.785598 ] ] } },
{ "type": "Feature", "properties": { "scc_type": "C2" }, "geometry": { "type": "LineString", "coordinates": [ [ 145.3426217, -38.0374748 ], [ 145.341285, -38.044862 ] ] } },
{ "type": "Feature", "properties": { "scc_type": "C2" }, "geometry": { "type": "LineString", "coordinates": [ [ 145.342622, -38.037475 ], [ 145.3426217, -38.0374748 ] ] } },
{ "type": "Feature", "properties": { "scc_type": "C2" }, "geometry": { "type": "LineString", "coordinates": [ [ 145.355522, -37.908554 ], [ 145.354047, -37.90992 ], [ 145.353001, -37.910352 ], [ 145.352145, -37.910436 ], [ 145.351172, -37.910174 ], [ 145.350139, -37.908799 ], [ 145.348118, -37.909177 ], [ 145.346703, -37.908845 ], [ 145.344075, -37.908675 ], [ 145.34165, -37.907051 ], [ 145.339642, -37.906869 ], [ 145.339488, -37.906785 ], [ 145.339576, -37.906625 ], [ 145.338125, -37.906207 ], [ 145.337051, -37.905225 ], [ 145.334593, -37.905277 ], [ 145.332872, -37.904621 ], [ 145.329646, -37.902097 ], [ 145.327864, -37.901483 ], [ 145.325421, -37.900142 ], [ 145.324007, -37.899607 ], [ 145.316676, -37.895408 ], [ 145.315756, -37.894725 ], [ 145.314718, -37.893441 ], [ 145.313868, -37.893039 ], [ 145.313041, -37.892823 ], [ 145.311271, -37.892886 ], [ 145.310866, -37.892726 ], [ 145.306555, -37.892155 ], [ 145.305942, -37.892211 ], [ 145.305691, -37.892711 ], [ 145.304392, -37.892142 ] ] } },
{ "type": "Feature", "properties": { "scc_type": "C2" }, "geometry": { "type": "LineString", "coordinates": [ [ 145.355772, -37.74887 ], [ 145.354031, -37.750245 ], [ 145.35154, -37.751785 ], [ 145.348424, -37.754829 ], [ 145.347801, -37.755556 ], [ 145.347906, -37.755841 ], [ 145.347431, -37.75631 ], [ 145.346623, -37.756774 ] ] } },
{ "type": "Feature", "properties": { "scc_type": "C2" }, "geometry": { "type": "LineString", "coordinates": [ [ 145.359835, -37.756614 ], [ 145.359021, -37.756899 ], [ 145.3553, -37.757449 ], [ 145.349697, -37.757554 ] ] } },
{ "type": "Feature", "properties": { "scc_type": "C2" }, "geometry": { "type": "LineString", "coordinates": [ [ 145.287287, -37.833054 ], [ 145.287587, -37.826035 ], [ 145.33215, -37.814025 ], [ 145.346916, -37.808217 ], [ 145.347223, -37.808319 ], [ 145.353819, -37.805725 ], [ 145.356016, -37.804572 ], [ 145.358129, -37.802486 ], [ 145.358606, -37.801884 ], [ 145.35886, -37.801216 ], [ 145.359087, -37.799965 ], [ 145.35907, -37.798223 ], [ 145.359972, -37.796063 ], [ 145.360904, -37.792168 ], [ 145.36068, -37.791811 ], [ 145.360727, -37.791002 ], [ 145.360507, -37.790624 ], [ 145.360705, -37.79023 ], [ 145.360354, -37.789938 ], [ 145.360999, -37.788724 ], [ 145.361675, -37.784724 ], [ 145.362054, -37.783996 ], [ 145.362043, -37.78363 ], [ 145.362322, -37.783345 ], [ 145.362383, -37.782418 ], [ 145.362567, -37.782104 ], [ 145.362491, -37.780874 ], [ 145.362008, -37.780623 ], [ 145.361498, -37.779562 ], [ 145.360781, -37.779293 ], [ 145.361275, -37.778798 ], [ 145.361153, -37.778525 ], [ 145.360818, -37.778172 ], [ 145.359243, -37.77829 ], [ 145.359436, -37.777874 ], [ 145.359101, -37.777555 ], [ 145.35907, -37.776078 ], [ 145.359348, -37.775347 ], [ 145.359264, -37.774048 ], [ 145.359881, -37.773656 ], [ 145.360044, -37.77285 ], [ 145.35919, -37.771306 ], [ 145.358859, -37.770256 ], [ 145.359894, -37.770047 ], [ 145.360273, -37.76969 ], [ 145.35996, -37.769065 ], [ 145.360236, -37.768326 ], [ 145.359755, -37.767429 ], [ 145.358773, -37.767419 ], [ 145.357887, -37.767964 ], [ 145.356953, -37.767659 ], [ 145.356544, -37.767054 ], [ 145.357068, -37.76626 ], [ 145.356811, -37.765911 ], [ 145.357037, -37.765149 ], [ 145.356666, -37.764586 ], [ 145.355213, -37.763969 ], [ 145.353397, -37.762835 ], [ 145.35247, -37.761781 ], [ 145.350821, -37.761492 ], [ 145.350608, -37.761325 ], [ 145.350536, -37.760757 ], [ 145.350749, -37.76037 ], [ 145.350504, -37.760018 ], [ 145.350497, -37.759126 ], [ 145.35015, -37.759064 ], [ 145.350057, -37.758913 ], [ 145.349697, -37.757554 ] ] } },
{ "type": "Feature", "properties": { "scc_type": "C2" }, "geometry": { "type": "LineString", "coordinates": [ [ 145.373307, -37.749791 ], [ 145.364605, -37.753616 ], [ 145.359835, -37.756614 ] ] } },
{ "type": "Feature", "properties": { "scc_type": "C2" }, "geometry": { "type": "LineString", "coordinates": [ [ 145.374409, -37.769353 ], [ 145.37354, -37.767534 ], [ 145.373045, -37.767042 ], [ 145.369678, -37.765546 ], [ 145.367284, -37.765228 ], [ 145.366436, -37.764829 ], [ 145.365289, -37.763502 ], [ 145.363666, -37.762328 ], [ 145.361248, -37.759978 ], [ 145.35982, -37.757353 ], [ 145.359588, -37.757259 ], [ 145.359553, -37.756972 ], [ 145.359835, -37.756614 ] ] } },
{ "type": "Feature", "properties": { "scc_type": "C2" }, "geometry": { "type": "LineString", "coordinates": [ [ 145.419747, -38.085919 ], [ 145.404159, -38.085235 ], [ 145.384984, -38.082765 ], [ 145.383073, -38.081897 ], [ 145.381614, -38.081666 ], [ 145.38055, -38.080376 ], [ 145.379391, -38.079752 ], [ 145.373184, -38.079182 ], [ 145.363695, -38.077853 ], [ 145.3629728, -38.0781581 ], [ 145.3579655, -38.0773537 ], [ 145.3546286, -38.0773295 ], [ 145.3537152, -38.0770469 ], [ 145.3495814, -38.0766217 ], [ 145.3474129, -38.0760816 ], [ 145.3446281, -38.0759599 ], [ 145.3410084, -38.0754442 ], [ 145.3410711, -38.0751902 ], [ 145.335728, -38.074447 ], [ 145.335344, -38.074511 ] ] } },
{ "type": "Feature", "properties": { "scc_type": "C2" }, "geometry": { "type": "LineString", "coordinates": [ [ 145.422519, -38.063952 ], [ 145.42133, -38.065492 ], [ 145.420456, -38.068391 ], [ 145.419222, -38.069235 ], [ 145.418754, -38.069302 ], [ 145.418286, -38.069687 ], [ 145.416174, -38.070693 ], [ 145.4160231, -38.071168 ], [ 145.415457, -38.071379 ], [ 145.415214, -38.071641 ], [ 145.414815, -38.073172 ], [ 145.416, -38.074955 ], [ 145.416111, -38.075867 ], [ 145.415709, -38.076127 ], [ 145.415579, -38.076586 ], [ 145.41607, -38.078201 ], [ 145.419747, -38.085919 ] ] } },
{ "type": "Feature", "properties": { "scc_type": "C2" }, "geometry": { "type": "LineString", "coordinates": [ [ 145.422519, -38.063952 ], [ 145.418156, -38.061873 ], [ 145.416146, -38.061305 ], [ 145.381023, -38.05474 ], [ 145.377335, -38.053158 ], [ 145.375296, -38.052006 ], [ 145.368883, -38.04681 ], [ 145.366787, -38.044174 ], [ 145.365809, -38.043229 ], [ 145.358356, -38.03829 ], [ 145.347868, -38.031658 ], [ 145.347687, -38.031275 ], [ 145.344024, -38.030888 ] ] } },
{ "type": "Feature", "properties": { "scc_type": "C2" }, "geometry": { "type": "LineString", "coordinates": [ [ 145.475201, -38.07092 ], [ 145.473986, -38.070435 ], [ 145.463388, -38.063922 ], [ 145.457756, -38.062379 ], [ 145.449378, -38.060321 ], [ 145.448273, -38.060246 ], [ 145.446676, -38.060507 ], [ 145.427682, -38.064696 ], [ 145.425193, -38.064717 ], [ 145.424197, -38.064539 ], [ 145.422519, -38.063952 ] ] } },
{ "type": "Feature", "properties": { "scc_type": "C2" }, "geometry": { "type": "LineString", "coordinates": [ [ 145.488125, -38.082147 ], [ 145.486982, -38.083852 ], [ 145.486493, -38.086146 ], [ 145.486216, -38.08674 ], [ 145.485347, -38.087484 ], [ 145.484146, -38.087778 ], [ 145.474963, -38.086711 ], [ 145.452498, -38.083763 ], [ 145.452352, -38.083834 ], [ 145.4521171, -38.084936 ], [ 145.4521211, -38.085617 ], [ 145.4527171, -38.086144 ], [ 145.4525591, -38.086578 ], [ 145.4524191, -38.086572 ], [ 145.4445601, -38.083277 ], [ 145.4331791, -38.083287 ], [ 145.4329581, -38.084229 ], [ 145.4315941, -38.084211 ], [ 145.419747, -38.085919 ] ] } },
{ "type": "Feature", "properties": { "scc_type": "C2" }, "geometry": { "type": "LineString", "coordinates": [ [ 145.488125, -38.082147 ], [ 145.485159, -38.080879 ], [ 145.4759, -38.072049 ], [ 145.475191, -38.071681 ], [ 145.475201, -38.07092 ] ] } },
{ "type": "Feature", "properties": { "scc_type": "C2" }, "geometry": { "type": "LineString", "coordinates": [ [ 145.491989, -38.083864 ], [ 145.488125, -38.082147 ] ] } },
{ "type": "Feature", "properties": { "scc_type": "C2" }, "geometry": { "type": "LineString", "coordinates": [ [ 145.491989, -38.083864 ], [ 145.487971, -38.10283 ] ] } },
{ "type": "Feature", "properties": { "scc_type": "C2" }, "geometry": { "type": "LineString", "coordinates": [ [ 145.492736, -38.070715 ], [ 145.490698, -38.071692 ], [ 145.488498, -38.072034 ], [ 145.476396, -38.07118 ], [ 145.475201, -38.07092 ] ] } },
{ "type": "Feature", "properties": { "scc_type": "C2" }, "geometry": { "type": "LineString", "coordinates": [ [ 145.492736, -38.070715 ], [ 145.494193, -38.071905 ], [ 145.494362, -38.072773 ], [ 145.491989, -38.083864 ] ] } },
{ "type": "Feature", "properties": { "scc_type": "C2" }, "geometry": { "type": "LineString", "coordinates": [ [ 145.506946, -38.065604 ], [ 145.501755, -38.065781 ], [ 145.500203, -38.066222 ], [ 145.498672, -38.066995 ], [ 145.492736, -38.070715 ] ] } },
{ "type": "Feature", "properties": { "scc_type": "C2" }, "geometry": { "type": "LineString", "coordinates": [ [ 145.516332, -38.065372 ], [ 145.506945, -38.065605 ] ] } },
{ "type": "Feature", "properties": { "scc_type": "C2" }, "geometry": { "type": "LineString", "coordinates": [ [ 145.516392, -38.065716 ], [ 145.502286, -38.066133 ], [ 145.500576, -38.066419 ], [ 145.498663, -38.067199 ], [ 145.492859, -38.070811 ] ] } }
]
}
